sample,utc,unix_nanos,elapsed_s,rss_kib,hwm_kib,threads,fds,proc_ticks,host_ticks,stats_http,listen_overflows,listen_drops,tcp_abort_on_close,tcp_retrans
0,2026-07-30T11:38:39Z,1785411519005381630,1,6964,6964,17,38,0,323962379,200,196,196,448255600,353829
1,2026-07-30T11:38:40Z,1785411520042828660,2,7040,7040,17,39,0,323963204,200,196,196,448255600,353829
2,2026-07-30T11:38:41Z,1785411521071211503,3,7472,7472,17,92,32,323964023,200,196,196,448255600,353829
3,2026-07-30T11:38:42Z,1785411522100683837,4,7684,7684,17,98,102,323964818,200,196,196,448255600,353829
4,2026-07-30T11:38:43Z,1785411523133609447,5,11432,11432,17,185,265,323965598,200,196,196,448255600,353835
5,2026-07-30T11:38:44Z,1785411524166192132,6,11756,11756,17,186,451,323966369,200,196,196,448255600,353835
6,2026-07-30T11:38:45Z,1785411525199789253,7,11760,11760,17,187,639,323967141,200,196,196,448255600,353835
7,2026-07-30T11:38:46Z,1785411526233514857,8,11760,11820,17,187,825,323967917,200,196,196,448255600,353835
8,2026-07-30T11:38:47Z,1785411527267515805,9,11804,11760,17,187,1022,323968682,200,196,196,448255600,353835
9,2026-07-30T11:38:48Z,1785411528299751017,10,11760,11760,17,187,1213,323969454,200,196,196,448255600,353835
10,2026-07-30T11:38:49Z,1785411529332262388,11,11760,11760,17,187,1407,323970222,200,196,196,448255600,353835
11,2026-07-30T11:38:50Z,1785411530364257160,12,11760,11760,17,187,1597,323970992,200,196,196,448255600,353835
12,2026-07-30T11:38:51Z,1785411531396745952,13,11760,11760,17,187,1786,323971756,200,196,196,448255600,353835
13,2026-07-30T11:38:52Z,1785411532429325180,14,11760,11760,17,187,1976,323972519,200,196,196,448255600,353835
14,2026-07-30T11:38:53Z,1785411533462580816,15,11796,11760,17,187,2159,323973288,200,196,196,448255600,353835
15,2026-07-30T11:38:54Z,1785411534496642301,16,11760,11760,17,187,2343,323974061,200,196,196,448255600,353836
16,2026-07-30T11:38:55Z,1785411535530438125,17,11760,11788,17,187,2528,323974837,200,196,196,448255600,353836
17,2026-07-30T11:38:56Z,1785411536562455144,18,11760,11760,17,187,2714,323975605,200,196,196,448255600,353836
18,2026-07-30T11:38:57Z,1785411537594643657,19,11760,11760,17,187,2902,323976373,200,196,196,448255600,353836
19,2026-07-30T11:38:58Z,1785411538626876746,20,11760,11760,17,187,3088,323977150,200,196,196,448255600,353836
20,2026-07-30T11:38:59Z,1785411539658653074,21,11772,11772,17,187,3279,323977923,200,196,196,448255600,353836
21,2026-07-30T11:39:00Z,1785411540691586356,22,11772,11772,17,187,3471,323978696,200,196,196,448255600,353836
22,2026-07-30T11:39:01Z,1785411541725527796,23,11772,11772,17,187,3669,323979465,200,196,196,448255600,353836
23,2026-07-30T11:39:02Z,1785411542759981731,24,11772,11772,17,187,3863,323980226,200,196,196,448255600,353836
24,2026-07-30T11:39:03Z,1785411543794325501,25,12104,12104,17,261,4064,323980999,200,196,196,448255600,353836
25,2026-07-30T11:39:04Z,1785411544828517057,26,12104,12160,17,261,4265,323981768,200,196,196,448255600,353836
26,2026-07-30T11:39:05Z,1785411545862742928,27,12104,12104,17,261,4468,323982541,200,196,196,448255600,353836
27,2026-07-30T11:39:06Z,1785411546895968992,28,12104,12104,17,261,4669,323983314,200,196,196,448255600,353836
28,2026-07-30T11:39:07Z,1785411547929496266,29,12104,12104,17,261,4869,323984088,200,196,196,448255600,353838
29,2026-07-30T11:39:08Z,1785411548963517781,30,12104,12104,17,261,5069,323984863,200,196,196,448255600,353838
30,2026-07-30T11:39:09Z,1785411549997588377,31,12104,12104,17,261,5271,323985636,200,196,196,448255600,353838
31,2026-07-30T11:39:11Z,1785411551030911190,33,12104,12128,17,261,5472,323986410,200,196,196,448255600,353838
32,2026-07-30T11:39:12Z,1785411552064329235,34,12104,12104,17,261,5676,323987175,200,196,196,448255600,353838
33,2026-07-30T11:39:13Z,1785411553097276607,35,11732,11948,17,191,5878,323987944,200,196,196,448255600,353838
34,2026-07-30T11:39:14Z,1785411554130295694,36,11732,11948,17,191,6079,323988714,200,196,196,448255600,353838
35,2026-07-30T11:39:15Z,1785411555164409972,37,11732,11948,17,191,6281,323989480,200,196,196,448255600,353838
36,2026-07-30T11:39:16Z,1785411556198324815,38,11732,11948,17,191,6484,323990253,200,196,196,448255600,353838
37,2026-07-30T11:39:17Z,1785411557232581090,39,11756,11948,17,192,6680,323991030,200,196,196,448255600,353838
38,2026-07-30T11:39:18Z,1785411558268470453,40,11756,11948,17,192,6868,323991802,200,196,196,448255600,353838
39,2026-07-30T11:39:19Z,1785411559301674326,41,11756,11948,17,192,7057,323992572,200,196,196,448255600,353838
40,2026-07-30T11:39:20Z,1785411560334201247,42,11756,11948,17,192,7246,323993346,200,196,196,448255600,353838
41,2026-07-30T11:39:21Z,1785411561368249264,43,11756,11948,17,192,7435,323994117,200,196,196,448255600,353838
42,2026-07-30T11:39:22Z,1785411562402520104,44,11756,11948,17,192,7629,323994885,200,196,196,448255600,353838
43,2026-07-30T11:39:23Z,1785411563437831406,45,11808,11948,17,192,7830,323995662,200,196,196,448255600,353838
44,2026-07-30T11:39:24Z,1785411564475042288,46,11756,11948,17,192,8031,323996437,200,196,196,448255600,353838
45,2026-07-30T11:39:25Z,1785411565508636783,47,11756,11948,17,192,8229,323997216,200,196,196,448255600,353838
46,2026-07-30T11:39:26Z,1785411566543714169,48,11800,11948,17,195,8431,323997994,200,196,196,448255600,353838
47,2026-07-30T11:39:27Z,1785411567577190276,49,11800,11948,17,195,8627,323998772,200,196,196,448255600,353838
48,2026-07-30T11:39:28Z,1785411568610303348,50,11800,11948,17,195,8820,323999539,200,196,196,448255600,353838
49,2026-07-30T11:39:29Z,1785411569643614800,51,11800,11948,17,195,9020,324000312,200,196,196,448255600,353839
50,2026-07-30T11:39:30Z,1785411570676746737,52,11800,11948,17,195,9219,324001087,200,196,196,448255600,353839
51,2026-07-30T11:39:31Z,1785411571710998267,53,11800,11948,17,195,9407,324001853,200,196,196,448255600,353839
52,2026-07-30T11:39:32Z,1785411572743188793,54,11800,11948,17,195,9593,324002624,200,196,196,448255600,353839
53,2026-07-30T11:39:33Z,1785411573776971108,55,11524,11948,17,126,9793,324003396,200,196,196,448255600,353839
54,2026-07-30T11:39:34Z,1785411574810524194,56,11524,11948,17,126,9989,324004167,200,196,196,448255600,353839
55,2026-07-30T11:39:35Z,1785411575845824419,57,11528,11948,17,126,10180,324004942,200,196,196,448255600,353839
56,2026-07-30T11:39:36Z,1785411576880243182,58,11524,11948,17,126,10377,324005710,200,196,196,448255600,353839
57,2026-07-30T11:39:37Z,1785411577914820408,59,11524,11948,17,126,10579,324006484,200,196,196,448255600,353839
58,2026-07-30T11:39:38Z,1785411578947928823,60,11524,11948,17,126,10774,324007259,200,196,196,448255600,353839
59,2026-07-30T11:39:39Z,1785411579981128974,61,11524,11948,17,126,10964,324008027,200,196,196,448255600,353839
60,2026-07-30T11:39:41Z,1785411581015437041,63,11524,11948,17,126,11166,324008796,200,196,196,448255600,353839
61,2026-07-30T11:39:42Z,1785411582049336230,64,11524,11948,17,126,11365,324009566,200,196,196,448255600,353839
62,2026-07-30T11:39:43Z,1785411583082643652,65,11524,11948,17,126,11550,324010339,200,196,196,448255600,353839
63,2026-07-30T11:39:44Z,1785411584116404673,66,11524,11948,17,126,11742,324011112,200,196,196,448255600,353839
64,2026-07-30T11:39:45Z,1785411585149472031,67,11524,11948,17,126,11934,324011883,200,196,196,448255600,353839
65,2026-07-30T11:39:46Z,1785411586184756357,68,11524,11948,17,126,12128,324012648,200,196,196,448255600,353840
66,2026-07-30T11:39:47Z,1785411587220275889,69,11524,11948,17,126,12321,324013423,200,196,196,448255600,353840
67,2026-07-30T11:39:48Z,1785411588254433335,70,11524,11948,17,126,12513,324014194,200,196,196,448255600,353840
68,2026-07-30T11:39:49Z,1785411589289579585,71,11836,11948,17,199,12706,324014964,200,196,196,448255600,353841
69,2026-07-30T11:39:50Z,1785411590323581162,72,11884,11948,17,199,12908,324015736,200,196,196,448255600,353841
70,2026-07-30T11:39:51Z,1785411591357610370,73,11836,11948,17,199,13102,324016506,200,196,196,448255600,353841
71,2026-07-30T11:39:52Z,1785411592391652803,74,11836,11948,17,199,13305,324017278,200,196,196,448255600,353841
72,2026-07-30T11:39:53Z,1785411593425004567,75,11876,11948,17,199,13508,324018048,200,196,196,448255600,353841
73,2026-07-30T11:39:54Z,1785411594457741057,76,11860,11948,17,199,13709,324018818,200,196,196,448255600,353841
74,2026-07-30T11:39:55Z,1785411595493442511,77,11836,11948,17,199,13912,324019591,200,196,196,448255600,353841
75,2026-07-30T11:39:56Z,1785411596527646313,78,11808,11948,17,197,14114,324020360,200,196,196,448255600,353842
76,2026-07-30T11:39:57Z,1785411597560729876,79,11808,11948,17,197,14319,324021138,200,196,196,448255600,353844
77,2026-07-30T11:39:58Z,1785411598594513411,80,11808,11948,17,197,14525,324021906,200,196,196,448255600,353844
78,2026-07-30T11:39:59Z,1785411599628316505,81,11872,11948,17,197,14729,324022683,200,196,196,448255600,353844
79,2026-07-30T11:40:00Z,1785411600663948817,82,11872,11948,17,197,14931,324023455,200,196,196,448255600,353846
80,2026-07-30T11:40:01Z,1785411601700426173,83,11808,11948,17,197,15132,324024236,200,196,196,448255600,353846
81,2026-07-30T11:40:02Z,1785411602734838607,84,11856,11948,17,197,15336,324025006,200,196,196,448255600,353846
82,2026-07-30T11:40:03Z,1785411603767527786,85,11808,11948,17,197,15533,324025777,200,196,196,448255600,353846
83,2026-07-30T11:40:04Z,1785411604800904135,86,11808,11948,17,197,15730,324026546,200,196,196,448255600,353846
84,2026-07-30T11:40:05Z,1785411605835818286,87,11808,11948,17,197,15935,324027322,200,196,196,448255600,353846
85,2026-07-30T11:40:06Z,1785411606869998873,88,11808,11948,17,197,16140,324028097,200,196,196,448255600,353847
86,2026-07-30T11:40:07Z,1785411607903331461,89,11836,11948,17,199,16342,324028869,200,196,196,448255600,353847
87,2026-07-30T11:40:08Z,1785411608936903460,90,11836,11948,17,199,16540,324029636,200,196,196,448255600,353847
88,2026-07-30T11:40:09Z,1785411609970435004,91,11836,11948,17,199,16741,324030403,200,196,196,448255600,353847
89,2026-07-30T11:40:11Z,1785411611004177370,93,11836,11948,17,199,16944,324031174,200,196,196,448255600,353847
90,2026-07-30T11:40:12Z,1785411612038675616,94,11836,11948,17,199,17146,324031942,200,196,196,448255600,353847
91,2026-07-30T11:40:13Z,1785411613072948243,95,11884,11948,17,199,17352,324032721,200,196,196,448255600,353847
92,2026-07-30T11:40:14Z,1785411614105946326,96,11848,11948,17,199,17544,324033490,200,196,196,448255600,353847
93,2026-07-30T11:40:15Z,1785411615142421968,97,11848,11948,17,199,17740,324034260,200,196,196,448255600,353847
94,2026-07-30T11:40:16Z,1785411616178017641,98,11852,11948,17,199,17932,324035033,200,196,196,448255600,353847
95,2026-07-30T11:40:17Z,1785411617214656264,99,11848,11948,17,199,18127,324035804,200,196,196,448255600,353847
96,2026-07-30T11:40:18Z,1785411618250216640,100,11848,11948,17,199,18317,324036578,200,196,196,448255600,353847
97,2026-07-30T11:40:19Z,1785411619285557801,101,11656,11948,17,164,18520,324037350,200,196,196,448255600,353847
98,2026-07-30T11:40:20Z,1785411620319948094,102,11688,11948,17,164,18707,324038125,200,196,196,448255600,353847
99,2026-07-30T11:40:21Z,1785411621353964255,103,11656,11948,17,164,18895,324038895,200,196,196,448255600,353847
100,2026-07-30T11:40:22Z,1785411622387499741,104,11656,11948,17,164,19085,324039661,200,196,196,448255600,353847
101,2026-07-30T11:40:23Z,1785411623421927309,105,11656,11948,17,164,19285,324040432,200,196,196,448255600,353847
102,2026-07-30T11:40:24Z,1785411624454326892,106,11656,11948,17,164,19488,324041203,200,196,196,448255600,353847
103,2026-07-30T11:40:25Z,1785411625488231831,107,11656,11948,17,164,19685,324041973,200,196,196,448255600,353847
104,2026-07-30T11:40:26Z,1785411626521081018,108,11704,11948,17,164,19888,324042748,200,196,196,448255600,353847
105,2026-07-30T11:40:27Z,1785411627555018575,109,11656,11948,17,164,20089,324043518,200,196,196,448255600,353847
106,2026-07-30T11:40:28Z,1785411628590471072,110,11656,11948,17,164,20293,324044291,200,196,196,448255600,353847
107,2026-07-30T11:40:29Z,1785411629623849693,111,11656,11948,17,164,20496,324045053,200,196,196,448255600,353847
108,2026-07-30T11:40:30Z,1785411630660106471,112,11660,11948,17,164,20687,324045825,200,196,196,448255600,353847
109,2026-07-30T11:40:31Z,1785411631694918270,113,11656,11948,17,164,20883,324046599,200,196,196,448255600,353847
110,2026-07-30T11:40:32Z,1785411632729638664,114,11656,11948,17,164,21081,324047382,200,196,196,448255600,353847
111,2026-07-30T11:40:33Z,1785411633763482394,115,11656,11948,17,164,21280,324048155,200,196,196,448255600,353847
112,2026-07-30T11:40:34Z,1785411634797963402,116,11720,11948,17,164,21481,324048926,200,196,196,448255600,353847
113,2026-07-30T11:40:35Z,1785411635831340443,117,11764,11948,17,191,21683,324049709,200,196,196,448255600,353847
114,2026-07-30T11:40:36Z,1785411636865612464,118,11764,11948,17,191,21876,324050484,200,196,196,448255600,353847
115,2026-07-30T11:40:37Z,1785411637900226105,119,11736,11948,17,189,22068,324051253,200,196,196,448255600,353847
116,2026-07-30T11:40:38Z,1785411638934275867,120,11800,11948,17,189,22262,324052025,200,196,196,448255600,353847
117,2026-07-30T11:40:39Z,1785411639968017782,121,11800,11948,17,189,22454,324052794,200,196,196,448255600,353847
118,2026-07-30T11:40:41Z,1785411641002945745,123,11736,11948,17,189,22652,324053571,200,196,196,448255600,353847
119,2026-07-30T11:40:42Z,1785411642036923963,124,11736,11948,17,189,22856,324054339,200,196,196,448255600,353847
120,2026-07-30T11:40:43Z,1785411643070579650,125,11736,11948,17,189,23058,324055114,200,196,196,448255600,353847
121,2026-07-30T11:40:44Z,1785411644104449502,126,11800,11948,17,189,23250,324055882,200,196,196,448255600,353847
122,2026-07-30T11:40:45Z,1785411645139336290,127,11736,11948,17,189,23448,324056656,200,196,196,448255600,353847
123,2026-07-30T11:40:46Z,1785411646174479190,128,11736,11948,17,189,23649,324057430,200,196,196,448255600,353847
124,2026-07-30T11:40:47Z,1785411647209572745,129,11736,11948,17,189,23839,324058204,200,196,196,448255600,353847
125,2026-07-30T11:40:48Z,1785411648243806315,130,11736,11948,17,189,24032,324058969,200,196,196,448255600,353847
126,2026-07-30T11:40:49Z,1785411649277565286,131,11780,11948,17,189,24225,324059743,200,196,196,448255600,353847
127,2026-07-30T11:40:50Z,1785411650311258920,132,11736,11948,17,189,24425,324060512,200,196,196,448255600,353847
128,2026-07-30T11:40:51Z,1785411651344479613,133,11736,11948,17,189,24603,324061287,200,196,196,448255600,353847
129,2026-07-30T11:40:52Z,1785411652378967571,134,11736,11948,17,189,24794,324062051,200,196,196,448255600,353847
130,2026-07-30T11:40:53Z,1785411653412456094,135,11736,11948,17,189,24998,324062821,200,196,196,448255600,353847
131,2026-07-30T11:40:54Z,1785411654445581056,136,11736,11948,17,189,25187,324063587,200,196,196,448255600,353847
132,2026-07-30T11:40:55Z,1785411655478923340,137,11688,11948,17,187,25378,324064352,200,196,196,448255600,353847
133,2026-07-30T11:40:56Z,1785411656512447333,138,11752,11948,17,187,25575,324065123,200,196,196,448255600,353847
134,2026-07-30T11:40:57Z,1785411657545870990,139,11688,11948,17,187,25768,324065901,200,196,196,448255600,353847
135,2026-07-30T11:40:58Z,1785411658580352390,140,11840,11948,17,202,25956,324066672,200,196,196,448255600,353847
136,2026-07-30T11:40:59Z,1785411659613645433,141,11788,11948,17,202,26148,324067449,200,196,196,448255600,353847
137,2026-07-30T11:41:00Z,1785411660650039830,142,11788,11948,17,202,26341,324068223,200,196,196,448255600,353847
138,2026-07-30T11:41:01Z,1785411661683639877,143,11776,11948,17,201,26545,324068995,200,196,196,448255600,353847
139,2026-07-30T11:41:02Z,1785411662717158621,144,11764,11948,17,201,26748,324069769,200,196,196,448255600,353847
140,2026-07-30T11:41:03Z,1785411663750671889,145,11764,11948,17,201,26949,324070531,200,196,196,448255600,353847
141,2026-07-30T11:41:04Z,1785411664785431571,146,11764,11948,17,201,27150,324071301,200,196,196,448255600,353847
142,2026-07-30T11:41:05Z,1785411665818576677,147,11776,11948,17,199,27341,324072077,200,196,196,448255600,353847
143,2026-07-30T11:41:06Z,1785411666854361445,148,11776,11948,17,199,27543,324072856,200,196,196,448255600,353847
144,2026-07-30T11:41:07Z,1785411667887929725,149,11776,11948,17,199,27737,324073630,200,196,196,448255600,353847
145,2026-07-30T11:41:08Z,1785411668922422264,150,11776,11948,17,199,27921,324074398,200,196,196,448255600,353847
146,2026-07-30T11:41:09Z,1785411669956583505,151,11776,11948,17,199,28108,324075165,200,196,196,448255600,353847
147,2026-07-30T11:41:10Z,1785411670989776549,152,11776,11948,17,199,28299,324075933,200,196,196,448255600,353847
148,2026-07-30T11:41:12Z,1785411672022327218,154,11776,11948,17,199,28490,324076704,200,196,196,448255600,353847
149,2026-07-30T11:41:13Z,1785411673056099796,155,11776,11948,17,199,28672,324077472,200,196,196,448255600,353847
150,2026-07-30T11:41:14Z,1785411674091590565,156,11776,11948,17,199,28873,324078252,200,196,196,448255600,353847
151,2026-07-30T11:41:15Z,1785411675125651610,157,11776,11948,17,199,29064,324079023,200,196,196,448255600,353847
152,2026-07-30T11:41:16Z,1785411676160678192,158,11776,11948,17,199,29256,324079792,200,196,196,448255600,353847
153,2026-07-30T11:41:17Z,1785411677195277211,159,11776,11948,17,199,29448,324080565,200,196,196,448255600,353847
154,2026-07-30T11:41:18Z,1785411678229723751,160,11776,11948,17,199,29641,324081341,200,196,196,448255600,353847
155,2026-07-30T11:41:19Z,1785411679264440507,161,11776,11948,17,199,29827,324082114,200,196,196,448255600,353847
156,2026-07-30T11:41:20Z,1785411680298417397,162,11780,11948,17,199,30013,324082890,200,196,196,448255600,353848
157,2026-07-30T11:41:21Z,1785411681331801050,163,11808,11948,17,201,30201,324083666,200,196,196,448255600,353848
158,2026-07-30T11:41:22Z,1785411682366103127,164,11808,11948,17,201,30375,324084435,200,196,196,448255600,353848
159,2026-07-30T11:41:23Z,1785411683398545982,165,11852,11948,17,201,30557,324085211,200,196,196,448255600,353848
160,2026-07-30T11:41:24Z,1785411684433089503,166,11808,11948,17,201,30735,324085986,200,196,196,448255600,353848
161,2026-07-30T11:41:25Z,1785411685467834725,167,11808,11948,17,201,30916,324086759,200,196,196,448255600,353848
162,2026-07-30T11:41:26Z,1785411686501285274,168,11808,11948,17,201,31097,324087529,200,196,196,448255600,353848
163,2026-07-30T11:41:27Z,1785411687535354672,169,11808,11948,17,201,31276,324088296,200,196,196,448255600,353848
164,2026-07-30T11:41:28Z,1785411688568546125,170,11584,11948,17,154,31460,324089070,200,196,196,448255600,353848
165,2026-07-30T11:41:29Z,1785411689602911601,171,11584,11948,17,154,31640,324089850,200,196,196,448255600,353848
166,2026-07-30T11:41:30Z,1785411690638524285,172,11584,11948,17,154,31823,324090623,200,196,196,448255600,353848
167,2026-07-30T11:41:31Z,1785411691672521810,173,11584,11948,17,154,32003,324091395,200,196,196,448255600,353848
168,2026-07-30T11:41:32Z,1785411692704883920,174,11584,11948,17,154,32188,324092158,200,196,196,448255600,353848
169,2026-07-30T11:41:33Z,1785411693738465281,175,11628,11948,17,155,32369,324092925,200,196,196,448255600,353848
170,2026-07-30T11:41:34Z,1785411694772979853,176,11628,11948,17,155,32553,324093693,200,196,196,448255600,353848
171,2026-07-30T11:41:35Z,1785411695809493559,177,11628,11948,17,155,32739,324094465,200,196,196,448255600,353848
172,2026-07-30T11:41:36Z,1785411696842717592,178,11628,11948,17,155,32928,324095229,200,196,196,448255600,353848
173,2026-07-30T11:41:37Z,1785411697877369695,179,11628,11948,17,155,33117,324096002,200,196,196,448255600,353848
174,2026-07-30T11:41:38Z,1785411698910590829,180,11628,11948,17,155,33298,324096773,200,196,196,448255600,353848
175,2026-07-30T11:41:39Z,1785411699943792628,181,11628,11948,17,155,33482,324097541,200,196,196,448255600,353848
176,2026-07-30T11:41:40Z,1785411700977317635,182,11628,11948,17,155,33663,324098312,200,196,196,448255600,353848
177,2026-07-30T11:41:42Z,1785411702021251899,184,11628,11948,17,155,33847,324099090,200,196,196,448255600,353850
178,2026-07-30T11:41:43Z,1785411703054859378,185,11732,11948,17,167,34040,324099856,200,196,196,448255600,353850
179,2026-07-30T11:41:44Z,1785411704101551412,186,11732,11948,17,167,34233,324100629,200,196,196,448255600,353856
180,2026-07-30T11:41:45Z,1785411705135931320,187,11944,11948,17,201,34438,324101408,200,196,196,448255600,353856
181,2026-07-30T11:41:46Z,1785411706171293677,188,11944,11972,17,201,34639,324102185,200,196,196,448255600,353856
182,2026-07-30T11:41:47Z,1785411707205503985,189,12064,11948,17,201,34841,324102970,200,196,196,448255600,353856
183,2026-07-30T11:41:48Z,1785411708239500014,190,11944,11948,17,201,35044,324103749,200,196,196,448255600,353856
184,2026-07-30T11:41:49Z,1785411709272782592,191,11944,11948,17,201,35247,324104517,200,196,196,448255600,353856
185,2026-07-30T11:41:50Z,1785411710306810145,192,11944,11948,17,201,35450,324105292,200,196,196,448255600,353856
186,2026-07-30T11:41:51Z,1785411711340788979,193,11948,11948,17,201,35645,324106060,200,196,196,448255600,353856
187,2026-07-30T11:41:52Z,1785411712374661284,194,11948,12012,17,201,35849,324106829,200,196,196,448255600,353856
188,2026-07-30T11:41:53Z,1785411713410456788,195,11948,12012,17,201,36055,324107597,200,196,196,448255600,353856
189,2026-07-30T11:41:54Z,1785411714447667620,196,11948,11948,17,201,36258,324108368,200,196,196,448255600,353856
190,2026-07-30T11:41:55Z,1785411715482623588,197,11948,12012,17,201,36462,324109141,200,196,196,448255600,353856
191,2026-07-30T11:41:56Z,1785411716516939479,198,11948,11956,17,201,36665,324109909,200,196,196,448255600,353856
192,2026-07-30T11:41:57Z,1785411717550054817,199,11968,11956,17,201,36869,324110681,200,196,196,448255600,353856
193,2026-07-30T11:41:58Z,1785411718585915350,200,11948,11956,17,201,37072,324111460,200,196,196,448255600,353856
194,2026-07-30T11:41:59Z,1785411719618027918,201,11948,11956,17,201,37271,324112225,200,196,196,448255600,353856
195,2026-07-30T11:42:00Z,1785411720655427671,202,11948,11956,17,201,37476,324112998,200,196,196,448255600,353856
196,2026-07-30T11:42:01Z,1785411721692154989,203,11948,11956,17,201,37682,324113770,200,196,196,448255600,353856
197,2026-07-30T11:42:02Z,1785411722726225179,204,11948,11956,17,201,37889,324114546,200,196,196,448255600,353856
198,2026-07-30T11:42:03Z,1785411723760546632,205,11948,11956,17,201,38094,324115312,200,196,196,448255600,353856
199,2026-07-30T11:42:04Z,1785411724795318617,206,11948,11956,17,201,38289,324116080,200,196,196,448255600,353856
200,2026-07-30T11:42:05Z,1785411725830534556,207,11948,11956,17,201,38488,324116851,200,196,196,448255600,353856
201,2026-07-30T11:42:06Z,1785411726866535213,208,11948,12012,17,201,38689,324117627,200,196,196,448255600,353856
202,2026-07-30T11:42:07Z,1785411727901799552,209,11976,11964,17,201,38891,324118402,200,196,196,448255600,353859
203,2026-07-30T11:42:08Z,1785411728935463155,210,11964,11972,17,201,39098,324119172,200,196,196,448255600,353859
204,2026-07-30T11:42:09Z,1785411729970945847,211,11964,11964,17,201,39303,324119943,200,196,196,448255600,353859
205,2026-07-30T11:42:11Z,1785411731006353640,213,11964,11964,17,201,39506,324120718,200,196,196,448255600,353859
206,2026-07-30T11:42:12Z,1785411732040504343,214,11912,11956,17,193,39712,324121488,200,196,196,448255600,353859
207,2026-07-30T11:42:13Z,1785411733074911229,215,11912,11956,17,193,39908,324122257,200,196,196,448255600,353859
208,2026-07-30T11:42:14Z,1785411734110282875,216,11912,11956,17,193,40114,324123031,200,196,196,448255600,353859
209,2026-07-30T11:42:15Z,1785411735145326471,217,11788,11956,17,167,40319,324123805,200,196,196,448255600,353859
210,2026-07-30T11:42:16Z,1785411736180989846,218,11792,11956,17,167,40525,324124578,200,196,196,448255600,353859
211,2026-07-30T11:42:17Z,1785411737215627622,219,11788,11956,17,167,40729,324125352,200,196,196,448255600,353859
212,2026-07-30T11:42:18Z,1785411738250119768,220,11788,11956,17,167,40914,324126122,200,196,196,448255600,353859
213,2026-07-30T11:42:19Z,1785411739284044572,221,11788,11956,17,167,41108,324126886,200,196,196,448255600,353859
214,2026-07-30T11:42:20Z,1785411740318813998,222,11788,11956,17,167,41310,324127660,200,196,196,448255600,353859
215,2026-07-30T11:42:21Z,1785411741353583155,223,11788,11956,17,167,41512,324128438,200,196,196,448255600,353859
216,2026-07-30T11:42:22Z,1785411742387524172,224,11788,11956,17,167,41716,324129209,200,196,196,448255600,353859
217,2026-07-30T11:42:23Z,1785411743424349349,225,11796,11956,17,167,41914,324129985,200,196,196,448255600,353859
218,2026-07-30T11:42:24Z,1785411744459738863,226,11816,11956,17,167,42120,324130762,200,196,196,448255600,353859
219,2026-07-30T11:42:25Z,1785411745493351616,227,11832,11956,17,168,42323,324131533,200,196,196,448255600,353859
220,2026-07-30T11:42:26Z,1785411746528150550,228,11792,11956,17,168,42526,324132312,200,196,196,448255600,353859
221,2026-07-30T11:42:27Z,1785411747562465246,229,11856,11956,17,168,42726,324133084,200,196,196,448255600,353859
222,2026-07-30T11:42:28Z,1785411748597034271,230,11812,11956,17,168,42907,324133857,200,196,196,448255600,353859
223,2026-07-30T11:42:29Z,1785411749631572776,231,11868,11956,17,168,43110,324134625,200,196,196,448255600,353859
224,2026-07-30T11:42:30Z,1785411750665880235,232,12016,12016,17,207,43301,324135405,200,196,196,448255600,353868
225,2026-07-30T11:42:31Z,1785411751701620742,233,12016,12020,17,207,43495,324136177,200,196,196,448255600,353875
226,2026-07-30T11:42:32Z,1785411752735750506,234,12076,12016,17,207,43694,324136952,200,196,196,448255600,353882
227,2026-07-30T11:42:33Z,1785411753769019868,235,12016,12068,17,207,43883,324137726,200,196,196,448255600,353895
228,2026-07-30T11:42:34Z,1785411754802876221,236,12016,12016,17,207,44069,324138501,200,196,196,448255600,353905
229,2026-07-30T11:42:35Z,1785411755837124206,237,12016,12016,17,207,44260,324139271,200,196,196,448255600,353916
230,2026-07-30T11:42:36Z,1785411756870272478,238,12016,12020,17,207,44450,324140041,200,196,196,448255600,353930
231,2026-07-30T11:42:37Z,1785411757904637641,239,12016,12016,17,207,44650,324140820,200,196,196,448255600,353943
232,2026-07-30T11:42:38Z,1785411758939428764,240,12016,12016,17,207,44843,324141596,200,196,196,448255600,353949
233,2026-07-30T11:42:39Z,1785411759973371866,241,12016,12016,17,207,45035,324142373,200,196,196,448255600,353960
234,2026-07-30T11:42:41Z,1785411761007423451,243,12016,12016,17,207,45227,324143140,200,196,196,448255600,353976
235,2026-07-30T11:42:42Z,1785411762040766734,244,12016,12048,17,207,45421,324143918,200,196,196,448255600,353982
236,2026-07-30T11:42:43Z,1785411763074637849,245,12016,12016,17,207,45613,324144689,200,196,196,448255600,353984
237,2026-07-30T11:42:44Z,1785411764107584919,246,12016,12064,17,207,45800,324145462,200,196,196,448255600,353985
238,2026-07-30T11:42:45Z,1785411765142497205,247,12016,12016,17,207,45994,324146234,200,196,196,448255600,353986
239,2026-07-30T11:42:46Z,1785411766178458520,248,12064,12016,17,207,46186,324147009,200,196,196,448255600,353989
240,2026-07-30T11:42:47Z,1785411767213719666,249,12020,12016,17,207,46379,324147782,200,196,196,448255600,353998
241,2026-07-30T11:42:48Z,1785411768247711248,250,12016,12016,17,207,46570,324148556,200,196,196,448255600,354004
242,2026-07-30T11:42:49Z,1785411769282382112,251,12016,12016,17,207,46759,324149325,200,196,196,448255600,354013
243,2026-07-30T11:42:50Z,1785411770318107749,252,12016,12016,17,207,46949,324150097,200,196,196,448255600,354021
244,2026-07-30T11:42:51Z,1785411771351370254,253,12016,12016,17,207,47142,324150868,200,196,196,448255600,354033
245,2026-07-30T11:42:52Z,1785411772384442047,254,12080,12016,17,207,47344,324151649,200,196,196,448255600,354039
246,2026-07-30T11:42:53Z,1785411773418458515,255,12024,12024,17,207,47543,324152424,200,196,196,448255600,354050
247,2026-07-30T11:42:54Z,1785411774451096992,256,12032,12032,17,207,47747,324153196,200,196,196,448255600,354057
248,2026-07-30T11:42:55Z,1785411775485508105,257,12048,11984,17,205,47949,324153967,200,196,196,448255600,354066
249,2026-07-30T11:42:56Z,1785411776518957053,258,12020,11984,17,205,48151,324154735,200,196,196,448255600,354080
250,2026-07-30T11:42:57Z,1785411777553135330,259,11984,12020,17,205,48357,324155502,200,196,196,448255600,354081
251,2026-07-30T11:42:58Z,1785411778587132836,260,11984,12000,17,205,48561,324156272,200,196,196,448255600,354089
252,2026-07-30T11:42:59Z,1785411779620897273,261,11988,11988,17,206,48762,324157052,200,196,196,448255600,354094
253,2026-07-30T11:43:00Z,1785411780655822486,262,11900,11956,17,185,48968,324157826,200,196,196,448255600,354100
254,2026-07-30T11:43:01Z,1785411781691798911,263,11900,11956,17,185,49174,324158601,200,196,196,448255600,354107
255,2026-07-30T11:43:02Z,1785411782725322317,264,11836,11956,17,185,49377,324159370,200,196,196,448255600,354114
256,2026-07-30T11:43:03Z,1785411783759111984,265,11836,11956,17,185,49582,324160148,200,196,196,448255600,354123
257,2026-07-30T11:43:04Z,1785411784793622646,266,11836,11956,17,185,49783,324160911,200,196,196,448255600,354136
258,2026-07-30T11:43:05Z,1785411785829601977,267,11840,11956,17,185,49987,324161679,200,196,196,448255600,354147
259,2026-07-30T11:43:06Z,1785411786863438478,268,11940,11956,17,185,50191,324162455,200,196,196,448255600,354154
260,2026-07-30T11:43:07Z,1785411787897466208,269,11836,11956,17,185,50396,324163222,200,196,196,448255600,354157
261,2026-07-30T11:43:08Z,1785411788930982162,270,11836,11956,17,185,50600,324163992,200,196,196,448255600,354164
262,2026-07-30T11:43:09Z,1785411789967433982,271,11924,11956,17,185,50804,324164761,200,196,196,448255600,354166
263,2026-07-30T11:43:11Z,1785411791001673858,273,11836,11956,17,185,51006,324165531,200,196,196,448255600,354174
264,2026-07-30T11:43:12Z,1785411792034653954,274,11836,11956,17,185,51210,324166309,200,196,196,448255600,354185
265,2026-07-30T11:43:13Z,1785411793068549414,275,11836,11956,17,185,51404,324167083,200,196,196,448255600,354195
266,2026-07-30T11:43:14Z,1785411794103118993,276,11836,11956,17,185,51607,324167854,200,196,196,448255600,354206
267,2026-07-30T11:43:15Z,1785411795137978282,277,11836,11956,17,185,51813,324168625,200,196,196,448255600,354216
268,2026-07-30T11:43:16Z,1785411796176461289,278,11860,11956,17,189,52023,324169396,200,196,196,448255600,354226
269,2026-07-30T11:43:17Z,1785411797212350848,279,11900,11956,17,189,52230,324170167,200,196,196,448255600,354238
270,2026-07-30T11:43:18Z,1785411798246565856,280,11860,11956,17,189,52435,324170941,200,196,196,448255600,354248
271,2026-07-30T11:43:19Z,1785411799279977989,281,11860,11956,17,189,52639,324171712,200,196,196,448255600,354254
272,2026-07-30T11:43:20Z,1785411800314078598,282,11860,11956,17,189,52844,324172478,200,196,196,448255600,354264
273,2026-07-30T11:43:21Z,1785411801348575896,283,11860,11956,17,189,53048,324173244,200,196,196,448255600,354276
274,2026-07-30T11:43:22Z,1785411802382852947,284,11860,11956,17,189,53252,324174013,200,196,196,448255600,354289
275,2026-07-30T11:43:23Z,1785411803419405086,285,11780,11956,17,169,53458,324174782,200,196,196,448255600,354297
276,2026-07-30T11:43:24Z,1785411804453596536,286,11780,11956,17,169,53663,324175562,200,196,196,448255600,354303
277,2026-07-30T11:43:25Z,1785411805487463406,287,11780,11956,17,169,53867,324176337,200,196,196,448255600,354317
278,2026-07-30T11:43:26Z,1785411806522514184,288,11780,11956,17,169,54072,324177110,200,196,196,448255600,354324
279,2026-07-30T11:43:27Z,1785411807556759619,289,11788,11956,17,169,54276,324177881,200,196,196,448255600,354335
280,2026-07-30T11:43:28Z,1785411808591772950,290,11780,11956,17,169,54480,324178657,200,196,196,448255600,354344
281,2026-07-30T11:43:29Z,1785411809626687572,291,11776,11956,17,168,54684,324179424,200,196,196,448255600,354352
282,2026-07-30T11:43:30Z,1785411810661927718,292,11776,11956,17,168,54888,324180195,200,196,196,448255600,354366
283,2026-07-30T11:43:31Z,1785411811697359681,293,11776,11956,17,168,55094,324180971,200,196,196,448255600,354374
284,2026-07-30T11:43:32Z,1785411812731506684,294,11804,11956,17,168,55299,324181749,200,196,196,448255600,354385
285,2026-07-30T11:43:33Z,1785411813767971809,295,11788,11956,17,168,55500,324182532,200,196,196,448255600,354394
286,2026-07-30T11:43:34Z,1785411814802197918,296,11852,11956,17,168,55694,324183305,200,196,196,448255600,354403
287,2026-07-30T11:43:35Z,1785411815835975565,297,11788,11956,17,168,55893,324184075,200,196,196,448255600,354410
288,2026-07-30T11:43:36Z,1785411816872201328,298,11832,11956,17,168,56096,324184848,200,196,196,448255600,354424
289,2026-07-30T11:43:37Z,1785411817906131572,299,11788,11956,17,168,56298,324185632,200,196,196,448255600,354436
290,2026-07-30T11:43:38Z,1785411818939766628,300,11828,11956,17,168,56501,324186399,200,196,196,448255600,354448
291,2026-07-30T11:43:39Z,1785411819972985105,301,11952,12016,17,197,56695,324187171,200,196,196,448255600,354451
292,2026-07-30T11:43:41Z,1785411821007266213,303,11952,11996,17,197,56894,324187945,200,196,196,448255600,354451
293,2026-07-30T11:43:42Z,1785411822041520767,304,11952,12016,17,197,57087,324188720,200,196,196,448255600,354451
294,2026-07-30T11:43:43Z,1785411823076689905,305,11952,11956,17,197,57275,324189491,200,196,196,448255600,354451
295,2026-07-30T11:43:44Z,1785411824110228395,306,11952,11956,17,197,57468,324190265,200,196,196,448255600,354451
296,2026-07-30T11:43:45Z,1785411825144220503,307,11952,11972,17,197,57660,324191036,200,196,196,448255600,354451
297,2026-07-30T11:43:46Z,1785411826179703377,308,11952,11956,17,197,57854,324191811,200,196,196,448255600,354454
298,2026-07-30T11:43:47Z,1785411827215303995,309,11952,11956,17,197,58044,324192585,200,196,196,448255600,354456
299,2026-07-30T11:43:48Z,1785411828249558330,310,11952,11956,17,197,58235,324193358,200,196,196,448255600,354456
300,2026-07-30T11:43:49Z,1785411829284638570,311,11952,11956,17,197,58431,324194125,200,196,196,448255600,354457
301,2026-07-30T11:43:50Z,1785411830319258650,312,11952,11956,17,197,58619,324194898,200,196,196,448255600,354459
302,2026-07-30T11:43:51Z,1785411831352031861,313,11952,11956,17,197,58807,324195670,200,196,196,448255600,354469
303,2026-07-30T11:43:52Z,1785411832385484000,314,11952,11956,17,197,59000,324196441,200,196,196,448255600,354475
304,2026-07-30T11:43:53Z,1785411833419903296,315,11952,11956,17,197,59195,324197210,200,196,196,448255600,354488
305,2026-07-30T11:43:54Z,1785411834453214143,316,11952,11956,17,197,59390,324197980,200,196,196,448255600,354496
306,2026-07-30T11:43:55Z,1785411835487693726,317,11952,11980,17,197,59572,324198750,200,196,196,448255600,354504
307,2026-07-30T11:43:56Z,1785411836522430836,318,11952,11956,17,197,59761,324199523,200,196,196,448255600,354511
308,2026-07-30T11:43:57Z,1785411837557433267,319,11952,11956,17,197,59951,324200292,200,196,196,448255600,354516
309,2026-07-30T11:43:58Z,1785411838591527534,320,11976,12008,17,197,60148,324201066,200,196,196,448255600,354525
310,2026-07-30T11:43:59Z,1785411839623549549,321,11952,12016,17,197,60340,324201836,200,196,196,448255600,354535
311,2026-07-30T11:44:00Z,1785411840658740997,322,11952,11996,17,197,60532,324202607,200,196,196,448255600,354546
312,2026-07-30T11:44:01Z,1785411841691548010,323,11956,12016,17,197,60731,324203382,200,196,196,448255600,354555
313,2026-07-30T11:44:02Z,1785411842725914247,324,11960,11960,17,197,60930,324204159,200,196,196,448255600,354560
314,2026-07-30T11:44:03Z,1785411843759772929,325,11960,11960,17,197,61131,324204935,200,196,196,448255600,354564
315,2026-07-30T11:44:04Z,1785411844793771951,326,11960,11960,17,197,61324,324205710,200,196,196,448255600,354564
316,2026-07-30T11:44:05Z,1785411845827330644,327,11968,11960,17,197,61518,324206484,200,196,196,448255600,354569
317,2026-07-30T11:44:06Z,1785411846860758079,328,11960,11992,17,197,61721,324207256,200,196,196,448255600,354576
318,2026-07-30T11:44:07Z,1785411847895006959,329,11960,11960,17,197,61910,324208029,200,196,196,448255600,354578
319,2026-07-30T11:44:08Z,1785411848929088944,330,11960,11960,17,197,62102,324208798,200,196,196,448255600,354578
320,2026-07-30T11:44:09Z,1785411849962711412,331,11664,11956,17,139,62289,324209570,200,196,196,448255600,354578
321,2026-07-30T11:44:10Z,1785411850996611950,332,11664,11956,17,139,62473,324210339,200,196,196,448255600,354578
322,2026-07-30T11:44:12Z,1785411852031100517,334,11712,11956,17,139,62667,324211111,200,196,196,448255600,354578
323,2026-07-30T11:44:13Z,1785411853066119763,335,11664,11956,17,139,62870,324211874,200,196,196,448255600,354578
324,2026-07-30T11:44:14Z,1785411854099530311,336,11664,11956,17,139,63075,324212646,200,196,196,448255600,354578
325,2026-07-30T11:44:15Z,1785411855135027730,337,11664,11956,17,139,63280,324213418,200,196,196,448255600,354578
326,2026-07-30T11:44:16Z,1785411856170517181,338,11664,11956,17,139,63482,324214191,200,196,196,448255600,354578
327,2026-07-30T11:44:17Z,1785411857205816590,339,11716,11956,17,139,63689,324214965,200,196,196,448255600,354578
328,2026-07-30T11:44:18Z,1785411858238735915,340,11664,11956,17,139,63891,324215741,200,196,196,448255600,354578
329,2026-07-30T11:44:19Z,1785411859274038564,341,11664,11956,17,139,64093,324216509,200,196,196,448255600,354578
330,2026-07-30T11:44:20Z,1785411860310681456,342,11728,11956,17,139,64295,324217296,200,196,196,448255600,354578
331,2026-07-30T11:44:21Z,1785411861344692524,343,11664,11956,17,139,64478,324218066,200,196,196,448255600,354583
332,2026-07-30T11:44:22Z,1785411862378366304,344,11664,11956,17,139,64662,324218827,200,196,196,448255600,354590
333,2026-07-30T11:44:23Z,1785411863412430469,345,11664,11956,17,139,64847,324219596,200,196,196,448255600,354595
334,2026-07-30T11:44:24Z,1785411864447367932,346,11664,11956,17,139,65029,324220364,200,196,196,448255600,354600
335,2026-07-30T11:44:25Z,1785411865481433471,347,11668,11956,17,140,65222,324221141,200,196,196,448255600,354612
336,2026-07-30T11:44:26Z,1785411866515783929,348,11700,11956,17,140,65411,324221909,200,196,196,448255600,354615
337,2026-07-30T11:44:27Z,1785411867549007136,349,11668,11956,17,140,65601,324222670,200,196,196,448255600,354621
338,2026-07-30T11:44:28Z,1785411868583441850,350,11668,11956,17,140,65794,324223442,200,196,196,448255600,354628
339,2026-07-30T11:44:29Z,1785411869617473961,351,11668,11956,17,140,65984,324224213,200,196,196,448255600,354635
340,2026-07-30T11:44:30Z,1785411870652583267,352,11668,11956,17,140,66180,324224987,200,196,196,448255600,354637
341,2026-07-30T11:44:31Z,1785411871687395034,353,11672,11956,17,140,66379,324225752,200,196,196,448255600,354638
342,2026-07-30T11:44:32Z,1785411872722477721,354,11608,11956,17,130,66576,324226526,200,196,196,448255600,354639
343,2026-07-30T11:44:33Z,1785411873756278616,355,11608,11956,17,130,66771,324227297,200,196,196,448255600,354642
344,2026-07-30T11:44:34Z,1785411874790078129,356,11608,11956,17,130,66963,324228064,200,196,196,448255600,354648
345,2026-07-30T11:44:35Z,1785411875825955414,357,11608,11956,17,130,67156,324228828,200,196,196,448255600,354660
346,2026-07-30T11:44:36Z,1785411876859577033,358,11612,11956,17,130,67345,324229591,200,196,196,448255600,354667
347,2026-07-30T11:44:37Z,1785411877894399178,359,11724,11956,17,130,67541,324230360,200,196,196,448255600,354674
348,2026-07-30T11:44:38Z,1785411878929186556,360,11608,11956,17,130,67746,324231130,200,196,196,448255600,354683
349,2026-07-30T11:44:39Z,1785411879961916466,361,11608,11956,17,130,67931,324231896,200,196,196,448255600,354689
350,2026-07-30T11:44:40Z,1785411880996024174,362,11608,11956,17,130,68128,324232675,200,196,196,448255600,354699
351,2026-07-30T11:44:42Z,1785411882031043908,364,11608,11956,17,130,68323,324233451,200,196,196,448255600,354705
352,2026-07-30T11:44:43Z,1785411883066018437,365,11680,11956,17,133,68514,324234218,200,196,196,448255600,354710
353,2026-07-30T11:44:44Z,1785411884100165254,366,11680,11956,17,133,68703,324234983,200,196,196,448255600,354710
354,2026-07-30T11:44:45Z,1785411885134113548,367,11680,11956,17,133,68898,324235761,200,196,196,448255600,354710
355,2026-07-30T11:44:46Z,1785411886169677085,368,11680,11956,17,133,69103,324236533,200,196,196,448255600,354710
356,2026-07-30T11:44:47Z,1785411887204310039,369,11680,11956,17,133,69309,324237311,200,196,196,448255600,354710
357,2026-07-30T11:44:48Z,1785411888239928694,370,11936,11956,17,197,69514,324238091,200,196,196,448255600,354712
358,2026-07-30T11:44:49Z,1785411889274196649,371,11936,11956,17,197,69698,324238864,200,196,196,448255600,354718
359,2026-07-30T11:44:50Z,1785411890306391293,372,11936,11956,17,197,69878,324239631,200,196,196,448255600,354727
360,2026-07-30T11:44:51Z,1785411891340652770,373,11936,11956,17,197,70066,324240401,200,196,196,448255600,354736
361,2026-07-30T11:44:52Z,1785411892373982586,374,12000,11956,17,197,70269,324241171,200,196,196,448255600,354744
362,2026-07-30T11:44:53Z,1785411893408004516,375,11936,11956,17,197,70471,324241941,200,196,196,448255600,354755
363,2026-07-30T11:44:54Z,1785411894442719002,376,11936,11956,17,197,70675,324242713,200,196,196,448255600,354765
364,2026-07-30T11:44:55Z,1785411895477982446,377,11928,11956,17,195,70878,324243499,200,196,196,448255600,354770
365,2026-07-30T11:44:56Z,1785411896511212976,378,11928,11956,17,195,71078,324244263,200,196,196,448255600,354782
366,2026-07-30T11:44:57Z,1785411897545037374,379,11944,11956,17,195,71280,324245032,200,196,196,448255600,354789
367,2026-07-30T11:44:58Z,1785411898578647491,380,11928,11956,17,195,71483,324245812,200,196,196,448255600,354802
368,2026-07-30T11:44:59Z,1785411899612808782,381,11928,11956,17,195,71684,324246582,200,196,196,448255600,354816
369,2026-07-30T11:45:00Z,1785411900648439395,382,11928,11956,17,195,71884,324247350,200,196,196,448255600,354822
370,2026-07-30T11:45:01Z,1785411901684591405,383,11952,11956,17,195,72080,324248123,200,196,196,448255600,354835
371,2026-07-30T11:45:02Z,1785411902717820138,384,11984,11956,17,195,72280,324248893,200,196,196,448255600,354848
372,2026-07-30T11:45:03Z,1785411903751848072,385,11928,11956,17,195,72483,324249658,200,196,196,448255600,354862
373,2026-07-30T11:45:04Z,1785411904785947745,386,11928,11956,17,195,72682,324250432,200,196,196,448255600,354866
374,2026-07-30T11:45:05Z,1785411905820158170,387,11928,11956,17,195,72871,324251206,200,196,196,448255600,354873
375,2026-07-30T11:45:06Z,1785411906854646007,388,11928,11956,17,195,73071,324251977,200,196,196,448255600,354880
376,2026-07-30T11:45:07Z,1785411907888855602,389,11992,11956,17,195,73276,324252749,200,196,196,448255600,354889
377,2026-07-30T11:45:08Z,1785411908921810528,390,11928,11956,17,195,73472,324253521,200,196,196,448255600,354893
378,2026-07-30T11:45:09Z,1785411909956943999,391,11928,11992,17,195,73677,324254294,200,196,196,448255600,354902
379,2026-07-30T11:45:10Z,1785411910990815793,392,11928,11956,17,195,73875,324255064,200,196,196,448255600,354913
380,2026-07-30T11:45:12Z,1785411912025588947,394,11928,11956,17,195,74066,324255834,200,196,196,448255600,354920
381,2026-07-30T11:45:13Z,1785411913058840282,395,11856,11956,17,192,74257,324256605,200,196,196,448255600,354926
382,2026-07-30T11:45:14Z,1785411914093769281,396,11856,11956,17,192,74449,324257380,200,196,196,448255600,354932
383,2026-07-30T11:45:15Z,1785411915127452069,397,11920,11956,17,192,74639,324258149,200,196,196,448255600,354933
384,2026-07-30T11:45:16Z,1785411916165194310,398,11920,11956,17,192,74835,324258920,200,196,196,448255600,354942
385,2026-07-30T11:45:17Z,1785411917200576139,399,11856,11956,17,192,75029,324259692,200,196,196,448255600,354942
386,2026-07-30T11:45:18Z,1785411918234666300,400,11728,11956,17,157,75221,324260461,200,196,196,448255600,354942
387,2026-07-30T11:45:19Z,1785411919267117263,401,11716,11956,17,157,75420,324261233,200,196,196,448255600,354942
388,2026-07-30T11:45:20Z,1785411920301414295,402,11696,11956,17,157,75620,324262011,200,196,196,448255600,354942
389,2026-07-30T11:45:21Z,1785411921335641347,403,11696,11956,17,157,75825,324262786,200,196,196,448255600,354942
390,2026-07-30T11:45:22Z,1785411922369233777,404,11696,11956,17,157,76024,324263557,200,196,196,448255600,354942
391,2026-07-30T11:45:23Z,1785411923402354602,405,11696,11956,17,157,76212,324264327,200,196,196,448255600,354942
392,2026-07-30T11:45:24Z,1785411924436393369,406,11696,11956,17,157,76403,324265102,200,196,196,448255600,354942
393,2026-07-30T11:45:25Z,1785411925471102551,407,11696,11956,17,157,76597,324265874,200,196,196,448255600,354942
394,2026-07-30T11:45:26Z,1785411926504748368,408,11696,11956,17,157,76784,324266649,200,196,196,448255600,354945
395,2026-07-30T11:45:27Z,1785411927539201972,409,11696,11956,17,157,76974,324267414,200,196,196,448255600,354945
396,2026-07-30T11:45:28Z,1785411928571491043,410,11708,11956,17,158,77174,324268193,200,196,196,448255600,354951
397,2026-07-30T11:45:29Z,1785411929605501574,411,11708,11956,17,158,77375,324268971,200,196,196,448255600,354957
398,2026-07-30T11:45:30Z,1785411930641097270,412,11748,11956,17,158,77577,324269746,200,196,196,448255600,354968
399,2026-07-30T11:45:31Z,1785411931675981388,413,11708,11956,17,158,77779,324270520,200,196,196,448255600,354985
400,2026-07-30T11:45:32Z,1785411932709696991,414,11708,11956,17,158,77982,324271289,200,196,196,448255600,354996
401,2026-07-30T11:45:33Z,1785411933745038928,415,11712,11956,17,159,78178,324272062,200,196,196,448255600,355011
402,2026-07-30T11:45:34Z,1785411934778728229,416,11732,11956,17,161,78368,324272839,200,196,196,448255600,355017
403,2026-07-30T11:45:35Z,1785411935812254912,417,11732,11956,17,161,78557,324273612,200,196,196,448255600,355027
404,2026-07-30T11:45:36Z,1785411936847141051,418,11732,11956,17,161,78752,324274381,200,196,196,448255600,355039
405,2026-07-30T11:45:37Z,1785411937881477576,419,11732,11956,17,161,78954,324275147,200,196,196,448255600,355048
406,2026-07-30T11:45:38Z,1785411938914459444,420,11732,11956,17,161,79150,324275918,200,196,196,448255600,355055
407,2026-07-30T11:45:39Z,1785411939948474742,421,11796,11956,17,161,79346,324276690,200,196,196,448255600,355065
408,2026-07-30T11:45:40Z,1785411940981369529,422,11732,11956,17,161,79536,324277464,200,196,196,448255600,355072
409,2026-07-30T11:45:42Z,1785411942015126108,424,11732,11956,17,161,79730,324278235,200,196,196,448255600,355083
410,2026-07-30T11:45:43Z,1785411943048794519,425,11732,11956,17,161,79920,324279010,200,196,196,448255600,355090
411,2026-07-30T11:45:44Z,1785411944081412251,426,11732,11956,17,161,80106,324279777,200,196,196,448255600,355102
412,2026-07-30T11:45:45Z,1785411945116171868,427,11732,11956,17,161,80295,324280548,200,196,196,448255600,355111
413,2026-07-30T11:45:46Z,1785411946151740191,428,11708,11956,17,160,80486,324281318,200,196,196,448255600,355124
414,2026-07-30T11:45:47Z,1785411947185512263,429,11708,11956,17,160,80676,324282091,200,196,196,448255600,355136
415,2026-07-30T11:45:48Z,1785411948218523217,430,11708,11956,17,160,80863,324282867,200,196,196,448255600,355145
416,2026-07-30T11:45:49Z,1785411949252747814,431,11708,11956,17,160,81053,324283639,200,196,196,448255600,355153
417,2026-07-30T11:45:50Z,1785411950286028553,432,11732,11956,17,161,81242,324284411,200,196,196,448255600,355165
418,2026-07-30T11:45:51Z,1785411951319359493,433,11732,11956,17,161,81437,324285182,200,196,196,448255600,355175
419,2026-07-30T11:45:52Z,1785411952352601318,434,11732,11956,17,161,81636,324285952,200,196,196,448255600,355182
420,2026-07-30T11:45:53Z,1785411953386825092,435,11732,11956,17,161,81840,324286718,200,196,196,448255600,355189
421,2026-07-30T11:45:54Z,1785411954420589503,436,11732,11956,17,161,82045,324287495,200,196,196,448255600,355189
422,2026-07-30T11:45:55Z,1785411955454322898,437,11732,11956,17,161,82247,324288267,200,196,196,448255600,355189
423,2026-07-30T11:45:56Z,1785411956488638864,438,11732,11956,17,161,82452,324289046,200,196,196,448255600,355192
424,2026-07-30T11:45:57Z,1785411957523009947,439,11864,11956,17,194,82651,324289823,200,196,196,448255600,355197
425,2026-07-30T11:45:58Z,1785411958556572272,440,11864,11956,17,194,82851,324290594,200,196,196,448255600,355198
426,2026-07-30T11:45:59Z,1785411959590400555,441,11864,11956,17,194,83055,324291368,200,196,196,448255600,355198
427,2026-07-30T11:46:00Z,1785411960625159219,442,11864,11956,17,194,83260,324292142,200,196,196,448255600,355198
428,2026-07-30T11:46:01Z,1785411961659759675,443,11864,11956,17,194,83463,324292918,200,196,196,448255600,355201
429,2026-07-30T11:46:02Z,1785411962693682786,444,11864,11956,17,194,83670,324293688,200,196,196,448255600,355205
430,2026-07-30T11:46:03Z,1785411963727890521,445,11864,11956,17,194,83875,324294457,200,196,196,448255600,355211
431,2026-07-30T11:46:04Z,1785411964762199101,446,11864,11956,17,194,84076,324295231,200,196,196,448255600,355213
432,2026-07-30T11:46:05Z,1785411965795628682,447,11864,11956,17,194,84280,324296008,200,196,196,448255600,355219
433,2026-07-30T11:46:06Z,1785411966828547523,448,11864,11956,17,194,84484,324296777,200,196,196,448255600,355221
434,2026-07-30T11:46:07Z,1785411967862743084,449,11864,11956,17,194,84682,324297552,200,196,196,448255600,355225
435,2026-07-30T11:46:08Z,1785411968898701813,450,11928,11956,17,194,84879,324298324,200,196,196,448255600,355226
436,2026-07-30T11:46:09Z,1785411969931911950,451,11912,11956,17,194,85077,324299101,200,196,196,448255600,355228
437,2026-07-30T11:46:10Z,1785411970966403371,452,11864,11956,17,194,85272,324299872,200,196,196,448255600,355229
438,2026-07-30T11:46:11Z,1785411971999353862,453,11864,11956,17,194,85469,324300645,200,196,196,448255600,355237
439,2026-07-30T11:46:13Z,1785411973033079714,455,11908,11956,17,194,85665,324301413,200,196,196,448255600,355243
440,2026-07-30T11:46:14Z,1785411974066477947,456,11896,11956,17,194,85864,324302178,200,196,196,448255600,355248
441,2026-07-30T11:46:15Z,1785411975100004075,457,11864,11956,17,194,86066,324302949,200,196,196,448255600,355257
442,2026-07-30T11:46:16Z,1785411976134768976,458,11864,11956,17,194,86270,324303717,200,196,196,448255600,355271
443,2026-07-30T11:46:17Z,1785411977169881373,459,11868,11956,17,194,86475,324304494,200,196,196,448255600,355285
444,2026-07-30T11:46:18Z,1785411978202972774,460,11864,11956,17,194,86676,324305264,200,196,196,448255600,355295
445,2026-07-30T11:46:19Z,1785411979237824250,461,11864,11956,17,194,86882,324306039,200,196,196,448255600,355302
446,2026-07-30T11:46:20Z,1785411980272647204,462,11888,11956,17,195,87086,324306818,200,196,196,448255600,355312
447,2026-07-30T11:46:21Z,1785411981306969200,463,11888,11956,17,195,87289,324307591,200,196,196,448255600,355321
448,2026-07-30T11:46:22Z,1785411982340253527,464,11888,11956,17,195,87490,324308365,200,196,196,448255600,355331
449,2026-07-30T11:46:23Z,1785411983375336874,465,11888,11956,17,195,87690,324309144,200,196,196,448255600,355340
450,2026-07-30T11:46:24Z,1785411984413230029,466,11888,11956,17,195,87894,324309922,200,196,196,448255600,355354
451,2026-07-30T11:46:25Z,1785411985447501780,467,11888,11956,17,195,88090,324310703,200,196,196,448255600,355362
452,2026-07-30T11:46:26Z,1785411986482280412,468,11888,11956,17,195,88293,324311482,200,196,196,448255600,355373
453,2026-07-30T11:46:27Z,1785411987515130568,469,11652,11956,17,142,88496,324312254,200,196,196,448255600,355386
454,2026-07-30T11:46:28Z,1785411988549033702,470,11652,11956,17,142,88693,324313024,200,196,196,448255600,355395
455,2026-07-30T11:46:29Z,1785411989583562440,471,11652,11956,17,142,88890,324313796,200,196,196,448255600,355408
456,2026-07-30T11:46:30Z,1785411990618295081,472,11652,11956,17,142,89087,324314563,200,196,196,448255600,355420
457,2026-07-30T11:46:31Z,1785411991652803931,473,11652,11956,17,142,89283,324315335,200,196,196,448255600,355434
458,2026-07-30T11:46:32Z,1785411992685950088,474,11704,11956,17,142,89474,324316113,200,196,196,448255600,355444
459,2026-07-30T11:46:33Z,1785411993722242092,475,11652,11956,17,142,89679,324316885,200,196,196,448255600,355456
460,2026-07-30T11:46:34Z,1785411994755451082,476,11652,11956,17,142,89878,324317659,200,196,196,448255600,355468
461,2026-07-30T11:46:35Z,1785411995789344208,477,11652,11956,17,142,90083,324318427,200,196,196,448255600,355471
462,2026-07-30T11:46:36Z,1785411996822989803,478,11660,11956,17,144,90275,324319201,200,196,196,448255600,355474
463,2026-07-30T11:46:37Z,1785411997856864346,479,11660,11956,17,144,90471,324319972,200,196,196,448255600,355477
464,2026-07-30T11:46:38Z,1785411998891710588,480,11660,11956,17,144,90667,324320750,200,196,196,448255600,355483
465,2026-07-30T11:46:39Z,1785411999926211562,481,11660,11956,17,144,90858,324321515,200,196,196,448255600,355490
466,2026-07-30T11:46:40Z,1785412000960155522,482,11660,11956,17,144,91049,324322286,200,196,196,448255600,355495
467,2026-07-30T11:46:41Z,1785412001993983393,483,11800,11956,17,146,91240,324323064,200,196,196,448255600,355504
468,2026-07-30T11:46:43Z,1785412003028388116,485,11804,11956,17,146,91430,324323839,200,196,196,448255600,355506
469,2026-07-30T11:46:44Z,1785412004061487394,486,11928,11956,17,191,91635,324324614,200,196,196,448255600,355513
470,2026-07-30T11:46:45Z,1785412005097179380,487,11928,11956,17,191,91825,324325391,200,196,196,448255600,355524
471,2026-07-30T11:46:46Z,1785412006132277678,488,11928,11956,17,191,92031,324326169,200,196,196,448255600,355531
472,2026-07-30T11:46:47Z,1785412007168507894,489,11928,11956,17,191,92221,324326946,200,196,196,448255600,355541
473,2026-07-30T11:46:48Z,1785412008202544295,490,11928,11956,17,191,92414,324327726,200,196,196,448255600,355550
474,2026-07-30T11:46:49Z,1785412009236462920,491,11928,11956,17,191,92605,324328501,200,196,196,448255600,355560
475,2026-07-30T11:46:50Z,1785412010272030535,492,11928,11956,17,190,92809,324329271,200,196,196,448255600,355574
476,2026-07-30T11:46:51Z,1785412011305875370,493,11924,11956,17,190,93013,324330048,200,196,196,448255600,355580
477,2026-07-30T11:46:52Z,1785412012341371190,494,11924,11956,17,190,93217,324330822,200,196,196,448255600,355592
478,2026-07-30T11:46:53Z,1785412013375943753,495,11924,11956,17,190,93421,324331592,200,196,196,448255600,355597
479,2026-07-30T11:46:54Z,1785412014409723020,496,11976,11960,17,190,93615,324332362,200,196,196,448255600,355609
480,2026-07-30T11:46:55Z,1785412015442662697,497,11924,11972,17,190,93814,324333139,200,196,196,448255600,355622
481,2026-07-30T11:46:56Z,1785412016477159682,498,11924,11956,17,190,94017,324333910,200,196,196,448255600,355631
482,2026-07-30T11:46:57Z,1785412017512220335,499,11924,11956,17,190,94215,324334682,200,196,196,448255600,355643
483,2026-07-30T11:46:58Z,1785412018545264972,500,11924,11956,17,190,94405,324335453,200,196,196,448255600,355649
484,2026-07-30T11:46:59Z,1785412019578779857,501,11928,11956,17,191,94597,324336227,200,196,196,448255600,355655
485,2026-07-30T11:47:00Z,1785412020613664673,502,11928,11956,17,191,94797,324336997,200,196,196,448255600,355658
486,2026-07-30T11:47:01Z,1785412021650049524,503,11928,11956,17,191,94994,324337769,200,196,196,448255600,355665
487,2026-07-30T11:47:02Z,1785412022683821062,504,11928,11956,17,191,95183,324338543,200,196,196,448255600,355666
488,2026-07-30T11:47:03Z,1785412023719128314,505,11928,11956,17,191,95382,324339320,200,196,196,448255600,355673
489,2026-07-30T11:47:04Z,1785412024752033315,506,11928,11996,17,191,95572,324340094,200,196,196,448255600,355678
490,2026-07-30T11:47:05Z,1785412025785321911,507,11928,11956,17,191,95760,324340865,200,196,196,448255600,355688
491,2026-07-30T11:47:06Z,1785412026820278572,508,11956,11956,17,195,95954,324341636,200,196,196,448255600,355693
492,2026-07-30T11:47:07Z,1785412027854664306,509,11956,11956,17,195,96146,324342410,200,196,196,448255600,355693
493,2026-07-30T11:47:08Z,1785412028889413318,510,12020,11956,17,195,96347,324343188,200,196,196,448255600,355693
494,2026-07-30T11:47:09Z,1785412029923872390,511,11956,11956,17,195,96551,324343953,200,196,196,448255600,355694
495,2026-07-30T11:47:10Z,1785412030958664534,512,11956,11956,17,195,96753,324344725,200,196,196,448255600,355694
496,2026-07-30T11:47:11Z,1785412031993221272,513,11860,11956,17,191,96946,324345497,200,196,196,448255600,355694
497,2026-07-30T11:47:13Z,1785412033025995050,515,11860,11956,17,191,97143,324346268,200,196,196,448255600,355694
498,2026-07-30T11:47:14Z,1785412034060374768,516,11724,11956,17,157,97335,324347043,200,196,196,448255600,355694
499,2026-07-30T11:47:15Z,1785412035094545819,517,11724,11956,17,157,97529,324347813,200,196,196,448255600,355694
500,2026-07-30T11:47:16Z,1785412036129985122,518,11788,11956,17,157,97724,324348586,200,196,196,448255600,355694
501,2026-07-30T11:47:17Z,1785412037165429074,519,11788,11956,17,157,97926,324349366,200,196,196,448255600,355694
502,2026-07-30T11:47:18Z,1785412038198741848,520,11724,11956,17,157,98127,324350146,200,196,196,448255600,355694
503,2026-07-30T11:47:19Z,1785412039232502958,521,11724,11956,17,157,98327,324350919,200,196,196,448255600,355694
504,2026-07-30T11:47:20Z,1785412040266996164,522,11724,11956,17,157,98531,324351682,200,196,196,448255600,355694
505,2026-07-30T11:47:21Z,1785412041300822788,523,11748,11956,17,158,98733,324352453,200,196,196,448255600,355694
506,2026-07-30T11:47:22Z,1785412042335205673,524,11748,11956,17,158,98937,324353223,200,196,196,448255600,355706
507,2026-07-30T11:47:23Z,1785412043368970712,525,11748,11956,17,158,99140,324353995,200,196,196,448255600,355711
508,2026-07-30T11:47:24Z,1785412044401889125,526,11768,11956,17,158,99342,324354770,200,196,196,448255600,355720
509,2026-07-30T11:47:25Z,1785412045435844353,527,11764,11956,17,158,99543,324355545,200,196,196,448255600,355723
510,2026-07-30T11:47:26Z,1785412046469884772,528,11748,11956,17,158,99747,324356320,200,196,196,448255600,355738
511,2026-07-30T11:47:27Z,1785412047504225167,529,11812,11956,17,158,99948,324357094,200,196,196,448255600,355750
512,2026-07-30T11:47:28Z,1785412048537737978,530,11748,11956,17,158,100149,324357868,200,196,196,448255600,355755
513,2026-07-30T11:47:29Z,1785412049571866916,531,11940,11956,17,203,100352,324358652,200,196,196,448255600,355762
514,2026-07-30T11:47:30Z,1785412050605468603,532,11940,11956,17,203,100552,324359437,200,196,196,448255600,355764
515,2026-07-30T11:47:31Z,1785412051641235670,533,11940,11980,17,203,100755,324360209,200,196,196,448255600,355767
516,2026-07-30T11:47:32Z,1785412052675662155,534,11940,11964,17,203,100958,324360990,200,196,196,448255600,355774
517,2026-07-30T11:47:33Z,1785412053709493866,535,11940,11956,17,203,101161,324361762,200,196,196,448255600,355775
518,2026-07-30T11:47:34Z,1785412054743327989,536,12004,11956,17,203,101354,324362544,200,196,196,448255600,355783
519,2026-07-30T11:47:35Z,1785412055776946479,537,12004,11956,17,203,101559,324363313,200,196,196,448255600,355788
520,2026-07-30T11:47:36Z,1785412056811240017,538,11996,11956,17,203,101762,324364090,200,196,196,448255600,355793
521,2026-07-30T11:47:37Z,1785412057846674540,539,11940,11956,17,203,101967,324364869,200,196,196,448255600,355797
522,2026-07-30T11:47:38Z,1785412058880970264,540,11944,11956,17,203,102173,324365636,200,196,196,448255600,355807
523,2026-07-30T11:47:39Z,1785412059915206391,541,12004,11956,17,203,102363,324366409,200,196,196,448255600,355811
524,2026-07-30T11:47:40Z,1785412060949593915,542,11940,11956,17,203,102565,324367181,200,196,196,448255600,355819
525,2026-07-30T11:47:41Z,1785412061983893725,543,11944,12032,17,203,102764,324367959,200,196,196,448255600,355822
526,2026-07-30T11:47:43Z,1785412063018604964,545,11940,11956,17,203,102960,324368735,200,196,196,448255600,355831
527,2026-07-30T11:47:44Z,1785412064052688072,546,11948,11956,17,203,103155,324369508,200,196,196,448255600,355836
528,2026-07-30T11:47:45Z,1785412065086492572,547,11948,11956,17,203,103348,324370273,200,196,196,448255600,355849
529,2026-07-30T11:47:46Z,1785412066122648359,548,11948,11956,17,203,103552,324371044,200,196,196,448255600,355857
530,2026-07-30T11:47:47Z,1785412067158845519,549,11948,12012,17,203,103755,324371826,200,196,196,448255600,355862
531,2026-07-30T11:47:48Z,1785412068192933412,550,11948,11956,17,203,103957,324372598,200,196,196,448255600,355869
532,2026-07-30T11:47:49Z,1785412069226937599,551,11948,11992,17,203,104158,324373371,200,196,196,448255600,355877
533,2026-07-30T11:47:50Z,1785412070261670430,552,12012,11956,17,203,104360,324374145,200,196,196,448255600,355885
534,2026-07-30T11:47:51Z,1785412071297132977,553,11948,11956,17,203,104563,324374922,200,196,196,448255600,355893
535,2026-07-30T11:47:52Z,1785412072331381392,554,11948,11956,17,203,104766,324375699,200,196,196,448255600,355907
536,2026-07-30T11:47:53Z,1785412073366349853,555,11948,11956,17,203,104956,324376473,200,196,196,448255600,355916
537,2026-07-30T11:47:54Z,1785412074401667709,556,11948,11956,17,203,105160,324377251,200,196,196,448255600,355916
538,2026-07-30T11:47:55Z,1785412075437694689,557,11984,11956,17,203,105365,324378018,200,196,196,448255600,355916
539,2026-07-30T11:47:56Z,1785412076472144131,558,11948,11956,17,203,105563,324378786,200,196,196,448255600,355917
540,2026-07-30T11:47:57Z,1785412077506912010,559,11964,11956,17,203,105766,324379563,200,196,196,448255600,355920
541,2026-07-30T11:47:58Z,1785412078541494542,560,11948,11956,17,203,105965,324380341,200,196,196,448255600,355932
542,2026-07-30T11:47:59Z,1785412079577573263,561,11880,11956,17,194,106168,324381116,200,196,196,448255600,355932
543,2026-07-30T11:48:00Z,1785412080611921343,562,11880,11956,17,194,106364,324381895,200,196,196,448255600,355942
544,2026-07-30T11:48:01Z,1785412081647318186,563,11880,11956,17,194,106556,324382669,200,196,196,448255600,355945
545,2026-07-30T11:48:02Z,1785412082681175620,564,11880,11956,17,194,106759,324383437,200,196,196,448255600,355951
546,2026-07-30T11:48:03Z,1785412083715602428,565,11880,11956,17,194,106960,324384211,200,196,196,448255600,355958
547,2026-07-30T11:48:04Z,1785412084749293474,566,11880,11956,17,194,107163,324384986,200,196,196,448255600,355966
548,2026-07-30T11:48:05Z,1785412085784974779,567,11900,11956,17,194,107360,324385763,200,196,196,448255600,355972
549,2026-07-30T11:48:06Z,1785412086819635485,568,11956,11956,17,198,107557,324386541,200,196,196,448255600,355977
550,2026-07-30T11:48:07Z,1785412087853595771,569,12000,12000,17,199,107753,324387311,200,196,196,448255600,355987
551,2026-07-30T11:48:08Z,1785412088887681530,570,12000,12052,17,199,107946,324388082,200,196,196,448255600,355997
552,2026-07-30T11:48:09Z,1785412089922108646,571,12064,12000,17,199,108138,324388854,200,196,196,448255600,356005
553,2026-07-30T11:48:10Z,1785412090956829993,572,12000,12060,17,199,108330,324389633,200,196,196,448255600,356011
554,2026-07-30T11:48:11Z,1785412091990836551,573,12000,12000,17,199,108533,324390402,200,196,196,448255600,356014
555,2026-07-30T11:48:13Z,1785412093025629936,575,12024,12000,17,199,108736,324391169,200,196,196,448255600,356015
556,2026-07-30T11:48:14Z,1785412094058398788,576,11996,11996,17,198,108936,324391942,200,196,196,448255600,356022
557,2026-07-30T11:48:15Z,1785412095105097585,577,11996,11996,17,198,109136,324392723,200,196,196,448255600,356037
558,2026-07-30T11:48:16Z,1785412096141393800,578,11996,11996,17,198,109327,324393500,200,196,196,448255600,356053
559,2026-07-30T11:48:17Z,1785412097174170857,579,11996,11996,17,198,109517,324394266,200,196,196,448255600,356066
560,2026-07-30T11:48:18Z,1785412098208630057,580,11996,12056,17,198,109708,324395037,200,196,196,448255600,356077
561,2026-07-30T11:48:19Z,1785412099241291609,581,11996,12000,17,198,109899,324395804,200,196,196,448255600,356085
562,2026-07-30T11:48:20Z,1785412100275458146,582,11996,12000,17,198,110095,324396584,200,196,196,448255600,356100
563,2026-07-30T11:48:21Z,1785412101310209364,583,11996,12000,17,198,110283,324397355,200,196,196,448255600,356110
564,2026-07-30T11:48:22Z,1785412102344184415,584,12056,12000,17,197,110467,324398129,200,196,196,448255600,356117
565,2026-07-30T11:48:23Z,1785412103377777797,585,11992,12000,17,197,110652,324398895,200,196,196,448255600,356121
566,2026-07-30T11:48:24Z,1785412104412333130,586,11992,12000,17,197,110841,324399666,200,196,196,448255600,356132
567,2026-07-30T11:48:25Z,1785412105447215407,587,12060,12000,17,197,111040,324400435,200,196,196,448255600,356142
568,2026-07-30T11:48:26Z,1785412106481769422,588,11992,12000,17,197,111237,324401215,200,196,196,448255600,356151
569,2026-07-30T11:48:27Z,1785412107517732427,589,11992,12000,17,197,111436,324401989,200,196,196,448255600,356155
570,2026-07-30T11:48:28Z,1785412108550530867,590,11992,12000,17,197,111630,324402760,200,196,196,448255600,356168
571,2026-07-30T11:48:29Z,1785412109584100085,591,11992,12000,17,197,111829,324403537,200,196,196,448255600,356179
572,2026-07-30T11:48:30Z,1785412110620847812,592,12024,12048,17,197,112033,324404312,200,196,196,448255600,356190
573,2026-07-30T11:48:31Z,1785412111655318752,593,11992,12000,17,197,112239,324405085,200,196,196,448255600,356200
574,2026-07-30T11:48:32Z,1785412112688913612,594,11992,12000,17,197,112443,324405860,200,196,196,448255600,356209
575,2026-07-30T11:48:33Z,1785412113722905419,595,11996,12000,17,197,112646,324406631,200,196,196,448255600,356219
576,2026-07-30T11:48:34Z,1785412114758035019,596,11992,12000,17,197,112850,324407408,200,196,196,448255600,356227
577,2026-07-30T11:48:35Z,1785412115791565491,597,12048,12000,17,197,113053,324408182,200,196,196,448255600,356236
578,2026-07-30T11:48:36Z,1785412116824699714,598,12120,12000,17,197,113255,324408956,200,196,196,448255600,356248
579,2026-07-30T11:48:37Z,1785412117857599646,599,11920,12000,17,194,113456,324409728,200,196,196,448255600,356258
580,2026-07-30T11:48:38Z,1785412118892943844,600,11936,12000,17,198,113660,324410508,200,196,196,448255600,356270
581,2026-07-30T11:48:39Z,1785412119926487020,601,11980,12000,17,198,113865,324411281,200,196,196,448255600,356273
582,2026-07-30T11:48:40Z,1785412120959856516,602,11936,12000,17,198,114069,324412060,200,196,196,448255600,356278
583,2026-07-30T11:48:41Z,1785412121993049894,603,11936,12000,17,198,114275,324412829,200,196,196,448255600,356283
584,2026-07-30T11:48:43Z,1785412123026056594,605,11936,12000,17,198,114478,324413605,200,196,196,448255600,356290
585,2026-07-30T11:48:44Z,1785412124060990663,606,11936,12000,17,198,114683,324414375,200,196,196,448255600,356294
586,2026-07-30T11:48:45Z,1785412125098529448,607,11936,12000,17,198,114888,324415144,200,196,196,448255600,356295
587,2026-07-30T11:48:46Z,1785412126133517629,608,11876,12000,17,183,115094,324415919,200,196,196,448255600,356303
588,2026-07-30T11:48:47Z,1785412127167209927,609,11876,12000,17,183,115302,324416693,200,196,196,448255600,356313
589,2026-07-30T11:48:48Z,1785412128200081428,610,11876,12000,17,183,115507,324417472,200,196,196,448255600,356320
590,2026-07-30T11:48:49Z,1785412129234324580,611,11876,12000,17,183,115713,324418244,200,196,196,448255600,356329
591,2026-07-30T11:48:50Z,1785412130268717106,612,11944,12000,17,183,115919,324419015,200,196,196,448255600,356343
592,2026-07-30T11:48:51Z,1785412131303432872,613,11876,12000,17,183,116127,324419789,200,196,196,448255600,356346
593,2026-07-30T11:48:52Z,1785412132337256176,614,11968,12000,17,183,116327,324420565,200,196,196,448255600,356351
594,2026-07-30T11:48:53Z,1785412133371084105,615,11876,12000,17,183,116528,324421334,200,196,196,448255600,356360
595,2026-07-30T11:48:54Z,1785412134405235168,616,11852,12000,17,182,116724,324422107,200,196,196,448255600,356368
596,2026-07-30T11:48:55Z,1785412135439495129,617,11852,12000,17,182,116929,324422881,200,196,196,448255600,356372
597,2026-07-30T11:48:56Z,1785412136474586754,618,11852,12000,17,182,117127,324423653,200,196,196,448255600,356384
598,2026-07-30T11:48:57Z,1785412137509685139,619,11976,12000,17,182,117322,324424426,200,196,196,448255600,356393
599,2026-07-30T11:48:58Z,1785412138550319047,620,11864,12000,17,182,117516,324425204,200,196,196,448255600,356406
600,2026-07-30T11:48:59Z,1785412139586004161,621,11852,12000,17,182,117725,324425978,200,196,196,448255600,356410
601,2026-07-30T11:49:00Z,1785412140621272506,622,11852,12000,17,182,117922,324426754,200,196,196,448255600,356423
602,2026-07-30T11:49:01Z,1785412141656406712,623,11916,12000,17,198,118125,324427536,200,196,196,448255600,356435
603,2026-07-30T11:49:02Z,1785412142691140729,624,11916,12000,17,198,118331,324428305,200,196,196,448255600,356446
604,2026-07-30T11:49:03Z,1785412143724362343,625,11916,12000,17,198,118537,324429078,200,196,196,448255600,356450
605,2026-07-30T11:49:04Z,1785412144762209411,626,11916,12000,17,198,118740,324429852,200,196,196,448255600,356465
606,2026-07-30T11:49:05Z,1785412145796682971,627,11916,12000,17,198,118944,324430626,200,196,196,448255600,356473
607,2026-07-30T11:49:06Z,1785412146831477807,628,11916,12000,17,198,119150,324431406,200,196,196,448255600,356481
608,2026-07-30T11:49:07Z,1785412147864826720,629,11916,12000,17,198,119351,324432180,200,196,196,448255600,356493
609,2026-07-30T11:49:08Z,1785412148899419841,630,11876,12000,17,193,119555,324432950,200,196,196,448255600,356499
610,2026-07-30T11:49:09Z,1785412149932937017,631,11936,12000,17,193,119758,324433719,200,196,196,448255600,356503
611,2026-07-30T11:49:10Z,1785412150967161737,632,11876,12000,17,193,119959,324434490,200,196,196,448255600,356509
612,2026-07-30T11:49:12Z,1785412152001418021,634,11876,12000,17,193,120161,324435260,200,196,196,448255600,356521
613,2026-07-30T11:49:13Z,1785412153035416557,635,11876,12000,17,193,120362,324436038,200,196,196,448255600,356530
614,2026-07-30T11:49:14Z,1785412154071310006,636,11876,12000,17,193,120564,324436811,200,196,196,448255600,356544
615,2026-07-30T11:49:15Z,1785412155104647896,637,11900,12000,17,194,120766,324437586,200,196,196,448255600,356545
616,2026-07-30T11:49:16Z,1785412156138247135,638,11900,12000,17,194,120963,324438362,200,196,196,448255600,356546
617,2026-07-30T11:49:17Z,1785412157175915010,639,11900,12000,17,194,121154,324439133,200,196,196,448255600,356547
618,2026-07-30T11:49:18Z,1785412158209523428,640,11900,12000,17,194,121352,324439905,200,196,196,448255600,356549
619,2026-07-30T11:49:19Z,1785412159243545910,641,11900,12000,17,194,121546,324440682,200,196,196,448255600,356551
620,2026-07-30T11:49:20Z,1785412160277682328,642,11948,12028,17,194,121742,324441452,200,196,196,448255600,356551
621,2026-07-30T11:49:21Z,1785412161312431537,643,12012,12000,17,194,121947,324442226,200,196,196,448255600,356551
622,2026-07-30T11:49:22Z,1785412162346759429,644,11900,12000,17,194,122145,324442990,200,196,196,448255600,356551
623,2026-07-30T11:49:23Z,1785412163380647089,645,11908,12000,17,194,122350,324443761,200,196,196,448255600,356551
624,2026-07-30T11:49:24Z,1785412164415336914,646,11920,12000,17,197,122554,324444538,200,196,196,448255600,356554
625,2026-07-30T11:49:25Z,1785412165450052461,647,11920,12000,17,197,122747,324445311,200,196,196,448255600,356562
626,2026-07-30T11:49:26Z,1785412166484195540,648,11920,12000,17,197,122951,324446088,200,196,196,448255600,356569
627,2026-07-30T11:49:27Z,1785412167519583057,649,11920,12000,17,197,123156,324446852,200,196,196,448255600,356577
628,2026-07-30T11:49:28Z,1785412168554831928,650,11920,12000,17,197,123359,324447623,200,196,196,448255600,356590
629,2026-07-30T11:49:29Z,1785412169588384316,651,11984,12000,17,197,123554,324448406,200,196,196,448255600,356598
630,2026-07-30T11:49:30Z,1785412170624027689,652,11920,12000,17,197,123746,324449172,200,196,196,448255600,356607
631,2026-07-30T11:49:31Z,1785412171658495682,653,11920,12000,17,197,123946,324449951,200,196,196,448255600,356618
632,2026-07-30T11:49:32Z,1785412172691337965,654,11920,12000,17,197,124138,324450725,200,196,196,448255600,356631
633,2026-07-30T11:49:33Z,1785412173726328798,655,12180,12124,17,217,124339,324451503,200,196,196,448255600,356643
634,2026-07-30T11:49:34Z,1785412174760184836,656,12124,12124,17,217,124541,324452269,200,196,196,448255600,356650
635,2026-07-30T11:49:35Z,1785412175794685794,657,12184,12124,17,217,124735,324453045,200,196,196,448255600,356669
636,2026-07-30T11:49:36Z,1785412176829313386,658,12148,12124,17,217,124925,324453813,200,196,196,448255600,356674
637,2026-07-30T11:49:37Z,1785412177863464878,659,12192,12192,17,220,125127,324454583,200,196,196,448255600,356674
638,2026-07-30T11:49:38Z,1785412178897747260,660,12252,12192,17,220,125328,324455360,200,196,196,448255600,356678
639,2026-07-30T11:49:39Z,1785412179931475968,661,12192,12192,17,220,125529,324456134,200,196,196,448255600,356682
640,2026-07-30T11:49:40Z,1785412180963733059,662,12220,12192,17,220,125731,324456906,200,196,196,448255600,356683
641,2026-07-30T11:49:41Z,1785412181997612290,663,12216,12192,17,220,125933,324457684,200,196,196,448255600,356685
642,2026-07-30T11:49:43Z,1785412183032761110,665,12192,12192,17,220,126137,324458448,200,196,196,448255600,356685
643,2026-07-30T11:49:44Z,1785412184068422718,666,12304,12192,17,220,126338,324459221,200,196,196,448255600,356685
644,2026-07-30T11:49:45Z,1785412185102579538,667,12192,12256,17,220,126539,324460000,200,196,196,448255600,356686
645,2026-07-30T11:49:46Z,1785412186136097207,668,12192,12256,17,220,126741,324460769,200,196,196,448255600,356690
646,2026-07-30T11:49:47Z,1785412187178521779,669,12192,12192,17,220,126947,324461545,200,196,196,448255600,356691
647,2026-07-30T11:49:48Z,1785412188213002538,670,12196,12196,17,220,127152,324462322,200,196,196,448255600,356691
648,2026-07-30T11:49:49Z,1785412189247170770,671,12196,12200,17,220,127354,324463102,200,196,196,448255600,356691
649,2026-07-30T11:49:50Z,1785412190282106245,672,12216,12216,17,220,127556,324463874,200,196,196,448255600,356691
650,2026-07-30T11:49:51Z,1785412191317085592,673,12216,12216,17,220,127760,324464650,200,196,196,448255600,356691
651,2026-07-30T11:49:52Z,1785412192351116159,674,12216,12272,17,220,127965,324465417,200,196,196,448255600,356693
652,2026-07-30T11:49:53Z,1785412193385412091,675,12216,12216,17,220,128170,324466188,200,196,196,448255600,356694
653,2026-07-30T11:49:54Z,1785412194420002137,676,12208,12208,17,218,128373,324466964,200,196,196,448255600,356698
654,2026-07-30T11:49:55Z,1785412195453332274,677,12208,12208,17,218,128577,324467739,200,196,196,448255600,356701
655,2026-07-30T11:49:56Z,1785412196488257533,678,12208,12208,17,218,128779,324468515,200,196,196,448255600,356708
656,2026-07-30T11:49:57Z,1785412197521695185,679,12208,12208,17,218,128982,324469286,200,196,196,448255600,356711
657,2026-07-30T11:49:58Z,1785412198557003932,680,12208,12208,17,218,129188,324470055,200,196,196,448255600,356714
658,2026-07-30T11:49:59Z,1785412199590693481,681,12208,12208,17,218,129391,324470833,200,196,196,448255600,356718
659,2026-07-30T11:50:00Z,1785412200624894106,682,12208,12208,17,218,129591,324471606,200,196,196,448255600,356723
660,2026-07-30T11:50:01Z,1785412201700225692,683,12208,12208,17,218,129796,324472374,200,196,196,448255600,356734
661,2026-07-30T11:50:02Z,1785412202734346788,684,12208,12208,17,218,130006,324473173,200,196,196,448255600,356744
662,2026-07-30T11:50:03Z,1785412203769101594,685,12056,12188,17,196,130209,324473950,200,196,196,448255600,356749
663,2026-07-30T11:50:04Z,1785412204804729012,686,12056,12188,17,196,130412,324474723,200,196,196,448255600,356752
664,2026-07-30T11:50:05Z,1785412205838936873,687,12056,12188,17,196,130616,324475499,200,196,196,448255600,356756
665,2026-07-30T11:50:06Z,1785412206871932920,688,12056,12188,17,196,130821,324476273,200,196,196,448255600,356761
666,2026-07-30T11:50:07Z,1785412207904851288,689,11984,12188,17,193,131025,324477044,200,196,196,448255600,356765
667,2026-07-30T11:50:08Z,1785412208938746751,690,11984,12188,17,193,131227,324477811,200,196,196,448255600,356771
668,2026-07-30T11:50:09Z,1785412209971748719,691,11984,12188,17,193,131431,324478581,200,196,196,448255600,356778
669,2026-07-30T11:50:11Z,1785412211005992175,693,11996,12188,17,194,131635,324479361,200,196,196,448255600,356788
670,2026-07-30T11:50:12Z,1785412212039269563,694,11996,12188,17,194,131839,324480129,200,196,196,448255600,356796
671,2026-07-30T11:50:13Z,1785412213073866868,695,11996,12188,17,194,132041,324480905,200,196,196,448255600,356805
672,2026-07-30T11:50:14Z,1785412214107982856,696,11996,12188,17,194,132244,324481669,200,196,196,448255600,356812
673,2026-07-30T11:50:15Z,1785412215142017741,697,11996,12188,17,194,132444,324482448,200,196,196,448255600,356818
674,2026-07-30T11:50:16Z,1785412216176348070,698,11996,12188,17,194,132643,324483228,200,196,196,448255600,356822
675,2026-07-30T11:50:17Z,1785412217213366138,699,11784,12188,17,139,132847,324483995,200,196,196,448255600,356827
676,2026-07-30T11:50:18Z,1785412218246453636,700,11776,12188,17,139,133049,324484767,200,196,196,448255600,356830
677,2026-07-30T11:50:19Z,1785412219279966112,701,11776,12188,17,139,133248,324485534,200,196,196,448255600,356842
678,2026-07-30T11:50:20Z,1785412220314564063,702,11776,12188,17,139,133450,324486307,200,196,196,448255600,356849
679,2026-07-30T11:50:21Z,1785412221348204855,703,11796,12188,17,139,133650,324487075,200,196,196,448255600,356852
680,2026-07-30T11:50:22Z,1785412222382620832,704,11776,12188,17,139,133850,324487847,200,196,196,448255600,356857
681,2026-07-30T11:50:23Z,1785412223417647504,705,11788,12188,17,139,134052,324488623,200,196,196,448255600,356857
682,2026-07-30T11:50:24Z,1785412224453821803,706,11804,12188,17,139,134257,324489404,200,196,196,448255600,356860
683,2026-07-30T11:50:25Z,1785412225487690573,707,11776,12188,17,139,134462,324490185,200,196,196,448255600,356862
684,2026-07-30T11:50:26Z,1785412226521287781,708,11840,12188,17,139,134665,324490961,200,196,196,448255600,356866
685,2026-07-30T11:50:27Z,1785412227556162275,709,11776,12188,17,139,134868,324491727,200,196,196,448255600,356866
686,2026-07-30T11:50:28Z,1785412228589759179,710,11776,12188,17,139,135073,324492499,200,196,196,448255600,356866
687,2026-07-30T11:50:29Z,1785412229623526513,711,11752,12188,17,138,135278,324493275,200,196,196,448255600,356867
688,2026-07-30T11:50:30Z,1785412230659851887,712,11752,12188,17,138,135482,324494041,200,196,196,448255600,356869
689,2026-07-30T11:50:31Z,1785412231695001590,713,11752,12188,17,138,135686,324494820,200,196,196,448255600,356874
690,2026-07-30T11:50:32Z,1785412232728244647,714,11752,12188,17,138,135890,324495595,200,196,196,448255600,356877
691,2026-07-30T11:50:33Z,1785412233762300469,715,12032,12188,17,201,136097,324496364,200,196,196,448255600,356882
692,2026-07-30T11:50:34Z,1785412234797157673,716,12032,12188,17,201,136299,324497143,200,196,196,448255600,356886
693,2026-07-30T11:50:35Z,1785412235832566132,717,12060,12188,17,201,136502,324497915,200,196,196,448255600,356890
694,2026-07-30T11:50:36Z,1785412236865303236,718,12032,12188,17,201,136704,324498687,200,196,196,448255600,356894
695,2026-07-30T11:50:37Z,1785412237899052213,719,12032,12188,17,201,136905,324499462,200,196,196,448255600,356899
696,2026-07-30T11:50:38Z,1785412238933028570,720,12096,12188,17,201,137110,324500234,200,196,196,448255600,356901
697,2026-07-30T11:50:39Z,1785412239966412364,721,12032,12188,17,201,137311,324501009,200,196,196,448255600,356906
698,2026-07-30T11:50:41Z,1785412241001708925,723,12032,12188,17,201,137513,324501786,200,196,196,448255600,356907
699,2026-07-30T11:50:42Z,1785412242036339973,724,12168,12188,17,219,137717,324502560,200,196,196,448255600,356917
700,2026-07-30T11:50:43Z,1785412243070867985,725,12232,12188,17,219,137917,324503331,200,196,196,448255600,356930
701,2026-07-30T11:50:44Z,1785412244105720593,726,12168,12232,17,219,138119,324504108,200,196,196,448255600,356939
702,2026-07-30T11:50:45Z,1785412245140651692,727,12240,12240,17,222,138316,324504880,200,196,196,448255600,356952
703,2026-07-30T11:50:46Z,1785412246176315992,728,12240,12240,17,222,138516,324505654,200,196,196,448255600,356957
704,2026-07-30T11:50:47Z,1785412247211734684,729,12240,12240,17,222,138717,324506433,200,196,196,448255600,356967
705,2026-07-30T11:50:48Z,1785412248245366748,730,12240,12240,17,222,138921,324507209,200,196,196,448255600,356975
706,2026-07-30T11:50:49Z,1785412249279303593,731,12240,12240,17,222,139117,324507985,200,196,196,448255600,356982
707,2026-07-30T11:50:50Z,1785412250313211651,732,12240,12240,17,222,139311,324508753,200,196,196,448255600,356987
708,2026-07-30T11:50:51Z,1785412251347283376,733,12240,12240,17,222,139505,324509523,200,196,196,448255600,356997
709,2026-07-30T11:50:52Z,1785412252380541120,734,12308,12244,17,222,139709,324510294,200,196,196,448255600,357005
710,2026-07-30T11:50:53Z,1785412253415255796,735,12244,12244,17,222,139912,324511070,200,196,196,448255600,357015
711,2026-07-30T11:50:54Z,1785412254449452775,736,12244,12244,17,222,140120,324511838,200,196,196,448255600,357023
712,2026-07-30T11:50:55Z,1785412255483620378,737,12260,12300,17,222,140323,324512617,200,196,196,448255600,357031
713,2026-07-30T11:50:56Z,1785412256517937072,738,12252,12316,17,222,140531,324513402,200,196,196,448255600,357037
714,2026-07-30T11:50:57Z,1785412257552113869,739,12252,12252,17,222,140736,324514171,200,196,196,448255600,357045
715,2026-07-30T11:50:58Z,1785412258586000953,740,12252,12252,17,222,140942,324514939,200,196,196,448255600,357053
716,2026-07-30T11:50:59Z,1785412259621670826,741,12252,12256,17,222,141149,324515700,200,196,196,448255600,357056
717,2026-07-30T11:51:00Z,1785412260657619338,742,12252,12252,17,222,141341,324516467,200,196,196,448255600,357056
718,2026-07-30T11:51:01Z,1785412261693271478,743,12316,12252,17,222,141535,324517237,200,196,196,448255600,357073
719,2026-07-30T11:51:02Z,1785412262727159524,744,12252,12252,17,222,141743,324518003,200,196,196,448255600,357080
720,2026-07-30T11:51:03Z,1785412263762291731,745,12240,12240,17,219,141947,324518774,200,196,196,448255600,357082
721,2026-07-30T11:51:04Z,1785412264797218677,746,12268,12252,17,219,142152,324519547,200,196,196,448255600,357083
722,2026-07-30T11:51:05Z,1785412265833080148,747,12336,12304,17,219,142355,324520326,200,196,196,448255600,357089
723,2026-07-30T11:51:06Z,1785412266869030361,748,12304,12240,17,219,142552,324521097,200,196,196,448255600,357093
724,2026-07-30T11:51:07Z,1785412267905054800,749,12240,12240,17,219,142747,324521880,200,196,196,448255600,357096
725,2026-07-30T11:51:08Z,1785412268940306309,750,12240,12240,17,219,142950,324522648,200,196,196,448255600,357104
726,2026-07-30T11:51:09Z,1785412269973804735,751,12240,12304,17,219,143154,324523422,200,196,196,448255600,357110
727,2026-07-30T11:51:11Z,1785412271007105724,753,12240,12264,17,219,143358,324524188,200,196,196,448255600,357117
728,2026-07-30T11:51:12Z,1785412272041136858,754,12080,12188,17,197,143565,324524954,200,196,196,448255600,357127
729,2026-07-30T11:51:13Z,1785412273075221271,755,12080,12188,17,197,143769,324525730,200,196,196,448255600,357135
730,2026-07-30T11:51:14Z,1785412274111484588,756,12080,12188,17,197,143975,324526505,200,196,196,448255600,357140
731,2026-07-30T11:51:15Z,1785412275145991671,757,12032,12188,17,195,144178,324527285,200,196,196,448255600,357147
732,2026-07-30T11:51:16Z,1785412276180402521,758,12032,12188,17,195,144378,324528054,200,196,196,448255600,357153
733,2026-07-30T11:51:17Z,1785412277215601682,759,12032,12188,17,195,144573,324528821,200,196,196,448255600,357158
734,2026-07-30T11:51:18Z,1785412278250136390,760,12032,12188,17,195,144776,324529600,200,196,196,448255600,357160
735,2026-07-30T11:51:19Z,1785412279283597518,761,12052,12188,17,197,144975,324530377,200,196,196,448255600,357167
736,2026-07-30T11:51:20Z,1785412280318214123,762,12048,12188,17,197,145178,324531148,200,196,196,448255600,357168
737,2026-07-30T11:51:21Z,1785412281352731376,763,12104,12188,17,197,145380,324531925,200,196,196,448255600,357174
738,2026-07-30T11:51:22Z,1785412282386608222,764,12040,12188,17,197,145579,324532702,200,196,196,448255600,357178
739,2026-07-30T11:51:23Z,1785412283421704923,765,12040,12188,17,197,145779,324533474,200,196,196,448255600,357180
740,2026-07-30T11:51:24Z,1785412284456494619,766,12040,12188,17,197,145983,324534247,200,196,196,448255600,357182
741,2026-07-30T11:51:25Z,1785412285490617669,767,12040,12188,17,197,146183,324535022,200,196,196,448255600,357188
742,2026-07-30T11:51:26Z,1785412286524334922,768,12000,12188,17,193,146384,324535799,200,196,196,448255600,357190
743,2026-07-30T11:51:27Z,1785412287558375576,769,12000,12188,17,193,146588,324536567,200,196,196,448255600,357196
744,2026-07-30T11:51:28Z,1785412288591092275,770,11976,12188,17,192,146789,324537337,200,196,196,448255600,357203
745,2026-07-30T11:51:29Z,1785412289624484893,771,11976,12188,17,192,146991,324538112,200,196,196,448255600,357206
746,2026-07-30T11:51:30Z,1785412290660097300,772,11976,12188,17,192,147193,324538883,200,196,196,448255600,357212
747,2026-07-30T11:51:31Z,1785412291694995077,773,12004,12188,17,192,147396,324539653,200,196,196,448255600,357221
748,2026-07-30T11:51:32Z,1785412292727447209,774,12012,12188,17,192,147597,324540421,200,196,196,448255600,357230
749,2026-07-30T11:51:33Z,1785412293762169480,775,12076,12188,17,197,147799,324541198,200,196,196,448255600,357237
750,2026-07-30T11:51:34Z,1785412294794728798,776,12076,12188,17,197,148002,324541967,200,196,196,448255600,357246
751,2026-07-30T11:51:35Z,1785412295828462825,777,12076,12188,17,197,148205,324542739,200,196,196,448255600,357254
752,2026-07-30T11:51:36Z,1785412296863491655,778,12116,12188,17,197,148409,324543511,200,196,196,448255600,357265
753,2026-07-30T11:51:37Z,1785412297899270875,779,12108,12188,17,197,148611,324544283,200,196,196,448255600,357268
754,2026-07-30T11:51:38Z,1785412298933615166,780,12076,12188,17,197,148815,324545053,200,196,196,448255600,357278
755,2026-07-30T11:51:39Z,1785412299968190337,781,12076,12188,17,197,149016,324545831,200,196,196,448255600,357284
756,2026-07-30T11:51:41Z,1785412301001433125,783,12076,12188,17,197,149219,324546602,200,196,196,448255600,357299
757,2026-07-30T11:51:42Z,1785412302037780261,784,12080,12188,17,198,149423,324547385,200,196,196,448255600,357302
758,2026-07-30T11:51:43Z,1785412303071039522,785,12080,12188,17,198,149626,324548163,200,196,196,448255600,357310
759,2026-07-30T11:51:44Z,1785412304105762935,786,12080,12188,17,198,149826,324548942,200,196,196,448255600,357317
760,2026-07-30T11:51:45Z,1785412305141003733,787,12136,12188,17,198,150028,324549717,200,196,196,448255600,357332
761,2026-07-30T11:51:46Z,1785412306176190887,788,12080,12188,17,198,150231,324550488,200,196,196,448255600,357342
762,2026-07-30T11:51:47Z,1785412307211134664,789,12080,12188,17,198,150433,324551257,200,196,196,448255600,357350
763,2026-07-30T11:51:48Z,1785412308246225149,790,12080,12188,17,198,150634,324552027,200,196,196,448255600,357359
764,2026-07-30T11:51:49Z,1785412309281357185,791,11988,12188,17,175,150835,324552800,200,196,196,448255600,357372
765,2026-07-30T11:51:50Z,1785412310317007973,792,11988,12188,17,175,151038,324553574,200,196,196,448255600,357380
766,2026-07-30T11:51:51Z,1785412311353409170,793,11988,12188,17,175,151239,324554360,200,196,196,448255600,357384
767,2026-07-30T11:51:52Z,1785412312386363329,794,11988,12188,17,175,151440,324555129,200,196,196,448255600,357394
768,2026-07-30T11:51:53Z,1785412313422286803,795,12080,12188,17,192,151644,324555903,200,196,196,448255600,357398
769,2026-07-30T11:51:54Z,1785412314456246612,796,12080,12188,17,192,151847,324556677,200,196,196,448255600,357398
770,2026-07-30T11:51:55Z,1785412315490381732,797,12080,12188,17,192,152042,324557445,200,196,196,448255600,357399
771,2026-07-30T11:51:56Z,1785412316523002910,798,12080,12188,17,192,152242,324558216,200,196,196,448255600,357400
772,2026-07-30T11:51:57Z,1785412317557265911,799,12080,12188,17,192,152433,324558985,200,196,196,448255600,357404
773,2026-07-30T11:51:58Z,1785412318592527557,800,12080,12188,17,192,152637,324559753,200,196,196,448255600,357411
774,2026-07-30T11:51:59Z,1785412319626971625,801,12080,12188,17,192,152838,324560525,200,196,196,448255600,357417
775,2026-07-30T11:52:00Z,1785412320660600018,802,12080,12188,17,192,153040,324561295,200,196,196,448255600,357425
776,2026-07-30T11:52:01Z,1785412321695011543,803,12080,12188,17,192,153243,324562075,200,196,196,448255600,357430
777,2026-07-30T11:52:02Z,1785412322728527006,804,12080,12188,17,192,153446,324562851,200,196,196,448255600,357434
778,2026-07-30T11:52:03Z,1785412323762761438,805,11980,12188,17,187,153646,324563624,200,196,196,448255600,357443
779,2026-07-30T11:52:04Z,1785412324796378149,806,12028,12188,17,187,153851,324564391,200,196,196,448255600,357450
780,2026-07-30T11:52:05Z,1785412325831228447,807,12060,12188,17,207,154043,324565165,200,196,196,448255600,357456
781,2026-07-30T11:52:06Z,1785412326866084771,808,12060,12188,17,207,154235,324565939,200,196,196,448255600,357460
782,2026-07-30T11:52:07Z,1785412327899103198,809,12060,12188,17,207,154426,324566701,200,196,196,448255600,357463
783,2026-07-30T11:52:08Z,1785412328932805712,810,12060,12188,17,207,154613,324567473,200,196,196,448255600,357472
784,2026-07-30T11:52:09Z,1785412329968529918,811,12060,12188,17,207,154809,324568245,200,196,196,448255600,357484
785,2026-07-30T11:52:11Z,1785412331002137990,813,12124,12188,17,207,154995,324569021,200,196,196,448255600,357497
786,2026-07-30T11:52:12Z,1785412332036207875,814,12060,12188,17,207,155196,324569794,200,196,196,448255600,357506
787,2026-07-30T11:52:13Z,1785412333069898118,815,12072,12188,17,207,155396,324570568,200,196,196,448255600,357516
788,2026-07-30T11:52:14Z,1785412334104088426,816,12092,12188,17,207,155594,324571339,200,196,196,448255600,357532
789,2026-07-30T11:52:15Z,1785412335136925412,817,12060,12188,17,207,155786,324572111,200,196,196,448255600,357541
790,2026-07-30T11:52:16Z,1785412336173623443,818,12216,12188,17,211,155989,324572885,200,196,196,448255600,357547
791,2026-07-30T11:52:17Z,1785412337207589953,819,12164,12228,17,211,156194,324573657,200,196,196,448255600,357553
792,2026-07-30T11:52:18Z,1785412338240539494,820,12236,12228,17,211,156396,324574428,200,196,196,448255600,357558
793,2026-07-30T11:52:19Z,1785412339274385924,821,12188,12188,17,211,156602,324575190,200,196,196,448255600,357566
794,2026-07-30T11:52:20Z,1785412340308296078,822,12164,12188,17,211,156808,324575959,200,196,196,448255600,357569
795,2026-07-30T11:52:21Z,1785412341342282666,823,12200,12188,17,211,157011,324576735,200,196,196,448255600,357573
796,2026-07-30T11:52:22Z,1785412342377813698,824,12164,12188,17,211,157215,324577511,200,196,196,448255600,357576
797,2026-07-30T11:52:23Z,1785412343411676664,825,12048,12188,17,197,157419,324578287,200,196,196,448255600,357578
798,2026-07-30T11:52:24Z,1785412344444647229,826,12060,12188,17,197,157623,324579061,200,196,196,448255600,357583
799,2026-07-30T11:52:25Z,1785412345478779217,827,12060,12188,17,197,157826,324579831,200,196,196,448255600,357591
800,2026-07-30T11:52:26Z,1785412346512201199,828,12060,12188,17,197,158029,324580600,200,196,196,448255600,357599
801,2026-07-30T11:52:27Z,1785412347547313483,829,12060,12188,17,197,158231,324581372,200,196,196,448255600,357599
802,2026-07-30T11:52:28Z,1785412348581464267,830,12148,12188,17,201,158434,324582157,200,196,196,448255600,357608
803,2026-07-30T11:52:29Z,1785412349618954508,831,12084,12188,17,201,158637,324582933,200,196,196,448255600,357616
804,2026-07-30T11:52:30Z,1785412350653692835,832,12084,12188,17,201,158840,324583707,200,196,196,448255600,357621
805,2026-07-30T11:52:31Z,1785412351687858834,833,12148,12188,17,201,159042,324584473,200,196,196,448255600,357636
806,2026-07-30T11:52:32Z,1785412352721733744,834,12084,12188,17,201,159245,324585252,200,196,196,448255600,357647
807,2026-07-30T11:52:33Z,1785412353757222560,835,12084,12188,17,201,159446,324586027,200,196,196,448255600,357658
808,2026-07-30T11:52:34Z,1785412354791658740,836,12084,12188,17,201,159647,324586808,200,196,196,448255600,357669
809,2026-07-30T11:52:35Z,1785412355825714906,837,12084,12188,17,201,159847,324587590,200,196,196,448255600,357679
810,2026-07-30T11:52:36Z,1785412356859229517,838,12140,12188,17,201,160052,324588359,200,196,196,448255600,357693
811,2026-07-30T11:52:37Z,1785412357897618934,839,12084,12188,17,201,160253,324589131,200,196,196,448255600,357705
812,2026-07-30T11:52:38Z,1785412358931379375,840,12284,12248,17,225,160448,324589908,200,196,196,448255600,357720
813,2026-07-30T11:52:39Z,1785412359965557160,841,12248,12276,17,225,160638,324590680,200,196,196,448255600,357726
814,2026-07-30T11:52:40Z,1785412360997243575,842,12248,12248,17,225,160834,324591455,200,196,196,448255600,357735
815,2026-07-30T11:52:42Z,1785412362032246313,844,12312,12248,17,225,161030,324592227,200,196,196,448255600,357747
816,2026-07-30T11:52:43Z,1785412363066351176,845,12248,12248,17,225,161217,324593001,200,196,196,448255600,357756
817,2026-07-30T11:52:44Z,1785412364101003260,846,12248,12248,17,225,161407,324593773,200,196,196,448255600,357766
818,2026-07-30T11:52:45Z,1785412365135096203,847,12248,12248,17,225,161596,324594542,200,196,196,448255600,357781
819,2026-07-30T11:52:46Z,1785412366170435380,848,12172,12188,17,221,161784,324595307,200,196,196,448255600,357788
820,2026-07-30T11:52:47Z,1785412367203600482,849,12236,12188,17,221,161969,324596083,200,196,196,448255600,357799
821,2026-07-30T11:52:48Z,1785412368237249930,850,12172,12188,17,221,162158,324596860,200,196,196,448255600,357808
822,2026-07-30T11:52:49Z,1785412369271164329,851,12172,12188,17,221,162348,324597632,200,196,196,448255600,357820
823,2026-07-30T11:52:50Z,1785412370304524176,852,12172,12188,17,221,162538,324598408,200,196,196,448255600,357830
824,2026-07-30T11:52:51Z,1785412371337648579,853,12188,12188,17,223,162730,324599188,200,196,196,448255600,357847
825,2026-07-30T11:52:52Z,1785412372371593882,854,12188,12188,17,223,162930,324599961,200,196,196,448255600,357859
826,2026-07-30T11:52:53Z,1785412373405820417,855,12248,12188,17,223,163131,324600734,200,196,196,448255600,357867
827,2026-07-30T11:52:54Z,1785412374440364358,856,12188,12188,17,223,163332,324601517,200,196,196,448255600,357872
828,2026-07-30T11:52:55Z,1785412375475413565,857,12188,12188,17,223,163535,324602294,200,196,196,448255600,357882
829,2026-07-30T11:52:56Z,1785412376511235485,858,12188,12188,17,223,163739,324603065,200,196,196,448255600,357891
830,2026-07-30T11:52:57Z,1785412377545668647,859,12188,12188,17,223,163942,324603837,200,196,196,448255600,357906
831,2026-07-30T11:52:58Z,1785412378580032173,860,12188,12188,17,223,164140,324604613,200,196,196,448255600,357916
832,2026-07-30T11:52:59Z,1785412379613968923,861,12188,12188,17,223,164339,324605390,200,196,196,448255600,357927
833,2026-07-30T11:53:00Z,1785412380648489177,862,12256,12256,17,225,164531,324606164,200,196,196,448255600,357942
834,2026-07-30T11:53:01Z,1785412381684023893,863,12256,12256,17,225,164722,324606936,200,196,196,448255600,357945
835,2026-07-30T11:53:02Z,1785412382717920326,864,12320,12256,17,225,164925,324607706,200,196,196,448255600,357946
836,2026-07-30T11:53:03Z,1785412383753599010,865,12256,12256,17,225,165118,324608478,200,196,196,448255600,357950
837,2026-07-30T11:53:04Z,1785412384787439881,866,12256,12256,17,225,165307,324609250,200,196,196,448255600,357958
838,2026-07-30T11:53:05Z,1785412385821337084,867,12320,12312,17,225,165501,324610020,200,196,196,448255600,357962
839,2026-07-30T11:53:06Z,1785412386856839647,868,12256,12256,17,225,165696,324610785,200,196,196,448255600,357962
840,2026-07-30T11:53:07Z,1785412387890339930,869,12256,12256,17,225,165887,324611563,200,196,196,448255600,357967
841,2026-07-30T11:53:08Z,1785412388924479702,870,12104,12188,17,198,166087,324612330,200,196,196,448255600,357971
842,2026-07-30T11:53:09Z,1785412389958300835,871,12104,12188,17,198,166287,324613101,200,196,196,448255600,357977
843,2026-07-30T11:53:10Z,1785412390990980675,872,12108,12188,17,198,166483,324613866,200,196,196,448255600,357985
844,2026-07-30T11:53:12Z,1785412392024618355,874,12164,12188,17,198,166676,324614636,200,196,196,448255600,357999
845,2026-07-30T11:53:13Z,1785412393056966769,875,12104,12188,17,198,166866,324615412,200,196,196,448255600,358009
846,2026-07-30T11:53:14Z,1785412394092967522,876,12104,12188,17,198,167061,324616193,200,196,196,448255600,358019
847,2026-07-30T11:53:15Z,1785412395126592390,877,12104,12188,17,198,167263,324616966,200,196,196,448255600,358025
848,2026-07-30T11:53:16Z,1785412396163246050,878,12124,12188,17,198,167465,324617744,200,196,196,448255600,358037
849,2026-07-30T11:53:17Z,1785412397197748270,879,12144,12188,17,198,167665,324618512,200,196,196,448255600,358046
850,2026-07-30T11:53:18Z,1785412398231296056,880,12104,12188,17,198,167858,324619289,200,196,196,448255600,358053
851,2026-07-30T11:53:19Z,1785412399265333617,881,12104,12188,17,198,168053,324620061,200,196,196,448255600,358063
852,2026-07-30T11:53:20Z,1785412400300334210,882,12104,12188,17,198,168253,324620834,200,196,196,448255600,358073
853,2026-07-30T11:53:21Z,1785412401334192186,883,12044,12188,17,195,168453,324621606,200,196,196,448255600,358078
854,2026-07-30T11:53:22Z,1785412402367602783,884,12044,12188,17,195,168654,324622376,200,196,196,448255600,358081
855,2026-07-30T11:53:23Z,1785412403400793872,885,12044,12188,17,195,168852,324623144,200,196,196,448255600,358084
856,2026-07-30T11:53:24Z,1785412404435907210,886,12044,12188,17,195,169046,324623923,200,196,196,448255600,358086
857,2026-07-30T11:53:25Z,1785412405470078663,887,12044,12188,17,195,169236,324624696,200,196,196,448255600,358091
858,2026-07-30T11:53:26Z,1785412406505307537,888,12172,12188,17,195,169427,324625459,200,196,196,448255600,358094
859,2026-07-30T11:53:27Z,1785412407538555672,889,12044,12188,17,195,169618,324626229,200,196,196,448255600,358099
860,2026-07-30T11:53:28Z,1785412408571882068,890,12044,12188,17,195,169820,324627003,200,196,196,448255600,358100
861,2026-07-30T11:53:29Z,1785412409606416046,891,12044,12188,17,195,170022,324627770,200,196,196,448255600,358101
862,2026-07-30T11:53:30Z,1785412410640108314,892,12020,12188,17,194,170219,324628540,200,196,196,448255600,358103
863,2026-07-30T11:53:31Z,1785412411676716258,893,12020,12188,17,194,170413,324629319,200,196,196,448255600,358105
864,2026-07-30T11:53:32Z,1785412412719785403,894,12020,12188,17,194,170606,324630087,200,196,196,448255600,358107
865,2026-07-30T11:53:33Z,1785412413754397239,895,12032,12188,17,197,170810,324630858,200,196,196,448255600,358112
866,2026-07-30T11:53:34Z,1785412414790198446,896,12068,12188,17,197,171012,324631635,200,196,196,448255600,358115
867,2026-07-30T11:53:35Z,1785412415825221581,897,12032,12188,17,197,171213,324632414,200,196,196,448255600,358118
868,2026-07-30T11:53:36Z,1785412416859654118,898,12032,12188,17,197,171415,324633186,200,196,196,448255600,358118
869,2026-07-30T11:53:37Z,1785412417894387891,899,12040,12188,17,197,171617,324633968,200,196,196,448255600,358124
870,2026-07-30T11:53:38Z,1785412418927402999,900,12040,12188,17,197,171821,324634736,200,196,196,448255600,358130
871,2026-07-30T11:53:39Z,1785412419962290563,901,12036,12188,17,196,172025,324635511,200,196,196,448255600,358137
872,2026-07-30T11:53:40Z,1785412420994003427,902,12036,12188,17,196,172194,324636296,200,196,196,448255600,358141
873,2026-07-30T11:53:42Z,1785412422026132338,904,12036,12188,17,196,172319,324637100,200,196,196,448255600,358142
874,2026-07-30T11:53:43Z,1785412423056048351,905,12036,12188,17,196,172349,324637916,200,196,196,448255600,358142
875,2026-07-30T11:53:44Z,1785412424086498899,906,11700,12188,17,192,172350,324638740,200,196,196,448255600,358142
876,2026-07-30T11:53:45Z,1785412425114360681,907,11456,12188,17,181,172351,324639560,200,196,196,448255600,358142
877,2026-07-30T11:53:46Z,1785412426142534151,908,11456,12188,17,181,172351,324640380,200,196,196,448255600,358142
878,2026-07-30T11:53:47Z,1785412427170833257,909,11456,12188,17,181,172351,324641201,200,196,196,448255600,358142
879,2026-07-30T11:53:48Z,1785412428199288205,910,11456,12188,17,181,172351,324642022,200,196,196,448255600,358142
880,2026-07-30T11:53:49Z,1785412429226850986,911,11456,12188,17,181,172351,324642842,200,196,196,448255600,358142
881,2026-07-30T11:53:50Z,1785412430255333205,912,11248,12188,17,163,172351,324643662,200,196,196,448255600,358142
882,2026-07-30T11:53:51Z,1785412431283321288,913,11248,12188,17,163,172352,324644484,200,196,196,448255600,358142
883,2026-07-30T11:53:52Z,1785412432310831434,914,11248,12188,17,163,172352,324645304,200,196,196,448255600,358142
884,2026-07-30T11:53:53Z,1785412433337855120,915,11248,12188,17,163,172352,324646125,200,196,196,448255600,358142
885,2026-07-30T11:53:54Z,1785412434365426299,916,11248,12188,17,163,172352,324646946,200,196,196,448255600,358142
886,2026-07-30T11:53:55Z,1785412435392291826,917,11248,12188,17,163,172352,324647766,200,196,196,448255600,358142
887,2026-07-30T11:53:56Z,1785412436419816982,918,11248,12188,17,163,172352,324648587,200,196,196,448255600,358142
888,2026-07-30T11:53:57Z,1785412437447050565,919,11248,12188,17,163,172353,324649408,200,196,196,448255600,358142
889,2026-07-30T11:53:58Z,1785412438474439374,920,11248,12188,17,163,172353,324650228,200,196,196,448255600,358142
890,2026-07-30T11:53:59Z,1785412439502941970,921,11248,12188,17,163,172353,324651050,200,196,196,448255600,358142
891,2026-07-30T11:54:00Z,1785412440530589708,922,10748,12188,17,38,172354,324651868,200,196,196,448255600,358142
892,2026-07-30T11:54:01Z,1785412441557956356,923,10748,12188,17,38,172354,324652691,200,196,196,448255600,358142
893,2026-07-30T11:54:02Z,1785412442584783612,924,10748,12188,17,38,172354,324653512,200,196,196,448255600,358142
894,2026-07-30T11:54:03Z,1785412443611954111,925,10748,12188,17,38,172354,324654333,200,196,196,448255600,358142
895,2026-07-30T11:54:04Z,1785412444638593921,926,10748,12188,17,38,172355,324655154,200,196,196,448255600,358142
896,2026-07-30T11:54:05Z,1785412445665142347,927,10748,12188,17,38,172355,324655975,200,196,196,448255600,358142
897,2026-07-30T11:54:06Z,1785412446692328323,928,10748,12188,17,38,172355,324656795,200,196,196,448255600,358142
898,2026-07-30T11:54:07Z,1785412447719098884,929,10748,12188,17,38,172355,324657616,200,196,196,448255600,358142
899,2026-07-30T11:54:08Z,1785412448746305934,930,10748,12188,17,38,172355,324658437,200,196,196,448255600,358142
900,2026-07-30T11:54:09Z,1785412449773409851,931,10748,12188,17,38,172356,324659258,200,196,196,448255600,358142
901,2026-07-30T11:54:10Z,1785412450800638585,932,10748,12188,17,38,172356,324660080,200,196,196,448255600,358142
902,2026-07-30T11:54:11Z,1785412451827571970,933,10748,12188,17,38,172356,324660902,200,196,196,448255600,358142
903,2026-07-30T11:54:12Z,1785412452854195806,934,10748,12188,17,38,172356,324661722,200,196,196,448255600,358142
904,2026-07-30T11:54:13Z,1785412453881267798,935,10748,12188,17,38,172356,324662544,200,196,196,448255600,358142
905,2026-07-30T11:54:14Z,1785412454907966058,936,10748,12188,17,38,172356,324663365,200,196,196,448255600,358142
906,2026-07-30T11:54:15Z,1785412455935570591,937,10748,12188,17,38,172356,324664185,200,196,196,448255600,358142
907,2026-07-30T11:54:16Z,1785412456963162617,938,10748,12188,17,38,172356,324665006,200,196,196,448255600,358142
908,2026-07-30T11:54:17Z,1785412457989755658,939,10748,12188,17,38,172356,324665827,200,196,196,448255600,358142
909,2026-07-30T11:54:19Z,1785412459017330731,941,10748,12188,17,38,172356,324666648,200,196,196,448255600,358142
910,2026-07-30T11:54:20Z,1785412460043930697,942,10748,12188,17,38,172357,324667470,200,196,196,448255600,358142
911,2026-07-30T11:54:21Z,1785412461076312604,943,10748,12188,17,38,172358,324668291,200,196,196,448255600,358142
912,2026-07-30T11:54:22Z,1785412462104659869,944,10748,12188,17,38,172358,324669117,200,196,196,448255600,358142
913,2026-07-30T11:54:23Z,1785412463134992470,945,10748,12188,17,38,172358,324669939,200,196,196,448255600,358142
914,2026-07-30T11:54:24Z,1785412464161939409,946,10748,12188,17,38,172358,324670761,200,196,196,448255600,358142
915,2026-07-30T11:54:25Z,1785412465190962151,947,10748,12188,17,38,172358,324671581,200,196,196,448255600,358142
916,2026-07-30T11:54:26Z,1785412466220644478,948,10748,12188,17,38,172358,324672405,200,196,196,448255600,358142
917,2026-07-30T11:54:27Z,1785412467248191007,949,10748,12188,17,38,172358,324673229,200,196,196,448255600,358142
918,2026-07-30T11:54:28Z,1785412468276217113,950,10748,12188,17,38,172358,324674049,200,196,196,448255600,358142
919,2026-07-30T11:54:29Z,1785412469303395460,951,10748,12188,17,38,172358,324674871,200,196,196,448255600,358142
920,2026-07-30T11:54:30Z,1785412470330698967,952,10748,12188,17,38,172358,324675692,200,196,196,448255600,358142
921,2026-07-30T11:54:31Z,1785412471358281307,953,10748,12188,17,38,172359,324676513,200,196,196,448255600,358142
922,2026-07-30T11:54:32Z,1785412472385383239,954,10748,12188,17,38,172359,324677335,200,196,196,448255600,358142
923,2026-07-30T11:54:33Z,1785412473412796563,955,10748,12188,17,38,172359,324678157,200,196,196,448255600,358142
924,2026-07-30T11:54:34Z,1785412474439766684,956,10748,12188,17,38,172360,324678978,200,196,196,448255600,358142
