sample,utc,unix_nanos,elapsed_s,rss_kib,hwm_kib,threads,fds,proc_ticks,host_ticks,stats_http,listen_overflows,listen_drops,tcp_abort_on_close,tcp_retrans
0,2026-07-30T11:22:27Z,1785410547680755047,0,4160,4160,5,14,0,323231979,200,196,196,448255598,353814
1,2026-07-30T11:22:28Z,1785410548716739533,1,4192,4192,5,15,0,323232803,200,196,196,448255598,353814
2,2026-07-30T11:22:29Z,1785410549745145473,2,4320,4320,5,34,27,323233622,200,196,196,448255598,353814
3,2026-07-30T11:22:30Z,1785410550775589201,3,4640,4640,5,65,93,323234429,200,196,196,448255598,353814
4,2026-07-30T11:22:31Z,1785410551808361415,4,5588,5588,5,71,243,323235202,200,196,196,448255598,353814
5,2026-07-30T11:22:32Z,1785410552841161833,5,5916,5916,5,72,412,323235967,200,196,196,448255598,353814
6,2026-07-30T11:22:33Z,1785410553873201727,6,5916,5916,5,72,582,323236720,200,196,196,448255598,353814
7,2026-07-30T11:22:34Z,1785410554906183553,7,5916,5916,5,72,757,323237489,200,196,196,448255598,353814
8,2026-07-30T11:22:35Z,1785410555938432076,8,5928,5996,5,73,930,323238264,200,196,196,448255598,353814
9,2026-07-30T11:22:36Z,1785410556969708780,9,5928,5928,5,73,1104,323239036,200,196,196,448255598,353814
10,2026-07-30T11:22:38Z,1785410558002438278,11,5928,5928,5,73,1278,323239811,200,196,196,448255598,353814
11,2026-07-30T11:22:39Z,1785410559033236055,12,5928,5992,5,73,1452,323240589,200,196,196,448255598,353814
12,2026-07-30T11:22:40Z,1785410560065931690,13,5928,5928,5,73,1623,323241349,200,196,196,448255598,353814
13,2026-07-30T11:22:41Z,1785410561099307205,14,5928,5928,5,73,1792,323242120,200,196,196,448255598,353814
14,2026-07-30T11:22:42Z,1785410562132101544,15,5928,5928,5,73,1963,323242878,200,196,196,448255598,353814
15,2026-07-30T11:22:43Z,1785410563165901159,16,5928,5928,5,73,2132,323243634,200,196,196,448255598,353814
16,2026-07-30T11:22:44Z,1785410564198469302,17,5928,5928,5,73,2302,323244404,200,196,196,448255598,353814
17,2026-07-30T11:22:45Z,1785410565233293632,18,5928,5928,5,73,2471,323245169,200,196,196,448255598,353814
18,2026-07-30T11:22:46Z,1785410566266628365,19,5964,5964,5,73,2644,323245939,200,196,196,448255598,353814
19,2026-07-30T11:22:47Z,1785410567299462756,20,5928,5928,5,73,2818,323246701,200,196,196,448255598,353814
20,2026-07-30T11:22:48Z,1785410568330284554,21,5928,5928,5,73,2988,323247468,200,196,196,448255598,353814
21,2026-07-30T11:22:49Z,1785410569361022897,22,5928,5928,5,73,3159,323248235,200,196,196,448255598,353814
22,2026-07-30T11:22:50Z,1785410570392928709,23,5928,5928,5,73,3331,323249013,200,196,196,448255598,353814
23,2026-07-30T11:22:51Z,1785410571423276924,24,5928,5928,5,73,3501,323249793,200,196,196,448255598,353814
24,2026-07-30T11:22:52Z,1785410572454342108,25,6724,6660,5,165,3680,323250573,200,196,196,448255598,353814
25,2026-07-30T11:22:53Z,1785410573488049344,26,6660,6660,5,165,3854,323251346,200,196,196,448255598,353814
26,2026-07-30T11:22:54Z,1785410574520878206,27,6660,6660,5,165,4025,323252116,200,196,196,448255598,353814
27,2026-07-30T11:22:55Z,1785410575553493059,28,6660,6660,5,165,4194,323252879,200,196,196,448255598,353814
28,2026-07-30T11:22:56Z,1785410576585871855,29,6660,6660,5,165,4364,323253649,200,196,196,448255598,353814
29,2026-07-30T11:22:57Z,1785410577618105502,30,6660,6660,5,165,4537,323254425,200,196,196,448255598,353814
30,2026-07-30T11:22:58Z,1785410578650241632,31,6660,6660,5,165,4707,323255186,200,196,196,448255598,353814
31,2026-07-30T11:22:59Z,1785410579681910918,32,6660,6660,5,165,4871,323255941,200,196,196,448255598,353814
32,2026-07-30T11:23:00Z,1785410580714471904,33,6692,6660,5,165,5037,323256698,200,196,196,448255598,353814
33,2026-07-30T11:23:01Z,1785410581747927137,34,6660,6660,5,165,5201,323257454,200,196,196,448255598,353814
34,2026-07-30T11:23:02Z,1785410582779257051,35,6660,6660,5,165,5370,323258216,200,196,196,448255598,353814
35,2026-07-30T11:23:03Z,1785410583810886492,36,6660,6660,5,165,5533,323258967,200,196,196,448255598,353814
36,2026-07-30T11:23:04Z,1785410584843108018,37,6660,6660,5,165,5696,323259719,200,196,196,448255598,353814
37,2026-07-30T11:23:05Z,1785410585875026035,38,6660,6660,5,165,5864,323260492,200,196,196,448255598,353814
38,2026-07-30T11:23:06Z,1785410586907032860,39,6660,6660,5,165,6030,323261254,200,196,196,448255598,353814
39,2026-07-30T11:23:07Z,1785410587940225777,40,6660,6660,5,165,6195,323262012,200,196,196,448255598,353814
40,2026-07-30T11:23:08Z,1785410588972103085,41,6660,6660,5,165,6357,323262757,200,196,196,448255598,353814
41,2026-07-30T11:23:10Z,1785410590005864202,43,6660,6660,5,165,6520,323263518,200,196,196,448255598,353814
42,2026-07-30T11:23:11Z,1785410591038534162,44,6660,6660,5,165,6684,323264276,200,196,196,448255598,353814
43,2026-07-30T11:23:12Z,1785410592071259359,45,6660,6660,5,165,6854,323265041,200,196,196,448255598,353814
44,2026-07-30T11:23:13Z,1785410593101690123,46,6660,6660,5,165,7020,323265804,200,196,196,448255598,353814
45,2026-07-30T11:23:14Z,1785410594134437447,47,6660,6660,5,165,7186,323266558,200,196,196,448255598,353814
46,2026-07-30T11:23:15Z,1785410595167952345,48,6664,6664,5,166,7357,323267323,200,196,196,448255598,353814
47,2026-07-30T11:23:16Z,1785410596201716583,49,6664,6664,5,166,7532,323268101,200,196,196,448255598,353814
48,2026-07-30T11:23:17Z,1785410597234526692,50,6664,6664,5,166,7705,323268872,200,196,196,448255598,353814
49,2026-07-30T11:23:18Z,1785410598265457043,51,6664,6664,5,166,7879,323269642,200,196,196,448255598,353814
50,2026-07-30T11:23:19Z,1785410599297323926,52,6664,6664,5,166,8048,323270411,200,196,196,448255598,353814
51,2026-07-30T11:23:20Z,1785410600327868989,53,6664,6664,5,166,8213,323271171,200,196,196,448255598,353814
52,2026-07-30T11:23:21Z,1785410601360337385,54,6664,6664,5,166,8377,323271931,200,196,196,448255598,353814
53,2026-07-30T11:23:22Z,1785410602392854194,55,6664,6664,5,166,8545,323272701,200,196,196,448255598,353814
54,2026-07-30T11:23:23Z,1785410603424629262,56,6664,6664,5,166,8713,323273465,200,196,196,448255598,353814
55,2026-07-30T11:23:24Z,1785410604456850599,57,6664,6664,5,166,8880,323274218,200,196,196,448255598,353814
56,2026-07-30T11:23:25Z,1785410605488294831,58,6664,6664,5,166,9042,323274979,200,196,196,448255598,353814
57,2026-07-30T11:23:26Z,1785410606520632507,59,6664,6664,5,166,9211,323275730,200,196,196,448255598,353814
58,2026-07-30T11:23:27Z,1785410607552610614,60,6664,6664,5,166,9376,323276488,200,196,196,448255598,353814
59,2026-07-30T11:23:28Z,1785410608583632467,61,6664,6664,5,166,9542,323277250,200,196,196,448255598,353814
60,2026-07-30T11:23:29Z,1785410609615052126,62,6664,6664,5,166,9707,323278018,200,196,196,448255598,353814
61,2026-07-30T11:23:30Z,1785410610649577781,63,6664,6664,5,166,9873,323278785,200,196,196,448255598,353814
62,2026-07-30T11:23:31Z,1785410611681492340,64,6664,6664,5,166,10040,323279545,200,196,196,448255598,353814
63,2026-07-30T11:23:32Z,1785410612712781887,65,6664,6664,5,166,10206,323280310,200,196,196,448255598,353814
64,2026-07-30T11:23:33Z,1785410613744817734,66,6664,6664,5,166,10373,323281069,200,196,196,448255598,353814
65,2026-07-30T11:23:34Z,1785410614776697549,67,6664,6664,5,166,10539,323281827,200,196,196,448255598,353814
66,2026-07-30T11:23:35Z,1785410615808697680,68,6664,6664,5,166,10706,323282594,200,196,196,448255598,353814
67,2026-07-30T11:23:36Z,1785410616841288196,69,6664,6664,5,166,10873,323283358,200,196,196,448255598,353814
68,2026-07-30T11:23:37Z,1785410617876368944,70,6664,6664,5,166,11044,323284127,200,196,196,448255598,353814
69,2026-07-30T11:23:38Z,1785410618907897512,71,6664,6664,5,166,11209,323284905,200,196,196,448255598,353814
70,2026-07-30T11:23:39Z,1785410619938409010,72,6664,6664,5,166,11376,323285678,200,196,196,448255598,353814
71,2026-07-30T11:23:40Z,1785410620968415326,73,6664,6664,5,166,11540,323286449,200,196,196,448255598,353814
72,2026-07-30T11:23:41Z,1785410622001088342,75,6664,6664,5,166,11706,323287209,200,196,196,448255598,353814
73,2026-07-30T11:23:43Z,1785410623032872245,76,6664,6664,5,166,11870,323287978,200,196,196,448255598,353814
74,2026-07-30T11:23:44Z,1785410624066010521,77,6664,6664,5,166,12035,323288739,200,196,196,448255598,353814
75,2026-07-30T11:23:45Z,1785410625098574316,78,6640,6640,5,165,12199,323289504,200,196,196,448255598,353814
76,2026-07-30T11:23:46Z,1785410626130498601,79,6640,6640,5,165,12363,323290268,200,196,196,448255598,353814
77,2026-07-30T11:23:47Z,1785410627165083936,80,6640,6640,5,165,12527,323291040,200,196,196,448255598,353814
78,2026-07-30T11:23:48Z,1785410628196813722,81,6640,6640,5,165,12692,323291808,200,196,196,448255598,353814
79,2026-07-30T11:23:49Z,1785410629227617882,82,6640,6640,5,165,12860,323292567,200,196,196,448255598,353817
80,2026-07-30T11:23:50Z,1785410630259178763,83,6640,6640,5,165,13024,323293337,200,196,196,448255598,353817
81,2026-07-30T11:23:51Z,1785410631291961235,84,6640,6640,5,165,13191,323294108,200,196,196,448255598,353817
82,2026-07-30T11:23:52Z,1785410632324485401,85,6616,6624,5,164,13357,323294869,200,196,196,448255598,353817
83,2026-07-30T11:23:53Z,1785410633356639900,86,6616,6624,5,164,13524,323295636,200,196,196,448255598,353817
84,2026-07-30T11:23:54Z,1785410634388984708,87,6616,6624,5,164,13690,323296404,200,196,196,448255598,353817
85,2026-07-30T11:23:55Z,1785410635419713390,88,6616,6624,5,164,13856,323297165,200,196,196,448255598,353817
86,2026-07-30T11:23:56Z,1785410636453655169,89,6616,6624,5,164,14024,323297933,200,196,196,448255598,353817
87,2026-07-30T11:23:57Z,1785410637486390320,90,6616,6624,5,164,14189,323298696,200,196,196,448255598,353817
88,2026-07-30T11:23:58Z,1785410638517654335,91,6616,6624,5,164,14353,323299463,200,196,196,448255598,353817
89,2026-07-30T11:23:59Z,1785410639549278526,92,6616,6624,5,164,14513,323300215,200,196,196,448255598,353817
90,2026-07-30T11:24:00Z,1785410640582294742,93,6624,6624,5,166,14678,323300980,200,196,196,448255598,353817
91,2026-07-30T11:24:01Z,1785410641614020643,94,6624,6624,5,166,14854,323301754,200,196,196,448255598,353817
92,2026-07-30T11:24:02Z,1785410642645213678,95,6624,6624,5,166,15027,323302531,200,196,196,448255598,353817
93,2026-07-30T11:24:03Z,1785410643677180537,96,6624,6624,5,166,15198,323303300,200,196,196,448255598,353817
94,2026-07-30T11:24:04Z,1785410644708195102,97,6624,6624,5,166,15371,323304072,200,196,196,448255598,353817
95,2026-07-30T11:24:05Z,1785410645740151014,98,6624,6624,5,166,15541,323304840,200,196,196,448255598,353817
96,2026-07-30T11:24:06Z,1785410646772316143,99,6624,6624,5,166,15711,323305614,200,196,196,448255598,353817
97,2026-07-30T11:24:07Z,1785410647804232614,100,6628,6752,5,166,15881,323306386,200,196,196,448255598,353817
98,2026-07-30T11:24:08Z,1785410648836917115,101,6556,6752,5,148,16053,323307154,200,196,196,448255598,353817
99,2026-07-30T11:24:09Z,1785410649868585795,102,6556,6752,5,148,16225,323307926,200,196,196,448255598,353817
100,2026-07-30T11:24:10Z,1785410650901513818,103,6556,6752,5,148,16395,323308699,200,196,196,448255598,353817
101,2026-07-30T11:24:11Z,1785410651932654139,104,6556,6752,5,148,16563,323309463,200,196,196,448255598,353817
102,2026-07-30T11:24:12Z,1785410652964821750,105,6620,6752,5,148,16740,323310228,200,196,196,448255598,353817
103,2026-07-30T11:24:13Z,1785410653997476497,106,6580,6752,5,148,16913,323311001,200,196,196,448255598,353817
104,2026-07-30T11:24:15Z,1785410655028661217,108,6556,6752,5,148,17087,323311779,200,196,196,448255598,353817
105,2026-07-30T11:24:16Z,1785410656062617096,109,6556,6752,5,148,17262,323312556,200,196,196,448255598,353817
106,2026-07-30T11:24:17Z,1785410657094358413,110,6556,6752,5,148,17437,323313336,200,196,196,448255598,353817
107,2026-07-30T11:24:18Z,1785410658126413438,111,6556,6752,5,148,17615,323314116,200,196,196,448255598,353817
108,2026-07-30T11:24:19Z,1785410659158802620,112,6556,6752,5,148,17790,323314891,200,196,196,448255598,353817
109,2026-07-30T11:24:20Z,1785410660190445246,113,6556,6752,5,148,17965,323315670,200,196,196,448255598,353817
110,2026-07-30T11:24:21Z,1785410661223192983,114,6556,6752,5,148,18143,323316444,200,196,196,448255598,353817
111,2026-07-30T11:24:22Z,1785410662255006582,115,6556,6752,5,148,18315,323317213,200,196,196,448255598,353817
112,2026-07-30T11:24:23Z,1785410663287999544,116,6560,6752,5,149,18492,323317981,200,196,196,448255598,353817
113,2026-07-30T11:24:24Z,1785410664319684021,117,6628,6752,5,166,18662,323318746,200,196,196,448255598,353817
114,2026-07-30T11:24:25Z,1785410665350993221,118,6628,6752,5,166,18825,323319498,200,196,196,448255598,353817
115,2026-07-30T11:24:26Z,1785410666383318941,119,6628,6752,5,166,18987,323320251,200,196,196,448255598,353817
116,2026-07-30T11:24:27Z,1785410667414233679,120,6628,6752,5,166,19149,323321001,200,196,196,448255598,353817
117,2026-07-30T11:24:28Z,1785410668445621025,121,6628,6752,5,166,19312,323321753,200,196,196,448255598,353817
118,2026-07-30T11:24:29Z,1785410669477398567,122,6628,6752,5,166,19477,323322512,200,196,196,448255598,353817
119,2026-07-30T11:24:30Z,1785410670510706846,123,6628,6752,5,166,19641,323323268,200,196,196,448255598,353817
120,2026-07-30T11:24:31Z,1785410671542577285,124,6628,6752,5,166,19810,323324027,200,196,196,448255598,353817
121,2026-07-30T11:24:32Z,1785410672575524522,125,6628,6752,5,166,19977,323324783,200,196,196,448255598,353817
122,2026-07-30T11:24:33Z,1785410673609424758,126,6628,6752,5,166,20144,323325543,200,196,196,448255598,353817
123,2026-07-30T11:24:34Z,1785410674639356299,127,6628,6752,5,166,20307,323326296,200,196,196,448255598,353817
124,2026-07-30T11:24:35Z,1785410675671449347,128,6628,6752,5,166,20471,323327055,200,196,196,448255598,353817
125,2026-07-30T11:24:36Z,1785410676704241338,129,6628,6752,5,166,20636,323327813,200,196,196,448255598,353817
126,2026-07-30T11:24:37Z,1785410677735228050,130,6628,6752,5,166,20800,323328574,200,196,196,448255598,353817
127,2026-07-30T11:24:38Z,1785410678766363711,131,6628,6752,5,166,20965,323329335,200,196,196,448255598,353817
128,2026-07-30T11:24:39Z,1785410679797480893,132,6628,6752,5,166,21125,323330083,200,196,196,448255598,353817
129,2026-07-30T11:24:40Z,1785410680829023825,133,6628,6752,5,166,21288,323330837,200,196,196,448255598,353817
130,2026-07-30T11:24:41Z,1785410681860814928,134,6628,6752,5,166,21454,323331595,200,196,196,448255598,353817
131,2026-07-30T11:24:42Z,1785410682892761280,135,6628,6752,5,166,21615,323332344,200,196,196,448255598,353817
132,2026-07-30T11:24:43Z,1785410683925266931,136,6604,6752,5,165,21779,323333103,200,196,196,448255598,353817
133,2026-07-30T11:24:44Z,1785410684956704049,137,6604,6752,5,165,21941,323333862,200,196,196,448255598,353817
134,2026-07-30T11:24:45Z,1785410685987761035,138,6604,6752,5,165,22104,323334627,200,196,196,448255598,353817
135,2026-07-30T11:24:47Z,1785410687019840217,140,6652,6752,5,167,22271,323335390,200,196,196,448255598,353817
136,2026-07-30T11:24:48Z,1785410688050877594,141,6652,6752,5,167,22438,323336148,200,196,196,448255598,353817
137,2026-07-30T11:24:49Z,1785410689083959729,142,6652,6752,5,167,22608,323336925,200,196,196,448255598,353817
138,2026-07-30T11:24:50Z,1785410690115820375,143,6652,6752,5,167,22780,323337700,200,196,196,448255598,353817
139,2026-07-30T11:24:51Z,1785410691147084174,144,6652,6752,5,167,22953,323338471,200,196,196,448255598,353817
140,2026-07-30T11:24:52Z,1785410692179154243,145,6656,6752,5,167,23127,323339247,200,196,196,448255598,353817
141,2026-07-30T11:24:53Z,1785410693211721152,146,6644,6752,5,164,23298,323340029,200,196,196,448255598,353817
142,2026-07-30T11:24:54Z,1785410694243408153,147,6640,6752,5,163,23468,323340804,200,196,196,448255598,353817
143,2026-07-30T11:24:55Z,1785410695273792488,148,6640,6752,5,163,23638,323341575,200,196,196,448255598,353817
144,2026-07-30T11:24:56Z,1785410696304748561,149,6640,6752,5,163,23804,323342352,200,196,196,448255598,353817
145,2026-07-30T11:24:57Z,1785410697337291966,150,6640,6752,5,163,23973,323343126,200,196,196,448255598,353817
146,2026-07-30T11:24:58Z,1785410698368381868,151,6640,6752,5,163,24146,323343895,200,196,196,448255598,353817
147,2026-07-30T11:24:59Z,1785410699401772000,152,6640,6752,5,163,24318,323344670,200,196,196,448255598,353817
148,2026-07-30T11:25:00Z,1785410700432710266,153,6640,6752,5,163,24489,323345452,200,196,196,448255598,353817
149,2026-07-30T11:25:01Z,1785410701465169538,154,6640,6752,5,163,24659,323346225,200,196,196,448255598,353817
150,2026-07-30T11:25:02Z,1785410702497424508,155,6640,6752,5,163,24829,323346993,200,196,196,448255598,353817
151,2026-07-30T11:25:03Z,1785410703529736819,156,6704,6752,5,163,25005,323347768,200,196,196,448255598,353817
152,2026-07-30T11:25:04Z,1785410704561268966,157,6640,6752,5,163,25177,323348552,200,196,196,448255598,353817
153,2026-07-30T11:25:05Z,1785410705594351628,158,6640,6752,5,163,25345,323349317,200,196,196,448255598,353817
154,2026-07-30T11:25:06Z,1785410706627766993,159,6640,6752,5,163,25509,323350084,200,196,196,448255598,353817
155,2026-07-30T11:25:07Z,1785410707659035539,160,6640,6752,5,163,25673,323350845,200,196,196,448255598,353817
156,2026-07-30T11:25:08Z,1785410708689556784,161,6640,6752,5,163,25843,323351619,200,196,196,448255598,353817
157,2026-07-30T11:25:09Z,1785410709722867467,162,6640,6752,5,163,26018,323352397,200,196,196,448255598,353817
158,2026-07-30T11:25:10Z,1785410710753282490,163,6640,6752,5,163,26184,323353159,200,196,196,448255598,353817
159,2026-07-30T11:25:11Z,1785410711784701456,164,6640,6752,5,163,26348,323353916,200,196,196,448255598,353817
160,2026-07-30T11:25:12Z,1785410712817121131,165,6640,6752,5,163,26515,323354685,200,196,196,448255598,353817
161,2026-07-30T11:25:13Z,1785410713850937139,166,6640,6752,5,163,26680,323355447,200,196,196,448255598,353817
162,2026-07-30T11:25:14Z,1785410714881434892,167,6640,6752,5,163,26847,323356212,200,196,196,448255598,353817
163,2026-07-30T11:25:15Z,1785410715916533496,168,6632,6752,5,161,27012,323356976,200,196,196,448255598,353817
164,2026-07-30T11:25:16Z,1785410716948465900,169,6504,6752,5,129,27179,323357736,200,196,196,448255598,353817
165,2026-07-30T11:25:17Z,1785410717979969723,170,6504,6752,5,129,27346,323358502,200,196,196,448255598,353817
166,2026-07-30T11:25:19Z,1785410719010724700,172,6504,6752,5,129,27513,323359266,200,196,196,448255598,353817
167,2026-07-30T11:25:20Z,1785410720043040549,173,6504,6752,5,129,27685,323360044,200,196,196,448255598,353817
168,2026-07-30T11:25:21Z,1785410721073393129,174,6504,6752,5,129,27858,323360824,200,196,196,448255598,353817
169,2026-07-30T11:25:22Z,1785410722105640625,175,6504,6752,5,129,28031,323361596,200,196,196,448255598,353817
170,2026-07-30T11:25:23Z,1785410723136832964,176,6504,6752,5,129,28195,323362364,200,196,196,448255598,353817
171,2026-07-30T11:25:24Z,1785410724168740886,177,6504,6752,5,129,28360,323363134,200,196,196,448255598,353817
172,2026-07-30T11:25:25Z,1785410725199902000,178,6504,6752,5,129,28526,323363901,200,196,196,448255598,353817
173,2026-07-30T11:25:26Z,1785410726231377571,179,6504,6752,5,129,28690,323364665,200,196,196,448255598,353817
174,2026-07-30T11:25:27Z,1785410727262400554,180,6504,6752,5,129,28853,323365425,200,196,196,448255598,353817
175,2026-07-30T11:25:28Z,1785410728294825215,181,6504,6752,5,129,29016,323366186,200,196,196,448255598,353817
176,2026-07-30T11:25:29Z,1785410729326483822,182,6504,6752,5,129,29188,323366960,200,196,196,448255598,353817
177,2026-07-30T11:25:30Z,1785410730357382621,183,6528,6752,5,129,29354,323367736,200,196,196,448255598,353817
178,2026-07-30T11:25:31Z,1785410731388921232,184,6504,6752,5,129,29520,323368510,200,196,196,448255598,353817
179,2026-07-30T11:25:32Z,1785410732420244169,185,6504,6752,5,129,29684,323369275,200,196,196,448255598,353817
180,2026-07-30T11:25:33Z,1785410733452831074,186,6712,6752,5,171,29858,323370051,200,196,196,448255598,353817
181,2026-07-30T11:25:34Z,1785410734484415151,187,6684,6752,5,171,30028,323370836,200,196,196,448255598,353817
182,2026-07-30T11:25:35Z,1785410735516417183,188,6660,6752,5,170,30202,323371612,200,196,196,448255598,353817
183,2026-07-30T11:25:36Z,1785410736548082622,189,6660,6752,5,170,30376,323372395,200,196,196,448255598,353817
184,2026-07-30T11:25:37Z,1785410737579780982,190,6660,6752,5,170,30547,323373174,200,196,196,448255598,353817
185,2026-07-30T11:25:38Z,1785410738611512062,191,6660,6752,5,170,30720,323373950,200,196,196,448255598,353817
186,2026-07-30T11:25:39Z,1785410739643942707,192,6660,6880,5,170,30896,323374732,200,196,196,448255598,353817
187,2026-07-30T11:25:40Z,1785410740674574308,193,6664,6880,5,170,31072,323375504,200,196,196,448255598,353817
188,2026-07-30T11:25:41Z,1785410741706270369,194,6660,6880,5,170,31250,323376269,200,196,196,448255598,353817
189,2026-07-30T11:25:42Z,1785410742738187255,195,6660,6880,5,170,31426,323377041,200,196,196,448255598,353817
190,2026-07-30T11:25:43Z,1785410743770963401,196,6660,6880,5,170,31603,323377824,200,196,196,448255598,353817
191,2026-07-30T11:25:44Z,1785410744804426969,197,6660,6880,5,170,31781,323378595,200,196,196,448255598,353817
192,2026-07-30T11:25:45Z,1785410745838213322,198,6660,6880,5,170,31958,323379374,200,196,196,448255598,353817
193,2026-07-30T11:25:46Z,1785410746870346804,199,6660,6880,5,170,32135,323380154,200,196,196,448255598,353817
194,2026-07-30T11:25:47Z,1785410747903711018,200,6660,6880,5,170,32315,323380932,200,196,196,448255598,353817
195,2026-07-30T11:25:48Z,1785410748936542690,201,6660,6880,5,170,32493,323381712,200,196,196,448255598,353817
196,2026-07-30T11:25:49Z,1785410749968122477,202,6660,6880,5,170,32671,323382494,200,196,196,448255598,353817
197,2026-07-30T11:25:50Z,1785410751000691507,204,6676,6880,5,170,32849,323383277,200,196,196,448255598,353817
198,2026-07-30T11:25:52Z,1785410752032449104,205,6660,6880,5,170,33029,323384049,200,196,196,448255598,353817
199,2026-07-30T11:25:53Z,1785410753064871093,206,6660,6880,5,170,33206,323384820,200,196,196,448255598,353817
200,2026-07-30T11:25:54Z,1785410754097874004,207,6660,6880,5,170,33384,323385601,200,196,196,448255598,353817
201,2026-07-30T11:25:55Z,1785410755130854784,208,6660,6880,5,170,33561,323386374,200,196,196,448255598,353817
202,2026-07-30T11:25:56Z,1785410756168491831,209,6692,6880,5,173,33744,323387162,200,196,196,448255598,353817
203,2026-07-30T11:25:57Z,1785410757202891377,210,6692,6880,5,173,33922,323387935,200,196,196,448255598,353817
204,2026-07-30T11:25:58Z,1785410758235257382,211,6692,6880,5,173,34097,323388712,200,196,196,448255598,353817
205,2026-07-30T11:25:59Z,1785410759267767142,212,6692,6880,5,173,34273,323389490,200,196,196,448255598,353817
206,2026-07-30T11:26:00Z,1785410760299707545,213,6692,6880,5,173,34448,323390265,200,196,196,448255598,353817
207,2026-07-30T11:26:01Z,1785410761331757080,214,6692,6880,5,173,34624,323391042,200,196,196,448255598,353817
208,2026-07-30T11:26:02Z,1785410762364987531,215,6720,6880,5,173,34799,323391820,200,196,196,448255598,353817
209,2026-07-30T11:26:03Z,1785410763395716376,216,6684,6880,5,171,34975,323392603,200,196,196,448255598,353817
210,2026-07-30T11:26:04Z,1785410764426209178,217,6684,6880,5,171,35151,323393383,200,196,196,448255598,353817
211,2026-07-30T11:26:05Z,1785410765457656146,218,6684,6880,5,171,35327,323394161,200,196,196,448255598,353817
212,2026-07-30T11:26:06Z,1785410766489735474,219,6684,6880,5,171,35501,323394939,200,196,196,448255598,353817
213,2026-07-30T11:26:07Z,1785410767520442275,220,6684,6880,5,171,35675,323395724,200,196,196,448255598,353817
214,2026-07-30T11:26:08Z,1785410768551582584,221,6684,6880,5,171,35851,323396499,200,196,196,448255598,353817
215,2026-07-30T11:26:09Z,1785410769583553748,222,6684,6880,5,171,36027,323397271,200,196,196,448255598,353817
216,2026-07-30T11:26:10Z,1785410770614051305,223,6684,6880,5,171,36202,323398049,200,196,196,448255598,353817
217,2026-07-30T11:26:11Z,1785410771645012438,224,6684,6880,5,171,36374,323398824,200,196,196,448255598,353817
218,2026-07-30T11:26:12Z,1785410772675669696,225,6684,6880,5,171,36549,323399602,200,196,196,448255598,353817
219,2026-07-30T11:26:13Z,1785410773708380130,226,6684,6880,5,171,36721,323400381,200,196,196,448255598,353817
220,2026-07-30T11:26:14Z,1785410774738865548,227,6684,6880,5,171,36893,323401163,200,196,196,448255598,353817
221,2026-07-30T11:26:15Z,1785410775769858280,228,6684,6880,5,171,37063,323401942,200,196,196,448255598,353817
222,2026-07-30T11:26:16Z,1785410776802607794,229,6684,6880,5,171,37239,323402715,200,196,196,448255598,353817
223,2026-07-30T11:26:17Z,1785410777835843795,230,6684,6880,5,171,37417,323403485,200,196,196,448255598,353817
224,2026-07-30T11:26:18Z,1785410778869238577,231,6688,6880,5,171,37597,323404250,200,196,196,448255598,353817
225,2026-07-30T11:26:19Z,1785410779901005830,232,6684,6880,5,171,37778,323405021,200,196,196,448255598,353817
226,2026-07-30T11:26:20Z,1785410780931947629,233,6684,6880,5,171,37960,323405801,200,196,196,448255598,353817
227,2026-07-30T11:26:21Z,1785410781963683028,234,6684,6880,5,171,38134,323406571,200,196,196,448255598,353817
228,2026-07-30T11:26:22Z,1785410782994414596,235,6748,6880,5,171,38308,323407353,200,196,196,448255598,353817
229,2026-07-30T11:26:24Z,1785410784024460840,237,6684,6880,5,171,38489,323408135,200,196,196,448255598,353817
230,2026-07-30T11:26:25Z,1785410785059271606,238,6684,6880,5,171,38670,323408911,200,196,196,448255598,353817
231,2026-07-30T11:26:26Z,1785410786091689894,239,6720,6880,5,164,38847,323409690,200,196,196,448255598,353817
232,2026-07-30T11:26:27Z,1785410787122523455,240,6632,6880,5,163,39022,323410463,200,196,196,448255598,353817
233,2026-07-30T11:26:28Z,1785410788153405840,241,6632,6880,5,163,39196,323411240,200,196,196,448255598,353817
234,2026-07-30T11:26:29Z,1785410789186214573,242,6632,6880,5,163,39368,323412011,200,196,196,448255598,353817
235,2026-07-30T11:26:30Z,1785410790217857631,243,6632,6880,5,163,39541,323412791,200,196,196,448255598,353817
236,2026-07-30T11:26:31Z,1785410791252467499,244,6656,6880,5,165,39732,323413557,200,196,196,448255598,353819
237,2026-07-30T11:26:32Z,1785410792285193363,245,6640,6880,5,165,39915,323414335,200,196,196,448255598,353819
238,2026-07-30T11:26:33Z,1785410793317762475,246,6640,6880,5,165,40094,323415111,200,196,196,448255598,353819
239,2026-07-30T11:26:34Z,1785410794349926575,247,6672,6880,5,165,40269,323415892,200,196,196,448255598,353819
240,2026-07-30T11:26:35Z,1785410795381523761,248,6640,6880,5,165,40459,323416662,200,196,196,448255598,353819
241,2026-07-30T11:26:36Z,1785410796413731838,249,6700,6880,5,165,40648,323417432,200,196,196,448255598,353819
242,2026-07-30T11:26:37Z,1785410797445389590,250,6640,6880,5,165,40840,323418203,200,196,196,448255598,353819
243,2026-07-30T11:26:38Z,1785410798478905998,251,6640,6880,5,165,41030,323418975,200,196,196,448255598,353819
244,2026-07-30T11:26:39Z,1785410799509526852,252,6660,6880,5,165,41211,323419755,200,196,196,448255598,353819
245,2026-07-30T11:26:40Z,1785410800541421600,253,6660,6880,5,165,41387,323420532,200,196,196,448255598,353819
246,2026-07-30T11:26:41Z,1785410801572675739,254,6724,6880,5,165,41567,323421311,200,196,196,448255598,353819
247,2026-07-30T11:26:42Z,1785410802604960218,255,6680,6880,5,165,41740,323422087,200,196,196,448255598,353819
248,2026-07-30T11:26:43Z,1785410803637560731,256,6680,6880,5,165,41913,323422864,200,196,196,448255598,353819
249,2026-07-30T11:26:44Z,1785410804667459280,257,6680,6880,5,165,42086,323423643,200,196,196,448255598,353819
250,2026-07-30T11:26:45Z,1785410805699520192,258,6680,6880,5,165,42255,323424417,200,196,196,448255598,353819
251,2026-07-30T11:26:46Z,1785410806732172097,259,6680,6880,5,165,42427,323425195,200,196,196,448255598,353819
252,2026-07-30T11:26:47Z,1785410807764002066,260,6680,6880,5,165,42599,323425974,200,196,196,448255598,353819
253,2026-07-30T11:26:48Z,1785410808794854925,261,6664,6880,5,161,42762,323426741,200,196,196,448255598,353819
254,2026-07-30T11:26:49Z,1785410809827817362,262,6664,6880,5,161,42925,323427497,200,196,196,448255598,353819
255,2026-07-30T11:26:50Z,1785410810858252225,263,6664,6880,5,161,43090,323428269,200,196,196,448255598,353819
256,2026-07-30T11:26:51Z,1785410811889338860,264,6664,6880,5,161,43254,323429028,200,196,196,448255598,353819
257,2026-07-30T11:26:52Z,1785410812922434578,265,6664,6880,5,161,43416,323429786,200,196,196,448255598,353819
258,2026-07-30T11:26:53Z,1785410813956188204,266,6668,6880,5,161,43579,323430552,200,196,196,448255598,353819
259,2026-07-30T11:26:54Z,1785410814986242033,267,6664,6880,5,161,43740,323431317,200,196,196,448255598,353819
260,2026-07-30T11:26:56Z,1785410816017668230,269,6664,6880,5,161,43905,323432074,200,196,196,448255598,353819
261,2026-07-30T11:26:57Z,1785410817048970221,270,6664,6880,5,161,44067,323432829,200,196,196,448255598,353819
262,2026-07-30T11:26:58Z,1785410818081223577,271,6664,6880,5,161,44229,323433586,200,196,196,448255598,353819
263,2026-07-30T11:26:59Z,1785410819112233074,272,6664,6880,5,161,44393,323434354,200,196,196,448255598,353819
264,2026-07-30T11:27:00Z,1785410820143758281,273,6664,6880,5,161,44554,323435116,200,196,196,448255598,353819
265,2026-07-30T11:27:01Z,1785410821176295055,274,6664,6880,5,161,44720,323435886,200,196,196,448255598,353819
266,2026-07-30T11:27:02Z,1785410822208484842,275,6664,6880,5,161,44884,323436655,200,196,196,448255598,353819
267,2026-07-30T11:27:03Z,1785410823240740005,276,6664,6880,5,161,45050,323437426,200,196,196,448255598,353819
268,2026-07-30T11:27:04Z,1785410824273010252,277,6664,6880,5,161,45210,323438199,200,196,196,448255598,353819
269,2026-07-30T11:27:05Z,1785410825304684695,278,6708,6880,5,171,45382,323438975,200,196,196,448255598,353819
270,2026-07-30T11:27:06Z,1785410826336600862,279,6708,6880,5,171,45551,323439742,200,196,196,448255598,353819
271,2026-07-30T11:27:07Z,1785410827368454035,280,6708,6880,5,171,45715,323440502,200,196,196,448255598,353819
272,2026-07-30T11:27:08Z,1785410828401024386,281,6708,6880,5,171,45884,323441272,200,196,196,448255598,353819
273,2026-07-30T11:27:09Z,1785410829433691105,282,6708,6880,5,171,46052,323442039,200,196,196,448255598,353819
274,2026-07-30T11:27:10Z,1785410830465936750,283,6708,6880,5,171,46224,323442801,200,196,196,448255598,353819
275,2026-07-30T11:27:11Z,1785410831498737514,284,6708,6880,5,171,46399,323443576,200,196,196,448255598,353819
276,2026-07-30T11:27:12Z,1785410832530481547,285,6660,6880,5,169,46568,323444337,200,196,196,448255598,353819
277,2026-07-30T11:27:13Z,1785410833562318592,286,6660,6880,5,169,46740,323445102,200,196,196,448255598,353819
278,2026-07-30T11:27:14Z,1785410834594452040,287,6660,6880,5,169,46904,323445861,200,196,196,448255598,353819
279,2026-07-30T11:27:15Z,1785410835626979161,288,6660,6880,5,169,47071,323446626,200,196,196,448255598,353819
280,2026-07-30T11:27:16Z,1785410836659658710,289,6660,6880,5,169,47239,323447383,200,196,196,448255598,353819
281,2026-07-30T11:27:17Z,1785410837692633771,290,6660,6880,5,169,47403,323448129,200,196,196,448255598,353819
282,2026-07-30T11:27:18Z,1785410838723103377,291,6660,6880,5,169,47569,323448885,200,196,196,448255598,353819
283,2026-07-30T11:27:19Z,1785410839754939173,292,6660,6880,5,169,47733,323449634,200,196,196,448255598,353819
284,2026-07-30T11:27:20Z,1785410840786955388,293,6660,6880,5,169,47898,323450400,200,196,196,448255598,353819
285,2026-07-30T11:27:21Z,1785410841818109248,294,6660,6880,5,169,48066,323451157,200,196,196,448255598,353819
286,2026-07-30T11:27:22Z,1785410842853194657,295,6660,6880,5,169,48224,323451910,200,196,196,448255598,353819
287,2026-07-30T11:27:23Z,1785410843886456965,296,6660,6880,5,169,48392,323452670,200,196,196,448255598,353819
288,2026-07-30T11:27:24Z,1785410844917350862,297,6660,6880,5,169,48558,323453434,200,196,196,448255598,353819
289,2026-07-30T11:27:25Z,1785410845949681907,298,6660,6880,5,169,48731,323454210,200,196,196,448255598,353819
290,2026-07-30T11:27:26Z,1785410846980513197,299,6660,6880,5,169,48900,323454986,200,196,196,448255598,353819
291,2026-07-30T11:27:28Z,1785410848011893345,301,6684,6880,5,171,49073,323455747,200,196,196,448255598,353819
292,2026-07-30T11:27:29Z,1785410849043618476,302,6748,6880,5,171,49264,323456514,200,196,196,448255598,353819
293,2026-07-30T11:27:30Z,1785410850076339565,303,6684,6880,5,171,49456,323457294,200,196,196,448255598,353819
294,2026-07-30T11:27:31Z,1785410851109498203,304,6684,6880,5,171,49646,323458070,200,196,196,448255598,353819
295,2026-07-30T11:27:32Z,1785410852141796037,305,6684,6880,5,171,49837,323458844,200,196,196,448255598,353819
296,2026-07-30T11:27:33Z,1785410853172000494,306,6684,6880,5,171,50028,323459614,200,196,196,448255598,353819
297,2026-07-30T11:27:34Z,1785410854204095526,307,6684,6880,5,171,50220,323460393,200,196,196,448255598,353819
298,2026-07-30T11:27:35Z,1785410855235404553,308,6516,6880,5,134,50409,323461160,200,196,196,448255598,353819
299,2026-07-30T11:27:36Z,1785410856266606044,309,6516,6880,5,134,50599,323461935,200,196,196,448255598,353819
300,2026-07-30T11:27:37Z,1785410857299592975,310,6524,6880,5,134,50789,323462710,200,196,196,448255598,353819
301,2026-07-30T11:27:38Z,1785410858332245846,311,6516,6880,5,134,50981,323463487,200,196,196,448255598,353819
302,2026-07-30T11:27:39Z,1785410859362841001,312,6616,6880,5,139,51169,323464273,200,196,196,448255598,353819
303,2026-07-30T11:27:40Z,1785410860394232445,313,6616,6880,5,139,51352,323465051,200,196,196,448255598,353819
304,2026-07-30T11:27:41Z,1785410861427347244,314,6616,6880,5,139,51539,323465830,200,196,196,448255598,353819
305,2026-07-30T11:27:42Z,1785410862458238438,315,6616,6880,5,139,51730,323466602,200,196,196,448255598,353819
306,2026-07-30T11:27:43Z,1785410863491176839,316,6616,6880,5,139,51920,323467374,200,196,196,448255598,353819
307,2026-07-30T11:27:44Z,1785410864523139853,317,6616,6880,5,139,52109,323468151,200,196,196,448255598,353819
308,2026-07-30T11:27:45Z,1785410865557273470,318,6616,6880,5,139,52299,323468926,200,196,196,448255598,353819
309,2026-07-30T11:27:46Z,1785410866590550625,319,6616,6880,5,139,52487,323469702,200,196,196,448255598,353819
310,2026-07-30T11:27:47Z,1785410867623630743,320,6616,6880,5,139,52665,323470464,200,196,196,448255598,353819
311,2026-07-30T11:27:48Z,1785410868654500431,321,6616,6880,5,139,52839,323471233,200,196,196,448255598,353819
312,2026-07-30T11:27:49Z,1785410869688290043,322,6616,6880,5,139,53015,323472006,200,196,196,448255598,353819
313,2026-07-30T11:27:50Z,1785410870723375360,323,6616,6880,5,139,53192,323472781,200,196,196,448255598,353819
314,2026-07-30T11:27:51Z,1785410871754760715,324,6756,6880,5,169,53386,323473565,200,196,196,448255598,353819
315,2026-07-30T11:27:52Z,1785410872786838245,325,6756,6880,5,169,53576,323474339,200,196,196,448255598,353819
316,2026-07-30T11:27:53Z,1785410873818437705,326,6756,6880,5,169,53770,323475106,200,196,196,448255598,353819
317,2026-07-30T11:27:54Z,1785410874852645424,327,6756,6880,5,169,53960,323475880,200,196,196,448255598,353819
318,2026-07-30T11:27:55Z,1785410875886627445,328,6756,6880,5,169,54152,323476659,200,196,196,448255598,353819
319,2026-07-30T11:27:56Z,1785410876918504057,329,6756,6880,5,169,54335,323477437,200,196,196,448255598,353819
320,2026-07-30T11:27:57Z,1785410877951057493,330,6748,6880,5,167,54514,323478214,200,196,196,448255598,353819
321,2026-07-30T11:27:58Z,1785410878983802202,331,6748,6880,5,167,54698,323478989,200,196,196,448255598,353819
322,2026-07-30T11:28:00Z,1785410880015738767,333,6804,6880,5,167,54878,323479765,200,196,196,448255598,353819
323,2026-07-30T11:28:01Z,1785410881049850822,334,6748,6880,5,167,55063,323480542,200,196,196,448255598,353819
324,2026-07-30T11:28:02Z,1785410882083273753,335,6748,6880,5,167,55255,323481314,200,196,196,448255598,353819
325,2026-07-30T11:28:03Z,1785410883115509424,336,6748,6880,5,167,55446,323482095,200,196,196,448255598,353819
326,2026-07-30T11:28:04Z,1785410884148617633,337,6748,6880,5,167,55628,323482871,200,196,196,448255598,353819
327,2026-07-30T11:28:05Z,1785410885183260473,338,6812,6880,5,167,55818,323483647,200,196,196,448255598,353819
328,2026-07-30T11:28:06Z,1785410886214805276,339,6788,6880,5,167,56006,323484415,200,196,196,448255598,353819
329,2026-07-30T11:28:07Z,1785410887248133487,340,6748,6880,5,167,56194,323485188,200,196,196,448255598,353819
330,2026-07-30T11:28:08Z,1785410888280405900,341,6776,6880,5,167,56387,323485959,200,196,196,448255598,353819
331,2026-07-30T11:28:09Z,1785410889313755548,342,6700,6880,5,165,56569,323486734,200,196,196,448255598,353819
332,2026-07-30T11:28:10Z,1785410890346933559,343,6700,6880,5,165,56763,323487505,200,196,196,448255598,353819
333,2026-07-30T11:28:11Z,1785410891383547358,344,6700,6880,5,165,56954,323488276,200,196,196,448255598,353819
334,2026-07-30T11:28:12Z,1785410892415755683,345,6700,6880,5,165,57144,323489047,200,196,196,448255598,353819
335,2026-07-30T11:28:13Z,1785410893448512332,346,6700,6880,5,165,57335,323489819,200,196,196,448255598,353819
336,2026-07-30T11:28:14Z,1785410894481609386,347,6724,6880,5,171,57527,323490592,200,196,196,448255598,353819
337,2026-07-30T11:28:15Z,1785410895514888669,348,6724,6880,5,171,57718,323491357,200,196,196,448255598,353819
338,2026-07-30T11:28:16Z,1785410896547426159,349,6744,6880,5,171,57913,323492125,200,196,196,448255598,353819
339,2026-07-30T11:28:17Z,1785410897581329311,350,6724,6880,5,171,58106,323492895,200,196,196,448255598,353819
340,2026-07-30T11:28:18Z,1785410898615119808,351,6724,6880,5,171,58298,323493662,200,196,196,448255598,353819
341,2026-07-30T11:28:19Z,1785410899647289129,352,6724,6880,5,171,58491,323494427,200,196,196,448255598,353819
342,2026-07-30T11:28:20Z,1785410900681963347,353,6724,6880,5,171,58683,323495193,200,196,196,448255598,353819
343,2026-07-30T11:28:21Z,1785410901715269436,354,6744,6880,5,165,58876,323495965,200,196,196,448255598,353819
344,2026-07-30T11:28:22Z,1785410902747988930,355,6680,6880,5,165,59070,323496750,200,196,196,448255598,353819
345,2026-07-30T11:28:23Z,1785410903779312464,356,6720,6880,5,165,59263,323497521,200,196,196,448255598,353819
346,2026-07-30T11:28:24Z,1785410904811672363,357,6680,6880,5,165,59455,323498288,200,196,196,448255598,353819
347,2026-07-30T11:28:25Z,1785410905844980282,358,6680,6880,5,165,59649,323499058,200,196,196,448255598,353819
348,2026-07-30T11:28:26Z,1785410906877692762,359,6680,6880,5,165,59842,323499831,200,196,196,448255598,353819
349,2026-07-30T11:28:27Z,1785410907909083072,360,6740,6880,5,165,60035,323500598,200,196,196,448255598,353819
350,2026-07-30T11:28:28Z,1785410908942890662,361,6680,6880,5,165,60229,323501357,200,196,196,448255598,353819
351,2026-07-30T11:28:29Z,1785410909976455448,362,6680,6880,5,165,60420,323502135,200,196,196,448255598,353819
352,2026-07-30T11:28:31Z,1785410911009487604,364,6680,6880,5,165,60611,323502909,200,196,196,448255598,353819
353,2026-07-30T11:28:32Z,1785410912042945143,365,6680,6880,5,165,60804,323503674,200,196,196,448255598,353819
354,2026-07-30T11:28:33Z,1785410913074508929,366,6680,6880,5,165,60998,323504444,200,196,196,448255598,353819
355,2026-07-30T11:28:34Z,1785410914107536875,367,6680,6880,5,165,61193,323505210,200,196,196,448255598,353819
356,2026-07-30T11:28:35Z,1785410915139996801,368,6680,6880,5,165,61387,323505971,200,196,196,448255598,353819
357,2026-07-30T11:28:36Z,1785410916174090965,369,6680,6880,5,165,61578,323506749,200,196,196,448255598,353819
358,2026-07-30T11:28:37Z,1785410917204805026,370,6684,6880,5,166,61767,323507519,200,196,196,448255598,353819
359,2026-07-30T11:28:38Z,1785410918236933298,371,6684,6880,5,166,61952,323508295,200,196,196,448255598,353819
360,2026-07-30T11:28:39Z,1785410919269475183,372,6684,6880,5,166,62134,323509066,200,196,196,448255598,353819
361,2026-07-30T11:28:40Z,1785410920300835399,373,6684,6880,5,166,62316,323509834,200,196,196,448255598,353819
362,2026-07-30T11:28:41Z,1785410921332620120,374,6684,6880,5,166,62497,323510610,200,196,196,448255598,353819
363,2026-07-30T11:28:42Z,1785410922365420878,375,6732,6880,5,166,62678,323511399,200,196,196,448255598,353819
364,2026-07-30T11:28:43Z,1785410923396793390,376,6684,6880,5,166,62860,323512177,200,196,196,448255598,353819
365,2026-07-30T11:28:44Z,1785410924428016675,377,6604,6880,5,151,63040,323512944,200,196,196,448255598,353819
366,2026-07-30T11:28:45Z,1785410925460080375,378,6604,6880,5,151,63220,323513716,200,196,196,448255598,353819
367,2026-07-30T11:28:46Z,1785410926491676041,379,6660,6880,5,151,63402,323514492,200,196,196,448255598,353819
368,2026-07-30T11:28:47Z,1785410927521314511,380,6680,6880,5,154,63583,323515264,200,196,196,448255598,353819
369,2026-07-30T11:28:48Z,1785410928552996671,381,6616,6880,5,154,63756,323516043,200,196,196,448255598,353819
370,2026-07-30T11:28:49Z,1785410929585402804,382,6616,6880,5,154,63929,323516820,200,196,196,448255598,353819
371,2026-07-30T11:28:50Z,1785410930617700392,383,6680,6880,5,154,64105,323517588,200,196,196,448255598,353819
372,2026-07-30T11:28:51Z,1785410931649174246,384,6616,6880,5,154,64281,323518360,200,196,196,448255598,353819
373,2026-07-30T11:28:52Z,1785410932681329089,385,6616,6880,5,154,64457,323519129,200,196,196,448255598,353819
374,2026-07-30T11:28:53Z,1785410933710795471,386,6616,6880,5,154,64633,323519904,200,196,196,448255598,353819
375,2026-07-30T11:28:54Z,1785410934742405174,387,6616,6880,5,154,64815,323520679,200,196,196,448255598,353819
376,2026-07-30T11:28:55Z,1785410935775440627,388,6616,6880,5,154,65002,323521456,200,196,196,448255598,353819
377,2026-07-30T11:28:56Z,1785410936808967266,389,6616,6880,5,154,65193,323522223,200,196,196,448255598,353819
378,2026-07-30T11:28:57Z,1785410937841567156,390,6616,6880,5,154,65385,323522990,200,196,196,448255598,353819
379,2026-07-30T11:28:58Z,1785410938875585319,391,6616,6880,5,154,65577,323523765,200,196,196,448255598,353819
380,2026-07-30T11:28:59Z,1785410939909173676,392,6704,6880,5,171,65771,323524534,200,196,196,448255598,353819
381,2026-07-30T11:29:00Z,1785410940943559743,393,6704,6880,5,171,65952,323525307,200,196,196,448255598,353819
382,2026-07-30T11:29:01Z,1785410941976205035,394,6704,6880,5,171,66132,323526077,200,196,196,448255598,353819
383,2026-07-30T11:29:03Z,1785410943008725978,396,6708,6880,5,171,66320,323526851,200,196,196,448255598,353819
384,2026-07-30T11:29:04Z,1785410944042714896,397,6704,6880,5,171,66508,323527623,200,196,196,448255598,353819
385,2026-07-30T11:29:05Z,1785410945075017419,398,6704,6880,5,171,66690,323528393,200,196,196,448255598,353819
386,2026-07-30T11:29:06Z,1785410946108487791,399,6704,6880,5,171,66869,323529170,200,196,196,448255598,353819
387,2026-07-30T11:29:07Z,1785410947141225033,400,6704,6880,5,171,67057,323529946,200,196,196,448255598,353819
388,2026-07-30T11:29:08Z,1785410948175471149,401,6704,6880,5,171,67248,323530722,200,196,196,448255598,353819
389,2026-07-30T11:29:09Z,1785410949208021643,402,6704,6880,5,171,67439,323531487,200,196,196,448255598,353819
390,2026-07-30T11:29:10Z,1785410950240609083,403,6704,6880,5,171,67632,323532256,200,196,196,448255598,353820
391,2026-07-30T11:29:11Z,1785410951272524765,404,6704,6880,5,171,67811,323533023,200,196,196,448255598,353820
392,2026-07-30T11:29:12Z,1785410952304146197,405,6704,6880,5,171,67990,323533803,200,196,196,448255598,353820
393,2026-07-30T11:29:13Z,1785410953335726750,406,6704,6880,5,171,68170,323534584,200,196,196,448255598,353820
394,2026-07-30T11:29:14Z,1785410954366632758,407,6704,6880,5,171,68352,323535357,200,196,196,448255598,353820
395,2026-07-30T11:29:15Z,1785410955399356820,408,6704,6880,5,171,68534,323536130,200,196,196,448255598,353820
396,2026-07-30T11:29:16Z,1785410956432156321,409,6704,6880,5,171,68714,323536907,200,196,196,448255598,353820
397,2026-07-30T11:29:17Z,1785410957465348388,410,6672,6880,5,167,68903,323537675,200,196,196,448255598,353820
398,2026-07-30T11:29:18Z,1785410958498443233,411,6672,6880,5,167,69091,323538450,200,196,196,448255598,353820
399,2026-07-30T11:29:19Z,1785410959531182627,412,6672,6880,5,167,69286,323539223,200,196,196,448255598,353820
400,2026-07-30T11:29:20Z,1785410960562675234,413,6672,6880,5,167,69478,323539987,200,196,196,448255598,353820
401,2026-07-30T11:29:21Z,1785410961594411312,414,6672,6880,5,167,69669,323540767,200,196,196,448255598,353820
402,2026-07-30T11:29:22Z,1785410962626000168,415,6672,6880,5,167,69840,323541541,200,196,196,448255598,353820
403,2026-07-30T11:29:23Z,1785410963658318825,416,6680,6880,5,167,70026,323542311,200,196,196,448255598,353820
404,2026-07-30T11:29:24Z,1785410964690706786,417,6680,6880,5,167,70215,323543085,200,196,196,448255598,353820
405,2026-07-30T11:29:25Z,1785410965723109118,418,6680,6880,5,167,70403,323543851,200,196,196,448255598,353820
406,2026-07-30T11:29:26Z,1785410966756444679,419,6680,6880,5,167,70592,323544623,200,196,196,448255598,353820
407,2026-07-30T11:29:27Z,1785410967787282134,420,6680,6880,5,167,70781,323545394,200,196,196,448255598,353820
408,2026-07-30T11:29:28Z,1785410968819815732,421,6680,6880,5,167,70970,323546165,200,196,196,448255598,353820
409,2026-07-30T11:29:29Z,1785410969852442689,422,6640,6880,5,162,71158,323546943,200,196,196,448255598,353820
410,2026-07-30T11:29:30Z,1785410970886647362,423,6640,6880,5,162,71347,323547719,200,196,196,448255598,353820
411,2026-07-30T11:29:31Z,1785410971919515256,424,6640,6880,5,162,71535,323548493,200,196,196,448255598,353820
412,2026-07-30T11:29:32Z,1785410972951234645,425,6640,6880,5,162,71722,323549272,200,196,196,448255598,353820
413,2026-07-30T11:29:33Z,1785410973985255221,426,6704,6880,5,162,71909,323550049,200,196,196,448255598,353820
414,2026-07-30T11:29:35Z,1785410975017201115,428,6640,6880,5,162,72099,323550823,200,196,196,448255598,353820
415,2026-07-30T11:29:36Z,1785410976050281834,429,6640,6880,5,162,72287,323551599,200,196,196,448255598,353820
416,2026-07-30T11:29:37Z,1785410977082429579,430,6640,6880,5,162,72472,323552376,200,196,196,448255598,353820
417,2026-07-30T11:29:38Z,1785410978115610883,431,6660,6880,5,162,72657,323553151,200,196,196,448255598,353820
418,2026-07-30T11:29:39Z,1785410979148490464,432,6640,6880,5,162,72844,323553924,200,196,196,448255598,353820
419,2026-07-30T11:29:40Z,1785410980180687161,433,6720,6880,5,172,73023,323554704,200,196,196,448255598,353820
420,2026-07-30T11:29:41Z,1785410981215126572,434,6720,6880,5,172,73198,323555475,200,196,196,448255598,353820
421,2026-07-30T11:29:42Z,1785410982247923045,435,6720,6880,5,172,73371,323556243,200,196,196,448255598,353820
422,2026-07-30T11:29:43Z,1785410983281365328,436,6720,6880,5,172,73545,323557013,200,196,196,448255598,353820
423,2026-07-30T11:29:44Z,1785410984313639570,437,6720,6880,5,172,73722,323557776,200,196,196,448255598,353820
424,2026-07-30T11:29:45Z,1785410985347243725,438,6784,6880,5,172,73895,323558553,200,196,196,448255598,353820
425,2026-07-30T11:29:46Z,1785410986380890862,439,6740,6880,5,172,74081,323559329,200,196,196,448255598,353820
426,2026-07-30T11:29:47Z,1785410987413793040,440,6740,6880,5,172,74270,323560106,200,196,196,448255598,353820
427,2026-07-30T11:29:48Z,1785410988445297303,441,6740,6880,5,172,74457,323560878,200,196,196,448255598,353820
428,2026-07-30T11:29:49Z,1785410989478667417,442,6804,6880,5,172,74646,323561648,200,196,196,448255598,353820
429,2026-07-30T11:29:50Z,1785410990510139797,443,6740,6880,5,172,74836,323562416,200,196,196,448255598,353820
430,2026-07-30T11:29:51Z,1785410991543400055,444,6740,6880,5,172,75025,323563185,200,196,196,448255598,353820
431,2026-07-30T11:29:52Z,1785410992575730379,445,6740,6880,5,172,75212,323563957,200,196,196,448255598,353820
432,2026-07-30T11:29:53Z,1785410993607621682,446,6564,6880,5,128,75399,323564728,200,196,196,448255598,353820
433,2026-07-30T11:29:54Z,1785410994638741929,447,6564,6880,5,128,75587,323565501,200,196,196,448255598,353820
434,2026-07-30T11:29:55Z,1785410995669324938,448,6564,6880,5,128,75774,323566276,200,196,196,448255598,353820
435,2026-07-30T11:29:56Z,1785410996702352311,449,6588,6880,5,129,75958,323567057,200,196,196,448255598,353820
436,2026-07-30T11:29:57Z,1785410997733049884,450,6568,6880,5,129,76144,323567837,200,196,196,448255598,353820
437,2026-07-30T11:29:58Z,1785410998765656383,451,6568,6880,5,129,76329,323568611,200,196,196,448255598,353820
438,2026-07-30T11:29:59Z,1785410999799005745,452,6568,6880,5,129,76514,323569385,200,196,196,448255598,353820
439,2026-07-30T11:30:00Z,1785411000832278820,453,6568,6880,5,129,76701,323570162,200,196,196,448255598,353820
440,2026-07-30T11:30:01Z,1785411001865796396,454,6568,6880,5,129,76888,323570943,200,196,196,448255598,353820
441,2026-07-30T11:30:02Z,1785411002896381566,455,6568,6880,5,129,77071,323571718,200,196,196,448255598,353820
442,2026-07-30T11:30:03Z,1785411003927989907,456,6568,6880,5,129,77253,323572498,200,196,196,448255598,353820
443,2026-07-30T11:30:04Z,1785411004960097194,457,6632,6880,5,129,77437,323573281,200,196,196,448255598,353820
444,2026-07-30T11:30:05Z,1785411005993364527,458,6568,6880,5,129,77621,323574062,200,196,196,448255598,353820
445,2026-07-30T11:30:07Z,1785411007025746050,460,6568,6880,5,129,77808,323574843,200,196,196,448255598,353820
446,2026-07-30T11:30:08Z,1785411008056434565,461,6632,6880,5,129,77988,323575618,200,196,196,448255598,353820
447,2026-07-30T11:30:09Z,1785411009088883774,462,6784,6880,5,173,78175,323576402,200,196,196,448255598,353820
448,2026-07-30T11:30:10Z,1785411010123881774,463,6692,6880,5,170,78357,323577174,200,196,196,448255598,353820
449,2026-07-30T11:30:11Z,1785411011157376182,464,6692,6880,5,170,78531,323577946,200,196,196,448255598,353820
450,2026-07-30T11:30:12Z,1785411012190818512,465,6692,6880,5,170,78708,323578714,200,196,196,448255598,353820
451,2026-07-30T11:30:13Z,1785411013223458959,466,6692,6880,5,170,78882,323579481,200,196,196,448255598,353820
452,2026-07-30T11:30:14Z,1785411014256041542,467,6692,6880,5,170,79069,323580252,200,196,196,448255598,353820
453,2026-07-30T11:30:15Z,1785411015289583453,468,6692,6880,5,170,79254,323581022,200,196,196,448255598,353820
454,2026-07-30T11:30:16Z,1785411016322170428,469,6692,6880,5,170,79442,323581791,200,196,196,448255598,353820
455,2026-07-30T11:30:17Z,1785411017355936436,470,6692,6880,5,170,79630,323582565,200,196,196,448255598,353820
456,2026-07-30T11:30:18Z,1785411018389546329,471,6692,6896,5,170,79817,323583331,200,196,196,448255598,353820
457,2026-07-30T11:30:19Z,1785411019422382676,472,6692,6896,5,170,80005,323584103,200,196,196,448255598,353820
458,2026-07-30T11:30:20Z,1785411020454638342,473,6692,6896,5,170,80192,323584871,200,196,196,448255598,353820
459,2026-07-30T11:30:21Z,1785411021487151264,474,6716,6896,5,170,80378,323585644,200,196,196,448255598,353820
460,2026-07-30T11:30:22Z,1785411022520575145,475,6756,6896,5,170,80563,323586411,200,196,196,448255598,353820
461,2026-07-30T11:30:23Z,1785411023552225574,476,6692,6896,5,170,80751,323587180,200,196,196,448255598,353820
462,2026-07-30T11:30:24Z,1785411024585218138,477,6808,6896,5,170,80937,323587955,200,196,196,448255598,353820
463,2026-07-30T11:30:25Z,1785411025616830323,478,6692,6896,5,170,81109,323588731,200,196,196,448255598,353820
464,2026-07-30T11:30:26Z,1785411026649626747,479,6664,6896,5,165,81279,323589503,200,196,196,448255598,353820
465,2026-07-30T11:30:27Z,1785411027682178630,480,6728,6896,5,165,81452,323590280,200,196,196,448255598,353820
466,2026-07-30T11:30:28Z,1785411028712279135,481,6668,6896,5,165,81626,323591064,200,196,196,448255598,353820
467,2026-07-30T11:30:29Z,1785411029745373877,482,6664,6896,5,165,81802,323591840,200,196,196,448255598,353820
468,2026-07-30T11:30:30Z,1785411030778123818,483,6692,6896,5,165,81977,323592615,200,196,196,448255598,353820
469,2026-07-30T11:30:31Z,1785411031823645781,484,6664,6896,5,166,82155,323593395,200,196,196,448255598,353820
470,2026-07-30T11:30:32Z,1785411032856591347,485,6680,6896,5,167,82349,323594178,200,196,196,448255598,353820
471,2026-07-30T11:30:33Z,1785411033887963886,486,6680,6896,5,167,82537,323594953,200,196,196,448255598,353820
472,2026-07-30T11:30:34Z,1785411034921723597,487,6680,6896,5,167,82726,323595731,200,196,196,448255598,353820
473,2026-07-30T11:30:35Z,1785411035954683580,488,6680,6896,5,167,82917,323596505,200,196,196,448255598,353820
474,2026-07-30T11:30:36Z,1785411036987690462,489,6680,6896,5,167,83106,323597284,200,196,196,448255598,353820
475,2026-07-30T11:30:38Z,1785411038021044483,491,6744,6896,5,167,83297,323598057,200,196,196,448255598,353820
476,2026-07-30T11:30:39Z,1785411039053307474,492,6444,6896,5,108,83488,323598837,200,196,196,448255598,353820
477,2026-07-30T11:30:40Z,1785411040087209080,493,6444,6896,5,108,83678,323599610,200,196,196,448255598,353820
478,2026-07-30T11:30:41Z,1785411041121665306,494,6444,6896,5,108,83869,323600377,200,196,196,448255598,353820
479,2026-07-30T11:30:42Z,1785411042154803505,495,6444,6896,5,108,84057,323601149,200,196,196,448255598,353820
480,2026-07-30T11:30:43Z,1785411043188735812,496,6420,6896,5,107,84246,323601913,200,196,196,448255598,353820
481,2026-07-30T11:30:44Z,1785411044221696508,497,6420,6896,5,107,84438,323602687,200,196,196,448255598,353820
482,2026-07-30T11:30:45Z,1785411045253882556,498,6484,6896,5,107,84627,323603462,200,196,196,448255598,353820
483,2026-07-30T11:30:46Z,1785411046286536040,499,6420,6896,5,107,84821,323604237,200,196,196,448255598,353820
484,2026-07-30T11:30:47Z,1785411047319706472,500,6420,6896,5,107,85013,323605008,200,196,196,448255598,353820
485,2026-07-30T11:30:48Z,1785411048353569655,501,6420,6896,5,107,85204,323605779,200,196,196,448255598,353820
486,2026-07-30T11:30:49Z,1785411049386109402,502,6420,6896,5,107,85395,323606555,200,196,196,448255598,353820
487,2026-07-30T11:30:50Z,1785411050418012616,503,6420,6896,5,107,85586,323607335,200,196,196,448255598,353820
488,2026-07-30T11:30:51Z,1785411051451659885,504,6420,6896,5,107,85779,323608110,200,196,196,448255598,353820
489,2026-07-30T11:30:52Z,1785411052484033056,505,6420,6896,5,107,85970,323608881,200,196,196,448255598,353820
490,2026-07-30T11:30:53Z,1785411053516704528,506,6420,6896,5,107,86161,323609653,200,196,196,448255598,353820
491,2026-07-30T11:30:54Z,1785411054548465279,507,6420,6896,5,107,86351,323610426,200,196,196,448255598,353820
492,2026-07-30T11:30:55Z,1785411055581846795,508,6652,6896,5,162,86542,323611201,200,196,196,448255598,353820
493,2026-07-30T11:30:56Z,1785411056614280954,509,6640,6896,5,162,86729,323611970,200,196,196,448255598,353820
494,2026-07-30T11:30:57Z,1785411057647375370,510,6672,6896,5,162,86918,323612743,200,196,196,448255598,353820
495,2026-07-30T11:30:58Z,1785411058679754422,511,6768,6896,5,162,87105,323613527,200,196,196,448255598,353820
496,2026-07-30T11:30:59Z,1785411059713209831,512,6640,6896,5,162,87294,323614306,200,196,196,448255598,353820
497,2026-07-30T11:31:00Z,1785411060745783648,513,6640,6896,5,162,87481,323615089,200,196,196,448255598,353820
498,2026-07-30T11:31:01Z,1785411061779761761,514,6648,6896,5,162,87670,323615871,200,196,196,448255598,353820
499,2026-07-30T11:31:02Z,1785411062813052259,515,6632,6896,5,160,87861,323616647,200,196,196,448255598,353820
500,2026-07-30T11:31:03Z,1785411063845549136,516,6632,6896,5,160,88049,323617425,200,196,196,448255598,353820
501,2026-07-30T11:31:04Z,1785411064875841445,517,6632,6896,5,160,88238,323618197,200,196,196,448255598,353820
502,2026-07-30T11:31:05Z,1785411065909213787,518,6632,6896,5,160,88429,323618969,200,196,196,448255598,353820
503,2026-07-30T11:31:06Z,1785411066941597119,519,6696,6896,5,160,88620,323619737,200,196,196,448255598,353820
504,2026-07-30T11:31:07Z,1785411067976367152,520,6632,6896,5,160,88811,323620518,200,196,196,448255598,353820
505,2026-07-30T11:31:09Z,1785411069010614819,522,6680,6896,5,160,89002,323621290,200,196,196,448255598,353820
506,2026-07-30T11:31:10Z,1785411070043456252,523,6696,6896,5,160,89192,323622066,200,196,196,448255598,353820
507,2026-07-30T11:31:11Z,1785411071076357341,524,6632,6896,5,160,89381,323622846,200,196,196,448255598,353820
508,2026-07-30T11:31:12Z,1785411072108865869,525,6696,6896,5,160,89572,323623612,200,196,196,448255598,353820
509,2026-07-30T11:31:13Z,1785411073141667677,526,6632,6896,5,160,89762,323624375,200,196,196,448255598,353820
510,2026-07-30T11:31:14Z,1785411074174181437,527,6632,6896,5,160,89951,323625149,200,196,196,448255598,353820
511,2026-07-30T11:31:15Z,1785411075205970814,528,6656,6896,5,160,90138,323625919,200,196,196,448255598,353820
512,2026-07-30T11:31:16Z,1785411076240032909,529,6636,6896,5,160,90326,323626685,200,196,196,448255598,353820
513,2026-07-30T11:31:17Z,1785411077273734485,530,6664,6896,5,160,90508,323627454,200,196,196,448255598,353820
514,2026-07-30T11:31:18Z,1785411078306134230,531,6652,6896,5,165,90693,323628227,200,196,196,448255598,353820
515,2026-07-30T11:31:19Z,1785411079337815628,532,6652,6896,5,165,90872,323629012,200,196,196,448255598,353820
516,2026-07-30T11:31:20Z,1785411080369375764,533,6652,6896,5,165,91058,323629792,200,196,196,448255598,353820
517,2026-07-30T11:31:21Z,1785411081403048129,534,6652,6896,5,165,91246,323630573,200,196,196,448255598,353820
518,2026-07-30T11:31:22Z,1785411082436217379,535,6660,6896,5,165,91439,323631346,200,196,196,448255598,353820
519,2026-07-30T11:31:23Z,1785411083470330735,536,6652,6896,5,165,91618,323632122,200,196,196,448255598,353820
520,2026-07-30T11:31:24Z,1785411084502180502,537,6652,6896,5,165,91795,323632906,200,196,196,448255598,353820
521,2026-07-30T11:31:25Z,1785411085536773721,538,6644,6896,5,163,91970,323633685,200,196,196,448255598,353820
522,2026-07-30T11:31:26Z,1785411086568226805,539,6644,6896,5,163,92144,323634461,200,196,196,448255598,353820
523,2026-07-30T11:31:27Z,1785411087600168283,540,6644,6896,5,163,92324,323635234,200,196,196,448255598,353820
524,2026-07-30T11:31:28Z,1785411088631460333,541,6644,6896,5,163,92502,323636015,200,196,196,448255598,353820
525,2026-07-30T11:31:29Z,1785411089663992082,542,6644,6896,5,163,92683,323636792,200,196,196,448255598,353820
526,2026-07-30T11:31:30Z,1785411090697706813,543,6644,6896,5,163,92862,323637569,200,196,196,448255598,353820
527,2026-07-30T11:31:31Z,1785411091729585499,544,6676,6896,5,163,93040,323638344,200,196,196,448255598,353820
528,2026-07-30T11:31:32Z,1785411092761722684,545,6648,6896,5,164,93217,323639117,200,196,196,448255598,353820
529,2026-07-30T11:31:33Z,1785411093795620200,546,6648,6896,5,164,93392,323639897,200,196,196,448255598,353820
530,2026-07-30T11:31:34Z,1785411094828143279,547,6648,6896,5,164,93566,323640676,200,196,196,448255598,353820
531,2026-07-30T11:31:35Z,1785411095860253614,548,6648,6896,5,164,93740,323641452,200,196,196,448255598,353820
532,2026-07-30T11:31:36Z,1785411096892640316,549,6700,6896,5,164,93912,323642229,200,196,196,448255598,353820
533,2026-07-30T11:31:37Z,1785411097925688488,550,6648,6896,5,164,94089,323643004,200,196,196,448255598,353820
534,2026-07-30T11:31:38Z,1785411098957452955,551,6648,6896,5,164,94268,323643779,200,196,196,448255598,353820
535,2026-07-30T11:31:39Z,1785411099989908785,552,6648,6896,5,164,94443,323644549,200,196,196,448255598,353820
536,2026-07-30T11:31:41Z,1785411101022259062,554,6652,6896,5,165,94620,323645336,200,196,196,448255598,353820
537,2026-07-30T11:31:42Z,1785411102054676671,555,6652,6896,5,165,94793,323646110,200,196,196,448255598,353820
538,2026-07-30T11:31:43Z,1785411103086606561,556,6652,6896,5,165,94964,323646875,200,196,196,448255598,353820
539,2026-07-30T11:31:44Z,1785411104120088215,557,6652,6896,5,165,95134,323647642,200,196,196,448255598,353820
540,2026-07-30T11:31:45Z,1785411105152156594,558,6652,6896,5,165,95302,323648411,200,196,196,448255598,353820
541,2026-07-30T11:31:46Z,1785411106185517992,559,6652,6896,5,165,95469,323649171,200,196,196,448255598,353820
542,2026-07-30T11:31:47Z,1785411107218353361,560,6652,6896,5,165,95637,323649928,200,196,196,448255598,353820
543,2026-07-30T11:31:48Z,1785411108251487193,561,6652,6896,5,165,95802,323650688,200,196,196,448255598,353820
544,2026-07-30T11:31:49Z,1785411109284450561,562,6652,6896,5,165,95968,323651443,200,196,196,448255598,353820
545,2026-07-30T11:31:50Z,1785411110316669606,563,6652,6896,5,165,96131,323652199,200,196,196,448255598,353820
546,2026-07-30T11:31:51Z,1785411111350264648,564,6652,6896,5,165,96297,323652957,200,196,196,448255598,353820
547,2026-07-30T11:31:52Z,1785411112382329977,565,6652,6896,5,165,96473,323653729,200,196,196,448255598,353820
548,2026-07-30T11:31:53Z,1785411113415969862,566,6652,6896,5,165,96641,323654493,200,196,196,448255598,353820
549,2026-07-30T11:31:54Z,1785411114448734369,567,6652,6896,5,165,96815,323655260,200,196,196,448255598,353820
550,2026-07-30T11:31:55Z,1785411115481324867,568,6664,6896,5,168,96987,323656030,200,196,196,448255598,353820
551,2026-07-30T11:31:56Z,1785411116514637452,569,6664,6896,5,168,97166,323656811,200,196,196,448255598,353820
552,2026-07-30T11:31:57Z,1785411117547467880,570,6664,6896,5,168,97348,323657577,200,196,196,448255598,353820
553,2026-07-30T11:31:58Z,1785411118582518943,571,6664,6896,5,168,97526,323658355,200,196,196,448255598,353820
554,2026-07-30T11:31:59Z,1785411119616405715,572,6664,6896,5,168,97703,323659126,200,196,196,448255598,353820
555,2026-07-30T11:32:00Z,1785411120649771762,573,6664,6896,5,168,97883,323659904,200,196,196,448255598,353820
556,2026-07-30T11:32:01Z,1785411121683836136,574,6664,6896,5,168,98075,323660675,200,196,196,448255598,353820
557,2026-07-30T11:32:02Z,1785411122717346566,575,6700,6896,5,166,98255,323661453,200,196,196,448255598,353820
558,2026-07-30T11:32:03Z,1785411123756716823,576,6636,6896,5,166,98434,323662234,200,196,196,448255598,353824
559,2026-07-30T11:32:04Z,1785411124789244350,577,6664,6896,5,168,98612,323663024,200,196,196,448255598,353824
560,2026-07-30T11:32:05Z,1785411125821038366,578,6664,6896,5,168,98789,323663801,200,196,196,448255598,353824
561,2026-07-30T11:32:06Z,1785411126852120606,579,6664,6896,5,168,98961,323664569,200,196,196,448255598,353824
562,2026-07-30T11:32:07Z,1785411127884268217,580,6664,6896,5,168,99134,323665341,200,196,196,448255598,353824
563,2026-07-30T11:32:08Z,1785411128917266337,581,6664,6896,5,168,99311,323666119,200,196,196,448255598,353824
564,2026-07-30T11:32:09Z,1785411129949438333,582,6728,6896,5,168,99487,323666897,200,196,196,448255598,353824
565,2026-07-30T11:32:10Z,1785411130981547945,583,6492,6896,5,125,99661,323667684,200,196,196,448255598,353824
566,2026-07-30T11:32:12Z,1785411132012947039,585,6492,6896,5,125,99835,323668462,200,196,196,448255598,353824
567,2026-07-30T11:32:13Z,1785411133045314714,586,6492,6896,5,125,100009,323669243,200,196,196,448255598,353824
568,2026-07-30T11:32:14Z,1785411134078401093,587,6492,6896,5,125,100185,323670021,200,196,196,448255598,353824
569,2026-07-30T11:32:15Z,1785411135110437787,588,6492,6896,5,125,100359,323670796,200,196,196,448255598,353824
570,2026-07-30T11:32:16Z,1785411136143387979,589,6492,6896,5,125,100536,323671576,200,196,196,448255598,353824
571,2026-07-30T11:32:17Z,1785411137178911707,590,6492,6896,5,125,100713,323672352,200,196,196,448255598,353824
572,2026-07-30T11:32:18Z,1785411138210680860,591,6492,6896,5,125,100895,323673134,200,196,196,448255598,353824
573,2026-07-30T11:32:19Z,1785411139243030798,592,6492,6896,5,125,101080,323673916,200,196,196,448255598,353824
574,2026-07-30T11:32:20Z,1785411140274217202,593,6528,6896,5,125,101264,323674695,200,196,196,448255598,353824
575,2026-07-30T11:32:21Z,1785411141307403274,594,6492,6896,5,125,101449,323675476,200,196,196,448255598,353824
576,2026-07-30T11:32:22Z,1785411142338264241,595,6492,6896,5,125,101635,323676259,200,196,196,448255598,353824
577,2026-07-30T11:32:23Z,1785411143369808774,596,6492,6896,5,125,101823,323677032,200,196,196,448255598,353824
578,2026-07-30T11:32:24Z,1785411144401956500,597,6492,6896,5,125,102008,323677818,200,196,196,448255598,353824
579,2026-07-30T11:32:25Z,1785411145433098641,598,6556,6896,5,125,102195,323678600,200,196,196,448255598,353824
580,2026-07-30T11:32:26Z,1785411146464885248,599,6492,6896,5,125,102380,323679375,200,196,196,448255598,353824
581,2026-07-30T11:32:27Z,1785411147497577200,600,6664,6896,5,168,102564,323680151,200,196,196,448255598,353824
582,2026-07-30T11:32:28Z,1785411148531057269,601,6664,6896,5,168,102743,323680928,200,196,196,448255598,353824
583,2026-07-30T11:32:29Z,1785411149562595495,602,6664,6896,5,168,102920,323681694,200,196,196,448255598,353824
584,2026-07-30T11:32:30Z,1785411150594756147,603,6664,6896,5,168,103108,323682469,200,196,196,448255598,353824
585,2026-07-30T11:32:31Z,1785411151627026861,604,6664,6896,5,168,103300,323683244,200,196,196,448255598,353824
586,2026-07-30T11:32:32Z,1785411152660026268,605,6688,6896,5,168,103487,323684024,200,196,196,448255598,353824
587,2026-07-30T11:32:33Z,1785411153692425503,606,6792,6896,5,168,103677,323684795,200,196,196,448255598,353824
588,2026-07-30T11:32:34Z,1785411154725597189,607,6664,6896,5,168,103864,323685569,200,196,196,448255598,353824
589,2026-07-30T11:32:35Z,1785411155758760846,608,6664,6896,5,168,104053,323686350,200,196,196,448255598,353824
590,2026-07-30T11:32:36Z,1785411156790576647,609,6696,6896,5,168,104241,323687122,200,196,196,448255598,353824
591,2026-07-30T11:32:37Z,1785411157823544287,610,6696,6896,5,168,104428,323687901,200,196,196,448255598,353824
592,2026-07-30T11:32:38Z,1785411158856207918,611,6664,6896,5,168,104614,323688678,200,196,196,448255598,353824
593,2026-07-30T11:32:39Z,1785411159890231010,612,6664,6896,5,168,104802,323689459,200,196,196,448255598,353824
594,2026-07-30T11:32:40Z,1785411160922522365,613,6664,6896,5,168,104988,323690239,200,196,196,448255598,353824
595,2026-07-30T11:32:41Z,1785411161956725507,614,6664,6896,5,168,105172,323691024,200,196,196,448255598,353824
596,2026-07-30T11:32:42Z,1785411162988050053,615,6664,6896,5,168,105360,323691808,200,196,196,448255598,353824
597,2026-07-30T11:32:44Z,1785411164021263292,617,6684,6896,5,168,105546,323692588,200,196,196,448255598,353824
598,2026-07-30T11:32:45Z,1785411165052570503,618,6664,6896,5,168,105734,323693359,200,196,196,448255598,353824
599,2026-07-30T11:32:46Z,1785411166084319578,619,6664,6896,5,168,105921,323694139,200,196,196,448255598,353824
600,2026-07-30T11:32:47Z,1785411167118660520,620,6664,6896,5,168,106111,323694918,200,196,196,448255598,353824
601,2026-07-30T11:32:48Z,1785411168150529373,621,6720,6896,5,168,106299,323695698,200,196,196,448255598,353824
602,2026-07-30T11:32:49Z,1785411169184184844,622,6664,6896,5,168,106488,323696476,200,196,196,448255598,353824
603,2026-07-30T11:32:50Z,1785411170216564222,623,6716,6896,5,171,106679,323697258,200,196,196,448255598,353825
604,2026-07-30T11:32:51Z,1785411171250384776,624,6780,6896,5,171,106870,323698030,200,196,196,448255598,353825
605,2026-07-30T11:32:52Z,1785411172282740680,625,6716,6896,5,171,107057,323698804,200,196,196,448255598,353825
606,2026-07-30T11:32:53Z,1785411173313292402,626,6744,6896,5,171,107244,323699583,200,196,196,448255598,353825
607,2026-07-30T11:32:54Z,1785411174346575989,627,6716,6896,5,171,107433,323700356,200,196,196,448255598,353825
608,2026-07-30T11:32:55Z,1785411175378902242,628,6716,6896,5,171,107624,323701133,200,196,196,448255598,353825
609,2026-07-30T11:32:56Z,1785411176412522687,629,6716,6896,5,171,107814,323701907,200,196,196,448255598,353825
610,2026-07-30T11:32:57Z,1785411177446429634,630,6684,6896,5,165,108006,323702682,200,196,196,448255598,353825
611,2026-07-30T11:32:58Z,1785411178480029092,631,6684,6896,5,165,108194,323703461,200,196,196,448255598,353825
612,2026-07-30T11:32:59Z,1785411179512524181,632,6684,6896,5,165,108383,323704236,200,196,196,448255598,353825
613,2026-07-30T11:33:00Z,1785411180544976303,633,6748,6896,5,165,108573,323705015,200,196,196,448255598,353825
614,2026-07-30T11:33:01Z,1785411181579570620,634,6684,6896,5,165,108764,323705791,200,196,196,448255598,353825
615,2026-07-30T11:33:02Z,1785411182613517098,635,6684,6896,5,165,108957,323706568,200,196,196,448255598,353825
616,2026-07-30T11:33:03Z,1785411183646002392,636,6756,6896,5,168,109151,323707342,200,196,196,448255598,353825
617,2026-07-30T11:33:04Z,1785411184679421411,637,6820,6896,5,168,109343,323708113,200,196,196,448255598,353825
618,2026-07-30T11:33:05Z,1785411185711477918,638,6756,6896,5,168,109534,323708882,200,196,196,448255598,353825
619,2026-07-30T11:33:06Z,1785411186743827327,639,6756,6896,5,168,109726,323709654,200,196,196,448255598,353825
620,2026-07-30T11:33:07Z,1785411187779858562,640,6756,6896,5,168,109917,323710434,200,196,196,448255598,353825
621,2026-07-30T11:33:08Z,1785411188812314508,641,6756,6896,5,168,110109,323711207,200,196,196,448255598,353826
622,2026-07-30T11:33:09Z,1785411189844958678,642,6756,6896,5,168,110299,323711981,200,196,196,448255598,353826
623,2026-07-30T11:33:10Z,1785411190880138165,643,6756,6896,5,168,110491,323712755,200,196,196,448255598,353826
624,2026-07-30T11:33:11Z,1785411191912854158,644,6780,6896,5,168,110683,323713532,200,196,196,448255598,353826
625,2026-07-30T11:33:12Z,1785411192945656507,645,6756,6896,5,168,110875,323714308,200,196,196,448255598,353826
626,2026-07-30T11:33:13Z,1785411193977785352,646,6756,6896,5,168,111062,323715086,200,196,196,448255598,353826
627,2026-07-30T11:33:15Z,1785411195009422244,648,6756,6896,5,168,111249,323715857,200,196,196,448255598,353826
628,2026-07-30T11:33:16Z,1785411196044048645,649,6764,6896,5,168,111434,323716631,200,196,196,448255598,353826
629,2026-07-30T11:33:17Z,1785411197079523357,650,6764,6896,5,168,111624,323717411,200,196,196,448255598,353826
630,2026-07-30T11:33:18Z,1785411198112302008,651,6756,6896,5,168,111812,323718188,200,196,196,448255598,353826
631,2026-07-30T11:33:19Z,1785411199142768766,652,6756,6896,5,168,112000,323718966,200,196,196,448255598,353826
632,2026-07-30T11:33:20Z,1785411200175215299,653,6708,6896,5,156,112187,323719740,200,196,196,448255598,353826
633,2026-07-30T11:33:21Z,1785411201215795934,654,6732,6896,5,156,112376,323720515,200,196,196,448255598,353826
634,2026-07-30T11:33:22Z,1785411202248328766,655,6708,6896,5,156,112564,323721296,200,196,196,448255598,353826
635,2026-07-30T11:33:23Z,1785411203280605219,656,6776,6896,5,156,112749,323722075,200,196,196,448255598,353826
636,2026-07-30T11:33:24Z,1785411204312913134,657,6708,6896,5,156,112935,323722860,200,196,196,448255598,353826
637,2026-07-30T11:33:25Z,1785411205345363948,658,6708,6896,5,156,113123,323723632,200,196,196,448255598,353826
638,2026-07-30T11:33:26Z,1785411206377668915,659,6712,6896,5,156,113311,323724400,200,196,196,448255598,353826
639,2026-07-30T11:33:27Z,1785411207410870321,660,6708,6896,5,156,113502,323725168,200,196,196,448255598,353826
640,2026-07-30T11:33:28Z,1785411208444049598,661,6708,6896,5,156,113694,323725941,200,196,196,448255598,353826
641,2026-07-30T11:33:29Z,1785411209477700197,662,6728,6896,5,156,113885,323726710,200,196,196,448255598,353826
642,2026-07-30T11:33:30Z,1785411210516003955,663,6708,6896,5,156,114076,323727483,200,196,196,448255598,353826
643,2026-07-30T11:33:31Z,1785411211550127704,664,6772,6896,5,156,114265,323728259,200,196,196,448255598,353826
644,2026-07-30T11:33:32Z,1785411212581545302,665,6708,6896,5,156,114454,323729035,200,196,196,448255598,353826
645,2026-07-30T11:33:33Z,1785411213614506751,666,6684,6896,5,155,114639,323729811,200,196,196,448255598,353826
646,2026-07-30T11:33:34Z,1785411214647573271,667,6696,6896,5,155,114826,323730582,200,196,196,448255598,353826
647,2026-07-30T11:33:35Z,1785411215687959001,668,6684,6896,5,155,115013,323731361,200,196,196,448255598,353826
648,2026-07-30T11:33:36Z,1785411216719325682,669,6692,6896,5,157,115207,323732137,200,196,196,448255598,353826
649,2026-07-30T11:33:37Z,1785411217752082201,670,6692,6896,5,157,115401,323732904,200,196,196,448255598,353826
650,2026-07-30T11:33:38Z,1785411218785566236,671,6692,6896,5,157,115593,323733681,200,196,196,448255598,353826
651,2026-07-30T11:33:39Z,1785411219820598395,672,6692,6896,5,157,115783,323734450,200,196,196,448255598,353826
652,2026-07-30T11:33:40Z,1785411220854451330,673,6692,6896,5,157,115974,323735227,200,196,196,448255598,353826
653,2026-07-30T11:33:41Z,1785411221886876221,674,6692,6896,5,157,116166,323735999,200,196,196,448255598,353826
654,2026-07-30T11:33:42Z,1785411222918792632,675,6552,6896,5,122,116356,323736775,200,196,196,448255598,353826
655,2026-07-30T11:33:43Z,1785411223952027835,676,6552,6896,5,122,116544,323737556,200,196,196,448255598,353826
656,2026-07-30T11:33:44Z,1785411224984126293,677,6552,6896,5,122,116735,323738331,200,196,196,448255598,353826
657,2026-07-30T11:33:46Z,1785411226018242345,679,6552,6896,5,122,116927,323739101,200,196,196,448255598,353826
658,2026-07-30T11:33:47Z,1785411227052400094,680,6588,6896,5,122,117120,323739869,200,196,196,448255598,353826
659,2026-07-30T11:33:48Z,1785411228083606350,681,6552,6896,5,122,117310,323740645,200,196,196,448255598,353826
660,2026-07-30T11:33:49Z,1785411229115839075,682,6596,6896,5,122,117502,323741410,200,196,196,448255598,353826
661,2026-07-30T11:33:50Z,1785411230148628580,683,6552,6896,5,122,117696,323742178,200,196,196,448255598,353826
662,2026-07-30T11:33:51Z,1785411231181901222,684,6640,6896,5,122,117888,323742949,200,196,196,448255598,353826
663,2026-07-30T11:33:52Z,1785411232215116234,685,6552,6896,5,122,118081,323743721,200,196,196,448255598,353826
664,2026-07-30T11:33:53Z,1785411233248446160,686,6552,6896,5,122,118275,323744497,200,196,196,448255598,353826
665,2026-07-30T11:33:54Z,1785411234282290057,687,6552,6896,5,122,118467,323745272,200,196,196,448255598,353826
666,2026-07-30T11:33:55Z,1785411235315876701,688,6552,6896,5,122,118662,323746038,200,196,196,448255598,353826
667,2026-07-30T11:33:56Z,1785411236348235510,689,6504,6896,5,120,118854,323746814,200,196,196,448255598,353826
668,2026-07-30T11:33:57Z,1785411237381285158,690,6504,6896,5,120,119040,323747587,200,196,196,448255598,353826
669,2026-07-30T11:33:58Z,1785411238415424628,691,6504,6896,5,120,119229,323748363,200,196,196,448255598,353826
670,2026-07-30T11:33:59Z,1785411239449046505,692,6700,6896,5,169,119424,323749137,200,196,196,448255598,353826
671,2026-07-30T11:34:00Z,1785411240482650392,693,6764,6896,5,169,119616,323749907,200,196,196,448255598,353826
672,2026-07-30T11:34:01Z,1785411241517566473,694,6700,6896,5,169,119810,323750672,200,196,196,448255598,353826
673,2026-07-30T11:34:02Z,1785411242550309782,695,6700,6896,5,169,119996,323751454,200,196,196,448255598,353826
674,2026-07-30T11:34:03Z,1785411243581180585,696,6700,6896,5,169,120181,323752225,200,196,196,448255598,353826
675,2026-07-30T11:34:04Z,1785411244614383135,697,6700,6896,5,169,120366,323753003,200,196,196,448255598,353826
676,2026-07-30T11:34:05Z,1785411245647260197,698,6700,6896,5,169,120551,323753775,200,196,196,448255598,353826
677,2026-07-30T11:34:06Z,1785411246679018216,699,6688,6896,5,166,120734,323754558,200,196,196,448255598,353826
678,2026-07-30T11:34:07Z,1785411247710783978,700,6688,6896,5,166,120918,323755338,200,196,196,448255598,353826
679,2026-07-30T11:34:08Z,1785411248744168797,701,6688,6896,5,166,121103,323756117,200,196,196,448255598,353826
680,2026-07-30T11:34:09Z,1785411249777267796,702,6688,6896,5,166,121289,323756897,200,196,196,448255598,353826
681,2026-07-30T11:34:10Z,1785411250813304689,703,6688,6896,5,166,121474,323757678,200,196,196,448255598,353826
682,2026-07-30T11:34:11Z,1785411251847437722,704,6688,6896,5,166,121671,323758454,200,196,196,448255598,353826
683,2026-07-30T11:34:12Z,1785411252881510835,705,6688,6896,5,166,121866,323759224,200,196,196,448255598,353826
684,2026-07-30T11:34:13Z,1785411253914780650,706,6688,6896,5,166,122058,323760001,200,196,196,448255598,353826
685,2026-07-30T11:34:14Z,1785411254947583467,707,6740,6896,5,166,122250,323760776,200,196,196,448255598,353826
686,2026-07-30T11:34:15Z,1785411255982919402,708,6688,6896,5,166,122443,323761549,200,196,196,448255598,353826
687,2026-07-30T11:34:17Z,1785411257016306541,710,6716,6896,5,166,122638,323762329,200,196,196,448255598,353826
688,2026-07-30T11:34:18Z,1785411258048821771,711,6716,6896,5,166,122830,323763098,200,196,196,448255598,353826
689,2026-07-30T11:34:19Z,1785411259081310710,712,6748,6896,5,166,123024,323763876,200,196,196,448255598,353826
690,2026-07-30T11:34:20Z,1785411260113362278,713,6688,6896,5,166,123216,323764640,200,196,196,448255598,353826
691,2026-07-30T11:34:21Z,1785411261146297406,714,6688,6896,5,166,123410,323765414,200,196,196,448255598,353826
692,2026-07-30T11:34:22Z,1785411262179349577,715,6696,6896,5,168,123603,323766185,200,196,196,448255598,353826
693,2026-07-30T11:34:23Z,1785411263212161645,716,6696,6896,5,168,123797,323766957,200,196,196,448255598,353826
694,2026-07-30T11:34:24Z,1785411264243553850,717,6696,6896,5,168,123986,323767739,200,196,196,448255598,353826
695,2026-07-30T11:34:25Z,1785411265276940247,718,6696,6896,5,168,124175,323768511,200,196,196,448255598,353826
696,2026-07-30T11:34:26Z,1785411266309671840,719,6696,6896,5,168,124367,323769286,200,196,196,448255598,353826
697,2026-07-30T11:34:27Z,1785411267343348508,720,6752,6896,5,168,124557,323770056,200,196,196,448255598,353826
698,2026-07-30T11:34:28Z,1785411268375566214,721,6696,6896,5,168,124748,323770838,200,196,196,448255598,353826
699,2026-07-30T11:34:29Z,1785411269407368647,722,6696,6896,5,168,124939,323771617,200,196,196,448255598,353826
700,2026-07-30T11:34:30Z,1785411270440100736,723,6696,6896,5,168,125130,323772391,200,196,196,448255598,353826
701,2026-07-30T11:34:31Z,1785411271473780630,724,6740,6896,5,168,125323,323773162,200,196,196,448255598,353826
702,2026-07-30T11:34:32Z,1785411272507330556,725,6696,6896,5,168,125515,323773941,200,196,196,448255598,353826
703,2026-07-30T11:34:33Z,1785411273540500307,726,6696,6896,5,168,125708,323774719,200,196,196,448255598,353826
704,2026-07-30T11:34:34Z,1785411274572151717,727,6704,6896,5,168,125898,323775497,200,196,196,448255598,353826
705,2026-07-30T11:34:35Z,1785411275604605642,728,6696,6896,5,168,126091,323776269,200,196,196,448255598,353826
706,2026-07-30T11:34:36Z,1785411276638667154,729,6696,6896,5,168,126283,323777047,200,196,196,448255598,353826
707,2026-07-30T11:34:37Z,1785411277670369887,730,6696,6896,5,168,126474,323777821,200,196,196,448255598,353826
708,2026-07-30T11:34:38Z,1785411278703194965,731,6696,6896,5,168,126665,323778595,200,196,196,448255598,353826
709,2026-07-30T11:34:39Z,1785411279736688411,732,6696,6896,5,168,126858,323779366,200,196,196,448255598,353826
710,2026-07-30T11:34:40Z,1785411280769416019,733,6696,6896,5,168,127052,323780138,200,196,196,448255598,353826
711,2026-07-30T11:34:41Z,1785411281803547652,734,6716,6896,5,168,127245,323780913,200,196,196,448255598,353826
712,2026-07-30T11:34:42Z,1785411282837507533,735,6696,6896,5,168,127438,323781678,200,196,196,448255598,353826
713,2026-07-30T11:34:43Z,1785411283870838859,736,6696,6896,5,168,127630,323782445,200,196,196,448255598,353826
714,2026-07-30T11:34:44Z,1785411284902865247,737,6716,6896,5,171,127823,323783216,200,196,196,448255598,353826
715,2026-07-30T11:34:45Z,1785411285936828164,738,6716,6896,5,171,128016,323783996,200,196,196,448255598,353826
716,2026-07-30T11:34:46Z,1785411286971895514,739,6716,6896,5,171,128209,323784771,200,196,196,448255598,353826
717,2026-07-30T11:34:48Z,1785411288005810280,741,6716,6896,5,171,128399,323785545,200,196,196,448255598,353826
718,2026-07-30T11:34:49Z,1785411289038718886,742,6720,6896,5,171,128589,323786317,200,196,196,448255598,353826
719,2026-07-30T11:34:50Z,1785411290070605405,743,6716,6896,5,171,128779,323787088,200,196,196,448255598,353826
720,2026-07-30T11:34:51Z,1785411291103550856,744,6716,6896,5,171,128967,323787860,200,196,196,448255598,353826
721,2026-07-30T11:34:52Z,1785411292136913221,745,6716,6896,5,171,129160,323788633,200,196,196,448255598,353826
722,2026-07-30T11:34:53Z,1785411293170827224,746,6716,6896,5,171,129350,323789406,200,196,196,448255598,353826
723,2026-07-30T11:34:54Z,1785411294203337277,747,6716,6896,5,171,129541,323790181,200,196,196,448255598,353826
724,2026-07-30T11:34:55Z,1785411295236700055,748,6716,6896,5,171,129729,323790953,200,196,196,448255598,353826
725,2026-07-30T11:34:56Z,1785411296269577777,749,6720,6896,5,172,129920,323791729,200,196,196,448255598,353827
726,2026-07-30T11:34:57Z,1785411297302428756,750,6720,6896,5,172,130111,323792507,200,196,196,448255598,353827
727,2026-07-30T11:34:58Z,1785411298336793662,751,6720,6896,5,172,130304,323793275,200,196,196,448255598,353827
728,2026-07-30T11:34:59Z,1785411299370435362,752,6720,6896,5,172,130496,323794047,200,196,196,448255598,353827
729,2026-07-30T11:35:00Z,1785411300403926073,753,6720,6896,5,172,130687,323794825,200,196,196,448255598,353827
730,2026-07-30T11:35:01Z,1785411301437981357,754,6720,6896,5,172,130881,323795600,200,196,196,448255598,353827
731,2026-07-30T11:35:02Z,1785411302472841766,755,6720,6896,5,172,131077,323796372,200,196,196,448255598,353827
732,2026-07-30T11:35:03Z,1785411303508767978,756,6720,6896,5,172,131271,323797145,200,196,196,448255598,353827
733,2026-07-30T11:35:04Z,1785411304541742692,757,6720,6896,5,172,131465,323797925,200,196,196,448255598,353827
734,2026-07-30T11:35:05Z,1785411305575321160,758,6784,6896,5,172,131656,323798698,200,196,196,448255598,353827
735,2026-07-30T11:35:06Z,1785411306607150364,759,6720,6896,5,172,131848,323799473,200,196,196,448255598,353827
736,2026-07-30T11:35:07Z,1785411307641210756,760,6720,6896,5,172,132042,323800240,200,196,196,448255598,353827
737,2026-07-30T11:35:08Z,1785411308673557563,761,6720,6896,5,172,132236,323801011,200,196,196,448255598,353827
738,2026-07-30T11:35:09Z,1785411309704688185,762,6752,6896,5,172,132427,323801786,200,196,196,448255598,353827
739,2026-07-30T11:35:10Z,1785411310736234591,763,6720,6896,5,172,132616,323802562,200,196,196,448255598,353827
740,2026-07-30T11:35:11Z,1785411311769278365,764,6720,6896,5,172,132808,323803335,200,196,196,448255598,353827
741,2026-07-30T11:35:12Z,1785411312802662387,765,6720,6896,5,172,132999,323804114,200,196,196,448255598,353827
742,2026-07-30T11:35:13Z,1785411313836871658,766,6720,6896,5,172,133192,323804890,200,196,196,448255598,353827
743,2026-07-30T11:35:14Z,1785411314869530706,767,6704,6896,5,168,133382,323805663,200,196,196,448255598,353827
744,2026-07-30T11:35:15Z,1785411315903676247,768,6704,6896,5,168,133574,323806437,200,196,196,448255598,353827
745,2026-07-30T11:35:16Z,1785411316936845212,769,6704,6896,5,168,133767,323807211,200,196,196,448255598,353827
746,2026-07-30T11:35:17Z,1785411317969133867,770,6704,6896,5,168,133960,323807988,200,196,196,448255598,353827
747,2026-07-30T11:35:19Z,1785411319005431056,772,6740,6896,5,168,134156,323808761,200,196,196,448255598,353827
748,2026-07-30T11:35:20Z,1785411320036885193,773,6768,6896,5,168,134350,323809535,200,196,196,448255598,353827
749,2026-07-30T11:35:21Z,1785411321071368960,774,6708,6896,5,168,134545,323810312,200,196,196,448255598,353827
750,2026-07-30T11:35:22Z,1785411322105116696,775,6736,6896,5,168,134737,323811090,200,196,196,448255598,353827
751,2026-07-30T11:35:23Z,1785411323138209400,776,6704,6896,5,168,134928,323811862,200,196,196,448255598,353827
752,2026-07-30T11:35:24Z,1785411324172117809,777,6704,6896,5,168,135120,323812641,200,196,196,448255598,353827
753,2026-07-30T11:35:25Z,1785411325204996596,778,6704,6896,5,168,135310,323813409,200,196,196,448255598,353827
754,2026-07-30T11:35:26Z,1785411326238273503,779,6652,6896,5,165,135500,323814181,200,196,196,448255598,353827
755,2026-07-30T11:35:27Z,1785411327271427018,780,6652,6896,5,165,135692,323814958,200,196,196,448255598,353827
756,2026-07-30T11:35:28Z,1785411328304255811,781,6692,6896,5,165,135884,323815725,200,196,196,448255598,353827
757,2026-07-30T11:35:29Z,1785411329336575216,782,6676,6896,5,165,136073,323816494,200,196,196,448255598,353827
758,2026-07-30T11:35:30Z,1785411330369185021,783,6652,6896,5,165,136262,323817268,200,196,196,448255598,353827
759,2026-07-30T11:35:31Z,1785411331403042508,784,6692,6896,5,170,136454,323818047,200,196,196,448255598,353827
760,2026-07-30T11:35:32Z,1785411332435283822,785,6692,6896,5,170,136646,323818820,200,196,196,448255598,353827
761,2026-07-30T11:35:33Z,1785411333466434543,786,6692,6896,5,170,136831,323819590,200,196,196,448255598,353827
762,2026-07-30T11:35:34Z,1785411334500472368,787,6692,6896,5,170,137023,323820364,200,196,196,448255598,353827
763,2026-07-30T11:35:35Z,1785411335530756058,788,6692,6896,5,170,137213,323821141,200,196,196,448255598,353827
764,2026-07-30T11:35:36Z,1785411336563669693,789,6692,6896,5,170,137404,323821912,200,196,196,448255598,353827
765,2026-07-30T11:35:37Z,1785411337597420718,790,6724,6896,5,170,137593,323822689,200,196,196,448255598,353827
766,2026-07-30T11:35:38Z,1785411338630079127,791,6684,6896,5,167,137780,323823465,200,196,196,448255598,353827
767,2026-07-30T11:35:39Z,1785411339663152693,792,6744,6896,5,167,137971,323824243,200,196,196,448255598,353827
768,2026-07-30T11:35:40Z,1785411340695374990,793,6744,6896,5,167,138165,323825019,200,196,196,448255598,353827
769,2026-07-30T11:35:41Z,1785411341728392652,794,6680,6896,5,167,138352,323825796,200,196,196,448255598,353827
770,2026-07-30T11:35:42Z,1785411342760551525,795,6680,6896,5,167,138541,323826565,200,196,196,448255598,353827
771,2026-07-30T11:35:43Z,1785411343792636773,796,6680,6896,5,167,138732,323827343,200,196,196,448255598,353827
772,2026-07-30T11:35:44Z,1785411344825973834,797,6680,6896,5,167,138924,323828121,200,196,196,448255598,353827
773,2026-07-30T11:35:45Z,1785411345860002698,798,6680,6896,5,167,139117,323828891,200,196,196,448255598,353827
774,2026-07-30T11:35:46Z,1785411346893141239,799,6680,6896,5,167,139311,323829664,200,196,196,448255598,353827
775,2026-07-30T11:35:47Z,1785411347926172851,800,6780,6896,5,167,139503,323830442,200,196,196,448255598,353827
776,2026-07-30T11:35:48Z,1785411348958179311,801,6680,6896,5,167,139693,323831218,200,196,196,448255598,353827
777,2026-07-30T11:35:49Z,1785411349991433300,802,6680,6896,5,167,139885,323831987,200,196,196,448255598,353827
778,2026-07-30T11:35:51Z,1785411351025304371,804,6692,6896,5,167,140074,323832760,200,196,196,448255598,353827
779,2026-07-30T11:35:52Z,1785411352058589460,805,6680,6896,5,167,140267,323833536,200,196,196,448255598,353827
780,2026-07-30T11:35:53Z,1785411353091492989,806,6680,6896,5,167,140458,323834308,200,196,196,448255598,353827
781,2026-07-30T11:35:54Z,1785411354125368695,807,6780,6896,5,180,140653,323835076,200,196,196,448255598,353827
782,2026-07-30T11:35:55Z,1785411355157913953,808,6744,6896,5,180,140842,323835853,200,196,196,448255598,353827
783,2026-07-30T11:35:56Z,1785411356189179803,809,6744,6896,5,180,141025,323836635,200,196,196,448255598,353827
784,2026-07-30T11:35:57Z,1785411357220025134,810,6744,6896,5,180,141208,323837417,200,196,196,448255598,353827
785,2026-07-30T11:35:58Z,1785411358251142733,811,6744,6896,5,180,141390,323838204,200,196,196,448255598,353827
786,2026-07-30T11:35:59Z,1785411359282651018,812,6744,6896,5,180,141575,323838982,200,196,196,448255598,353827
787,2026-07-30T11:36:00Z,1785411360313755808,813,6744,6896,5,180,141756,323839765,200,196,196,448255598,353827
788,2026-07-30T11:36:01Z,1785411361345101154,814,6740,6896,5,179,141937,323840551,200,196,196,448255598,353827
789,2026-07-30T11:36:02Z,1785411362377206542,815,6740,6896,5,179,142119,323841329,200,196,196,448255598,353827
790,2026-07-30T11:36:03Z,1785411363408841345,816,6744,6896,5,179,142301,323842107,200,196,196,448255598,353827
791,2026-07-30T11:36:04Z,1785411364439184825,817,6740,6896,5,179,142486,323842882,200,196,196,448255598,353827
792,2026-07-30T11:36:05Z,1785411365470414057,818,6740,6896,5,179,142675,323843657,200,196,196,448255598,353827
793,2026-07-30T11:36:06Z,1785411366501842419,819,6740,6896,5,179,142863,323844432,200,196,196,448255598,353827
794,2026-07-30T11:36:07Z,1785411367534336288,820,6740,6896,5,179,143054,323845217,200,196,196,448255598,353827
795,2026-07-30T11:36:08Z,1785411368567565271,821,6740,6896,5,179,143241,323845991,200,196,196,448255598,353827
796,2026-07-30T11:36:09Z,1785411369599818486,822,6752,6896,5,179,143428,323846776,200,196,196,448255598,353827
797,2026-07-30T11:36:10Z,1785411370632046130,823,6740,6896,5,179,143612,323847555,200,196,196,448255598,353827
798,2026-07-30T11:36:11Z,1785411371664299156,824,6744,6896,5,179,143798,323848337,200,196,196,448255598,353827
799,2026-07-30T11:36:12Z,1785411372695537811,825,6740,6896,5,179,143987,323849118,200,196,196,448255598,353828
800,2026-07-30T11:36:13Z,1785411373726385845,826,6740,6896,5,179,144177,323849895,200,196,196,448255598,353828
801,2026-07-30T11:36:14Z,1785411374759986828,827,6740,6896,5,179,144363,323850670,200,196,196,448255598,353828
802,2026-07-30T11:36:15Z,1785411375793813147,828,6804,6896,5,179,144553,323851443,200,196,196,448255598,353828
803,2026-07-30T11:36:16Z,1785411376827528865,829,6772,6896,5,179,144746,323852222,200,196,196,448255598,353828
804,2026-07-30T11:36:17Z,1785411377859552400,830,6776,6896,5,179,144932,323852996,200,196,196,448255598,353828
805,2026-07-30T11:36:18Z,1785411378891654051,831,6776,6896,5,179,145122,323853768,200,196,196,448255598,353828
806,2026-07-30T11:36:19Z,1785411379925080858,832,6776,6896,5,179,145311,323854543,200,196,196,448255598,353828
807,2026-07-30T11:36:20Z,1785411380958379930,833,6776,6896,5,179,145499,323855320,200,196,196,448255598,353828
808,2026-07-30T11:36:21Z,1785411381989567766,834,6776,6896,5,179,145686,323856097,200,196,196,448255598,353828
809,2026-07-30T11:36:23Z,1785411383021926098,836,6776,6896,5,179,145873,323856880,200,196,196,448255598,353828
810,2026-07-30T11:36:24Z,1785411384054486342,837,6748,6896,5,172,146061,323857658,200,196,196,448255598,353829
811,2026-07-30T11:36:25Z,1785411385086858938,838,6804,6896,5,172,146248,323858439,200,196,196,448255598,353829
812,2026-07-30T11:36:26Z,1785411386120615556,839,6748,6896,5,172,146438,323859208,200,196,196,448255598,353829
813,2026-07-30T11:36:27Z,1785411387152902134,840,6752,6896,5,172,146626,323859988,200,196,196,448255598,353829
814,2026-07-30T11:36:28Z,1785411388187046853,841,6752,6896,5,172,146812,323860763,200,196,196,448255598,353829
815,2026-07-30T11:36:29Z,1785411389219941453,842,6748,6896,5,172,147000,323861539,200,196,196,448255598,353829
816,2026-07-30T11:36:30Z,1785411390251611058,843,6772,6896,5,173,147187,323862318,200,196,196,448255598,353829
817,2026-07-30T11:36:31Z,1785411391285770692,844,6772,6896,5,173,147376,323863093,200,196,196,448255598,353829
818,2026-07-30T11:36:32Z,1785411392318682174,845,6772,6896,5,173,147566,323863858,200,196,196,448255598,353829
819,2026-07-30T11:36:33Z,1785411393350058378,846,6772,6896,5,173,147756,323864628,200,196,196,448255598,353829
820,2026-07-30T11:36:34Z,1785411394384497656,847,6772,6896,5,173,147944,323865398,200,196,196,448255598,353829
821,2026-07-30T11:36:35Z,1785411395416311041,848,6772,6896,5,173,148133,323866181,200,196,196,448255598,353829
822,2026-07-30T11:36:36Z,1785411396449770931,849,6772,6896,5,173,148323,323866958,200,196,196,448255598,353829
823,2026-07-30T11:36:37Z,1785411397483613653,850,6836,6896,5,173,148512,323867739,200,196,196,448255598,353829
824,2026-07-30T11:36:38Z,1785411398515250165,851,6772,6896,5,173,148700,323868514,200,196,196,448255598,353829
825,2026-07-30T11:36:39Z,1785411399547158047,852,6772,6896,5,173,148887,323869288,200,196,196,448255598,353829
826,2026-07-30T11:36:40Z,1785411400579581410,853,6808,6896,5,173,149078,323870066,200,196,196,448255598,353829
827,2026-07-30T11:36:41Z,1785411401612264830,854,6808,6896,5,173,149265,323870843,200,196,196,448255598,353829
828,2026-07-30T11:36:42Z,1785411402644291156,855,6800,6896,5,173,149451,323871622,200,196,196,448255598,353829
829,2026-07-30T11:36:43Z,1785411403677320523,856,6772,6896,5,173,149640,323872397,200,196,196,448255598,353829
830,2026-07-30T11:36:44Z,1785411404708793665,857,6772,6896,5,173,149828,323873174,200,196,196,448255598,353829
831,2026-07-30T11:36:45Z,1785411405740959031,858,6772,6896,5,173,150014,323873952,200,196,196,448255598,353829
832,2026-07-30T11:36:46Z,1785411406782025277,859,6732,6896,5,165,150203,323874732,200,196,196,448255598,353829
833,2026-07-30T11:36:47Z,1785411407813388895,860,6732,6896,5,165,150380,323875516,200,196,196,448255598,353829
834,2026-07-30T11:36:48Z,1785411408845484719,861,6732,6896,5,165,150556,323876285,200,196,196,448255598,353829
835,2026-07-30T11:36:49Z,1785411409877482788,862,6732,6896,5,165,150740,323877065,200,196,196,448255598,353829
836,2026-07-30T11:36:50Z,1785411410909664172,863,6732,6896,5,165,150929,323877841,200,196,196,448255598,353829
837,2026-07-30T11:36:51Z,1785411411943179154,864,6732,6896,5,165,151119,323878617,200,196,196,448255598,353829
838,2026-07-30T11:36:52Z,1785411412975993719,865,6732,6896,5,165,151313,323879386,200,196,196,448255598,353829
839,2026-07-30T11:36:54Z,1785411414009290606,867,6796,6896,5,165,151505,323880161,200,196,196,448255598,353829
840,2026-07-30T11:36:55Z,1785411415042495226,868,6732,6896,5,165,151698,323880927,200,196,196,448255598,353829
841,2026-07-30T11:36:56Z,1785411416077942608,869,6796,6896,5,165,151891,323881699,200,196,196,448255598,353829
842,2026-07-30T11:36:57Z,1785411417110228302,870,6732,6896,5,165,152082,323882478,200,196,196,448255598,353829
843,2026-07-30T11:36:58Z,1785411418142576211,871,6732,6896,5,165,152276,323883244,200,196,196,448255598,353829
844,2026-07-30T11:36:59Z,1785411419175239657,872,6732,6896,5,165,152465,323884025,200,196,196,448255598,353829
845,2026-07-30T11:37:00Z,1785411420208147066,873,6660,6896,5,162,152656,323884800,200,196,196,448255598,353829
846,2026-07-30T11:37:01Z,1785411421241223078,874,6660,6896,5,162,152849,323885573,200,196,196,448255598,353829
847,2026-07-30T11:37:02Z,1785411422274757346,875,6660,6896,5,162,153043,323886348,200,196,196,448255598,353829
848,2026-07-30T11:37:03Z,1785411423309137250,876,6660,6896,5,162,153237,323887129,200,196,196,448255598,353829
849,2026-07-30T11:37:04Z,1785411424340987634,877,6684,6896,5,163,153426,323887902,200,196,196,448255598,353829
850,2026-07-30T11:37:05Z,1785411425373478893,878,6684,6896,5,163,153613,323888679,200,196,196,448255598,353829
851,2026-07-30T11:37:06Z,1785411426404556122,879,6684,6896,5,163,153800,323889458,200,196,196,448255598,353829
852,2026-07-30T11:37:07Z,1785411427436320441,880,6684,6896,5,163,153989,323890240,200,196,196,448255598,353829
853,2026-07-30T11:37:08Z,1785411428468280447,881,6684,6896,5,163,154176,323891012,200,196,196,448255598,353829
854,2026-07-30T11:37:09Z,1785411429500151738,882,6728,6896,5,163,154364,323891791,200,196,196,448255598,353829
855,2026-07-30T11:37:10Z,1785411430533038362,883,6552,6896,5,130,154552,323892570,200,196,196,448255598,353829
856,2026-07-30T11:37:11Z,1785411431566122823,884,6552,6896,5,130,154742,323893352,200,196,196,448255598,353829
857,2026-07-30T11:37:12Z,1785411432597945046,885,6632,6896,5,135,154927,323894125,200,196,196,448255600,353829
858,2026-07-30T11:37:13Z,1785411433629716294,886,6632,6896,5,135,155113,323894897,200,196,196,448255600,353829
859,2026-07-30T11:37:14Z,1785411434661343317,887,6632,6896,5,135,155296,323895677,200,196,196,448255600,353829
860,2026-07-30T11:37:15Z,1785411435694682706,888,6664,6896,5,135,155482,323896455,200,196,196,448255600,353829
861,2026-07-30T11:37:16Z,1785411436727046848,889,6632,6896,5,135,155667,323897230,200,196,196,448255600,353829
862,2026-07-30T11:37:17Z,1785411437758247428,890,6632,6896,5,135,155851,323898003,200,196,196,448255600,353829
863,2026-07-30T11:37:18Z,1785411438789929380,891,6724,6896,5,135,156036,323898781,200,196,196,448255600,353829
864,2026-07-30T11:37:19Z,1785411439823494388,892,6632,6896,5,135,156221,323899570,200,196,196,448255600,353829
865,2026-07-30T11:37:20Z,1785411440854862981,893,6632,6896,5,135,156404,323900347,200,196,196,448255600,353829
866,2026-07-30T11:37:21Z,1785411441887878130,894,6656,6896,5,135,156588,323901135,200,196,196,448255600,353829
867,2026-07-30T11:37:22Z,1785411442919851890,895,6632,6896,5,135,156775,323901914,200,196,196,448255600,353829
868,2026-07-30T11:37:23Z,1785411443951309397,896,6632,6896,5,135,156963,323902688,200,196,196,448255600,353829
869,2026-07-30T11:37:24Z,1785411444982607561,897,6632,6896,5,135,157152,323903465,200,196,196,448255600,353829
870,2026-07-30T11:37:26Z,1785411446014117718,899,6656,6896,5,136,157341,323904240,200,196,196,448255600,353829
871,2026-07-30T11:37:27Z,1785411447047691870,900,6656,6896,5,136,157526,323905026,200,196,196,448255600,353829
872,2026-07-30T11:37:28Z,1785411448078710973,901,6652,6896,5,135,157713,323905803,200,196,196,448255600,353829
873,2026-07-30T11:37:29Z,1785411449111041686,902,6652,6896,5,135,157896,323906583,200,196,196,448255600,353829
874,2026-07-30T11:37:30Z,1785411450142721214,903,6652,6896,5,135,158040,323907366,200,196,196,448255600,353829
875,2026-07-30T11:37:31Z,1785411451173168627,904,6652,6896,5,135,158121,323908164,200,196,196,448255600,353829
876,2026-07-30T11:37:32Z,1785411452210217293,905,6652,6896,5,135,158125,323908990,200,196,196,448255600,353829
877,2026-07-30T11:37:33Z,1785411453237549865,906,6068,6896,5,119,158125,323909814,200,196,196,448255600,353829
878,2026-07-30T11:37:34Z,1785411454264767215,907,6068,6896,5,119,158126,323910634,200,196,196,448255600,353829
879,2026-07-30T11:37:35Z,1785411455292260829,908,6068,6896,5,119,158126,323911454,200,196,196,448255600,353829
880,2026-07-30T11:37:36Z,1785411456319281529,909,6068,6896,5,119,158126,323912274,200,196,196,448255600,353829
881,2026-07-30T11:37:37Z,1785411457345867214,910,6068,6896,5,119,158126,323913094,200,196,196,448255600,353829
882,2026-07-30T11:37:38Z,1785411458373525188,911,6068,6896,5,119,158126,323913913,200,196,196,448255600,353829
883,2026-07-30T11:37:39Z,1785411459400108470,912,5944,6896,5,100,158126,323914732,200,196,196,448255600,353829
884,2026-07-30T11:37:40Z,1785411460427132764,913,5944,6896,5,100,158126,323915553,200,196,196,448255600,353829
885,2026-07-30T11:37:41Z,1785411461454165452,914,5944,6896,5,100,158126,323916373,200,196,196,448255600,353829
886,2026-07-30T11:37:42Z,1785411462480761490,915,5944,6896,5,100,158126,323917195,200,196,196,448255600,353829
887,2026-07-30T11:37:43Z,1785411463507330226,916,5944,6896,5,100,158126,323918015,200,196,196,448255600,353829
888,2026-07-30T11:37:44Z,1785411464534742753,917,5944,6896,5,100,158126,323918835,200,196,196,448255600,353829
889,2026-07-30T11:37:45Z,1785411465562342208,918,5944,6896,5,100,158126,323919657,200,196,196,448255600,353829
890,2026-07-30T11:37:46Z,1785411466590419682,919,5944,6896,5,100,158126,323920477,200,196,196,448255600,353829
891,2026-07-30T11:37:47Z,1785411467618302081,920,5944,6896,5,100,158126,323921298,200,196,196,448255600,353829
892,2026-07-30T11:37:48Z,1785411468645915267,921,5944,6896,5,100,158126,323922120,200,196,196,448255600,353829
893,2026-07-30T11:37:49Z,1785411469673036007,922,5600,6896,5,14,158127,323922940,200,196,196,448255600,353829
894,2026-07-30T11:37:50Z,1785411470699570060,923,5600,6896,5,14,158127,323923761,200,196,196,448255600,353829
895,2026-07-30T11:37:51Z,1785411471726371504,924,5600,6896,5,14,158127,323924583,200,196,196,448255600,353829
896,2026-07-30T11:37:52Z,1785411472752831336,925,5600,6896,5,14,158127,323925403,200,196,196,448255600,353829
897,2026-07-30T11:37:53Z,1785411473779317660,926,5600,6896,5,14,158127,323926224,200,196,196,448255600,353829
898,2026-07-30T11:37:54Z,1785411474805817266,927,5600,6896,5,14,158127,323927045,200,196,196,448255600,353829
899,2026-07-30T11:37:55Z,1785411475832809037,928,5600,6896,5,14,158127,323927865,200,196,196,448255600,353829
900,2026-07-30T11:37:56Z,1785411476859556164,929,5600,6896,5,14,158127,323928686,200,196,196,448255600,353829
901,2026-07-30T11:37:57Z,1785411477886376191,930,5600,6896,5,14,158127,323929507,200,196,196,448255600,353829
902,2026-07-30T11:37:58Z,1785411478913438111,931,5600,6896,5,14,158127,323930329,200,196,196,448255600,353829
903,2026-07-30T11:37:59Z,1785411479940414094,932,5600,6896,5,14,158127,323931150,200,196,196,448255600,353829
904,2026-07-30T11:38:00Z,1785411480967607320,933,5600,6896,5,14,158127,323931971,200,196,196,448255600,353829
905,2026-07-30T11:38:01Z,1785411481993857366,934,5600,6896,5,14,158128,323932791,200,196,196,448255600,353829
906,2026-07-30T11:38:03Z,1785411483020565193,936,5600,6896,5,14,158129,323933613,200,196,196,448255600,353829
907,2026-07-30T11:38:04Z,1785411484048672001,937,5600,6896,5,14,158129,323934434,200,196,196,448255600,353829
908,2026-07-30T11:38:05Z,1785411485076143679,938,5600,6896,5,14,158129,323935255,200,196,196,448255600,353829
909,2026-07-30T11:38:06Z,1785411486108595546,939,5600,6896,5,14,158129,323936076,200,196,196,448255600,353829
910,2026-07-30T11:38:07Z,1785411487141485378,940,5600,6896,5,14,158129,323936901,200,196,196,448255600,353829
911,2026-07-30T11:38:08Z,1785411488173219592,941,5600,6896,5,14,158129,323937726,200,196,196,448255600,353829
912,2026-07-30T11:38:09Z,1785411489201792225,942,5600,6896,5,14,158129,323938552,200,196,196,448255600,353829
913,2026-07-30T11:38:10Z,1785411490233865658,943,5600,6896,5,14,158129,323939375,200,196,196,448255600,353829
914,2026-07-30T11:38:11Z,1785411491262313017,944,5600,6896,5,14,158129,323940198,200,196,196,448255600,353829
915,2026-07-30T11:38:12Z,1785411492290955779,945,5600,6896,5,14,158129,323941021,200,196,196,448255600,353829
916,2026-07-30T11:38:13Z,1785411493317859112,946,5600,6896,5,14,158129,323941843,200,196,196,448255600,353829
917,2026-07-30T11:38:14Z,1785411494344553867,947,5600,6896,5,14,158129,323942664,200,196,196,448255600,353829
918,2026-07-30T11:38:15Z,1785411495371176395,948,5600,6896,5,14,158129,323943485,200,196,196,448255600,353829
919,2026-07-30T11:38:16Z,1785411496398627655,949,5600,6896,5,14,158129,323944306,200,196,196,448255600,353829
920,2026-07-30T11:38:17Z,1785411497425483997,950,5600,6896,5,14,158129,323945128,200,196,196,448255600,353829
921,2026-07-30T11:38:18Z,1785411498452358600,951,5600,6896,5,14,158129,323945949,200,196,196,448255600,353829
922,2026-07-30T11:38:19Z,1785411499479202963,952,5600,6896,5,14,158129,323946770,200,196,196,448255600,353829
923,2026-07-30T11:38:20Z,1785411500505935636,953,5600,6896,5,14,158129,323947592,200,196,196,448255600,353829
924,2026-07-30T11:38:21Z,1785411501532577537,954,5600,6896,5,14,158129,323948412,200,196,196,448255600,353829
925,2026-07-30T11:38:22Z,1785411502558997704,955,5600,6896,5,14,158129,323949233,200,196,196,448255600,353829
926,2026-07-30T11:38:23Z,1785411503585412050,956,5600,6896,5,14,158129,323950053,200,196,196,448255600,353829
