sample,utc,unix_nanos,elapsed_s,rss_kib,hwm_kib,threads,fds,proc_ticks,host_ticks,stats_http,stats_curl_exit,stats_bytes,listen_overflows,listen_drops,tcp_abort_on_close,tcp_retrans
0,2026-08-04T04:18:22Z,1785817102461105597,0,3760,3760,4,10,0,2556761,200,0,364,0,0,108,164
1,2026-08-04T04:18:23Z,1785817103465716766,1,3772,3772,4,11,0,2557564,200,0,365,0,0,108,164
2,2026-08-04T04:18:24Z,1785817104469179513,2,3784,3784,4,13,2,2558364,200,0,369,0,0,108,165
3,2026-08-04T04:18:25Z,1785817105472439444,3,3816,3816,4,14,8,2559165,200,0,371,0,0,108,165
4,2026-08-04T04:18:26Z,1785817106476344184,4,4044,4044,4,15,17,2559962,200,0,372,0,0,108,165
5,2026-08-04T04:18:27Z,1785817107481061356,5,4436,4436,4,16,29,2560760,200,0,373,0,0,108,165
6,2026-08-04T04:18:28Z,1785817108485366574,6,4648,4648,4,19,41,2561556,200,0,373,0,0,108,166
7,2026-08-04T04:18:29Z,1785817109489512155,7,4648,4648,4,19,54,2562352,200,0,373,0,0,108,166
8,2026-08-04T04:18:30Z,1785817110494349618,8,4648,4648,4,19,66,2563146,200,0,373,0,0,108,168
9,2026-08-04T04:18:31Z,1785817111498129549,9,4648,4648,4,19,78,2563941,200,0,375,0,0,108,169
10,2026-08-04T04:18:32Z,1785817112502109412,10,4648,4648,4,19,90,2564735,200,0,375,0,0,108,169
11,2026-08-04T04:18:33Z,1785817113505986443,11,4648,4648,4,19,103,2565530,200,0,375,0,0,108,169
12,2026-08-04T04:18:34Z,1785817114510228912,12,4652,4652,4,19,115,2566324,200,0,375,0,0,108,170
13,2026-08-04T04:18:35Z,1785817115512515567,13,4652,4652,4,19,127,2567117,200,0,375,0,0,108,170
14,2026-08-04T04:18:36Z,1785817116516506034,14,4652,4652,4,19,139,2567913,200,0,376,0,0,108,171
15,2026-08-04T04:18:37Z,1785817117521069839,15,4652,4652,4,19,150,2568708,200,0,376,0,0,108,172
16,2026-08-04T04:18:38Z,1785817118524634564,16,4652,4652,4,19,163,2569502,200,0,376,0,0,108,173
17,2026-08-04T04:18:39Z,1785817119527616114,17,4652,4652,4,19,174,2570296,200,0,376,0,0,108,173
18,2026-08-04T04:18:40Z,1785817120531957802,18,4652,4652,4,19,186,2571093,200,0,376,0,0,108,174
19,2026-08-04T04:18:41Z,1785817121535379164,19,4652,4652,4,19,199,2571888,200,0,376,0,0,108,175
20,2026-08-04T04:18:42Z,1785817122539536121,20,4652,4652,4,19,211,2572682,200,0,376,0,0,108,175
21,2026-08-04T04:18:43Z,1785817123543708943,21,4652,4652,4,19,222,2573477,200,0,376,0,0,108,175
22,2026-08-04T04:18:44Z,1785817124549169012,22,4652,4652,4,19,234,2574274,200,0,376,0,0,108,175
23,2026-08-04T04:18:45Z,1785817125552095509,23,4652,4652,4,19,247,2575066,200,0,376,0,0,108,175
24,2026-08-04T04:18:46Z,1785817126555411385,24,4652,4652,4,19,259,2575863,200,0,376,0,0,108,175
25,2026-08-04T04:18:47Z,1785817127559469945,25,4652,4652,4,19,270,2576660,200,0,376,0,0,108,175
26,2026-08-04T04:18:48Z,1785817128563086504,26,4652,4652,4,19,282,2577455,200,0,376,0,0,108,175
27,2026-08-04T04:18:49Z,1785817129567517269,27,4652,4652,4,19,294,2578255,200,0,376,0,0,108,175
28,2026-08-04T04:18:50Z,1785817130570295093,28,4652,4652,4,19,306,2579049,200,0,376,0,0,108,175
29,2026-08-04T04:18:51Z,1785817131574122482,29,4652,4652,4,19,318,2579842,200,0,376,0,0,108,175
30,2026-08-04T04:18:52Z,1785817132578572465,30,4652,4652,4,19,330,2580638,200,0,376,0,0,108,175
31,2026-08-04T04:18:53Z,1785817133581265564,31,4652,4652,4,19,341,2581436,200,0,376,0,0,108,175
32,2026-08-04T04:18:54Z,1785817134585155400,32,4652,4652,4,19,354,2582231,200,0,376,0,0,108,175
33,2026-08-04T04:18:55Z,1785817135588921856,33,4652,4652,4,19,365,2583025,200,0,376,0,0,108,175
34,2026-08-04T04:18:56Z,1785817136593051327,34,4652,4652,4,19,377,2583822,200,0,376,0,0,108,175
35,2026-08-04T04:18:57Z,1785817137597056697,35,4652,4652,4,19,389,2584618,200,0,376,0,0,108,175
36,2026-08-04T04:18:58Z,1785817138600770127,36,4652,4652,4,19,400,2585413,200,0,376,0,0,108,175
37,2026-08-04T04:18:59Z,1785817139605237596,37,4652,4652,4,19,413,2586209,200,0,376,0,0,108,175
38,2026-08-04T04:19:00Z,1785817140608936899,38,4652,4652,4,19,424,2587003,200,0,376,0,0,108,175
39,2026-08-04T04:19:01Z,1785817141612743018,39,4652,4652,4,19,436,2587797,200,0,376,0,0,108,175
40,2026-08-04T04:19:02Z,1785817142616162764,40,4652,4652,4,19,449,2588592,200,0,376,0,0,108,175
41,2026-08-04T04:19:03Z,1785817143619234060,41,4652,4652,4,19,461,2589386,200,0,376,0,0,108,175
42,2026-08-04T04:19:04Z,1785817144623337937,42,4652,4652,4,19,473,2590179,200,0,376,0,0,108,175
43,2026-08-04T04:19:05Z,1785817145627471542,43,4652,4652,4,19,485,2590976,200,0,376,0,0,108,175
44,2026-08-04T04:19:06Z,1785817146632550308,44,4652,4652,4,19,498,2591773,200,0,376,0,0,108,175
45,2026-08-04T04:19:07Z,1785817147635898919,45,4652,4652,4,19,510,2592571,200,0,376,0,0,108,175
46,2026-08-04T04:19:08Z,1785817148639836613,46,4652,4652,4,19,522,2593364,200,0,376,0,0,108,175
47,2026-08-04T04:19:09Z,1785817149643227078,47,4652,4652,4,19,534,2594161,200,0,376,0,0,108,175
48,2026-08-04T04:19:10Z,1785817150646079677,48,4648,4648,4,18,546,2594956,200,0,376,0,0,108,175
49,2026-08-04T04:19:11Z,1785817151650148930,49,4648,4648,4,18,557,2595753,200,0,376,0,0,108,175
50,2026-08-04T04:19:12Z,1785817152654639643,50,4648,4648,4,18,569,2596547,200,0,376,0,0,108,175
51,2026-08-04T04:19:13Z,1785817153657130519,51,4648,4648,4,18,580,2597342,200,0,376,0,0,108,175
52,2026-08-04T04:19:14Z,1785817154661999382,52,4648,4648,4,18,592,2598140,200,0,376,0,0,108,175
53,2026-08-04T04:19:15Z,1785817155665356857,53,4648,4648,4,18,604,2598936,200,0,377,0,0,108,175
54,2026-08-04T04:19:16Z,1785817156668550586,54,4648,4648,4,18,616,2599731,200,0,377,0,0,108,175
55,2026-08-04T04:19:17Z,1785817157672272635,55,4648,4648,4,18,628,2600527,200,0,377,0,0,108,175
56,2026-08-04T04:19:18Z,1785817158676475152,56,4648,4648,4,18,640,2601323,200,0,377,0,0,108,175
57,2026-08-04T04:19:19Z,1785817159680624197,57,4648,4648,4,18,651,2602117,200,0,377,0,0,108,175
58,2026-08-04T04:19:20Z,1785817160684258464,58,4648,4648,4,18,664,2602910,200,0,377,0,0,108,175
59,2026-08-04T04:19:21Z,1785817161688197993,59,4648,4648,4,18,676,2603705,200,0,377,0,0,108,175
60,2026-08-04T04:19:22Z,1785817162692207684,60,4648,4648,4,18,687,2604500,200,0,377,0,0,108,175
61,2026-08-04T04:19:23Z,1785817163696458766,61,4648,4648,4,18,698,2605296,200,0,377,0,0,108,175
62,2026-08-04T04:19:24Z,1785817164700317315,62,4648,4648,4,18,710,2606093,200,0,377,0,0,108,175
63,2026-08-04T04:19:25Z,1785817165704576057,63,4648,4648,4,18,722,2606887,200,0,377,0,0,108,175
64,2026-08-04T04:19:26Z,1785817166709073316,64,4648,4648,4,18,734,2607682,200,0,377,0,0,108,175
65,2026-08-04T04:19:27Z,1785817167712206799,65,4648,4648,4,18,746,2608479,200,0,378,0,0,108,175
66,2026-08-04T04:19:28Z,1785817168716090424,66,4648,4648,4,18,757,2609275,200,0,378,0,0,108,175
67,2026-08-04T04:19:29Z,1785817169720870655,67,4648,4648,4,18,770,2610071,200,0,378,0,0,108,175
68,2026-08-04T04:19:30Z,1785817170725580167,68,4648,4648,4,18,782,2610869,200,0,378,0,0,108,175
69,2026-08-04T04:19:31Z,1785817171728502186,69,4648,4648,4,18,794,2611662,200,0,378,0,0,108,175
70,2026-08-04T04:19:32Z,1785817172731909099,70,4648,4648,4,18,805,2612456,200,0,378,0,0,108,175
71,2026-08-04T04:19:33Z,1785817173734861846,71,4648,4648,4,18,817,2613254,200,0,378,0,0,108,175
72,2026-08-04T04:19:34Z,1785817174738963826,72,4648,4648,4,18,829,2614051,200,0,378,0,0,108,175
73,2026-08-04T04:19:35Z,1785817175743110049,73,4648,4648,4,18,841,2614848,200,0,378,0,0,108,175
74,2026-08-04T04:19:36Z,1785817176747544404,74,4648,4648,4,18,852,2615643,200,0,378,0,0,108,175
75,2026-08-04T04:19:37Z,1785817177751337610,75,4648,4648,4,18,864,2616438,200,0,378,0,0,108,175
76,2026-08-04T04:19:38Z,1785817178755521712,76,4648,4648,4,18,876,2617235,200,0,378,0,0,108,175
77,2026-08-04T04:19:39Z,1785817179759376445,77,4648,4648,4,18,888,2618032,200,0,378,0,0,108,175
78,2026-08-04T04:19:40Z,1785817180763311123,78,4648,4648,4,18,900,2618829,200,0,378,0,0,108,175
79,2026-08-04T04:19:41Z,1785817181768002339,79,4648,4648,4,18,912,2619622,200,0,378,0,0,108,175
80,2026-08-04T04:19:42Z,1785817182771643506,80,4648,4648,4,18,924,2620418,200,0,378,0,0,108,175
81,2026-08-04T04:19:43Z,1785817183775410459,81,4648,4648,4,18,936,2621212,200,0,378,0,0,108,175
82,2026-08-04T04:19:44Z,1785817184779723693,82,4648,4648,4,18,948,2622005,200,0,378,0,0,108,175
83,2026-08-04T04:19:45Z,1785817185783323458,83,4648,4648,4,18,960,2622798,200,0,378,0,0,108,175
84,2026-08-04T04:19:46Z,1785817186787105496,84,4648,4648,4,18,972,2623594,200,0,378,0,0,108,175
85,2026-08-04T04:19:47Z,1785817187790405993,85,4648,4648,4,18,984,2624389,200,0,378,0,0,108,175
86,2026-08-04T04:19:48Z,1785817188794447695,86,4648,4648,4,18,996,2625186,200,0,378,0,0,108,175
87,2026-08-04T04:19:49Z,1785817189798245811,87,4648,4648,4,18,1007,2625983,200,0,378,0,0,108,175
88,2026-08-04T04:19:50Z,1785817190802166321,88,4648,4648,4,18,1019,2626779,200,0,378,0,0,108,175
89,2026-08-04T04:19:51Z,1785817191806190856,89,4648,4648,4,18,1030,2627575,200,0,378,0,0,108,175
90,2026-08-04T04:19:52Z,1785817192810193123,90,4648,4648,4,18,1042,2628373,200,0,378,0,0,108,175
91,2026-08-04T04:19:53Z,1785817193814345019,91,4648,4648,4,18,1054,2629169,200,0,378,0,0,108,175
92,2026-08-04T04:19:54Z,1785817194818218189,92,4648,4648,4,18,1066,2629968,200,0,378,0,0,108,175
93,2026-08-04T04:19:55Z,1785817195822098121,93,4648,4648,4,18,1078,2630760,200,0,378,0,0,108,175
94,2026-08-04T04:19:56Z,1785817196826101582,94,4648,4648,4,18,1090,2631556,200,0,378,0,0,108,175
95,2026-08-04T04:19:57Z,1785817197830336705,95,4648,4648,4,18,1102,2632352,200,0,378,0,0,108,175
96,2026-08-04T04:19:58Z,1785817198834024953,96,4648,4648,4,18,1113,2633147,200,0,378,0,0,108,175
97,2026-08-04T04:19:59Z,1785817199838919803,97,4648,4648,4,18,1125,2633942,200,0,378,0,0,108,175
98,2026-08-04T04:20:00Z,1785817200842380582,98,4648,4648,4,18,1137,2634736,200,0,379,0,0,108,175
99,2026-08-04T04:20:01Z,1785817201846763385,99,4648,4648,4,18,1149,2635534,200,0,379,0,0,108,175
100,2026-08-04T04:20:02Z,1785817202850393510,100,4648,4648,4,18,1162,2636328,200,0,379,0,0,108,175
101,2026-08-04T04:20:03Z,1785817203853764663,101,4648,4648,4,18,1173,2637122,200,0,379,0,0,108,175
102,2026-08-04T04:20:04Z,1785817204857249528,102,4648,4648,4,18,1185,2637915,200,0,379,0,0,108,175
103,2026-08-04T04:20:05Z,1785817205860096348,103,4648,4648,4,18,1197,2638708,200,0,379,0,0,108,175
104,2026-08-04T04:20:06Z,1785817206864268514,104,4648,4648,4,18,1210,2639503,200,0,379,0,0,108,175
105,2026-08-04T04:20:07Z,1785817207868974907,105,4648,4648,4,18,1221,2640301,200,0,379,0,0,108,175
106,2026-08-04T04:20:08Z,1785817208872011605,106,4648,4648,4,18,1233,2641096,200,0,379,0,0,108,175
107,2026-08-04T04:20:09Z,1785817209876361863,107,4648,4648,4,18,1245,2641889,200,0,379,0,0,108,175
108,2026-08-04T04:20:10Z,1785817210879038529,108,4648,4648,4,18,1257,2642685,200,0,379,0,0,108,175
109,2026-08-04T04:20:11Z,1785817211883010355,109,4648,4648,4,18,1268,2643478,200,0,379,0,0,108,175
110,2026-08-04T04:20:12Z,1785817212887333770,110,4648,4648,4,18,1280,2644273,200,0,379,0,0,108,175
111,2026-08-04T04:20:13Z,1785817213891165463,111,4648,4648,4,18,1292,2645071,200,0,379,0,0,108,175
112,2026-08-04T04:20:14Z,1785817214896239123,112,4648,4648,4,18,1303,2645867,200,0,379,0,0,108,175
113,2026-08-04T04:20:15Z,1785817215900271075,113,4648,4648,4,18,1316,2646661,200,0,379,0,0,108,175
114,2026-08-04T04:20:16Z,1785817216904919517,114,4648,4648,4,18,1328,2647455,200,0,379,0,0,108,175
115,2026-08-04T04:20:17Z,1785817217907491470,115,4648,4648,4,18,1340,2648250,200,0,379,0,0,108,175
116,2026-08-04T04:20:18Z,1785817218910817380,116,4648,4648,4,18,1352,2649045,200,0,379,0,0,108,175
117,2026-08-04T04:20:19Z,1785817219914774839,117,4648,4648,4,18,1364,2649837,200,0,379,0,0,108,175
118,2026-08-04T04:20:20Z,1785817220917913355,118,4648,4648,4,18,1376,2650633,200,0,379,0,0,108,175
119,2026-08-04T04:20:21Z,1785817221922859319,119,4648,4648,4,18,1388,2651429,200,0,379,0,0,108,175
120,2026-08-04T04:20:22Z,1785817222926069373,120,4644,4644,4,17,1400,2652223,200,0,379,0,0,108,175
121,2026-08-04T04:20:23Z,1785817223929918970,121,4644,4644,4,17,1411,2653021,200,0,379,0,0,108,175
122,2026-08-04T04:20:24Z,1785817224933511291,122,4608,4608,4,13,1419,2653819,200,0,379,0,0,108,175
123,2026-08-04T04:20:25Z,1785817225936195148,123,4604,4604,4,12,1425,2654618,200,0,379,0,0,108,175
124,2026-08-04T04:20:26Z,1785817226940013246,124,4276,4384,4,10,1425,2655420,200,0,379,0,0,108,175
125,2026-08-04T04:20:27Z,1785817227943640382,125,4276,4384,4,10,1425,2656222,200,0,379,0,0,108,175
126,2026-08-04T04:20:28Z,1785817228947214657,126,4276,4384,4,10,1425,2657024,200,0,379,0,0,108,175
127,2026-08-04T04:20:29Z,1785817229951517703,127,4276,4384,4,10,1425,2657827,200,0,379,0,0,108,175
128,2026-08-04T04:20:30Z,1785817230954547396,128,4276,4384,4,10,1425,2658629,200,0,379,0,0,108,175
129,2026-08-04T04:20:31Z,1785817231959040089,129,4276,4384,4,10,1425,2659433,200,0,379,0,0,108,175
130,2026-08-04T04:20:32Z,1785817232961857108,130,4280,4384,4,11,1425,2660235,200,0,379,0,0,108,175
131,2026-08-04T04:20:33Z,1785817233966189470,131,4288,4384,4,13,1429,2661031,200,0,379,0,0,108,175
132,2026-08-04T04:20:34Z,1785817234969895619,132,4312,4384,4,14,1433,2661829,200,0,379,0,0,108,175
133,2026-08-04T04:20:35Z,1785817235974495792,133,4316,4384,4,15,1444,2662621,200,0,379,0,0,108,175
134,2026-08-04T04:20:36Z,1785817236978464429,134,4640,4640,4,16,1457,2663415,200,0,379,0,0,108,175
135,2026-08-04T04:20:37Z,1785817237981389054,135,4652,4652,4,19,1469,2664203,200,0,379,0,0,108,176
136,2026-08-04T04:20:38Z,1785817238985751458,136,4652,4652,4,19,1480,2664994,200,0,379,0,0,108,176
137,2026-08-04T04:20:39Z,1785817239989110187,137,4652,4652,4,19,1492,2665786,200,0,379,0,0,108,177
138,2026-08-04T04:20:40Z,1785817240992393680,138,4652,4652,4,19,1504,2666576,200,0,379,0,0,108,178
139,2026-08-04T04:20:41Z,1785817241994932570,139,4652,4652,4,19,1516,2667368,200,0,379,0,0,108,179
140,2026-08-04T04:20:42Z,1785817242998353615,140,4652,4652,4,19,1528,2668160,200,0,379,0,0,108,179
141,2026-08-04T04:20:44Z,1785817244002517600,142,4652,4652,4,19,1539,2668950,200,0,379,0,0,108,179
142,2026-08-04T04:20:45Z,1785817245007312760,143,4652,4652,4,19,1552,2669742,200,0,379,0,0,108,179
143,2026-08-04T04:20:46Z,1785817246010091446,144,4652,4652,4,19,1563,2670532,200,0,379,0,0,108,179
144,2026-08-04T04:20:47Z,1785817247014350112,145,4652,4652,4,19,1576,2671322,200,0,379,0,0,108,179
145,2026-08-04T04:20:48Z,1785817248017608000,146,4652,4652,4,19,1588,2672112,200,0,379,0,0,108,179
146,2026-08-04T04:20:49Z,1785817249022044330,147,4652,4652,4,19,1599,2672905,200,0,379,0,0,108,179
147,2026-08-04T04:20:50Z,1785817250025384132,148,4652,4652,4,19,1612,2673697,200,0,379,0,0,108,179
148,2026-08-04T04:20:51Z,1785817251029355646,149,4652,4652,4,19,1623,2674484,200,0,379,0,0,108,179
149,2026-08-04T04:20:52Z,1785817252034418889,150,4652,4652,4,19,1635,2675278,200,0,379,0,0,108,179
150,2026-08-04T04:20:53Z,1785817253037428361,151,4652,4652,4,19,1648,2676068,200,0,379,0,0,108,179
151,2026-08-04T04:20:54Z,1785817254041814029,152,4652,4652,4,19,1659,2676860,200,0,379,0,0,108,179
152,2026-08-04T04:20:55Z,1785817255045602257,153,4652,4652,4,19,1670,2677653,200,0,379,0,0,108,179
153,2026-08-04T04:20:56Z,1785817256049340453,154,4652,4652,4,19,1683,2678445,200,0,379,0,0,108,179
154,2026-08-04T04:20:57Z,1785817257053642500,155,4652,4652,4,19,1695,2679240,200,0,379,0,0,108,179
155,2026-08-04T04:20:58Z,1785817258057450182,156,4652,4652,4,19,1706,2680033,200,0,379,0,0,108,179
156,2026-08-04T04:20:59Z,1785817259061332160,157,4652,4652,4,19,1718,2680824,200,0,379,0,0,108,179
157,2026-08-04T04:21:00Z,1785817260066141376,158,4652,4652,4,19,1730,2681617,200,0,379,0,0,108,179
158,2026-08-04T04:21:01Z,1785817261069606389,159,4652,4652,4,19,1742,2682409,200,0,379,0,0,108,179
159,2026-08-04T04:21:02Z,1785817262073952230,160,4652,4652,4,19,1754,2683202,200,0,379,0,0,108,179
160,2026-08-04T04:21:03Z,1785817263076481108,161,4652,4652,4,19,1766,2683994,200,0,379,0,0,108,179
161,2026-08-04T04:21:04Z,1785817264080416245,162,4652,4652,4,19,1779,2684785,200,0,379,0,0,108,179
162,2026-08-04T04:21:05Z,1785817265085427436,163,4652,4652,4,19,1791,2685581,200,0,379,0,0,108,179
163,2026-08-04T04:21:06Z,1785817266089040038,164,4652,4652,4,19,1803,2686374,200,0,379,0,0,108,179
164,2026-08-04T04:21:07Z,1785817267092517539,165,4652,4652,4,19,1815,2687164,200,0,379,0,0,108,179
165,2026-08-04T04:21:08Z,1785817268095693834,166,4652,4652,4,19,1827,2687955,200,0,379,0,0,108,179
166,2026-08-04T04:21:09Z,1785817269100378366,167,4652,4652,4,19,1839,2688747,200,0,379,0,0,108,179
167,2026-08-04T04:21:10Z,1785817270103518903,168,4652,4652,4,19,1851,2689540,200,0,379,0,0,108,179
168,2026-08-04T04:21:11Z,1785817271107686957,169,4652,4652,4,19,1862,2690333,200,0,379,0,0,108,179
169,2026-08-04T04:21:12Z,1785817272112106418,170,4648,4648,4,18,1874,2691123,200,0,379,0,0,108,179
170,2026-08-04T04:21:13Z,1785817273115348980,171,4648,4648,4,18,1886,2691917,200,0,379,0,0,108,179
171,2026-08-04T04:21:14Z,1785817274118940685,172,4648,4648,4,18,1898,2692707,200,0,379,0,0,108,179
172,2026-08-04T04:21:15Z,1785817275122318814,173,4648,4648,4,18,1911,2693497,200,0,379,0,0,108,179
173,2026-08-04T04:21:16Z,1785817276126133322,174,4648,4648,4,18,1922,2694288,200,0,379,0,0,108,179
174,2026-08-04T04:21:17Z,1785817277130430654,175,4648,4648,4,18,1935,2695082,200,0,379,0,0,108,179
175,2026-08-04T04:21:18Z,1785817278133824158,176,4648,4648,4,18,1947,2695870,200,0,379,0,0,108,179
176,2026-08-04T04:21:19Z,1785817279137102618,177,4648,4648,4,18,1958,2696663,200,0,379,0,0,108,179
177,2026-08-04T04:21:20Z,1785817280141325634,178,4648,4648,4,18,1971,2697453,200,0,379,0,0,108,179
178,2026-08-04T04:21:21Z,1785817281145326245,179,4648,4648,4,18,1982,2698247,200,0,379,0,0,108,179
179,2026-08-04T04:21:22Z,1785817282149915238,180,4648,4648,4,18,1994,2699037,200,0,379,0,0,108,179
180,2026-08-04T04:21:23Z,1785817283153810910,181,4648,4648,4,18,2006,2699830,200,0,379,0,0,108,179
181,2026-08-04T04:21:24Z,1785817284157515340,182,4648,4648,4,18,2018,2700621,200,0,379,0,0,108,179
182,2026-08-04T04:21:25Z,1785817285161819841,183,4648,4648,4,18,2030,2701415,200,0,379,0,0,108,179
183,2026-08-04T04:21:26Z,1785817286165378236,184,4648,4648,4,18,2043,2702208,200,0,379,0,0,108,179
184,2026-08-04T04:21:27Z,1785817287169181174,185,4648,4648,4,18,2055,2703000,200,0,379,0,0,108,179
185,2026-08-04T04:21:28Z,1785817288172668601,186,4648,4648,4,18,2067,2703790,200,0,379,0,0,108,179
186,2026-08-04T04:21:29Z,1785817289175834787,187,4648,4648,4,18,2078,2704583,200,0,379,0,0,108,179
187,2026-08-04T04:21:30Z,1785817290180695223,188,4648,4648,4,18,2090,2705375,200,0,379,0,0,108,179
188,2026-08-04T04:21:31Z,1785817291184275009,189,4648,4648,4,18,2102,2706169,200,0,379,0,0,108,179
189,2026-08-04T04:21:32Z,1785817292187378924,190,4648,4648,4,18,2114,2706960,200,0,379,0,0,108,179
190,2026-08-04T04:21:33Z,1785817293191927411,191,4648,4648,4,18,2126,2707751,200,0,379,0,0,108,179
191,2026-08-04T04:21:34Z,1785817294195096608,192,4648,4648,4,18,2138,2708541,200,0,379,0,0,108,179
192,2026-08-04T04:21:35Z,1785817295199516753,193,4648,4648,4,18,2149,2709332,200,0,379,0,0,108,179
193,2026-08-04T04:21:36Z,1785817296204213495,194,4648,4648,4,18,2162,2710122,200,0,379,0,0,108,179
194,2026-08-04T04:21:37Z,1785817297207528511,195,4648,4648,4,18,2174,2710915,200,0,379,0,0,108,179
195,2026-08-04T04:21:38Z,1785817298210539182,196,4648,4648,4,18,2186,2711707,200,0,379,0,0,108,179
196,2026-08-04T04:21:39Z,1785817299214579489,197,4648,4648,4,18,2197,2712501,200,0,379,0,0,108,179
197,2026-08-04T04:21:40Z,1785817300218546180,198,4648,4648,4,18,2209,2713294,200,0,379,0,0,108,179
198,2026-08-04T04:21:41Z,1785817301222822023,199,4648,4648,4,18,2220,2714085,200,0,379,0,0,108,179
199,2026-08-04T04:21:42Z,1785817302227979820,200,4648,4648,4,18,2233,2714876,200,0,379,0,0,108,179
200,2026-08-04T04:21:43Z,1785817303231222222,201,4648,4648,4,18,2244,2715667,200,0,379,0,0,108,179
201,2026-08-04T04:21:44Z,1785817304235748457,202,4648,4648,4,18,2256,2716458,200,0,379,0,0,108,179
202,2026-08-04T04:21:45Z,1785817305239240825,203,4648,4648,4,18,2269,2717249,200,0,379,0,0,108,179
203,2026-08-04T04:21:46Z,1785817306242170766,204,4648,4648,4,18,2280,2718041,200,0,379,0,0,108,179
204,2026-08-04T04:21:47Z,1785817307246681904,205,4648,4648,4,18,2293,2718833,200,0,379,0,0,108,179
205,2026-08-04T04:21:48Z,1785817308249962613,206,4648,4648,4,18,2304,2719625,200,0,379,0,0,108,179
206,2026-08-04T04:21:49Z,1785817309252953133,207,4648,4648,4,18,2315,2720416,200,0,379,0,0,108,179
207,2026-08-04T04:21:50Z,1785817310256737087,208,4648,4648,4,18,2327,2721208,200,0,379,0,0,108,179
208,2026-08-04T04:21:51Z,1785817311260563542,209,4648,4648,4,18,2339,2722000,200,0,379,0,0,108,179
209,2026-08-04T04:21:52Z,1785817312264593049,210,4648,4648,4,18,2351,2722793,200,0,379,0,0,108,179
210,2026-08-04T04:21:53Z,1785817313269024478,211,4648,4648,4,18,2363,2723585,200,0,379,0,0,108,179
211,2026-08-04T04:21:54Z,1785817314272244569,212,4648,4648,4,18,2375,2724372,200,0,379,0,0,108,179
212,2026-08-04T04:21:55Z,1785817315276499462,213,4648,4648,4,18,2387,2725164,200,0,379,0,0,108,179
213,2026-08-04T04:21:56Z,1785817316280469431,214,4648,4648,4,18,2398,2725957,200,0,379,0,0,108,179
214,2026-08-04T04:21:57Z,1785817317285006375,215,4648,4648,4,18,2410,2726749,200,0,379,0,0,108,179
215,2026-08-04T04:21:58Z,1785817318288274670,216,4648,4648,4,18,2422,2727539,200,0,379,0,0,108,179
216,2026-08-04T04:21:59Z,1785817319291386680,217,4648,4648,4,18,2434,2728329,200,0,379,0,0,108,179
217,2026-08-04T04:22:00Z,1785817320296430362,218,4648,4648,4,18,2447,2729125,200,0,379,0,0,108,179
218,2026-08-04T04:22:01Z,1785817321300359678,219,4648,4648,4,18,2458,2729915,200,0,379,0,0,108,179
219,2026-08-04T04:22:02Z,1785817322304967337,220,4648,4648,4,18,2471,2730706,200,0,379,0,0,108,179
220,2026-08-04T04:22:03Z,1785817323307054399,221,4648,4648,4,18,2483,2731499,200,0,379,0,0,108,179
221,2026-08-04T04:22:04Z,1785817324310988076,222,4648,4648,4,18,2496,2732292,200,0,379,0,0,108,179
222,2026-08-04T04:22:05Z,1785817325315200906,223,4648,4648,4,18,2507,2733083,200,0,379,0,0,108,179
223,2026-08-04T04:22:06Z,1785817326318537139,224,4648,4648,4,18,2519,2733874,200,0,379,0,0,108,179
224,2026-08-04T04:22:07Z,1785817327321351494,225,4648,4648,4,18,2531,2734664,200,0,379,0,0,108,179
225,2026-08-04T04:22:08Z,1785817328325624741,226,4648,4648,4,18,2542,2735456,200,0,379,0,0,108,179
226,2026-08-04T04:22:09Z,1785817329329383138,227,4648,4648,4,18,2554,2736249,200,0,379,0,0,108,179
227,2026-08-04T04:22:10Z,1785817330333292692,228,4648,4648,4,18,2566,2737041,200,0,379,0,0,108,179
228,2026-08-04T04:22:11Z,1785817331337703964,229,4648,4648,4,18,2578,2737831,200,0,379,0,0,108,179
229,2026-08-04T04:22:12Z,1785817332340706181,230,4648,4648,4,18,2590,2738624,200,0,379,0,0,108,179
230,2026-08-04T04:22:13Z,1785817333344635536,231,4648,4648,4,18,2601,2739413,200,0,379,0,0,108,179
231,2026-08-04T04:22:14Z,1785817334348974998,232,4648,4648,4,18,2613,2740204,200,0,379,0,0,108,179
232,2026-08-04T04:22:15Z,1785817335353330836,233,4648,4648,4,18,2626,2740996,200,0,379,0,0,108,179
233,2026-08-04T04:22:16Z,1785817336356271690,234,4648,4648,4,18,2638,2741787,200,0,379,0,0,108,179
234,2026-08-04T04:22:17Z,1785817337360231781,235,4648,4648,4,18,2649,2742580,200,0,379,0,0,108,179
235,2026-08-04T04:22:18Z,1785817338364614796,236,4648,4648,4,18,2661,2743372,200,0,379,0,0,108,179
236,2026-08-04T04:22:19Z,1785817339369248579,237,4648,4648,4,18,2673,2744161,200,0,379,0,0,108,179
237,2026-08-04T04:22:20Z,1785817340372393425,238,4648,4648,4,18,2684,2744952,200,0,379,0,0,108,179
238,2026-08-04T04:22:21Z,1785817341376389462,239,4648,4648,4,18,2697,2745743,200,0,379,0,0,108,179
239,2026-08-04T04:22:22Z,1785817342380407897,240,4648,4648,4,18,2708,2746534,200,0,379,0,0,108,179
240,2026-08-04T04:22:23Z,1785817343384828126,241,4648,4648,4,18,2720,2747327,200,0,379,0,0,108,179
241,2026-08-04T04:22:24Z,1785817344387855713,242,4648,4648,4,18,2732,2748118,200,0,379,0,0,108,179
242,2026-08-04T04:22:25Z,1785817345392371869,243,4648,4648,4,18,2744,2748911,200,0,379,0,0,108,179
243,2026-08-04T04:22:26Z,1785817346395759904,244,4648,4648,4,18,2755,2749701,200,0,379,0,0,108,179
244,2026-08-04T04:22:27Z,1785817347399543041,245,4648,4648,4,18,2768,2750489,200,0,379,0,0,108,179
245,2026-08-04T04:22:28Z,1785817348402756522,246,4648,4648,4,18,2780,2751280,200,0,379,0,0,108,179
246,2026-08-04T04:22:29Z,1785817349406449014,247,4648,4648,4,18,2791,2752069,200,0,379,0,0,108,179
247,2026-08-04T04:22:30Z,1785817350411330295,248,4648,4648,4,18,2804,2752863,200,0,379,0,0,108,179
248,2026-08-04T04:22:31Z,1785817351414676384,249,4648,4648,4,18,2815,2753653,200,0,379,0,0,108,179
249,2026-08-04T04:22:32Z,1785817352419720386,250,4644,4644,4,17,2828,2754443,200,0,379,0,0,108,179
250,2026-08-04T04:22:33Z,1785817353422348288,251,4632,4632,4,14,2839,2755239,200,0,379,0,0,108,179
251,2026-08-04T04:22:34Z,1785817354425943874,252,4608,4608,4,13,2846,2756034,200,0,379,0,0,108,179
252,2026-08-04T04:22:35Z,1785817355428995623,253,4604,4604,4,12,2851,2756834,200,0,379,0,0,108,179
253,2026-08-04T04:22:36Z,1785817356433184879,254,4276,4384,4,10,2851,2757636,200,0,379,0,0,108,179
254,2026-08-04T04:22:37Z,1785817357436789617,255,4276,4384,4,10,2851,2758439,200,0,379,0,0,108,179
255,2026-08-04T04:22:38Z,1785817358440075548,256,4276,4384,4,10,2851,2759241,200,0,379,0,0,108,179
256,2026-08-04T04:22:39Z,1785817359443749872,257,4276,4384,4,10,2851,2760044,200,0,379,0,0,108,179
257,2026-08-04T04:22:40Z,1785817360447375186,258,4276,4384,4,10,2851,2760846,200,0,379,0,0,108,179
258,2026-08-04T04:22:41Z,1785817361451191847,259,4280,4384,4,11,2851,2761649,200,0,379,0,0,108,179
259,2026-08-04T04:22:42Z,1785817362456473457,260,4288,4384,4,13,2852,2762452,200,0,379,0,0,108,179
260,2026-08-04T04:22:43Z,1785817363459371505,261,4312,4384,4,14,2856,2763257,200,0,379,0,0,108,179
261,2026-08-04T04:22:44Z,1785817364465351636,262,4320,4384,4,16,2862,2764065,200,0,379,0,0,108,179
262,2026-08-04T04:22:45Z,1785817365468988908,263,4644,4644,4,17,2874,2764868,200,0,379,0,0,108,179
263,2026-08-04T04:22:46Z,1785817366471450475,264,4652,4652,4,19,2885,2765668,200,0,379,0,0,108,179
264,2026-08-04T04:22:47Z,1785817367474707898,265,4652,4652,4,19,2897,2766469,200,0,379,0,0,108,179
265,2026-08-04T04:22:48Z,1785817368479307578,266,4652,4652,4,19,2910,2767267,200,0,379,0,0,108,179
266,2026-08-04T04:22:49Z,1785817369482716121,267,4652,4652,4,19,2921,2768068,200,0,379,0,0,108,179
267,2026-08-04T04:22:50Z,1785817370486597763,268,4652,4652,4,19,2933,2768867,200,0,379,0,0,108,179
268,2026-08-04T04:22:51Z,1785817371490042143,269,4652,4652,4,19,2945,2769670,200,0,379,0,0,108,179
269,2026-08-04T04:22:52Z,1785817372493725443,270,4652,4652,4,19,2956,2770469,200,0,379,0,0,108,179
270,2026-08-04T04:22:53Z,1785817373497311179,271,4652,4652,4,19,2968,2771271,200,0,379,0,0,108,179
271,2026-08-04T04:22:54Z,1785817374500325460,272,4652,4652,4,19,2980,2772073,200,0,379,0,0,108,179
272,2026-08-04T04:22:55Z,1785817375504135198,273,4652,4652,4,19,2993,2772871,200,0,379,0,0,108,179
273,2026-08-04T04:22:56Z,1785817376508509784,274,4652,4652,4,19,3005,2773669,200,0,379,0,0,108,179
274,2026-08-04T04:22:57Z,1785817377512037185,275,4652,4652,4,19,3017,2774469,200,0,379,0,0,108,179
275,2026-08-04T04:22:58Z,1785817378515371708,276,4652,4652,4,19,3028,2775268,200,0,379,0,0,108,179
276,2026-08-04T04:22:59Z,1785817379519808614,277,4652,4652,4,19,3040,2776070,200,0,379,0,0,108,179
277,2026-08-04T04:23:00Z,1785817380523251148,278,4652,4652,4,19,3052,2776869,200,0,379,0,0,108,179
278,2026-08-04T04:23:01Z,1785817381528305424,279,4652,4652,4,19,3064,2777668,200,0,379,0,0,108,179
279,2026-08-04T04:23:02Z,1785817382532358305,280,4652,4652,4,19,3077,2778465,200,0,379,0,0,108,179
280,2026-08-04T04:23:03Z,1785817383535634070,281,4652,4652,4,19,3090,2779266,200,0,379,0,0,108,179
281,2026-08-04T04:23:04Z,1785817384540247814,282,4652,4652,4,19,3101,2780069,200,0,379,0,0,108,179
282,2026-08-04T04:23:05Z,1785817385543766126,283,4652,4652,4,19,3113,2780872,200,0,379,0,0,108,179
283,2026-08-04T04:23:06Z,1785817386547492553,284,4652,4652,4,19,3126,2781668,200,0,379,0,0,108,179
284,2026-08-04T04:23:07Z,1785817387551719956,285,4652,4652,4,19,3137,2782469,200,0,379,0,0,108,179
285,2026-08-04T04:23:08Z,1785817388555539622,286,4652,4652,4,19,3150,2783267,200,0,379,0,0,108,179
286,2026-08-04T04:23:09Z,1785817389559053878,287,4652,4652,4,19,3162,2784066,200,0,379,0,0,108,179
287,2026-08-04T04:23:10Z,1785817390562363132,288,4652,4652,4,19,3174,2784868,200,0,379,0,0,108,179
288,2026-08-04T04:23:11Z,1785817391565260267,289,4652,4652,4,19,3187,2785669,200,0,379,0,0,108,179
289,2026-08-04T04:23:12Z,1785817392569422808,290,4652,4652,4,19,3198,2786471,200,0,379,0,0,108,179
290,2026-08-04T04:23:13Z,1785817393573463990,291,4652,4652,4,19,3210,2787270,200,0,379,0,0,108,179
291,2026-08-04T04:23:14Z,1785817394577974465,292,4652,4652,4,19,3222,2788069,200,0,379,0,0,108,179
292,2026-08-04T04:23:15Z,1785817395581401013,293,4652,4652,4,19,3234,2788874,200,0,379,0,0,108,179
293,2026-08-04T04:23:16Z,1785817396584970367,294,4652,4652,4,19,3246,2789677,200,0,379,0,0,108,179
294,2026-08-04T04:23:17Z,1785817397587731807,295,4652,4652,4,19,3259,2790478,200,0,379,0,0,108,179
295,2026-08-04T04:23:18Z,1785817398591831246,296,4652,4652,4,19,3271,2791278,200,0,379,0,0,108,179
296,2026-08-04T04:23:19Z,1785817399596290177,297,4652,4652,4,19,3282,2792076,200,0,379,0,0,108,179
297,2026-08-04T04:23:20Z,1785817400599439088,298,4652,4652,4,19,3295,2792875,200,0,379,0,0,108,179
298,2026-08-04T04:23:21Z,1785817401604088963,299,4652,4652,4,19,3307,2793673,200,0,379,0,0,108,179
299,2026-08-04T04:23:22Z,1785817402607460234,300,4652,4652,4,19,3319,2794475,200,0,379,0,0,108,179
300,2026-08-04T04:23:23Z,1785817403611502128,301,4652,4652,4,19,3330,2795279,200,0,379,0,0,108,179
301,2026-08-04T04:23:24Z,1785817404615842443,302,4652,4652,4,19,3342,2796078,200,0,379,0,0,108,179
302,2026-08-04T04:23:25Z,1785817405619413113,303,4652,4652,4,19,3354,2796880,200,0,379,0,0,108,179
303,2026-08-04T04:23:26Z,1785817406623013142,304,4652,4652,4,19,3367,2797681,200,0,379,0,0,108,179
304,2026-08-04T04:23:27Z,1785817407626618818,305,4652,4652,4,19,3379,2798483,200,0,379,0,0,108,179
305,2026-08-04T04:23:28Z,1785817408630535340,306,4652,4652,4,19,3391,2799280,200,0,379,0,0,108,179
306,2026-08-04T04:23:29Z,1785817409634800825,307,4652,4652,4,19,3403,2800078,200,0,379,0,0,108,179
307,2026-08-04T04:23:30Z,1785817410638520938,308,4652,4652,4,19,3415,2800881,200,0,379,0,0,108,179
308,2026-08-04T04:23:31Z,1785817411642322509,309,4652,4652,4,19,3427,2801684,200,0,379,0,0,108,179
309,2026-08-04T04:23:32Z,1785817412645577296,310,4652,4652,4,19,3440,2802485,200,0,379,0,0,108,179
310,2026-08-04T04:23:33Z,1785817413649930187,311,4652,4652,4,19,3452,2803283,200,0,379,0,0,108,179
311,2026-08-04T04:23:34Z,1785817414653186938,312,4652,4652,4,19,3463,2804084,200,0,379,0,0,108,179
312,2026-08-04T04:23:35Z,1785817415657490552,313,4652,4652,4,19,3475,2804885,200,0,379,0,0,108,179
313,2026-08-04T04:23:36Z,1785817416661245077,314,4652,4652,4,19,3488,2805684,200,0,379,0,0,108,179
314,2026-08-04T04:23:37Z,1785817417664227598,315,4652,4652,4,19,3500,2806485,200,0,379,0,0,108,179
315,2026-08-04T04:23:38Z,1785817418668542676,316,4652,4652,4,19,3511,2807288,200,0,379,0,0,108,179
316,2026-08-04T04:23:39Z,1785817419671483166,317,4652,4652,4,19,3524,2808086,200,0,379,0,0,108,179
317,2026-08-04T04:23:40Z,1785817420676161788,318,4652,4652,4,19,3535,2808885,200,0,379,0,0,108,179
318,2026-08-04T04:23:41Z,1785817421679103083,319,4652,4652,4,19,3547,2809684,200,0,379,0,0,108,179
319,2026-08-04T04:23:42Z,1785817422684028958,320,4652,4652,4,19,3560,2810483,200,0,379,0,0,108,179
320,2026-08-04T04:23:43Z,1785817423687499736,321,4652,4652,4,19,3572,2811283,200,0,379,0,0,108,179
321,2026-08-04T04:23:44Z,1785817424692065924,322,4652,4652,4,19,3585,2812080,200,0,379,0,0,108,179
322,2026-08-04T04:23:45Z,1785817425694783328,323,4652,4652,4,19,3598,2812882,200,0,379,0,0,108,179
323,2026-08-04T04:23:46Z,1785817426698177887,324,4652,4652,4,19,3610,2813680,200,0,379,0,0,108,179
324,2026-08-04T04:23:47Z,1785817427701749273,325,4652,4652,4,19,3622,2814475,200,0,379,0,0,108,179
325,2026-08-04T04:23:48Z,1785817428705101354,326,4652,4652,4,19,3634,2815274,200,0,379,0,0,108,179
326,2026-08-04T04:23:49Z,1785817429708792117,327,4652,4652,4,19,3646,2816074,200,0,379,0,0,108,179
327,2026-08-04T04:23:50Z,1785817430712067463,328,4652,4652,4,19,3658,2816876,200,0,379,0,0,108,179
328,2026-08-04T04:23:51Z,1785817431716078706,329,4652,4652,4,19,3669,2817677,200,0,379,0,0,108,179
329,2026-08-04T04:23:52Z,1785817432720217295,330,4652,4652,4,19,3681,2818478,200,0,379,0,0,108,179
330,2026-08-04T04:23:53Z,1785817433725082412,331,4652,4652,4,19,3693,2819279,200,0,379,0,0,108,179
331,2026-08-04T04:23:54Z,1785817434728844332,332,4652,4652,4,19,3705,2820079,200,0,379,0,0,108,179
332,2026-08-04T04:23:55Z,1785817435731845306,333,4652,4652,4,19,3717,2820883,200,0,379,0,0,108,179
333,2026-08-04T04:23:56Z,1785817436736256250,334,4652,4652,4,19,3729,2821681,200,0,379,0,0,108,179
334,2026-08-04T04:23:57Z,1785817437740023923,335,4652,4652,4,19,3741,2822481,200,0,379,0,0,108,179
335,2026-08-04T04:23:58Z,1785817438742856290,336,4652,4652,4,19,3752,2823282,200,0,379,0,0,108,179
336,2026-08-04T04:23:59Z,1785817439747355574,337,4652,4652,4,19,3764,2824081,200,0,379,0,0,108,179
337,2026-08-04T04:24:00Z,1785817440751020393,338,4652,4652,4,19,3777,2824883,200,0,379,0,0,108,179
338,2026-08-04T04:24:01Z,1785817441755288108,339,4652,4652,4,19,3789,2825679,200,0,379,0,0,108,179
339,2026-08-04T04:24:02Z,1785817442759308003,340,4652,4652,4,19,3802,2826479,200,0,379,0,0,108,179
340,2026-08-04T04:24:03Z,1785817443763281743,341,4652,4652,4,19,3814,2827275,200,0,379,0,0,108,179
341,2026-08-04T04:24:04Z,1785817444766298915,342,4652,4652,4,19,3826,2828074,200,0,379,0,0,108,179
342,2026-08-04T04:24:05Z,1785817445770463156,343,4652,4652,4,19,3838,2828873,200,0,379,0,0,108,179
343,2026-08-04T04:24:06Z,1785817446774812091,344,4652,4652,4,19,3850,2829673,200,0,379,0,0,108,179
344,2026-08-04T04:24:07Z,1785817447778993982,345,4652,4652,4,19,3862,2830473,200,0,379,0,0,108,179
345,2026-08-04T04:24:08Z,1785817448782950273,346,4652,4652,4,19,3874,2831272,200,0,379,0,0,108,179
346,2026-08-04T04:24:09Z,1785817449787223778,347,4652,4652,4,19,3886,2832069,200,0,379,0,0,108,179
347,2026-08-04T04:24:10Z,1785817450790341432,348,4652,4652,4,19,3898,2832867,200,0,379,0,0,108,179
348,2026-08-04T04:24:11Z,1785817451795027562,349,4652,4652,4,19,3910,2833664,200,0,379,0,0,108,179
349,2026-08-04T04:24:12Z,1785817452798110175,350,4652,4652,4,19,3922,2834464,200,0,379,0,0,108,179
350,2026-08-04T04:24:13Z,1785817453801954943,351,4652,4652,4,19,3934,2835265,200,0,379,0,0,108,179
351,2026-08-04T04:24:14Z,1785817454806299275,352,4652,4652,4,19,3946,2836066,200,0,379,0,0,108,179
352,2026-08-04T04:24:15Z,1785817455810646973,353,4656,4656,4,20,3959,2836867,200,0,380,0,0,108,179
353,2026-08-04T04:24:16Z,1785817456814067942,354,4656,4656,4,20,3971,2837670,200,0,380,0,0,108,179
354,2026-08-04T04:24:17Z,1785817457817764261,355,4656,4656,4,20,3983,2838472,200,0,380,0,0,108,179
355,2026-08-04T04:24:18Z,1785817458821380467,356,4656,4656,4,20,3995,2839275,200,0,380,0,0,108,179
356,2026-08-04T04:24:19Z,1785817459825073448,357,4656,4656,4,20,4007,2840074,200,0,380,0,0,108,179
357,2026-08-04T04:24:20Z,1785817460828289035,358,4656,4656,4,20,4020,2840874,200,0,380,0,0,108,179
358,2026-08-04T04:24:21Z,1785817461832330394,359,4656,4656,4,20,4031,2841673,200,0,380,0,0,108,179
359,2026-08-04T04:24:22Z,1785817462837289731,360,4656,4656,4,20,4043,2842468,200,0,380,0,0,108,179
360,2026-08-04T04:24:23Z,1785817463840496161,361,4656,4656,4,20,4055,2843270,200,0,380,0,0,108,179
361,2026-08-04T04:24:24Z,1785817464844878199,362,4656,4656,4,20,4067,2844072,200,0,380,0,0,108,179
362,2026-08-04T04:24:25Z,1785817465847839854,363,4656,4656,4,20,4079,2844869,200,0,380,0,0,108,179
363,2026-08-04T04:24:26Z,1785817466852154428,364,4656,4656,4,20,4091,2845667,200,0,380,0,0,108,179
364,2026-08-04T04:24:27Z,1785817467856208908,365,4656,4656,4,20,4103,2846467,200,0,380,0,0,108,179
365,2026-08-04T04:24:28Z,1785817468860019609,366,4656,4656,4,20,4115,2847270,200,0,380,0,0,108,179
366,2026-08-04T04:24:29Z,1785817469865107554,367,4656,4656,4,20,4127,2848074,200,0,380,0,0,108,179
367,2026-08-04T04:24:30Z,1785817470869732176,368,4656,4656,4,20,4139,2848871,200,0,380,0,0,108,179
368,2026-08-04T04:24:31Z,1785817471872949076,369,4656,4656,4,20,4152,2849672,200,0,380,0,0,108,180
369,2026-08-04T04:24:32Z,1785817472876374404,370,4656,4656,4,20,4164,2850473,200,0,380,0,0,108,180
370,2026-08-04T04:24:33Z,1785817473880416890,371,4656,4656,4,20,4175,2851271,200,0,380,0,0,108,180
371,2026-08-04T04:24:34Z,1785817474885103483,372,4656,4656,4,20,4188,2852070,200,0,380,0,0,108,180
372,2026-08-04T04:24:35Z,1785817475888729984,373,4656,4656,4,20,4200,2852871,200,0,380,0,0,108,180
373,2026-08-04T04:24:36Z,1785817476892048416,374,4656,4656,4,20,4212,2853672,200,0,380,0,0,108,180
374,2026-08-04T04:24:37Z,1785817477895098276,375,4656,4656,4,20,4224,2854471,200,0,380,0,0,108,180
375,2026-08-04T04:24:38Z,1785817478899376580,376,4656,4656,4,20,4236,2855272,200,0,380,0,0,108,180
376,2026-08-04T04:24:39Z,1785817479904124945,377,4656,4656,4,20,4247,2856072,200,0,380,0,0,108,180
377,2026-08-04T04:24:40Z,1785817480907642307,378,4656,4656,4,20,4259,2856875,200,0,380,0,0,108,180
378,2026-08-04T04:24:41Z,1785817481910979937,379,4652,4652,4,19,4272,2857677,200,0,379,0,0,108,180
379,2026-08-04T04:24:42Z,1785817482914928188,380,4636,4636,4,15,4281,2858477,200,0,379,0,0,108,180
380,2026-08-04T04:24:43Z,1785817483918438197,381,4612,4612,4,14,4289,2859274,200,0,379,0,0,108,180
381,2026-08-04T04:24:44Z,1785817484922504813,382,4604,4604,4,12,4293,2860073,200,0,379,0,0,108,180
382,2026-08-04T04:24:45Z,1785817485925768057,383,4276,4384,4,10,4293,2860876,200,0,379,0,0,108,180
383,2026-08-04T04:24:46Z,1785817486928586982,384,4276,4384,4,10,4293,2861677,200,0,379,0,0,108,180
384,2026-08-04T04:24:47Z,1785817487932253771,385,4276,4384,4,10,4293,2862480,200,0,379,0,0,108,180
385,2026-08-04T04:24:48Z,1785817488935892451,386,4276,4384,4,10,4293,2863282,200,0,379,0,0,108,180
386,2026-08-04T04:24:49Z,1785817489939811409,387,4276,4384,4,10,4293,2864085,200,0,379,0,0,108,180
387,2026-08-04T04:24:50Z,1785817490943817729,388,4280,4384,4,11,4293,2864887,200,0,379,0,0,108,180
388,2026-08-04T04:24:51Z,1785817491948353318,389,4288,4384,4,13,4294,2865690,200,0,379,0,0,108,180
389,2026-08-04T04:24:52Z,1785817492952670365,390,4312,4384,4,14,4297,2866487,200,0,379,0,0,108,180
390,2026-08-04T04:24:53Z,1785817493957712219,391,4316,4384,4,15,4305,2867281,200,0,379,0,0,108,180
391,2026-08-04T04:24:54Z,1785817494961480507,392,4640,4640,4,16,4317,2868073,200,0,379,0,0,108,180
392,2026-08-04T04:24:55Z,1785817495965023518,393,4652,4652,4,19,4329,2868863,200,0,379,0,0,108,181
393,2026-08-04T04:24:56Z,1785817496968150162,394,4652,4652,4,19,4340,2869655,200,0,379,0,0,108,182
394,2026-08-04T04:24:57Z,1785817497972432827,395,4652,4652,4,19,4352,2870449,200,0,379,0,0,108,183
395,2026-08-04T04:24:58Z,1785817498975595601,396,4652,4652,4,19,4363,2871239,200,0,379,0,0,108,184
396,2026-08-04T04:24:59Z,1785817499981300432,397,4652,4652,4,19,4376,2872030,200,0,379,0,0,108,185
397,2026-08-04T04:25:00Z,1785817500983992989,398,4652,4652,4,19,4388,2872815,200,0,379,0,0,108,186
398,2026-08-04T04:25:01Z,1785817501987807013,399,4652,4652,4,19,4400,2873605,200,0,379,0,0,108,187
399,2026-08-04T04:25:02Z,1785817502991495117,400,4652,4652,4,19,4413,2874395,200,0,379,0,0,108,188
400,2026-08-04T04:25:03Z,1785817503995780796,401,4652,4652,4,19,4425,2875186,200,0,379,0,0,108,188
401,2026-08-04T04:25:04Z,1785817504999367156,402,4652,4652,4,19,4437,2875977,200,0,379,0,0,108,188
402,2026-08-04T04:25:06Z,1785817506003237587,404,4652,4652,4,19,4450,2876767,200,0,379,0,0,108,188
403,2026-08-04T04:25:07Z,1785817507007344648,405,4652,4652,4,19,4461,2877557,200,0,379,0,0,108,189
404,2026-08-04T04:25:08Z,1785817508011696951,406,4652,4652,4,19,4474,2878348,200,0,379,0,0,108,190
405,2026-08-04T04:25:09Z,1785817509016221519,407,4652,4652,4,19,4486,2879138,200,0,379,0,0,108,191
406,2026-08-04T04:25:10Z,1785817510018715635,408,4652,4652,4,19,4498,2879924,200,0,379,0,0,108,191
407,2026-08-04T04:25:11Z,1785817511022183115,409,4652,4652,4,19,4510,2880716,200,0,379,0,0,108,192
408,2026-08-04T04:25:12Z,1785817512025625104,410,4652,4652,4,19,4522,2881506,200,0,379,0,0,108,193
409,2026-08-04T04:25:13Z,1785817513028906107,411,4652,4652,4,19,4534,2882298,200,0,379,0,0,108,194
410,2026-08-04T04:25:14Z,1785817514032818744,412,4652,4652,4,19,4546,2883088,200,0,379,0,0,108,195
411,2026-08-04T04:25:15Z,1785817515036106879,413,4652,4652,4,19,4558,2883878,200,0,379,0,0,108,195
412,2026-08-04T04:25:16Z,1785817516039631294,414,4652,4652,4,19,4570,2884669,200,0,379,0,0,108,195
413,2026-08-04T04:25:17Z,1785817517043042063,415,4652,4652,4,19,4583,2885459,200,0,379,0,0,108,195
414,2026-08-04T04:25:18Z,1785817518046333608,416,4652,4652,4,19,4594,2886248,200,0,379,0,0,108,196
415,2026-08-04T04:25:19Z,1785817519050406188,417,4652,4652,4,19,4607,2887039,200,0,379,0,0,108,197
416,2026-08-04T04:25:20Z,1785817520055077886,418,4652,4652,4,19,4619,2887832,200,0,379,0,0,108,197
417,2026-08-04T04:25:21Z,1785817521058117194,419,4652,4652,4,19,4631,2888622,200,0,379,0,0,108,197
418,2026-08-04T04:25:22Z,1785817522062565123,420,4652,4652,4,19,4643,2889415,200,0,379,0,0,108,198
419,2026-08-04T04:25:23Z,1785817523065863480,421,4652,4652,4,19,4655,2890206,200,0,379,0,0,108,199
420,2026-08-04T04:25:24Z,1785817524069253074,422,4652,4652,4,19,4667,2890996,200,0,379,0,0,108,200
421,2026-08-04T04:25:25Z,1785817525072018517,423,4652,4652,4,19,4680,2891787,200,0,379,0,0,108,200
422,2026-08-04T04:25:26Z,1785817526076574785,424,4652,4652,4,19,4692,2892578,200,0,379,0,0,108,200
423,2026-08-04T04:25:27Z,1785817527079937458,425,4652,4652,4,19,4704,2893369,200,0,379,0,0,108,201
424,2026-08-04T04:25:28Z,1785817528083720585,426,4652,4652,4,19,4716,2894156,200,0,379,0,0,108,202
425,2026-08-04T04:25:29Z,1785817529087869259,427,4652,4652,4,19,4728,2894946,200,0,379,0,0,108,203
426,2026-08-04T04:25:30Z,1785817530091683027,428,4652,4652,4,19,4740,2895735,200,0,379,0,0,108,204
427,2026-08-04T04:25:31Z,1785817531095263063,429,4652,4652,4,19,4752,2896525,200,0,379,0,0,108,204
428,2026-08-04T04:25:32Z,1785817532099306535,430,4652,4652,4,19,4765,2897317,200,0,379,0,0,108,204
429,2026-08-04T04:25:33Z,1785817533103563827,431,4652,4652,4,19,4777,2898106,200,0,379,0,0,108,204
430,2026-08-04T04:25:34Z,1785817534107152880,432,4652,4652,4,19,4789,2898895,200,0,379,0,0,108,205
431,2026-08-04T04:25:35Z,1785817535110431952,433,4652,4652,4,19,4802,2899684,200,0,379,0,0,108,206
432,2026-08-04T04:25:36Z,1785817536114841076,434,4652,4652,4,19,4813,2900475,200,0,379,0,0,108,207
433,2026-08-04T04:25:37Z,1785817537118767151,435,4652,4652,4,19,4825,2901264,200,0,379,0,0,108,208
434,2026-08-04T04:25:38Z,1785817538122288270,436,4652,4652,4,19,4838,2902055,200,0,379,0,0,108,208
435,2026-08-04T04:25:39Z,1785817539125587470,437,4652,4652,4,19,4850,2902846,200,0,379,0,0,108,209
436,2026-08-04T04:25:40Z,1785817540130163756,438,4652,4652,4,19,4861,2903636,200,0,379,0,0,108,210
437,2026-08-04T04:25:41Z,1785817541133366600,439,4652,4652,4,19,4873,2904426,200,0,379,0,0,108,211
438,2026-08-04T04:25:42Z,1785817542138006854,440,4652,4652,4,19,4885,2905217,200,0,379,0,0,108,212
439,2026-08-04T04:25:43Z,1785817543141548394,441,4652,4652,4,19,4897,2906007,200,0,379,0,0,108,212
440,2026-08-04T04:25:44Z,1785817544144906888,442,4652,4652,4,19,4909,2906798,200,0,379,0,0,108,212
441,2026-08-04T04:25:45Z,1785817545148963545,443,4652,4652,4,19,4921,2907590,200,0,379,0,0,108,212
442,2026-08-04T04:25:46Z,1785817546152150822,444,4652,4652,4,19,4933,2908380,200,0,379,0,0,108,212
443,2026-08-04T04:25:47Z,1785817547156189459,445,4652,4652,4,19,4945,2909171,200,0,379,0,0,108,212
444,2026-08-04T04:25:48Z,1785817548160402120,446,4652,4652,4,19,4957,2909962,200,0,379,0,0,108,212
445,2026-08-04T04:25:49Z,1785817549163903401,447,4652,4652,4,19,4968,2910752,200,0,379,0,0,108,212
446,2026-08-04T04:25:50Z,1785817550167128063,448,4652,4652,4,19,4981,2911543,200,0,379,0,0,108,212
447,2026-08-04T04:25:51Z,1785817551171142576,449,4652,4652,4,19,4992,2912334,200,0,379,0,0,108,212
448,2026-08-04T04:25:52Z,1785817552175222779,450,4652,4652,4,19,5004,2913125,200,0,379,0,0,108,212
449,2026-08-04T04:25:53Z,1785817553179602248,451,4652,4652,4,19,5016,2913915,200,0,379,0,0,108,212
450,2026-08-04T04:25:54Z,1785817554182503864,452,4652,4652,4,19,5028,2914707,200,0,379,0,0,108,212
451,2026-08-04T04:25:55Z,1785817555186900296,453,4652,4652,4,19,5040,2915496,200,0,379,0,0,108,212
452,2026-08-04T04:25:56Z,1785817556191757387,454,4652,4652,4,19,5052,2916288,200,0,379,0,0,108,212
453,2026-08-04T04:25:57Z,1785817557194943309,455,4652,4652,4,19,5064,2917077,200,0,379,0,0,108,212
454,2026-08-04T04:25:58Z,1785817558198912974,456,4652,4652,4,19,5076,2917866,200,0,379,0,0,108,212
455,2026-08-04T04:25:59Z,1785817559203269670,457,4652,4652,4,19,5088,2918657,200,0,379,0,0,108,212
456,2026-08-04T04:26:00Z,1785817560208179331,458,4652,4652,4,19,5100,2919450,200,0,379,0,0,108,212
457,2026-08-04T04:26:01Z,1785817561212483537,459,4652,4652,4,19,5111,2920238,200,0,379,0,0,108,212
458,2026-08-04T04:26:02Z,1785817562216575012,460,4652,4652,4,19,5124,2921027,200,0,379,0,0,108,212
459,2026-08-04T04:26:03Z,1785817563220964923,461,4652,4652,4,19,5137,2921814,200,0,379,0,0,108,212
460,2026-08-04T04:26:04Z,1785817564224231874,462,4652,4652,4,19,5149,2922605,200,0,379,0,0,108,212
461,2026-08-04T04:26:05Z,1785817565228020865,463,4652,4652,4,19,5161,2923395,200,0,379,0,0,108,212
462,2026-08-04T04:26:06Z,1785817566232021974,464,4652,4652,4,19,5172,2924185,200,0,379,0,0,108,212
463,2026-08-04T04:26:07Z,1785817567235519377,465,4652,4652,4,19,5184,2924974,200,0,379,0,0,108,212
464,2026-08-04T04:26:08Z,1785817568238915033,466,4652,4652,4,19,5196,2925765,200,0,379,0,0,108,212
465,2026-08-04T04:26:09Z,1785817569242525037,467,4652,4652,4,19,5208,2926556,200,0,379,0,0,108,212
466,2026-08-04T04:26:10Z,1785817570245808184,468,4652,4652,4,19,5219,2927345,200,0,379,0,0,108,212
467,2026-08-04T04:26:11Z,1785817571250141742,469,4652,4652,4,19,5231,2928137,200,0,379,0,0,108,212
468,2026-08-04T04:26:12Z,1785817572254404233,470,4648,4648,4,18,5243,2928928,200,0,379,0,0,108,212
469,2026-08-04T04:26:13Z,1785817573258846152,471,4648,4648,4,18,5255,2929718,200,0,379,0,0,108,212
470,2026-08-04T04:26:14Z,1785817574261832285,472,4648,4648,4,18,5267,2930508,200,0,379,0,0,108,212
471,2026-08-04T04:26:15Z,1785817575266405574,473,4648,4648,4,18,5279,2931300,200,0,379,0,0,108,212
472,2026-08-04T04:26:16Z,1785817576269957652,474,4648,4648,4,18,5291,2932089,200,0,379,0,0,108,212
473,2026-08-04T04:26:17Z,1785817577273472329,475,4648,4648,4,18,5303,2932877,200,0,379,0,0,108,212
474,2026-08-04T04:26:18Z,1785817578276321961,476,4648,4648,4,18,5314,2933666,200,0,379,0,0,108,212
475,2026-08-04T04:26:19Z,1785817579280915059,477,4648,4648,4,18,5326,2934458,200,0,379,0,0,108,212
476,2026-08-04T04:26:20Z,1785817580284165237,478,4648,4648,4,18,5338,2935246,200,0,379,0,0,108,212
477,2026-08-04T04:26:21Z,1785817581288196009,479,4648,4648,4,18,5350,2936036,200,0,379,0,0,108,212
478,2026-08-04T04:26:22Z,1785817582292437091,480,4648,4648,4,18,5362,2936827,200,0,379,0,0,108,212
479,2026-08-04T04:26:23Z,1785817583295445207,481,4648,4648,4,18,5374,2937617,200,0,379,0,0,108,212
480,2026-08-04T04:26:24Z,1785817584299521583,482,4648,4648,4,18,5386,2938410,200,0,379,0,0,108,212
481,2026-08-04T04:26:25Z,1785817585303809171,483,4648,4648,4,18,5397,2939198,200,0,379,0,0,108,212
482,2026-08-04T04:26:26Z,1785817586307208006,484,4648,4648,4,18,5409,2939990,200,0,379,0,0,108,212
483,2026-08-04T04:26:27Z,1785817587310538643,485,4648,4648,4,18,5421,2940778,200,0,379,0,0,108,212
484,2026-08-04T04:26:28Z,1785817588313990571,486,4648,4648,4,18,5433,2941569,200,0,379,0,0,108,212
485,2026-08-04T04:26:29Z,1785817589317543176,487,4648,4648,4,18,5445,2942361,200,0,379,0,0,108,212
486,2026-08-04T04:26:30Z,1785817590321292164,488,4648,4648,4,18,5458,2943149,200,0,379,0,0,108,212
487,2026-08-04T04:26:31Z,1785817591325171016,489,4648,4648,4,18,5470,2943940,200,0,379,0,0,108,212
488,2026-08-04T04:26:32Z,1785817592329081465,490,4648,4648,4,18,5481,2944731,200,0,379,0,0,108,212
489,2026-08-04T04:26:33Z,1785817593332364742,491,4648,4648,4,18,5493,2945521,200,0,379,0,0,108,212
490,2026-08-04T04:26:34Z,1785817594336620094,492,4648,4648,4,18,5505,2946312,200,0,379,0,0,108,212
491,2026-08-04T04:26:35Z,1785817595340492607,493,4648,4648,4,18,5518,2947100,200,0,379,0,0,108,212
492,2026-08-04T04:26:36Z,1785817596344001591,494,4648,4648,4,18,5530,2947891,200,0,379,0,0,108,212
493,2026-08-04T04:26:37Z,1785817597347778797,495,4648,4648,4,18,5542,2948679,200,0,379,0,0,108,212
494,2026-08-04T04:26:38Z,1785817598351104310,496,4648,4648,4,18,5554,2949470,200,0,379,0,0,108,212
495,2026-08-04T04:26:39Z,1785817599354182948,497,4648,4648,4,18,5566,2950258,200,0,379,0,0,108,212
496,2026-08-04T04:26:40Z,1785817600358731122,498,4648,4648,4,18,5578,2951051,200,0,379,0,0,108,212
497,2026-08-04T04:26:41Z,1785817601362152790,499,4648,4648,4,18,5590,2951842,200,0,379,0,0,108,212
498,2026-08-04T04:26:42Z,1785817602366027937,500,4648,4648,4,18,5601,2952634,200,0,379,0,0,108,212
499,2026-08-04T04:26:43Z,1785817603369197383,501,4648,4648,4,18,5613,2953424,200,0,379,0,0,108,212
500,2026-08-04T04:26:44Z,1785817604373772500,502,4648,4648,4,18,5625,2954216,200,0,379,0,0,108,212
501,2026-08-04T04:26:45Z,1785817605377273404,503,4648,4648,4,18,5637,2955006,200,0,379,0,0,108,212
502,2026-08-04T04:26:46Z,1785817606380708345,504,4648,4648,4,18,5649,2955796,200,0,379,0,0,108,212
503,2026-08-04T04:26:47Z,1785817607383713545,505,4648,4648,4,18,5661,2956585,200,0,379,0,0,108,212
504,2026-08-04T04:26:48Z,1785817608388353093,506,4648,4648,4,18,5673,2957378,200,0,379,0,0,108,212
505,2026-08-04T04:26:49Z,1785817609391711819,507,4648,4648,4,18,5684,2958170,200,0,379,0,0,108,212
506,2026-08-04T04:26:50Z,1785817610395355567,508,4648,4648,4,18,5696,2958960,200,0,379,0,0,108,212
507,2026-08-04T04:26:51Z,1785817611399137644,509,4644,4644,4,17,5708,2959751,200,0,379,0,0,108,212
508,2026-08-04T04:26:52Z,1785817612402270568,510,4632,4632,4,14,5717,2960545,200,0,379,0,0,108,212
509,2026-08-04T04:26:53Z,1785817613405848260,511,4608,4608,4,13,5725,2961342,200,0,379,0,0,108,212
510,2026-08-04T04:26:54Z,1785817614408802614,512,4604,4604,4,12,5727,2962142,200,0,379,0,0,108,212
511,2026-08-04T04:26:55Z,1785817615412625281,513,4276,4384,4,10,5727,2962945,200,0,379,0,0,108,212
512,2026-08-04T04:26:56Z,1785817616416228508,514,4276,4384,4,10,5727,2963747,200,0,379,0,0,108,212
513,2026-08-04T04:26:57Z,1785817617420225131,515,4276,4384,4,10,5727,2964548,200,0,379,0,0,108,212
514,2026-08-04T04:26:58Z,1785817618424089905,516,4276,4384,4,10,5727,2965351,200,0,379,0,0,108,212
515,2026-08-04T04:26:59Z,1785817619428191697,517,4276,4384,4,10,5727,2966153,200,0,379,0,0,108,212
516,2026-08-04T04:27:00Z,1785817620432067804,518,4280,4384,4,11,5728,2966955,200,0,379,0,0,108,212
517,2026-08-04T04:27:01Z,1785817621436748186,519,4288,4384,4,13,5729,2967755,200,0,379,0,0,108,213
518,2026-08-04T04:27:02Z,1785817622441827274,520,4312,4384,4,14,5733,2968548,200,0,379,0,0,108,215
519,2026-08-04T04:27:03Z,1785817623445497505,521,4316,4384,4,15,5742,2969343,200,0,379,0,0,108,216
520,2026-08-04T04:27:04Z,1785817624449394064,522,4640,4640,4,16,5754,2970134,200,0,379,0,0,108,216
521,2026-08-04T04:27:05Z,1785817625452917371,523,7112,24480,4,91,5783,2970925,200,0,379,0,0,192,325
522,2026-08-04T04:27:06Z,1785817626456924892,524,7112,24480,4,91,5795,2971715,200,0,383,0,0,192,326
523,2026-08-04T04:27:07Z,1785817627460781532,525,7112,24480,4,91,5807,2972506,200,0,383,0,0,192,326
524,2026-08-04T04:27:08Z,1785817628464305733,526,7112,24480,4,91,5819,2973296,200,0,383,0,0,192,326
525,2026-08-04T04:27:09Z,1785817629469172523,527,7112,24480,4,91,5831,2974086,200,0,383,0,0,192,326
526,2026-08-04T04:27:10Z,1785817630472498295,528,7112,24480,4,91,5844,2974878,200,0,383,0,0,192,326
527,2026-08-04T04:27:11Z,1785817631477206405,529,7112,24480,4,91,5856,2975669,200,0,383,0,0,192,327
528,2026-08-04T04:27:12Z,1785817632481164069,530,7112,24480,4,91,5869,2976459,200,0,383,0,0,192,327
529,2026-08-04T04:27:13Z,1785817633484785314,531,7112,24480,4,91,5881,2977250,200,0,383,0,0,216,327
530,2026-08-04T04:27:14Z,1785817634488324651,532,7112,24480,4,91,5893,2978042,200,0,383,0,0,216,327
531,2026-08-04T04:27:15Z,1785817635492055649,533,7112,24480,4,91,5905,2978832,200,0,383,0,0,216,327
532,2026-08-04T04:27:16Z,1785817636495957329,534,7112,24480,4,91,5917,2979623,200,0,383,0,0,216,327
533,2026-08-04T04:27:17Z,1785817637499259805,535,7112,24480,4,91,5929,2980414,200,0,383,0,0,216,327
534,2026-08-04T04:27:18Z,1785817638503615322,536,7112,24480,4,91,5942,2981204,200,0,383,0,0,216,327
535,2026-08-04T04:27:19Z,1785817639506227650,537,7112,24480,4,91,5953,2981992,200,0,383,0,0,216,327
536,2026-08-04T04:27:20Z,1785817640510091445,538,7112,24480,4,91,5964,2982783,200,0,383,0,0,216,327
537,2026-08-04T04:27:21Z,1785817641514257135,539,7112,24480,4,91,5977,2983572,200,0,383,0,0,216,328
538,2026-08-04T04:27:22Z,1785817642518737762,540,7112,24480,4,91,5988,2984361,200,0,383,0,0,216,328
539,2026-08-04T04:27:23Z,1785817643521879466,541,7112,24480,4,91,6001,2985149,200,0,383,0,0,216,328
540,2026-08-04T04:27:24Z,1785817644524818529,542,7112,24480,4,91,6013,2985940,200,0,383,0,0,216,328
541,2026-08-04T04:27:25Z,1785817645529295632,543,7112,24480,4,91,6025,2986728,200,0,383,0,0,216,328
542,2026-08-04T04:27:26Z,1785817646533046567,544,7112,24480,4,91,6037,2987516,200,0,383,0,0,216,328
543,2026-08-04T04:27:27Z,1785817647536574329,545,7112,24480,4,91,6048,2988306,200,0,383,0,0,216,328
544,2026-08-04T04:27:28Z,1785817648539739422,546,7112,24480,4,91,6061,2989093,200,0,383,0,0,216,328
545,2026-08-04T04:27:29Z,1785817649544928471,547,7112,24480,4,91,6073,2989881,200,0,383,0,0,216,328
546,2026-08-04T04:27:30Z,1785817650549189045,548,7112,24480,4,91,6085,2990671,200,0,383,0,0,216,328
547,2026-08-04T04:27:31Z,1785817651553028612,549,7112,24480,4,91,6097,2991459,200,0,383,0,0,216,328
548,2026-08-04T04:27:32Z,1785817652556737884,550,7112,24480,4,91,6109,2992249,200,0,383,0,0,216,328
549,2026-08-04T04:27:33Z,1785817653560082959,551,7112,24480,4,91,6121,2993036,200,0,383,0,0,216,328
550,2026-08-04T04:27:34Z,1785817654563685327,552,7112,24480,4,91,6133,2993828,200,0,383,0,0,216,328
551,2026-08-04T04:27:35Z,1785817655566854233,553,6708,24480,4,20,6145,2994621,200,0,383,0,0,216,328
552,2026-08-04T04:27:36Z,1785817656572243752,554,6684,24480,4,19,6157,2995410,200,0,382,0,0,216,328
553,2026-08-04T04:27:37Z,1785817657574556680,555,6684,24480,4,19,6169,2996201,200,0,382,0,0,216,328
554,2026-08-04T04:27:38Z,1785817658577748710,556,6684,24480,4,19,6183,2996988,200,0,382,0,0,216,328
555,2026-08-04T04:27:39Z,1785817659583523415,557,6684,24480,4,19,6195,2997780,200,0,382,0,0,216,328
556,2026-08-04T04:27:40Z,1785817660585617310,558,6684,24480,4,19,6208,2998571,200,0,382,0,0,216,328
557,2026-08-04T04:27:41Z,1785817661590145218,559,6684,24480,4,19,6220,2999365,200,0,382,0,0,216,328
558,2026-08-04T04:27:42Z,1785817662593475367,560,6684,24480,4,19,6232,3000155,200,0,382,0,0,216,328
559,2026-08-04T04:27:43Z,1785817663597029780,561,6684,24480,4,19,6244,3000943,200,0,382,0,0,216,328
560,2026-08-04T04:27:44Z,1785817664601328672,562,6684,24480,4,19,6255,3001732,200,0,382,0,0,216,328
561,2026-08-04T04:27:45Z,1785817665605396345,563,6684,24480,4,19,6268,3002522,200,0,382,0,0,216,328
562,2026-08-04T04:27:46Z,1785817666609082627,564,6684,24480,4,19,6280,3003312,200,0,382,0,0,216,328
563,2026-08-04T04:27:47Z,1785817667612363331,565,6684,24480,4,19,6292,3004100,200,0,382,0,0,216,328
564,2026-08-04T04:27:48Z,1785817668615798211,566,6684,24480,4,19,6305,3004891,200,0,382,0,0,216,328
565,2026-08-04T04:27:49Z,1785817669618745505,567,6684,24480,4,19,6317,3005679,200,0,382,0,0,216,328
566,2026-08-04T04:27:50Z,1785817670622641415,568,6684,24480,4,19,6329,3006467,200,0,382,0,0,216,328
567,2026-08-04T04:27:51Z,1785817671626771987,569,6684,24480,4,19,6341,3007255,200,0,382,0,0,216,328
568,2026-08-04T04:27:52Z,1785817672631033348,570,6684,24480,4,19,6353,3008047,200,0,382,0,0,216,328
569,2026-08-04T04:27:53Z,1785817673634951646,571,6684,24480,4,19,6364,3008836,200,0,382,0,0,216,328
570,2026-08-04T04:27:54Z,1785817674639352589,572,6684,24480,4,19,6376,3009628,200,0,382,0,0,216,328
571,2026-08-04T04:27:55Z,1785817675642531716,573,6684,24480,4,19,6388,3010419,200,0,382,0,0,216,328
572,2026-08-04T04:27:56Z,1785817676647115462,574,6684,24480,4,19,6399,3011210,200,0,382,0,0,216,328
573,2026-08-04T04:27:57Z,1785817677650162514,575,6684,24480,4,19,6411,3011997,200,0,382,0,0,216,328
574,2026-08-04T04:27:58Z,1785817678654207993,576,6684,24480,4,19,6423,3012786,200,0,382,0,0,216,328
575,2026-08-04T04:27:59Z,1785817679659140461,577,6684,24480,4,19,6435,3013576,200,0,382,0,0,216,328
576,2026-08-04T04:28:00Z,1785817680662408201,578,6684,24480,4,19,6448,3014367,200,0,382,0,0,216,328
577,2026-08-04T04:28:01Z,1785817681666954738,579,6684,24480,4,19,6459,3015155,200,0,382,0,0,216,328
578,2026-08-04T04:28:02Z,1785817682670349401,580,6684,24480,4,19,6472,3015947,200,0,382,0,0,216,328
579,2026-08-04T04:28:03Z,1785817683674188798,581,6684,24480,4,19,6484,3016739,200,0,382,0,0,216,328
580,2026-08-04T04:28:04Z,1785817684677748020,582,6684,24480,4,19,6496,3017530,200,0,382,0,0,216,328
581,2026-08-04T04:28:05Z,1785817685680568717,583,6684,24480,4,19,6508,3018319,200,0,382,0,0,216,328
582,2026-08-04T04:28:06Z,1785817686684561934,584,6684,24480,4,19,6520,3019106,200,0,382,0,0,216,328
583,2026-08-04T04:28:07Z,1785817687689014231,585,6684,24480,4,19,6532,3019899,200,0,382,0,0,216,328
584,2026-08-04T04:28:08Z,1785817688692812591,586,6684,24480,4,19,6545,3020688,200,0,382,0,0,216,328
585,2026-08-04T04:28:09Z,1785817689695952969,587,6684,24480,4,19,6555,3021477,200,0,382,0,0,216,328
586,2026-08-04T04:28:10Z,1785817690699920359,588,6684,24480,4,19,6568,3022268,200,0,382,0,0,216,328
587,2026-08-04T04:28:11Z,1785817691703845967,589,6684,24480,4,19,6579,3023057,200,0,382,0,0,216,328
588,2026-08-04T04:28:12Z,1785817692707586886,590,6684,24480,4,19,6591,3023846,200,0,382,0,0,216,328
589,2026-08-04T04:28:13Z,1785817693712583884,591,6684,24480,4,19,6602,3024637,200,0,382,0,0,216,328
590,2026-08-04T04:28:14Z,1785817694717184729,592,6684,24480,4,19,6614,3025426,200,0,382,0,0,216,328
591,2026-08-04T04:28:15Z,1785817695720987305,593,6684,24480,4,19,6627,3026215,200,0,382,0,0,216,328
592,2026-08-04T04:28:16Z,1785817696724181878,594,6684,24480,4,19,6637,3027005,200,0,382,0,0,216,328
593,2026-08-04T04:28:17Z,1785817697729077786,595,6684,24480,4,19,6649,3027796,200,0,382,0,0,216,328
594,2026-08-04T04:28:18Z,1785817698732381074,596,6684,24480,4,19,6660,3028581,200,0,382,0,0,216,328
595,2026-08-04T04:28:19Z,1785817699735962807,597,6684,24480,4,19,6672,3029374,200,0,382,0,0,216,328
596,2026-08-04T04:28:20Z,1785817700740126598,598,6684,24480,4,19,6683,3030164,200,0,382,0,0,216,328
597,2026-08-04T04:28:21Z,1785817701743875966,599,6684,24480,4,19,6694,3030951,200,0,382,0,0,216,328
598,2026-08-04T04:28:22Z,1785817702747257834,600,6684,24480,4,19,6706,3031742,200,0,382,0,0,216,328
599,2026-08-04T04:28:23Z,1785817703750962335,601,6684,24480,4,19,6717,3032535,200,0,382,0,0,216,328
600,2026-08-04T04:28:24Z,1785817704754320897,602,6684,24480,4,19,6729,3033323,200,0,382,0,0,216,328
601,2026-08-04T04:28:25Z,1785817705758316835,603,6684,24480,4,19,6740,3034114,200,0,382,0,0,216,328
602,2026-08-04T04:28:26Z,1785817706762257275,604,6684,24480,4,19,6752,3034904,200,0,382,0,0,216,328
603,2026-08-04T04:28:27Z,1785817707766537494,605,6684,24480,4,19,6763,3035695,200,0,382,0,0,216,328
604,2026-08-04T04:28:28Z,1785817708770681603,606,6684,24480,4,19,6774,3036484,200,0,382,0,0,216,328
605,2026-08-04T04:28:29Z,1785817709774873356,607,6684,24480,4,19,6786,3037275,200,0,382,0,0,216,328
606,2026-08-04T04:28:30Z,1785817710778265056,608,6684,24480,4,19,6797,3038064,200,0,382,0,0,216,328
607,2026-08-04T04:28:31Z,1785817711782210142,609,6684,24480,4,19,6808,3038855,200,0,382,0,0,216,328
608,2026-08-04T04:28:32Z,1785817712786566972,610,6684,24480,4,19,6820,3039642,200,0,382,0,0,216,328
609,2026-08-04T04:28:33Z,1785817713790935895,611,6684,24480,4,19,6831,3040435,200,0,382,0,0,216,328
610,2026-08-04T04:28:34Z,1785817714793025945,612,6684,24480,4,19,6842,3041223,200,0,382,0,0,216,328
611,2026-08-04T04:28:35Z,1785817715797683589,613,6684,24480,4,19,6854,3042013,200,0,382,0,0,216,328
612,2026-08-04T04:28:36Z,1785817716801968457,614,6684,24480,4,19,6865,3042804,200,0,382,0,0,216,328
613,2026-08-04T04:28:37Z,1785817717806048104,615,6684,24480,4,19,6876,3043593,200,0,382,0,0,216,328
614,2026-08-04T04:28:38Z,1785817718809216115,616,6684,24480,4,19,6887,3044386,200,0,382,0,0,216,328
615,2026-08-04T04:28:39Z,1785817719813319282,617,6684,24480,4,19,6900,3045174,200,0,382,0,0,216,328
616,2026-08-04T04:28:40Z,1785817720818064749,618,6684,24480,4,19,6912,3045962,200,0,382,0,0,216,328
617,2026-08-04T04:28:41Z,1785817721821873895,619,6684,24480,4,19,6923,3046752,200,0,382,0,0,216,328
618,2026-08-04T04:28:42Z,1785817722825145666,620,6684,24480,4,19,6935,3047540,200,0,382,0,0,216,328
619,2026-08-04T04:28:43Z,1785817723829197676,621,6684,24480,4,19,6946,3048332,200,0,382,0,0,216,328
620,2026-08-04T04:28:44Z,1785817724834444649,622,6684,24480,4,19,6957,3049123,200,0,382,0,0,216,328
621,2026-08-04T04:28:45Z,1785817725838407536,623,6676,24480,4,17,6968,3049912,200,0,382,0,0,216,328
622,2026-08-04T04:28:46Z,1785817726841844638,624,6676,24480,4,17,6980,3050700,200,0,382,0,0,216,328
623,2026-08-04T04:28:47Z,1785817727844813756,625,6676,24480,4,17,6992,3051488,200,0,382,0,0,216,328
624,2026-08-04T04:28:48Z,1785817728848886206,626,6676,24480,4,17,7003,3052277,200,0,382,0,0,216,328
625,2026-08-04T04:28:49Z,1785817729852784815,627,6676,24480,4,17,7014,3053068,200,0,382,0,0,216,328
626,2026-08-04T04:28:50Z,1785817730857069072,628,6676,24480,4,17,7025,3053857,200,0,382,0,0,216,328
627,2026-08-04T04:28:51Z,1785817731861596658,629,6676,24480,4,17,7037,3054646,200,0,382,0,0,216,328
628,2026-08-04T04:28:52Z,1785817732865121201,630,6676,24480,4,17,7049,3055437,200,0,382,0,0,216,328
629,2026-08-04T04:28:53Z,1785817733869132870,631,6676,24480,4,17,7060,3056224,200,0,382,0,0,216,328
630,2026-08-04T04:28:54Z,1785817734873184837,632,6676,24480,4,17,7071,3057013,200,0,382,0,0,216,328
631,2026-08-04T04:28:55Z,1785817735877287388,633,6676,24480,4,17,7083,3057805,200,0,382,0,0,216,328
632,2026-08-04T04:28:56Z,1785817736880314924,634,6676,24480,4,17,7095,3058592,200,0,382,0,0,216,328
633,2026-08-04T04:28:57Z,1785817737884825358,635,6676,24480,4,17,7106,3059385,200,0,382,0,0,216,328
634,2026-08-04T04:28:58Z,1785817738888335898,636,6676,24480,4,17,7117,3060174,200,0,382,0,0,216,328
635,2026-08-04T04:28:59Z,1785817739892075814,637,6676,24480,4,17,7128,3060963,200,0,382,0,0,216,328
636,2026-08-04T04:29:00Z,1785817740895725692,638,6672,24480,4,16,7140,3061751,200,0,382,0,0,216,328
637,2026-08-04T04:29:01Z,1785817741899126746,639,6664,24480,4,14,7148,3062544,200,0,382,0,0,216,328
638,2026-08-04T04:29:02Z,1785817742901602553,640,6640,24480,4,13,7155,3063341,200,0,382,0,0,216,328
639,2026-08-04T04:29:03Z,1785817743904442310,641,6636,24480,4,12,7157,3064142,200,0,382,0,0,216,328
640,2026-08-04T04:29:04Z,1785817744908951533,642,6308,24480,4,10,7157,3064944,200,0,382,0,0,216,328
641,2026-08-04T04:29:05Z,1785817745911631648,643,6308,24480,4,10,7157,3065745,200,0,382,0,0,216,328
642,2026-08-04T04:29:06Z,1785817746915209614,644,6308,24480,4,10,7157,3066549,200,0,382,0,0,216,328
643,2026-08-04T04:29:07Z,1785817747918926899,645,6308,24480,4,10,7157,3067352,200,0,382,0,0,216,328
644,2026-08-04T04:29:08Z,1785817748922541397,646,6308,24480,4,10,7157,3068153,200,0,382,0,0,216,328
645,2026-08-04T04:29:09Z,1785817749926161290,647,6312,24480,4,11,7157,3068956,200,0,382,0,0,216,328
646,2026-08-04T04:29:10Z,1785817750930879184,648,6320,24480,4,13,7160,3069753,200,0,382,0,0,216,328
647,2026-08-04T04:29:11Z,1785817751934473574,649,6344,24480,4,14,7164,3070543,200,0,382,0,0,216,328
648,2026-08-04T04:29:12Z,1785817752938732865,650,6348,24480,4,15,7173,3071334,200,0,382,0,0,216,328
649,2026-08-04T04:29:13Z,1785817753942196048,651,6672,24480,4,16,7185,3072126,200,0,382,0,0,216,328
650,2026-08-04T04:29:14Z,1785817754946467246,652,6684,24480,4,19,7197,3072918,200,0,382,0,0,216,329
651,2026-08-04T04:29:15Z,1785817755949332443,653,6684,24480,4,19,7209,3073707,200,0,382,0,0,216,329
652,2026-08-04T04:29:16Z,1785817756952692526,654,6684,24480,4,19,7222,3074495,200,0,382,0,0,216,330
653,2026-08-04T04:29:17Z,1785817757956898868,655,6684,24480,4,19,7233,3075284,200,0,382,0,0,216,330
654,2026-08-04T04:29:18Z,1785817758961052374,656,6684,24480,4,19,7244,3076076,200,0,382,0,0,216,331
655,2026-08-04T04:29:19Z,1785817759964566706,657,6684,24480,4,19,7257,3076865,200,0,382,0,0,216,331
656,2026-08-04T04:29:20Z,1785817760967405186,658,6684,24480,4,19,7269,3077657,200,0,382,0,0,216,332
657,2026-08-04T04:29:21Z,1785817761971582584,659,6684,24480,4,19,7282,3078450,200,0,382,0,0,216,333
658,2026-08-04T04:29:22Z,1785817762975968200,660,6684,24480,4,19,7294,3079242,200,0,382,0,0,216,334
659,2026-08-04T04:29:23Z,1785817763980357381,661,6684,24480,4,19,7305,3080034,200,0,382,0,0,216,335
660,2026-08-04T04:29:24Z,1785817764983283088,662,6684,24480,4,19,7317,3080824,200,0,382,0,0,216,335
661,2026-08-04T04:29:25Z,1785817765987529632,663,6684,24480,4,19,7329,3081616,200,0,382,0,0,216,336
662,2026-08-04T04:29:26Z,1785817766992429612,664,6684,24480,4,19,7341,3082408,200,0,382,0,0,216,337
663,2026-08-04T04:29:27Z,1785817767996406463,665,6684,24480,4,19,7353,3083202,200,0,382,0,0,216,337
664,2026-08-04T04:29:28Z,1785817768999568079,666,6684,24480,4,19,7365,3083990,200,0,382,0,0,216,337
665,2026-08-04T04:29:30Z,1785817770004488291,668,6684,24480,4,19,7376,3084783,200,0,382,0,0,216,337
666,2026-08-04T04:29:31Z,1785817771008491954,669,6684,24480,4,19,7389,3085570,200,0,382,0,0,216,337
667,2026-08-04T04:29:32Z,1785817772011967684,670,6684,24480,4,19,7401,3086360,200,0,382,0,0,216,337
668,2026-08-04T04:29:33Z,1785817773014955040,671,6684,24480,4,19,7413,3087151,200,0,382,0,0,216,337
669,2026-08-04T04:29:34Z,1785817774019626829,672,6684,24480,4,19,7425,3087943,200,0,382,0,0,216,337
670,2026-08-04T04:29:35Z,1785817775023501173,673,6684,24480,4,19,7436,3088734,200,0,382,0,0,216,337
671,2026-08-04T04:29:36Z,1785817776027166511,674,6684,24480,4,19,7448,3089524,200,0,382,0,0,216,337
672,2026-08-04T04:29:37Z,1785817777030591076,675,6684,24480,4,19,7460,3090312,200,0,382,0,0,216,337
673,2026-08-04T04:29:38Z,1785817778033415320,676,6684,24480,4,19,7472,3091099,200,0,382,0,0,216,337
674,2026-08-04T04:29:39Z,1785817779037519889,677,6684,24480,4,19,7484,3091889,200,0,382,0,0,216,337
675,2026-08-04T04:29:40Z,1785817780042174965,678,6684,24480,4,19,7496,3092677,200,0,382,0,0,216,337
676,2026-08-04T04:29:41Z,1785817781045230585,679,6684,24480,4,19,7507,3093465,200,0,382,0,0,216,337
677,2026-08-04T04:29:42Z,1785817782049060300,680,6684,24480,4,19,7519,3094258,200,0,383,0,0,216,337
678,2026-08-04T04:29:43Z,1785817783053317846,681,6684,24480,4,19,7531,3095047,200,0,383,0,0,216,337
679,2026-08-04T04:29:44Z,1785817784057602298,682,6684,24480,4,19,7543,3095836,200,0,383,0,0,216,337
680,2026-08-04T04:29:45Z,1785817785060945137,683,6684,24480,4,19,7555,3096626,200,0,383,0,0,216,337
681,2026-08-04T04:29:46Z,1785817786064109788,684,6684,24480,4,19,7567,3097416,200,0,383,0,0,216,337
682,2026-08-04T04:29:47Z,1785817787068321357,685,6684,24480,4,19,7579,3098209,200,0,383,0,0,216,337
683,2026-08-04T04:29:48Z,1785817788072129350,686,6684,24480,4,19,7591,3099001,200,0,383,0,0,216,337
684,2026-08-04T04:29:49Z,1785817789076745005,687,6684,24480,4,19,7602,3099794,200,0,383,0,0,216,337
685,2026-08-04T04:29:50Z,1785817790079907884,688,6684,24480,4,19,7614,3100586,200,0,383,0,0,216,337
686,2026-08-04T04:29:51Z,1785817791084007831,689,6684,24480,4,19,7626,3101377,200,0,383,0,0,216,337
687,2026-08-04T04:29:52Z,1785817792088088524,690,6684,24480,4,19,7637,3102167,200,0,383,0,0,216,337
688,2026-08-04T04:29:53Z,1785817793092564691,691,6684,24480,4,19,7649,3102962,200,0,383,0,0,216,337
689,2026-08-04T04:29:54Z,1785817794095362550,692,6684,24480,4,19,7661,3103751,200,0,383,0,0,216,337
690,2026-08-04T04:29:55Z,1785817795099780392,693,6684,24480,4,19,7672,3104542,200,0,383,0,0,216,337
691,2026-08-04T04:29:56Z,1785817796104079320,694,6684,24480,4,19,7684,3105334,200,0,383,0,0,216,337
692,2026-08-04T04:29:57Z,1785817797108722882,695,6680,24480,4,18,7696,3106126,200,0,383,0,0,216,337
693,2026-08-04T04:29:58Z,1785817798112054600,696,6680,24480,4,18,7708,3106916,200,0,383,0,0,216,337
694,2026-08-04T04:29:59Z,1785817799116516818,697,6680,24480,4,18,7720,3107707,200,0,383,0,0,216,337
695,2026-08-04T04:30:00Z,1785817800120861796,698,6680,24480,4,18,7731,3108494,200,0,383,0,0,216,337
696,2026-08-04T04:30:01Z,1785817801124316638,699,6680,24480,4,18,7743,3109282,200,0,383,0,0,216,337
697,2026-08-04T04:30:02Z,1785817802129430501,700,6680,24480,4,18,7755,3110072,200,0,383,0,0,216,337
698,2026-08-04T04:30:03Z,1785817803133949649,701,6680,24480,4,18,7768,3110859,200,0,383,0,0,216,337
699,2026-08-04T04:30:04Z,1785817804137124870,702,6680,24480,4,18,7780,3111645,200,0,383,0,0,216,337
700,2026-08-04T04:30:05Z,1785817805141367425,703,6680,24480,4,18,7793,3112434,200,0,383,0,0,216,337
701,2026-08-04T04:30:06Z,1785817806144943889,704,6680,24480,4,18,7805,3113224,200,0,383,0,0,216,337
702,2026-08-04T04:30:07Z,1785817807147965317,705,6680,24480,4,18,7818,3114009,200,0,383,0,0,216,337
703,2026-08-04T04:30:08Z,1785817808152111648,706,6680,24480,4,18,7829,3114798,200,0,383,0,0,216,337
704,2026-08-04T04:30:09Z,1785817809156170678,707,6680,24480,4,18,7841,3115588,200,0,383,0,0,216,337
705,2026-08-04T04:30:10Z,1785817810160318496,708,6680,24480,4,18,7853,3116382,200,0,383,0,0,216,337
706,2026-08-04T04:30:11Z,1785817811165003139,709,6680,24480,4,18,7865,3117173,200,0,383,0,0,216,337
707,2026-08-04T04:30:12Z,1785817812168511985,710,6680,24480,4,18,7876,3117963,200,0,383,0,0,216,337
708,2026-08-04T04:30:13Z,1785817813171643904,711,6680,24480,4,18,7889,3118753,200,0,383,0,0,216,337
709,2026-08-04T04:30:14Z,1785817814176166901,712,6680,24480,4,18,7900,3119545,200,0,383,0,0,216,337
710,2026-08-04T04:30:15Z,1785817815179990214,713,6680,24480,4,18,7912,3120333,200,0,383,0,0,216,337
711,2026-08-04T04:30:16Z,1785817816183547827,714,6680,24480,4,18,7924,3121121,200,0,383,0,0,216,337
712,2026-08-04T04:30:17Z,1785817817186647696,715,6680,24480,4,18,7935,3121911,200,0,383,0,0,216,337
713,2026-08-04T04:30:18Z,1785817818190944940,716,6680,24480,4,18,7947,3122701,200,0,383,0,0,216,337
714,2026-08-04T04:30:19Z,1785817819194949640,717,6680,24480,4,18,7959,3123490,200,0,383,0,0,216,337
715,2026-08-04T04:30:20Z,1785817820200193802,718,6680,24480,4,18,7971,3124281,200,0,383,0,0,216,337
716,2026-08-04T04:30:21Z,1785817821203962639,719,6680,24480,4,18,7982,3125071,200,0,383,0,0,216,337
717,2026-08-04T04:30:22Z,1785817822207390786,720,6680,24480,4,18,7994,3125860,200,0,383,0,0,216,337
718,2026-08-04T04:30:23Z,1785817823211034168,721,6680,24480,4,18,8006,3126650,200,0,383,0,0,216,337
719,2026-08-04T04:30:24Z,1785817824214858219,722,6680,24480,4,18,8018,3127441,200,0,383,0,0,216,337
720,2026-08-04T04:30:25Z,1785817825218226785,723,6680,24480,4,18,8029,3128230,200,0,383,0,0,216,337
721,2026-08-04T04:30:26Z,1785817826221381567,724,6680,24480,4,18,8041,3129019,200,0,383,0,0,216,337
722,2026-08-04T04:30:27Z,1785817827225555750,725,6680,24480,4,18,8054,3129809,200,0,383,0,0,216,337
723,2026-08-04T04:30:28Z,1785817828229774966,726,6680,24480,4,18,8066,3130597,200,0,383,0,0,216,337
724,2026-08-04T04:30:29Z,1785817829233923263,727,6680,24480,4,18,8077,3131389,200,0,383,0,0,216,337
725,2026-08-04T04:30:30Z,1785817830238347640,728,6680,24480,4,18,8089,3132177,200,0,383,0,0,216,337
726,2026-08-04T04:30:31Z,1785817831241613752,729,6680,24480,4,18,8101,3132963,200,0,383,0,0,216,337
727,2026-08-04T04:30:32Z,1785817832245936345,730,6680,24480,4,18,8113,3133750,200,0,383,0,0,216,337
728,2026-08-04T04:30:33Z,1785817833251196308,731,6680,24480,4,18,8125,3134540,200,0,383,0,0,216,337
729,2026-08-04T04:30:34Z,1785817834254929055,732,6680,24480,4,18,8136,3135329,200,0,383,0,0,216,337
730,2026-08-04T04:30:35Z,1785817835258322592,733,6680,24480,4,18,8148,3136117,200,0,383,0,0,216,337
731,2026-08-04T04:30:36Z,1785817836261461180,734,6680,24480,4,18,8160,3136906,200,0,383,0,0,216,337
732,2026-08-04T04:30:37Z,1785817837265754546,735,6680,24480,4,18,8173,3137694,200,0,383,0,0,216,337
733,2026-08-04T04:30:38Z,1785817838270736609,736,6680,24480,4,18,8185,3138486,200,0,383,0,0,216,337
734,2026-08-04T04:30:39Z,1785817839274426871,737,6680,24480,4,18,8196,3139274,200,0,383,0,0,216,337
735,2026-08-04T04:30:40Z,1785817840277403186,738,6680,24480,4,18,8208,3140062,200,0,383,0,0,216,337
736,2026-08-04T04:30:41Z,1785817841281577549,739,6680,24480,4,18,8220,3140852,200,0,383,0,0,216,337
737,2026-08-04T04:30:42Z,1785817842285299388,740,6680,24480,4,18,8231,3141642,200,0,383,0,0,216,337
738,2026-08-04T04:30:43Z,1785817843289736147,741,6680,24480,4,18,8243,3142434,200,0,383,0,0,216,337
739,2026-08-04T04:30:44Z,1785817844293895825,742,6680,24480,4,18,8256,3143221,200,0,383,0,0,216,337
740,2026-08-04T04:30:45Z,1785817845298243616,743,6680,24480,4,18,8268,3144010,200,0,383,0,0,216,338
741,2026-08-04T04:30:46Z,1785817846302153191,744,6680,24480,4,18,8279,3144799,200,0,383,0,0,216,340
742,2026-08-04T04:30:47Z,1785817847304747924,745,6680,24480,4,18,8291,3145589,200,0,383,0,0,216,340
743,2026-08-04T04:30:48Z,1785817848308808210,746,6680,24480,4,18,8303,3146378,200,0,383,0,0,216,341
744,2026-08-04T04:30:49Z,1785817849312600807,747,6680,24480,4,18,8315,3147169,200,0,383,0,0,216,341
745,2026-08-04T04:30:50Z,1785817850316470765,748,6680,24480,4,18,8326,3147959,200,0,383,0,0,216,342
746,2026-08-04T04:30:51Z,1785817851321200824,749,6680,24480,4,18,8338,3148749,200,0,383,0,0,216,342
747,2026-08-04T04:30:52Z,1785817852323822941,750,6680,24480,4,18,8351,3149538,200,0,383,0,0,216,342
748,2026-08-04T04:30:53Z,1785817853328251022,751,6680,24480,4,18,8363,3150327,200,0,383,0,0,216,342
749,2026-08-04T04:30:54Z,1785817854331670168,752,6680,24480,4,18,8373,3151114,200,0,383,0,0,216,342
750,2026-08-04T04:30:55Z,1785817855335050047,753,6680,24480,4,18,8386,3151902,200,0,383,0,0,216,342
751,2026-08-04T04:30:56Z,1785817856339091416,754,6680,24480,4,18,8398,3152692,200,0,383,0,0,216,343
752,2026-08-04T04:30:57Z,1785817857342431653,755,6680,24480,4,18,8410,3153481,200,0,383,0,0,216,343
753,2026-08-04T04:30:58Z,1785817858346188870,756,6680,24480,4,18,8422,3154274,200,0,383,0,0,216,343
754,2026-08-04T04:30:59Z,1785817859349430165,757,6680,24480,4,18,8434,3155064,200,0,383,0,0,216,343
755,2026-08-04T04:31:00Z,1785817860354206881,758,6680,24480,4,18,8446,3155852,200,0,383,0,0,216,343
756,2026-08-04T04:31:01Z,1785817861358011380,759,6680,24480,4,18,8457,3156642,200,0,383,0,0,216,343
757,2026-08-04T04:31:02Z,1785817862362158977,760,6680,24480,4,18,8469,3157432,200,0,383,0,0,216,343
758,2026-08-04T04:31:03Z,1785817863365951826,761,6680,24480,4,18,8481,3158222,200,0,383,0,0,216,343
759,2026-08-04T04:31:04Z,1785817864370574995,762,6680,24480,4,18,8494,3159011,200,0,383,0,0,216,343
760,2026-08-04T04:31:05Z,1785817865373607987,763,6680,24480,4,18,8506,3159798,200,0,383,0,0,216,343
761,2026-08-04T04:31:06Z,1785817866377427790,764,6680,24480,4,18,8518,3160587,200,0,383,0,0,216,344
762,2026-08-04T04:31:07Z,1785817867380777877,765,6680,24480,4,18,8529,3161378,200,0,383,0,0,216,344
763,2026-08-04T04:31:08Z,1785817868384040584,766,6680,24480,4,18,8542,3162167,200,0,383,0,0,216,344
764,2026-08-04T04:31:09Z,1785817869388485781,767,6676,24480,4,17,8554,3162962,200,0,383,0,0,216,344
765,2026-08-04T04:31:10Z,1785817870391396673,768,6676,24480,4,17,8565,3163752,200,0,383,0,0,216,344
766,2026-08-04T04:31:11Z,1785817871395414485,769,6640,24480,4,13,8574,3164548,200,0,383,0,0,216,344
767,2026-08-04T04:31:12Z,1785817872399425048,770,6640,24480,4,13,8580,3165351,200,0,383,0,0,216,344
768,2026-08-04T04:31:13Z,1785817873402698750,771,6308,24480,4,10,8580,3166152,200,0,383,0,0,216,344
769,2026-08-04T04:31:14Z,1785817874405970521,772,6308,24480,4,10,8580,3166953,200,0,383,0,0,216,344
770,2026-08-04T04:31:15Z,1785817875408836871,773,6308,24480,4,10,8580,3167754,200,0,383,0,0,216,345
771,2026-08-04T04:31:16Z,1785817876412921064,774,6308,24480,4,10,8580,3168556,200,0,383,0,0,216,346
772,2026-08-04T04:31:17Z,1785817877416695824,775,6308,24480,4,10,8580,3169360,200,0,383,0,0,216,348
773,2026-08-04T04:31:18Z,1785817878419337552,776,6308,24480,4,10,8580,3170160,200,0,383,0,0,216,348
774,2026-08-04T04:31:19Z,1785817879423505648,777,6312,24480,4,11,8580,3170961,200,0,383,0,0,216,348
775,2026-08-04T04:31:20Z,1785817880427190734,778,6320,24480,4,13,8583,3171760,200,0,383,0,0,216,348
776,2026-08-04T04:31:21Z,1785817881431267744,779,6344,24480,4,14,8588,3172556,200,0,383,0,0,216,348
777,2026-08-04T04:31:22Z,1785817882434845528,780,6348,24480,4,15,8598,3173348,200,0,383,0,0,216,348
778,2026-08-04T04:31:23Z,1785817883438328936,781,6672,24480,4,16,8611,3174139,200,0,383,0,0,216,348
779,2026-08-04T04:31:24Z,1785817884442540007,782,6684,24480,4,19,8623,3174934,200,0,383,0,0,216,349
780,2026-08-04T04:31:25Z,1785817885446329991,783,6684,24480,4,19,8634,3175723,200,0,383,0,0,216,349
781,2026-08-04T04:31:26Z,1785817886449334247,784,6684,24480,4,19,8646,3176515,200,0,383,0,0,216,349
782,2026-08-04T04:31:27Z,1785817887453263886,785,6684,24480,4,19,8658,3177309,200,0,383,0,0,216,350
783,2026-08-04T04:31:28Z,1785817888457325276,786,6684,24480,4,19,8670,3178100,200,0,383,0,0,216,350
784,2026-08-04T04:31:29Z,1785817889460975859,787,6684,24480,4,19,8682,3178892,200,0,383,0,0,216,350
785,2026-08-04T04:31:30Z,1785817890466356242,788,6684,24480,4,19,8694,3179684,200,0,383,0,0,216,351
786,2026-08-04T04:31:31Z,1785817891469836298,789,6684,24480,4,19,8707,3180473,200,0,383,0,0,216,351
787,2026-08-04T04:31:32Z,1785817892473451882,790,6684,24480,4,19,8719,3181267,200,0,383,0,0,216,351
788,2026-08-04T04:31:33Z,1785817893476464510,791,6684,24480,4,19,8732,3182060,200,0,383,0,0,216,351
789,2026-08-04T04:31:34Z,1785817894480805853,792,6684,24480,4,19,8744,3182851,200,0,383,0,0,216,352
790,2026-08-04T04:31:35Z,1785817895484208935,793,6684,24480,4,19,8757,3183643,200,0,383,0,0,216,352
791,2026-08-04T04:31:36Z,1785817896488331843,794,6684,24480,4,19,8768,3184434,200,0,383,0,0,216,353
792,2026-08-04T04:31:37Z,1785817897492519801,795,6684,24480,4,19,8781,3185225,200,0,383,0,0,216,354
793,2026-08-04T04:31:38Z,1785817898497010849,796,6684,24480,4,19,8792,3186018,200,0,383,0,0,216,354
794,2026-08-04T04:31:39Z,1785817899500451017,797,6684,24480,4,19,8805,3186811,200,0,383,0,0,216,354
795,2026-08-04T04:31:40Z,1785817900502926716,798,6684,24480,4,19,8817,3187605,200,0,383,0,0,216,354
796,2026-08-04T04:31:41Z,1785817901506939453,799,6684,24480,4,19,8829,3188395,200,0,383,0,0,216,354
797,2026-08-04T04:31:42Z,1785817902511477783,800,6684,24480,4,19,8841,3189188,200,0,383,0,0,216,355
798,2026-08-04T04:31:43Z,1785817903514833425,801,6684,24480,4,19,8853,3189980,200,0,383,0,0,216,355
799,2026-08-04T04:31:44Z,1785817904519595012,802,6684,24480,4,19,8866,3190775,200,0,383,0,0,216,355
800,2026-08-04T04:31:45Z,1785817905522926878,803,6684,24480,4,19,8877,3191570,200,0,383,0,0,216,356
801,2026-08-04T04:31:46Z,1785817906527620498,804,6684,24480,4,19,8890,3192356,200,0,383,0,0,216,357
802,2026-08-04T04:31:47Z,1785817907530837930,805,6684,24480,4,19,8903,3193147,200,0,383,0,0,216,358
803,2026-08-04T04:31:48Z,1785817908535265462,806,6684,24480,4,19,8915,3193939,200,0,383,0,0,216,359
804,2026-08-04T04:31:49Z,1785817909538372541,807,6684,24480,4,19,8926,3194732,200,0,383,0,0,216,360
805,2026-08-04T04:31:50Z,1785817910542517484,808,6684,24480,4,19,8939,3195525,200,0,383,0,0,216,361
806,2026-08-04T04:31:51Z,1785817911546673375,809,6684,24480,4,19,8950,3196320,200,0,383,0,0,216,362
807,2026-08-04T04:31:52Z,1785817912551111795,810,6684,24480,4,19,8963,3197112,200,0,383,0,0,216,362
808,2026-08-04T04:31:53Z,1785817913554752714,811,6684,24480,4,19,8974,3197903,200,0,383,0,0,216,363
809,2026-08-04T04:31:54Z,1785817914558334869,812,6684,24480,4,19,8986,3198699,200,0,383,0,0,216,364
810,2026-08-04T04:31:55Z,1785817915561744556,813,6684,24480,4,19,8998,3199492,200,0,383,0,0,216,365
811,2026-08-04T04:31:56Z,1785817916566179108,814,6684,24480,4,19,9009,3200287,200,0,383,0,0,216,366
812,2026-08-04T04:31:57Z,1785817917570305227,815,6684,24480,4,19,9021,3201079,200,0,383,0,0,216,367
813,2026-08-04T04:31:58Z,1785817918573822959,816,6684,24480,4,19,9033,3201874,200,0,383,0,0,216,368
814,2026-08-04T04:31:59Z,1785817919577559684,817,6684,24480,4,19,9045,3202669,200,0,383,0,0,216,368
815,2026-08-04T04:32:00Z,1785817920581556946,818,6684,24480,4,19,9058,3203461,200,0,383,0,0,216,368
816,2026-08-04T04:32:01Z,1785817921585063976,819,6684,24480,4,19,9070,3204255,200,0,383,0,0,216,369
817,2026-08-04T04:32:02Z,1785817922588799954,820,6684,24480,4,19,9082,3205044,200,0,383,0,0,216,370
818,2026-08-04T04:32:03Z,1785817923591922859,821,6684,24480,4,19,9094,3205835,200,0,383,0,0,216,371
819,2026-08-04T04:32:04Z,1785817924596286163,822,6684,24480,4,19,9107,3206627,200,0,383,0,0,216,372
820,2026-08-04T04:32:05Z,1785817925600032130,823,6684,24480,4,19,9118,3207419,200,0,383,0,0,216,373
821,2026-08-04T04:32:06Z,1785817926603301925,824,6684,24480,4,19,9130,3208213,200,0,383,0,0,216,374
822,2026-08-04T04:32:07Z,1785817927607403347,825,6684,24480,4,19,9142,3209006,200,0,383,0,0,216,375
823,2026-08-04T04:32:08Z,1785817928611375475,826,6684,24480,4,19,9154,3209800,200,0,383,0,0,216,376
824,2026-08-04T04:32:09Z,1785817929615280564,827,6684,24480,4,19,9165,3210592,200,0,383,0,0,216,376
825,2026-08-04T04:32:10Z,1785817930619919533,828,6684,24480,4,19,9178,3211382,200,0,383,0,0,216,377
826,2026-08-04T04:32:11Z,1785817931623239450,829,6684,24480,4,19,9190,3212175,200,0,383,0,0,216,377
827,2026-08-04T04:32:12Z,1785817932626911963,830,6684,24480,4,19,9202,3212967,200,0,383,0,0,216,377
828,2026-08-04T04:32:13Z,1785817933629967521,831,6684,24480,4,19,9213,3213758,200,0,383,0,0,216,377
829,2026-08-04T04:32:14Z,1785817934635137413,832,6684,24480,4,19,9225,3214553,200,0,383,0,0,216,377
830,2026-08-04T04:32:15Z,1785817935638748371,833,6684,24480,4,19,9237,3215342,200,0,383,0,0,216,378
831,2026-08-04T04:32:16Z,1785817936642412180,834,6684,24480,4,19,9249,3216132,200,0,383,0,0,216,378
832,2026-08-04T04:32:17Z,1785817937645915558,835,6684,24480,4,19,9261,3216924,200,0,383,0,0,216,378
833,2026-08-04T04:32:18Z,1785817938649435842,836,6684,24480,4,19,9273,3217716,200,0,383,0,0,216,378
834,2026-08-04T04:32:19Z,1785817939654240072,837,6684,24480,4,19,9285,3218511,200,0,383,0,0,216,379
835,2026-08-04T04:32:20Z,1785817940657773467,838,6684,24480,4,19,9297,3219301,200,0,383,0,0,216,380
836,2026-08-04T04:32:21Z,1785817941661321192,839,6684,24480,4,19,9309,3220093,200,0,383,0,0,216,380
837,2026-08-04T04:32:22Z,1785817942665725188,840,6684,24480,4,19,9321,3220886,200,0,383,0,0,216,381
838,2026-08-04T04:32:23Z,1785817943669258175,841,6684,24480,4,19,9333,3221679,200,0,383,0,0,216,381
839,2026-08-04T04:32:24Z,1785817944673103178,842,6684,24480,4,19,9345,3222474,200,0,383,0,0,216,381
840,2026-08-04T04:32:25Z,1785817945676471070,843,6684,24480,4,19,9358,3223266,200,0,383,0,0,216,382
841,2026-08-04T04:32:26Z,1785817946680072286,844,6684,24480,4,19,9369,3224060,200,0,383,0,0,216,383
842,2026-08-04T04:32:27Z,1785817947683164854,845,6684,24480,4,19,9381,3224849,200,0,383,0,0,216,384
843,2026-08-04T04:32:28Z,1785817948687822764,846,6684,24480,4,19,9393,3225641,200,0,383,0,0,216,384
844,2026-08-04T04:32:29Z,1785817949691416977,847,6684,24480,4,19,9404,3226431,200,0,383,0,0,216,384
845,2026-08-04T04:32:30Z,1785817950696016803,848,6684,24480,4,19,9417,3227224,200,0,383,0,0,216,384
846,2026-08-04T04:32:31Z,1785817951698904659,849,6684,24480,4,19,9429,3228011,200,0,383,0,0,216,385
847,2026-08-04T04:32:32Z,1785817952702988262,850,6684,24480,4,19,9441,3228807,200,0,383,0,0,216,385
848,2026-08-04T04:32:33Z,1785817953708212161,851,6684,24480,4,19,9454,3229601,200,0,383,0,0,216,386
849,2026-08-04T04:32:34Z,1785817954710723538,852,6684,24480,4,19,9466,3230393,200,0,383,0,0,216,387
850,2026-08-04T04:32:35Z,1785817955714267915,853,6684,24480,4,19,9477,3231185,200,0,383,0,0,216,388
851,2026-08-04T04:32:36Z,1785817956718465154,854,6684,24480,4,19,9489,3231980,200,0,383,0,0,216,389
852,2026-08-04T04:32:37Z,1785817957722317036,855,6684,24480,4,19,9502,3232770,200,0,383,0,0,216,390
853,2026-08-04T04:32:38Z,1785817958725468809,856,6684,24480,4,19,9514,3233563,200,0,383,0,0,216,391
854,2026-08-04T04:32:39Z,1785817959730033630,857,6684,24480,4,19,9527,3234353,200,0,383,0,0,216,391
855,2026-08-04T04:32:40Z,1785817960733827789,858,6684,24480,4,19,9539,3235144,200,0,383,0,0,216,392
856,2026-08-04T04:32:41Z,1785817961737580097,859,6684,24480,4,19,9551,3235935,200,0,383,0,0,216,393
857,2026-08-04T04:32:42Z,1785817962741285291,860,6684,24480,4,19,9563,3236727,200,0,383,0,0,216,393
858,2026-08-04T04:32:43Z,1785817963744342583,861,6684,24480,4,19,9575,3237517,200,0,383,0,0,216,394
859,2026-08-04T04:32:44Z,1785817964749271906,862,6684,24480,4,19,9587,3238310,200,0,383,0,0,216,395
860,2026-08-04T04:32:45Z,1785817965752586143,863,6684,24480,4,19,9599,3239101,200,0,383,0,0,216,396
861,2026-08-04T04:32:46Z,1785817966757010012,864,6684,24480,4,19,9611,3239891,200,0,383,0,0,216,397
862,2026-08-04T04:32:47Z,1785817967760372961,865,6684,24480,4,19,9623,3240681,200,0,383,0,0,216,397
863,2026-08-04T04:32:48Z,1785817968763856302,866,6684,24480,4,19,9635,3241470,200,0,383,0,0,216,397
864,2026-08-04T04:32:49Z,1785817969767157915,867,6684,24480,4,19,9647,3242259,200,0,383,0,0,216,398
865,2026-08-04T04:32:50Z,1785817970771188001,868,6684,24480,4,19,9659,3243049,200,0,383,0,0,216,399
866,2026-08-04T04:32:51Z,1785817971775249099,869,6684,24480,4,19,9672,3243842,200,0,383,0,0,216,400
867,2026-08-04T04:32:52Z,1785817972779506905,870,6684,24480,4,19,9683,3244632,200,0,383,0,0,216,400
868,2026-08-04T04:32:53Z,1785817973784177267,871,6684,24480,4,19,9694,3245426,200,0,383,0,0,216,401
869,2026-08-04T04:32:54Z,1785817974787866407,872,6684,24480,4,19,9706,3246216,200,0,383,0,0,216,402
870,2026-08-04T04:32:55Z,1785817975791268358,873,6684,24480,4,19,9718,3247008,200,0,383,0,0,216,403
871,2026-08-04T04:32:56Z,1785817976794806804,874,6684,24480,4,19,9731,3247802,200,0,383,0,0,216,404
872,2026-08-04T04:32:57Z,1785817977798111895,875,6684,24480,4,19,9743,3248595,200,0,383,0,0,216,405
873,2026-08-04T04:32:58Z,1785817978802177477,876,6684,24480,4,19,9754,3249388,200,0,383,0,0,216,406
874,2026-08-04T04:32:59Z,1785817979807294182,877,6684,24480,4,19,9766,3250181,200,0,383,0,0,216,407
875,2026-08-04T04:33:00Z,1785817980810811394,878,6684,24480,4,19,9778,3250972,200,0,383,0,0,216,408
876,2026-08-04T04:33:01Z,1785817981815174020,879,6684,24480,4,19,9791,3251762,200,0,383,0,0,216,409
877,2026-08-04T04:33:02Z,1785817982818050418,880,6684,24480,4,19,9803,3252548,200,0,383,0,0,216,409
878,2026-08-04T04:33:03Z,1785817983822376311,881,6684,24480,4,19,9816,3253341,200,0,383,0,0,216,410
879,2026-08-04T04:33:04Z,1785817984826225067,882,6684,24480,4,19,9828,3254131,200,0,383,0,0,216,410
880,2026-08-04T04:33:05Z,1785817985830061166,883,6684,24480,4,19,9840,3254921,200,0,383,0,0,216,410
881,2026-08-04T04:33:06Z,1785817986833629721,884,6684,24480,4,19,9852,3255714,200,0,383,0,0,216,411
882,2026-08-04T04:33:07Z,1785817987837269435,885,6684,24480,4,19,9865,3256506,200,0,383,0,0,216,411
883,2026-08-04T04:33:08Z,1785817988840545257,886,6684,24480,4,19,9876,3257299,200,0,383,0,0,216,411
884,2026-08-04T04:33:09Z,1785817989843781450,887,6684,24480,4,19,9888,3258086,200,0,383,0,0,216,412
885,2026-08-04T04:33:10Z,1785817990848313693,888,6684,24480,4,19,9901,3258877,200,0,383,0,0,216,413
886,2026-08-04T04:33:11Z,1785817991851696589,889,6684,24480,4,19,9913,3259668,200,0,383,0,0,216,413
887,2026-08-04T04:33:12Z,1785817992856367040,890,6684,24480,4,19,9926,3260461,200,0,383,0,0,216,413
888,2026-08-04T04:33:13Z,1785817993859791068,891,6684,24480,4,19,9938,3261250,200,0,383,0,0,216,414
889,2026-08-04T04:33:14Z,1785817994864563694,892,6684,24480,4,19,9950,3262043,200,0,383,0,0,216,415
890,2026-08-04T04:33:15Z,1785817995866393237,893,6684,24480,4,19,9961,3262836,200,0,383,0,0,216,415
891,2026-08-04T04:33:16Z,1785817996870393316,894,6684,24480,4,19,9974,3263630,200,0,383,0,0,216,415
892,2026-08-04T04:33:17Z,1785817997874538829,895,6684,24480,4,19,9985,3264423,200,0,383,0,0,216,416
893,2026-08-04T04:33:18Z,1785817998878382575,896,6680,24480,4,18,9997,3265220,200,0,383,0,0,216,416
894,2026-08-04T04:33:19Z,1785817999882015869,897,6680,24480,4,18,10008,3266015,200,0,383,0,0,216,417
895,2026-08-04T04:33:20Z,1785818000885436955,898,6644,24480,4,14,10017,3266811,200,0,383,0,0,216,417
896,2026-08-04T04:33:21Z,1785818001887927220,899,6636,24480,4,12,10023,3267605,200,0,383,0,0,216,417
897,2026-08-04T04:33:22Z,1785818002891605137,900,6308,24480,4,10,10023,3268407,200,0,383,0,0,216,417
898,2026-08-04T04:33:23Z,1785818003895124919,901,6308,24480,4,10,10023,3269209,200,0,383,0,0,216,417
899,2026-08-04T04:33:24Z,1785818004898754952,902,6308,24480,4,10,10023,3270011,200,0,383,0,0,216,417
900,2026-08-04T04:33:25Z,1785818005902264537,903,6308,24480,4,10,10023,3270815,200,0,383,0,0,216,417
901,2026-08-04T04:33:26Z,1785818006905807270,904,6308,24480,4,10,10023,3271617,200,0,383,0,0,216,417
902,2026-08-04T04:33:27Z,1785818007909342387,905,6308,24480,4,10,10023,3272419,200,0,383,0,0,216,417
903,2026-08-04T04:33:28Z,1785818008912998734,906,6312,24480,4,11,10023,3273220,200,0,383,0,0,216,417
904,2026-08-04T04:33:29Z,1785818009918639722,907,6320,24480,4,13,10026,3274015,200,0,383,0,0,216,417
905,2026-08-04T04:33:30Z,1785818010922293609,908,6344,24480,4,14,10032,3274807,200,0,383,0,0,216,417
906,2026-08-04T04:33:31Z,1785818011925586815,909,6348,24480,4,15,10043,3275593,200,0,383,0,0,216,417
907,2026-08-04T04:33:32Z,1785818012928776832,910,6672,24480,4,16,10055,3276379,200,0,383,0,0,216,417
908,2026-08-04T04:33:33Z,1785818013933137998,911,6684,24480,4,19,10068,3277169,200,0,383,0,0,216,418
909,2026-08-04T04:33:34Z,1785818014936277054,912,6684,24480,4,19,10080,3277955,200,0,383,0,0,216,419
910,2026-08-04T04:33:35Z,1785818015940888088,913,6684,24480,4,19,10092,3278744,200,0,383,0,0,216,420
911,2026-08-04T04:33:36Z,1785818016944573821,914,6684,24480,4,19,10104,3279530,200,0,383,0,0,216,421
912,2026-08-04T04:33:37Z,1785818017947588429,915,6684,24480,4,19,10116,3280317,200,0,383,0,0,216,421
913,2026-08-04T04:33:38Z,1785818018951505781,916,6684,24480,4,19,10128,3281105,200,0,383,0,0,216,421
914,2026-08-04T04:33:39Z,1785818019955862392,917,6684,24480,4,19,10140,3281893,200,0,383,0,0,216,421
915,2026-08-04T04:33:40Z,1785818020958747013,918,6684,24480,4,19,10152,3282679,200,0,383,0,0,216,422
916,2026-08-04T04:33:41Z,1785818021963184928,919,6684,24480,4,19,10164,3283468,200,0,383,0,0,216,423
917,2026-08-04T04:33:42Z,1785818022967723540,920,6684,24480,4,19,10176,3284256,200,0,383,0,0,216,424
918,2026-08-04T04:33:43Z,1785818023971095280,921,6684,24480,4,19,10187,3285046,200,0,383,0,0,216,425
919,2026-08-04T04:33:44Z,1785818024974433318,922,6684,24480,4,19,10199,3285834,200,0,383,0,0,216,425
920,2026-08-04T04:33:45Z,1785818025978139889,923,6684,24480,4,19,10209,3286623,200,0,383,0,0,216,425
921,2026-08-04T04:33:46Z,1785818026981626571,924,6684,24480,4,19,10221,3287410,200,0,383,0,0,216,425
922,2026-08-04T04:33:47Z,1785818027985012611,925,6684,24480,4,19,10233,3288198,200,0,383,0,0,216,425
923,2026-08-04T04:33:48Z,1785818028988001628,926,6684,24480,4,19,10244,3288986,200,0,383,0,0,216,425
924,2026-08-04T04:33:49Z,1785818029992315145,927,6684,24480,4,19,10256,3289773,200,0,383,0,0,216,425
925,2026-08-04T04:33:50Z,1785818030995396810,928,6684,24480,4,19,10267,3290563,200,0,383,0,0,216,425
926,2026-08-04T04:33:51Z,1785818031999446035,929,6684,24480,4,19,10279,3291352,200,0,383,0,0,216,425
927,2026-08-04T04:33:53Z,1785818033004052061,931,6684,24480,4,19,10290,3292140,200,0,383,0,0,216,425
928,2026-08-04T04:33:54Z,1785818034007631296,932,6684,24480,4,19,10302,3292927,200,0,383,0,0,216,425
929,2026-08-04T04:33:55Z,1785818035010713913,933,6684,24480,4,19,10312,3293718,200,0,383,0,0,216,425
930,2026-08-04T04:33:56Z,1785818036015048053,934,6684,24480,4,19,10324,3294507,200,0,383,0,0,216,425
931,2026-08-04T04:33:57Z,1785818037019512302,935,6684,24480,4,19,10336,3295296,200,0,383,0,0,216,425
932,2026-08-04T04:33:58Z,1785818038023009070,936,6684,24480,4,19,10347,3296088,200,0,383,0,0,216,425
933,2026-08-04T04:33:59Z,1785818039026183222,937,6684,24480,4,19,10358,3296877,200,0,383,0,0,216,425
934,2026-08-04T04:34:00Z,1785818040032464739,938,6684,24480,4,19,10370,3297665,200,0,383,0,0,216,425
935,2026-08-04T04:34:01Z,1785818041034810289,939,6684,24480,4,19,10381,3298452,200,0,383,0,0,216,425
936,2026-08-04T04:34:02Z,1785818042040576827,940,6684,24480,4,19,10393,3299240,200,0,383,0,0,216,425
937,2026-08-04T04:34:03Z,1785818043043420129,941,6684,24480,4,19,10404,3300027,200,0,383,0,0,216,425
938,2026-08-04T04:34:04Z,1785818044047079682,942,6684,24480,4,19,10416,3300816,200,0,383,0,0,216,425
939,2026-08-04T04:34:05Z,1785818045050799205,943,6684,24480,4,19,10427,3301603,200,0,383,0,0,216,425
940,2026-08-04T04:34:06Z,1785818046054351343,944,6684,24480,4,19,10439,3302390,200,0,383,0,0,216,425
941,2026-08-04T04:34:07Z,1785818047057867482,945,6684,24480,4,19,10451,3303177,200,0,383,0,0,216,425
942,2026-08-04T04:34:08Z,1785818048061544771,946,6684,24480,4,19,10462,3303965,200,0,383,0,0,216,425
943,2026-08-04T04:34:09Z,1785818049064188158,947,6684,24480,4,19,10473,3304754,200,0,383,0,0,216,425
944,2026-08-04T04:34:10Z,1785818050068697063,948,6684,24480,4,19,10484,3305544,200,0,383,0,0,216,425
945,2026-08-04T04:34:11Z,1785818051072535709,949,6684,24480,4,19,10495,3306331,200,0,383,0,0,216,425
946,2026-08-04T04:34:12Z,1785818052076834269,950,6680,24480,4,18,10506,3307119,200,0,383,0,0,216,425
947,2026-08-04T04:34:13Z,1785818053080181916,951,6676,24480,4,17,10518,3307907,200,0,383,0,0,216,425
948,2026-08-04T04:34:14Z,1785818054083967372,952,6676,24480,4,17,10529,3308697,200,0,383,0,0,216,425
949,2026-08-04T04:34:15Z,1785818055088895313,953,6676,24480,4,17,10541,3309483,200,0,383,0,0,216,425
950,2026-08-04T04:34:16Z,1785818056091943290,954,6676,24480,4,17,10552,3310273,200,0,383,0,0,216,425
951,2026-08-04T04:34:17Z,1785818057095988281,955,6676,24480,4,17,10563,3311063,200,0,383,0,0,216,425
952,2026-08-04T04:34:18Z,1785818058100024846,956,6676,24480,4,17,10574,3311854,200,0,383,0,0,216,425
953,2026-08-04T04:34:19Z,1785818059104124495,957,6676,24480,4,17,10586,3312643,200,0,383,0,0,216,425
954,2026-08-04T04:34:20Z,1785818060108316044,958,6676,24480,4,17,10598,3313434,200,0,383,0,0,216,425
955,2026-08-04T04:34:21Z,1785818061113018855,959,6676,24480,4,17,10609,3314222,200,0,383,0,0,216,425
956,2026-08-04T04:34:22Z,1785818062116326328,960,6676,24480,4,17,10620,3315009,200,0,383,0,0,216,425
957,2026-08-04T04:34:23Z,1785818063119466208,961,6676,24480,4,17,10631,3315798,200,0,383,0,0,216,425
958,2026-08-04T04:34:24Z,1785818064123903520,962,6676,24480,4,17,10644,3316588,200,0,383,0,0,216,425
959,2026-08-04T04:34:25Z,1785818065127252879,963,6676,24480,4,17,10655,3317375,200,0,383,0,0,216,425
960,2026-08-04T04:34:26Z,1785818066131443028,964,6676,24480,4,17,10666,3318164,200,0,383,0,0,216,425
961,2026-08-04T04:34:27Z,1785818067135679042,965,6676,24480,4,17,10677,3318956,200,0,383,0,0,216,425
962,2026-08-04T04:34:28Z,1785818068139432689,966,6676,24480,4,17,10689,3319744,200,0,383,0,0,216,425
963,2026-08-04T04:34:29Z,1785818069143950496,967,6676,24480,4,17,10700,3320532,200,0,383,0,0,216,425
964,2026-08-04T04:34:30Z,1785818070148201311,968,6676,24480,4,17,10711,3321322,200,0,383,0,0,216,425
965,2026-08-04T04:34:31Z,1785818071151807316,969,6676,24480,4,17,10723,3322108,200,0,383,0,0,216,425
966,2026-08-04T04:34:32Z,1785818072154788088,970,6676,24480,4,17,10734,3322895,200,0,383,0,0,216,425
967,2026-08-04T04:34:33Z,1785818073159164960,971,6676,24480,4,17,10745,3323684,200,0,383,0,0,216,425
968,2026-08-04T04:34:34Z,1785818074163017869,972,6676,24480,4,17,10757,3324472,200,0,383,0,0,216,425
969,2026-08-04T04:34:35Z,1785818075167026266,973,6676,24480,4,17,10768,3325261,200,0,383,0,0,216,425
970,2026-08-04T04:34:36Z,1785818076170875153,974,6676,24480,4,17,10779,3326051,200,0,383,0,0,216,425
971,2026-08-04T04:34:37Z,1785818077176373017,975,6676,24480,4,17,10790,3326840,200,0,383,0,0,216,425
972,2026-08-04T04:34:38Z,1785818078178900831,976,6676,24480,4,17,10802,3327628,200,0,383,0,0,216,425
973,2026-08-04T04:34:39Z,1785818079182409787,977,6676,24480,4,17,10813,3328414,200,0,383,0,0,216,425
974,2026-08-04T04:34:40Z,1785818080185186158,978,6676,24480,4,17,10825,3329201,200,0,383,0,0,216,425
975,2026-08-04T04:34:41Z,1785818081189428912,979,6676,24480,4,17,10836,3329989,200,0,383,0,0,216,425
976,2026-08-04T04:34:42Z,1785818082193255915,980,6676,24480,4,17,10849,3330778,200,0,383,0,0,216,425
977,2026-08-04T04:34:43Z,1785818083196073406,981,6676,24480,4,17,10860,3331566,200,0,383,0,0,216,425
978,2026-08-04T04:34:44Z,1785818084200017262,982,6676,24480,4,17,10871,3332353,200,0,383,0,0,216,425
979,2026-08-04T04:34:45Z,1785818085204677050,983,6676,24480,4,17,10882,3333143,200,0,383,0,0,216,425
980,2026-08-04T04:34:46Z,1785818086208686089,984,6676,24480,4,17,10894,3333931,200,0,383,0,0,216,425
981,2026-08-04T04:34:47Z,1785818087211522400,985,6676,24480,4,17,10905,3334720,200,0,383,0,0,216,425
982,2026-08-04T04:34:48Z,1785818088215798155,986,6676,24480,4,17,10916,3335511,200,0,383,0,0,216,425
983,2026-08-04T04:34:49Z,1785818089219178219,987,6676,24480,4,17,10928,3336299,200,0,383,0,0,216,425
984,2026-08-04T04:34:50Z,1785818090222818425,988,6676,24480,4,17,10939,3337091,200,0,383,0,0,216,425
985,2026-08-04T04:34:51Z,1785818091226065898,989,6676,24480,4,17,10950,3337877,200,0,383,0,0,216,425
986,2026-08-04T04:34:52Z,1785818092229310143,990,6676,24480,4,17,10961,3338665,200,0,383,0,0,216,425
987,2026-08-04T04:34:53Z,1785818093233703879,991,6684,24480,4,19,10973,3339456,200,0,383,0,0,216,425
988,2026-08-04T04:34:54Z,1785818094237275925,992,6684,24480,4,19,10985,3340244,200,0,383,0,0,216,425
989,2026-08-04T04:34:55Z,1785818095240696175,993,6684,24480,4,19,10998,3341033,200,0,383,0,0,216,425
990,2026-08-04T04:34:56Z,1785818096244197414,994,6684,24480,4,19,11009,3341820,200,0,383,0,0,216,425
991,2026-08-04T04:34:57Z,1785818097247337733,995,6684,24480,4,19,11021,3342608,200,0,383,0,0,216,425
992,2026-08-04T04:34:58Z,1785818098252013664,996,6684,24480,4,19,11032,3343395,200,0,383,0,0,216,425
993,2026-08-04T04:34:59Z,1785818099254678004,997,6684,24480,4,19,11045,3344184,200,0,383,0,0,216,425
994,2026-08-04T04:35:00Z,1785818100259560555,998,6684,24480,4,19,11057,3344973,200,0,383,0,0,216,425
995,2026-08-04T04:35:01Z,1785818101263386614,999,6684,24480,4,19,11069,3345761,200,0,383,0,0,216,425
996,2026-08-04T04:35:02Z,1785818102267040944,1000,6684,24480,4,19,11082,3346546,200,0,383,0,0,216,425
997,2026-08-04T04:35:03Z,1785818103271366441,1001,6684,24480,4,19,11094,3347336,200,0,383,0,0,216,425
998,2026-08-04T04:35:04Z,1785818104273574977,1002,6684,24480,4,19,11106,3348121,200,0,383,0,0,216,425
999,2026-08-04T04:35:05Z,1785818105278201529,1003,6684,24480,4,19,11118,3348908,200,0,383,0,0,216,425
1000,2026-08-04T04:35:06Z,1785818106281621566,1004,6684,24480,4,19,11130,3349694,200,0,383,0,0,216,425
1001,2026-08-04T04:35:07Z,1785818107285118897,1005,6684,24480,4,19,11143,3350481,200,0,384,0,0,216,425
1002,2026-08-04T04:35:08Z,1785818108288363247,1006,6684,24480,4,19,11154,3351267,200,0,384,0,0,216,425
1003,2026-08-04T04:35:09Z,1785818109291672756,1007,6684,24480,4,19,11166,3352054,200,0,384,0,0,216,425
1004,2026-08-04T04:35:10Z,1785818110297018936,1008,6684,24480,4,19,11178,3352843,200,0,384,0,0,216,425
1005,2026-08-04T04:35:11Z,1785818111300084148,1009,6684,24480,4,19,11189,3353631,200,0,384,0,0,216,425
1006,2026-08-04T04:35:12Z,1785818112304163599,1010,6684,24480,4,19,11202,3354420,200,0,384,0,0,216,425
1007,2026-08-04T04:35:13Z,1785818113308037883,1011,6684,24480,4,19,11214,3355208,200,0,384,0,0,216,425
1008,2026-08-04T04:35:14Z,1785818114312721775,1012,6684,24480,4,19,11226,3355997,200,0,384,0,0,216,425
1009,2026-08-04T04:35:15Z,1785818115316398390,1013,6684,24480,4,19,11237,3356784,200,0,384,0,0,216,425
1010,2026-08-04T04:35:16Z,1785818116320377025,1014,6684,24480,4,19,11250,3357573,200,0,384,0,0,216,425
1011,2026-08-04T04:35:17Z,1785818117323716918,1015,6684,24480,4,19,11262,3358358,200,0,384,0,0,216,425
1012,2026-08-04T04:35:18Z,1785818118327680844,1016,6684,24480,4,19,11274,3359148,200,0,384,0,0,216,425
1013,2026-08-04T04:35:19Z,1785818119332021382,1017,6684,24480,4,19,11286,3359936,200,0,384,0,0,216,425
1014,2026-08-04T04:35:20Z,1785818120337010903,1018,6684,24480,4,19,11298,3360727,200,0,384,0,0,216,425
1015,2026-08-04T04:35:21Z,1785818121340873500,1019,6684,24480,4,19,11309,3361515,200,0,384,0,0,216,425
1016,2026-08-04T04:35:22Z,1785818122344154568,1020,6684,24480,4,19,11321,3362300,200,0,384,0,0,216,425
1017,2026-08-04T04:35:23Z,1785818123347526302,1021,6684,24480,4,19,11333,3363091,200,0,384,0,0,216,425
1018,2026-08-04T04:35:24Z,1785818124350277068,1022,6684,24480,4,19,11345,3363876,200,0,384,0,0,216,425
1019,2026-08-04T04:35:25Z,1785818125354715230,1023,6684,24480,4,19,11356,3364667,200,0,384,0,0,216,425
1020,2026-08-04T04:35:26Z,1785818126358786668,1024,6684,24480,4,19,11368,3365457,200,0,384,0,0,216,425
1021,2026-08-04T04:35:27Z,1785818127362959075,1025,6684,24480,4,19,11380,3366243,200,0,384,0,0,216,425
1022,2026-08-04T04:35:28Z,1785818128367446546,1026,6680,24480,4,18,11392,3367031,200,0,384,0,0,216,425
1023,2026-08-04T04:35:29Z,1785818129370203466,1027,6664,24480,4,14,11403,3367819,200,0,384,0,0,216,425
1024,2026-08-04T04:35:30Z,1785818130374259638,1028,6640,24480,4,13,11410,3368614,200,0,384,0,0,216,425
1025,2026-08-04T04:35:31Z,1785818131377839112,1029,6636,24480,4,12,11414,3369413,200,0,384,0,0,216,425
1026,2026-08-04T04:35:32Z,1785818132380545718,1030,6308,24480,4,10,11414,3370214,200,0,384,0,0,216,425
1027,2026-08-04T04:35:33Z,1785818133384217806,1031,6308,24480,4,10,11414,3371016,200,0,384,0,0,216,425
1028,2026-08-04T04:35:34Z,1785818134387690964,1032,6308,24480,4,10,11415,3371819,200,0,384,0,0,216,425
1029,2026-08-04T04:35:35Z,1785818135391448969,1033,6308,24480,4,10,11415,3372621,200,0,384,0,0,216,425
1030,2026-08-04T04:35:36Z,1785818136395007498,1034,6308,24480,4,10,11415,3373423,200,0,384,0,0,216,425
1031,2026-08-04T04:35:37Z,1785818137399090071,1035,6312,24480,4,11,11415,3374227,200,0,384,0,0,216,425
1032,2026-08-04T04:35:38Z,1785818138403262066,1036,6320,24480,4,13,11416,3375028,200,0,384,0,0,216,425
1033,2026-08-04T04:35:39Z,1785818139407856817,1037,6344,24480,4,14,11419,3375825,200,0,384,0,0,216,425
1034,2026-08-04T04:35:40Z,1785818140412224416,1038,6348,24480,4,15,11425,3376618,200,0,384,0,0,216,425
1035,2026-08-04T04:35:41Z,1785818141415713299,1039,6672,24480,4,16,11436,3377406,200,0,384,0,0,216,425
1036,2026-08-04T04:35:42Z,1785818142419398880,1040,6684,24480,4,19,11449,3378197,200,0,384,0,0,216,426
1037,2026-08-04T04:35:43Z,1785818143422578878,1041,6684,24480,4,19,11461,3378986,200,0,384,0,0,216,426
1038,2026-08-04T04:35:44Z,1785818144426532487,1042,6684,24480,4,19,11472,3379774,200,0,384,0,0,216,427
1039,2026-08-04T04:35:45Z,1785818145431725422,1043,6684,24480,4,19,11485,3380562,200,0,384,0,0,216,427
1040,2026-08-04T04:35:46Z,1785818146434803306,1044,6684,24480,4,19,11497,3381351,200,0,384,0,0,216,427
1041,2026-08-04T04:35:47Z,1785818147439289320,1045,6684,24480,4,19,11509,3382139,200,0,384,0,0,216,427
1042,2026-08-04T04:35:48Z,1785818148442232862,1046,6684,24480,4,19,11521,3382925,200,0,384,0,0,216,427
1043,2026-08-04T04:35:49Z,1785818149446287122,1047,6684,24480,4,19,11533,3383714,200,0,384,0,0,216,427
1044,2026-08-04T04:35:50Z,1785818150450518905,1048,6684,24480,4,19,11544,3384504,200,0,384,0,0,216,427
1045,2026-08-04T04:35:51Z,1785818151454916751,1049,6684,24480,4,19,11556,3385293,200,0,384,0,0,216,427
1046,2026-08-04T04:35:52Z,1785818152458579115,1050,6684,24480,4,19,11568,3386082,200,0,384,0,0,216,427
1047,2026-08-04T04:35:53Z,1785818153461839056,1051,6684,24480,4,19,11580,3386871,200,0,384,0,0,216,427
1048,2026-08-04T04:35:54Z,1785818154465755400,1052,6684,24480,4,19,11592,3387662,200,0,384,0,0,216,427
1049,2026-08-04T04:35:55Z,1785818155470086830,1053,6684,24480,4,19,11604,3388446,200,0,384,0,0,216,427
1050,2026-08-04T04:35:56Z,1785818156473276841,1054,6684,24480,4,19,11617,3389233,200,0,384,0,0,216,427
1051,2026-08-04T04:35:57Z,1785818157477401251,1055,6684,24480,4,19,11628,3390023,200,0,384,0,0,216,427
1052,2026-08-04T04:35:58Z,1785818158481934159,1056,6684,24480,4,19,11640,3390810,200,0,384,0,0,216,427
1053,2026-08-04T04:35:59Z,1785818159485317611,1057,6684,24480,4,19,11652,3391598,200,0,384,0,0,216,427
1054,2026-08-04T04:36:00Z,1785818160489164510,1058,6684,24480,4,19,11664,3392388,200,0,384,0,0,216,427
1055,2026-08-04T04:36:01Z,1785818161492903926,1059,6684,24480,4,19,11676,3393179,200,0,384,0,0,216,427
1056,2026-08-04T04:36:02Z,1785818162496518945,1060,6684,24480,4,19,11687,3393966,200,0,384,0,0,216,427
1057,2026-08-04T04:36:03Z,1785818163499765347,1061,6684,24480,4,19,11698,3394756,200,0,384,0,0,216,427
1058,2026-08-04T04:36:04Z,1785818164502981729,1062,6684,24480,4,19,11710,3395544,200,0,384,0,0,216,427
1059,2026-08-04T04:36:05Z,1785818165507250045,1063,6684,24480,4,19,11721,3396334,200,0,384,0,0,216,427
1060,2026-08-04T04:36:06Z,1785818166511064152,1064,6684,24480,4,19,11733,3397122,200,0,384,0,0,216,427
1061,2026-08-04T04:36:07Z,1785818167515391282,1065,6684,24480,4,19,11744,3397910,200,0,384,0,0,216,427
1062,2026-08-04T04:36:08Z,1785818168518447277,1066,6684,24480,4,19,11755,3398699,200,0,384,0,0,216,427
1063,2026-08-04T04:36:09Z,1785818169522247043,1067,6684,24480,4,19,11766,3399488,200,0,384,0,0,216,427
1064,2026-08-04T04:36:10Z,1785818170526381516,1068,6684,24480,4,19,11778,3400276,200,0,384,0,0,216,427
1065,2026-08-04T04:36:11Z,1785818171530420377,1069,6684,24480,4,19,11789,3401067,200,0,384,0,0,216,427
1066,2026-08-04T04:36:12Z,1785818172534313067,1070,6684,24480,4,19,11801,3401857,200,0,384,0,0,216,427
1067,2026-08-04T04:36:13Z,1785818173538017853,1071,6684,24480,4,19,11812,3402646,200,0,384,0,0,216,427
1068,2026-08-04T04:36:14Z,1785818174542354477,1072,6684,24480,4,19,11823,3403435,200,0,384,0,0,216,427
1069,2026-08-04T04:36:15Z,1785818175545542092,1073,6680,24480,4,18,11834,3404226,200,0,384,0,0,216,427
1070,2026-08-04T04:36:16Z,1785818176549291706,1074,6680,24480,4,18,11846,3405013,200,0,384,0,0,216,427
1071,2026-08-04T04:36:17Z,1785818177553025635,1075,6680,24480,4,18,11858,3405802,200,0,384,0,0,216,427
1072,2026-08-04T04:36:18Z,1785818178556367346,1076,6680,24480,4,18,11869,3406590,200,0,384,0,0,216,427
1073,2026-08-04T04:36:19Z,1785818179560553909,1077,6680,24480,4,18,11880,3407380,200,0,384,0,0,216,427
1074,2026-08-04T04:36:20Z,1785818180565264395,1078,6680,24480,4,18,11891,3408171,200,0,384,0,0,216,427
1075,2026-08-04T04:36:21Z,1785818181568525934,1079,6680,24480,4,18,11903,3408958,200,0,384,0,0,216,427
1076,2026-08-04T04:36:22Z,1785818182572934449,1080,6680,24480,4,18,11914,3409749,200,0,384,0,0,216,427
1077,2026-08-04T04:36:23Z,1785818183576903294,1081,6680,24480,4,18,11926,3410541,200,0,384,0,0,216,427
1078,2026-08-04T04:36:24Z,1785818184580312682,1082,6680,24480,4,18,11937,3411329,200,0,384,0,0,216,427
1079,2026-08-04T04:36:25Z,1785818185583745682,1083,6680,24480,4,18,11948,3412117,200,0,384,0,0,216,427
1080,2026-08-04T04:36:26Z,1785818186587065427,1084,6680,24480,4,18,11960,3412906,200,0,384,0,0,216,427
1081,2026-08-04T04:36:27Z,1785818187590922415,1085,6680,24480,4,18,11972,3413695,200,0,384,0,0,216,427
1082,2026-08-04T04:36:28Z,1785818188593773586,1086,6680,24480,4,18,11982,3414487,200,0,384,0,0,216,427
1083,2026-08-04T04:36:29Z,1785818189598288752,1087,6680,24480,4,18,11995,3415275,200,0,384,0,0,216,427
1084,2026-08-04T04:36:30Z,1785818190601952880,1088,6676,24480,4,17,12005,3416065,200,0,384,0,0,216,427
1085,2026-08-04T04:36:31Z,1785818191607010732,1089,6676,24480,4,17,12017,3416856,200,0,384,0,0,216,427
1086,2026-08-04T04:36:32Z,1785818192609432339,1090,6676,24480,4,17,12029,3417647,200,0,384,0,0,216,427
1087,2026-08-04T04:36:33Z,1785818193613102744,1091,6676,24480,4,17,12040,3418438,200,0,384,0,0,216,427
1088,2026-08-04T04:36:34Z,1785818194616324184,1092,6676,24480,4,17,12052,3419228,200,0,384,0,0,216,427
1089,2026-08-04T04:36:35Z,1785818195620416059,1093,6676,24480,4,17,12063,3420019,200,0,384,0,0,216,427
1090,2026-08-04T04:36:36Z,1785818196624633893,1094,6676,24480,4,17,12075,3420809,200,0,384,0,0,216,427
1091,2026-08-04T04:36:37Z,1785818197628170740,1095,6676,24480,4,17,12086,3421597,200,0,384,0,0,216,427
1092,2026-08-04T04:36:38Z,1785818198631200739,1096,6676,24480,4,17,12098,3422388,200,0,384,0,0,216,427
1093,2026-08-04T04:36:39Z,1785818199635328826,1097,6676,24480,4,17,12108,3423180,200,0,384,0,0,216,427
1094,2026-08-04T04:36:40Z,1785818200639834139,1098,6676,24480,4,17,12120,3423967,200,0,384,0,0,216,427
1095,2026-08-04T04:36:41Z,1785818201643384160,1099,6676,24480,4,17,12131,3424754,200,0,384,0,0,216,427
1096,2026-08-04T04:36:42Z,1785818202646556373,1100,6676,24480,4,17,12142,3425543,200,0,384,0,0,216,427
1097,2026-08-04T04:36:43Z,1785818203650546421,1101,6676,24480,4,17,12154,3426333,200,0,384,0,0,216,427
1098,2026-08-04T04:36:44Z,1785818204655040509,1102,6676,24480,4,17,12166,3427122,200,0,384,0,0,216,427
1099,2026-08-04T04:36:45Z,1785818205658176696,1103,6676,24480,4,17,12177,3427909,200,0,384,0,0,216,427
1100,2026-08-04T04:36:46Z,1785818206661738001,1104,6676,24480,4,17,12188,3428697,200,0,384,0,0,216,427
1101,2026-08-04T04:36:47Z,1785818207664767474,1105,6676,24480,4,17,12200,3429485,200,0,384,0,0,216,427
1102,2026-08-04T04:36:48Z,1785818208669380457,1106,6676,24480,4,17,12211,3430276,200,0,384,0,0,216,427
1103,2026-08-04T04:36:49Z,1785818209672727527,1107,6676,24480,4,17,12223,3431063,200,0,384,0,0,216,427
1104,2026-08-04T04:36:50Z,1785818210677294070,1108,6676,24480,4,17,12234,3431851,200,0,384,0,0,216,427
1105,2026-08-04T04:36:51Z,1785818211680460834,1109,6676,24480,4,17,12245,3432640,200,0,384,0,0,216,427
1106,2026-08-04T04:36:52Z,1785818212685031555,1110,6676,24480,4,17,12257,3433431,200,0,384,0,0,216,427
1107,2026-08-04T04:36:53Z,1785818213688970505,1111,6676,24480,4,17,12268,3434221,200,0,384,0,0,216,427
1108,2026-08-04T04:36:54Z,1785818214692209615,1112,6676,24480,4,17,12279,3435010,200,0,384,0,0,216,427
1109,2026-08-04T04:36:55Z,1785818215696528698,1113,6676,24480,4,17,12290,3435800,200,0,384,0,0,216,427
1110,2026-08-04T04:36:56Z,1785818216699783648,1114,6676,24480,4,17,12302,3436590,200,0,384,0,0,216,427
1111,2026-08-04T04:36:57Z,1785818217704786364,1115,6684,24480,4,19,12314,3437375,200,0,384,0,0,216,427
1112,2026-08-04T04:36:58Z,1785818218708147504,1116,6684,24480,4,19,12326,3438162,200,0,384,0,0,216,427
1113,2026-08-04T04:36:59Z,1785818219712641269,1117,6684,24480,4,19,12338,3438952,200,0,384,0,0,216,427
1114,2026-08-04T04:37:00Z,1785818220715210061,1118,6684,24480,4,19,12350,3439742,200,0,384,0,0,216,427
1115,2026-08-04T04:37:01Z,1785818221719275261,1119,6684,24480,4,19,12363,3440533,200,0,384,0,0,216,427
1116,2026-08-04T04:37:02Z,1785818222723482496,1120,6684,24480,4,19,12374,3441323,200,0,384,0,0,216,427
1117,2026-08-04T04:37:03Z,1785818223727216745,1121,6684,24480,4,19,12386,3442113,200,0,384,0,0,216,427
1118,2026-08-04T04:37:04Z,1785818224730237622,1122,6684,24480,4,19,12399,3442901,200,0,384,0,0,216,427
1119,2026-08-04T04:37:05Z,1785818225734817865,1123,6684,24480,4,19,12410,3443689,200,0,384,0,0,216,427
1120,2026-08-04T04:37:06Z,1785818226738144676,1124,6684,24480,4,19,12423,3444478,200,0,384,0,0,216,427
1121,2026-08-04T04:37:07Z,1785818227742615878,1125,6684,24480,4,19,12435,3445269,200,0,384,0,0,216,427
1122,2026-08-04T04:37:08Z,1785818228745810074,1126,6684,24480,4,19,12446,3446058,200,0,384,0,0,216,427
1123,2026-08-04T04:37:09Z,1785818229748644655,1127,6684,24480,4,19,12458,3446847,200,0,384,0,0,216,427
1124,2026-08-04T04:37:10Z,1785818230752759768,1128,6684,24480,4,19,12470,3447638,200,0,384,0,0,216,427
1125,2026-08-04T04:37:11Z,1785818231756590641,1129,6684,24480,4,19,12482,3448428,200,0,384,0,0,216,427
1126,2026-08-04T04:37:12Z,1785818232761390893,1130,6684,24480,4,19,12493,3449216,200,0,384,0,0,216,427
1127,2026-08-04T04:37:13Z,1785818233764747123,1131,6684,24480,4,19,12505,3450005,200,0,384,0,0,216,427
1128,2026-08-04T04:37:14Z,1785818234768571414,1132,6684,24480,4,19,12517,3450799,200,0,384,0,0,216,427
1129,2026-08-04T04:37:15Z,1785818235773149498,1133,6684,24480,4,19,12530,3451588,200,0,384,0,0,216,427
1130,2026-08-04T04:37:16Z,1785818236776728444,1134,6684,24480,4,19,12541,3452376,200,0,384,0,0,216,427
1131,2026-08-04T04:37:17Z,1785818237780179074,1135,6684,24480,4,19,12553,3453166,200,0,384,0,0,216,427
1132,2026-08-04T04:37:18Z,1785818238783040068,1136,6684,24480,4,19,12565,3453954,200,0,384,0,0,216,427
1133,2026-08-04T04:37:19Z,1785818239787043983,1137,6684,24480,4,19,12576,3454742,200,0,384,0,0,216,427
1134,2026-08-04T04:37:20Z,1785818240790977783,1138,6684,24480,4,19,12588,3455530,200,0,384,0,0,216,427
1135,2026-08-04T04:37:21Z,1785818241795334490,1139,6684,24480,4,19,12600,3456320,200,0,384,0,0,216,427
1136,2026-08-04T04:37:22Z,1785818242798702346,1140,6684,24480,4,19,12612,3457109,200,0,384,0,0,216,427
1137,2026-08-04T04:37:23Z,1785818243803036953,1141,6684,24480,4,19,12624,3457899,200,0,384,0,0,216,427
1138,2026-08-04T04:37:24Z,1785818244806369120,1142,6684,24480,4,19,12635,3458688,200,0,384,0,0,216,427
1139,2026-08-04T04:37:25Z,1785818245809524625,1143,6684,24480,4,19,12646,3459477,200,0,384,0,0,216,427
1140,2026-08-04T04:37:26Z,1785818246813671496,1144,6684,24480,4,19,12658,3460264,200,0,384,0,0,216,427
1141,2026-08-04T04:37:27Z,1785818247818550826,1145,6680,24480,4,18,12670,3461053,200,0,384,0,0,216,427
1142,2026-08-04T04:37:28Z,1785818248821779622,1146,6680,24480,4,18,12682,3461844,200,0,384,0,0,216,427
1143,2026-08-04T04:37:29Z,1785818249826368905,1147,6680,24480,4,18,12694,3462633,200,0,384,0,0,216,427
1144,2026-08-04T04:37:30Z,1785818250831164382,1148,6680,24480,4,18,12707,3463422,200,0,384,0,0,216,427
1145,2026-08-04T04:37:31Z,1785818251833362775,1149,6680,24480,4,18,12718,3464211,200,0,384,0,0,216,427
1146,2026-08-04T04:37:32Z,1785818252837876783,1150,6680,24480,4,18,12731,3464999,200,0,384,0,0,216,427
1147,2026-08-04T04:37:33Z,1785818253841609488,1151,6680,24480,4,18,12743,3465789,200,0,384,0,0,216,427
1148,2026-08-04T04:37:34Z,1785818254845227415,1152,6680,24480,4,18,12754,3466577,200,0,384,0,0,216,427
1149,2026-08-04T04:37:35Z,1785818255848479205,1153,6680,24480,4,18,12766,3467366,200,0,384,0,0,216,427
1150,2026-08-04T04:37:36Z,1785818256852736894,1154,6680,24480,4,18,12778,3468158,200,0,384,0,0,216,427
1151,2026-08-04T04:37:37Z,1785818257856118431,1155,6676,24480,4,17,12790,3468945,200,0,384,0,0,216,427
1152,2026-08-04T04:37:38Z,1785818258858937103,1156,6664,24480,4,14,12800,3469738,200,0,384,0,0,216,427
1153,2026-08-04T04:37:39Z,1785818259862870486,1157,6640,24480,4,13,12808,3470531,200,0,384,0,0,216,427
1154,2026-08-04T04:37:40Z,1785818260865862573,1158,6636,24480,4,12,12811,3471331,200,0,384,0,0,216,427
1155,2026-08-04T04:37:41Z,1785818261869305949,1159,6308,24480,4,10,12811,3472133,200,0,384,0,0,216,427
1156,2026-08-04T04:37:42Z,1785818262872760596,1160,6308,24480,4,10,12811,3472935,200,0,384,0,0,216,427
1157,2026-08-04T04:37:43Z,1785818263876168933,1161,6308,24480,4,10,12811,3473736,200,0,384,0,0,216,427
1158,2026-08-04T04:37:44Z,1785818264880206595,1162,6308,24480,4,10,12811,3474540,200,0,384,0,0,216,427
1159,2026-08-04T04:37:45Z,1785818265883714908,1163,6308,24480,4,10,12811,3475343,200,0,384,0,0,216,427
1160,2026-08-04T04:37:46Z,1785818266887262462,1164,6312,24480,4,11,12811,3476145,200,0,384,0,0,216,427
1161,2026-08-04T04:37:47Z,1785818267891824902,1165,6320,24480,4,13,12813,3476944,200,0,384,0,0,216,427
1162,2026-08-04T04:37:48Z,1785818268895142073,1166,6344,24480,4,14,12816,3477740,200,0,384,0,0,216,427
1163,2026-08-04T04:37:49Z,1785818269899249365,1167,6348,24480,4,15,12823,3478537,200,0,384,0,0,216,427
1164,2026-08-04T04:37:50Z,1785818270903838537,1168,6672,24480,4,16,12835,3479336,200,0,384,0,0,216,427
1165,2026-08-04T04:37:51Z,1785818271907338965,1169,6824,24480,4,24,12852,3480133,200,0,385,0,0,330,532
1166,2026-08-04T04:37:52Z,1785818272910241667,1170,6816,24480,4,22,12865,3480931,200,0,385,0,0,330,532
1167,2026-08-04T04:37:53Z,1785818273914358460,1171,6816,24480,4,22,12876,3481732,200,0,385,0,0,330,532
1168,2026-08-04T04:37:54Z,1785818274918610501,1172,6816,24480,4,22,12888,3482530,200,0,385,0,0,330,532
1169,2026-08-04T04:37:55Z,1785818275923094343,1173,6816,24480,4,22,12900,3483327,200,0,385,0,0,330,532
1170,2026-08-04T04:37:56Z,1785818276927154596,1174,6816,24480,4,22,12912,3484126,200,0,385,0,0,330,532
1171,2026-08-04T04:37:57Z,1785818277930319934,1175,6816,24480,4,22,12923,3484926,200,0,385,0,0,330,532
1172,2026-08-04T04:37:58Z,1785818278934855410,1176,6816,24480,4,22,12936,3485725,200,0,385,0,0,330,532
1173,2026-08-04T04:37:59Z,1785818279939060484,1177,6816,24480,4,22,12949,3486521,200,0,385,0,0,332,532
1174,2026-08-04T04:38:00Z,1785818280942896721,1178,6816,24480,4,22,12961,3487319,200,0,385,0,0,332,532
1175,2026-08-04T04:38:01Z,1785818281946425480,1179,6816,24480,4,22,12974,3488116,200,0,385,0,0,332,532
1176,2026-08-04T04:38:02Z,1785818282949948875,1180,6816,24480,4,22,12985,3488914,200,0,385,0,0,332,532
1177,2026-08-04T04:38:03Z,1785818283952850951,1181,6816,24480,4,22,12998,3489713,200,0,385,0,0,332,532
1178,2026-08-04T04:38:04Z,1785818284957267789,1182,6816,24480,4,22,13010,3490509,200,0,385,0,0,332,532
1179,2026-08-04T04:38:05Z,1785818285962296862,1183,6816,24480,4,22,13022,3491307,200,0,385,0,0,332,532
1180,2026-08-04T04:38:06Z,1785818286966405251,1184,6816,24480,4,22,13034,3492101,200,0,385,0,0,332,532
1181,2026-08-04T04:38:07Z,1785818287969977336,1185,6816,24480,4,22,13047,3492903,200,0,385,0,0,332,532
1182,2026-08-04T04:38:08Z,1785818288973188475,1186,6816,24480,4,22,13058,3493700,200,0,385,0,0,332,532
1183,2026-08-04T04:38:09Z,1785818289978142535,1187,6816,24480,4,22,13070,3494499,200,0,385,0,0,332,532
1184,2026-08-04T04:38:10Z,1785818290981319279,1188,6816,24480,4,22,13082,3495296,200,0,385,0,0,332,532
1185,2026-08-04T04:38:11Z,1785818291984965646,1189,6816,24480,4,22,13095,3496094,200,0,385,0,0,332,532
1186,2026-08-04T04:38:12Z,1785818292989445242,1190,6816,24480,4,22,13106,3496892,200,0,385,0,0,332,532
1187,2026-08-04T04:38:13Z,1785818293992842353,1191,6816,24480,4,22,13118,3497690,200,0,385,0,0,332,532
1188,2026-08-04T04:38:14Z,1785818294997001866,1192,6816,24480,4,22,13130,3498490,200,0,385,0,0,332,532
1189,2026-08-04T04:38:15Z,1785818296000608801,1194,6816,24480,4,22,13143,3499285,200,0,385,0,0,332,532
1190,2026-08-04T04:38:17Z,1785818297003851720,1195,6816,24480,4,22,13154,3500084,200,0,385,0,0,332,532
1191,2026-08-04T04:38:18Z,1785818298007805272,1196,6816,24480,4,22,13165,3500879,200,0,385,0,0,332,532
1192,2026-08-04T04:38:19Z,1785818299011988714,1197,6816,24480,4,22,13177,3501681,200,0,385,0,0,332,532
1193,2026-08-04T04:38:20Z,1785818300016384138,1198,6816,24480,4,22,13189,3502480,200,0,385,0,0,332,532
1194,2026-08-04T04:38:21Z,1785818301019085806,1199,6816,24480,4,22,13201,3503279,200,0,385,0,0,332,532
1195,2026-08-04T04:38:22Z,1785818302023402234,1200,6812,24480,4,21,13213,3504078,200,0,385,0,0,332,532
1196,2026-08-04T04:38:23Z,1785818303027531631,1201,6788,24480,4,20,13225,3504882,200,0,385,0,0,332,532
1197,2026-08-04T04:38:24Z,1785818304032087315,1202,6788,24480,4,20,13237,3505678,200,0,385,0,0,332,532
1198,2026-08-04T04:38:25Z,1785818305035826405,1203,6788,24480,4,20,13249,3506477,200,0,385,0,0,332,532
1199,2026-08-04T04:38:26Z,1785818306039145247,1204,6788,24480,4,20,13261,3507275,200,0,385,0,0,332,532
1200,2026-08-04T04:38:27Z,1785818307042873623,1205,6788,24480,4,20,13273,3508072,200,0,385,0,0,332,532
1201,2026-08-04T04:38:28Z,1785818308046788612,1206,6788,24480,4,20,13284,3508873,200,0,385,0,0,332,532
1202,2026-08-04T04:38:29Z,1785818309050030874,1207,6788,24480,4,20,13297,3509670,200,0,385,0,0,332,532
1203,2026-08-04T04:38:30Z,1785818310055205021,1208,6788,24480,4,20,13308,3510468,200,0,385,0,0,332,532
1204,2026-08-04T04:38:31Z,1785818311058978220,1209,6788,24480,4,20,13321,3511264,200,0,385,0,0,332,532
1205,2026-08-04T04:38:32Z,1785818312062379397,1210,6788,24480,4,20,13334,3512059,200,0,385,0,0,332,532
1206,2026-08-04T04:38:33Z,1785818313067061035,1211,6788,24480,4,20,13345,3512860,200,0,385,0,0,332,532
1207,2026-08-04T04:38:34Z,1785818314070201765,1212,6788,24480,4,20,13357,3513657,200,0,385,0,0,332,532
1208,2026-08-04T04:38:35Z,1785818315074217305,1213,6788,24480,4,20,13369,3514455,200,0,385,0,0,332,532
1209,2026-08-04T04:38:36Z,1785818316078485763,1214,6788,24480,4,20,13381,3515252,200,0,385,0,0,332,532
1210,2026-08-04T04:38:37Z,1785818317082603784,1215,6788,24480,4,20,13393,3516052,200,0,385,0,0,332,532
1211,2026-08-04T04:38:38Z,1785818318086373255,1216,6788,24480,4,20,13405,3516853,200,0,385,0,0,332,532
1212,2026-08-04T04:38:39Z,1785818319089705687,1217,6788,24480,4,20,13416,3517651,200,0,385,0,0,332,532
1213,2026-08-04T04:38:40Z,1785818320093258236,1218,6788,24480,4,20,13428,3518448,200,0,385,0,0,332,532
1214,2026-08-04T04:38:41Z,1785818321097059522,1219,6788,24480,4,20,13440,3519249,200,0,385,0,0,332,532
1215,2026-08-04T04:38:42Z,1785818322100610305,1220,6788,24480,4,20,13453,3520047,200,0,385,0,0,332,532
1216,2026-08-04T04:38:43Z,1785818323104215811,1221,6788,24480,4,20,13465,3520846,200,0,385,0,0,332,532
1217,2026-08-04T04:38:44Z,1785818324107463049,1222,6788,24480,4,20,13476,3521644,200,0,385,0,0,332,532
1218,2026-08-04T04:38:45Z,1785818325112239565,1223,6788,24480,4,20,13489,3522442,200,0,385,0,0,332,532
1219,2026-08-04T04:38:46Z,1785818326115261029,1224,6788,24480,4,20,13501,3523239,200,0,385,0,0,332,532
1220,2026-08-04T04:38:47Z,1785818327119114074,1225,6788,24480,4,20,13512,3524038,200,0,385,0,0,332,532
1221,2026-08-04T04:38:48Z,1785818328123154975,1226,6788,24480,4,20,13525,3524838,200,0,385,0,0,332,532
1222,2026-08-04T04:38:49Z,1785818329127082341,1227,6788,24480,4,20,13537,3525635,200,0,385,0,0,332,532
1223,2026-08-04T04:38:50Z,1785818330130948975,1228,6788,24480,4,20,13549,3526433,200,0,385,0,0,332,532
1224,2026-08-04T04:38:51Z,1785818331135354076,1229,6788,24480,4,20,13561,3527235,200,0,385,0,0,332,532
1225,2026-08-04T04:38:52Z,1785818332138259164,1230,6788,24480,4,20,13573,3528032,200,0,385,0,0,332,532
1226,2026-08-04T04:38:53Z,1785818333142362112,1231,6788,24480,4,20,13585,3528833,200,0,385,0,0,332,532
1227,2026-08-04T04:38:54Z,1785818334146004968,1232,6788,24480,4,20,13597,3529628,200,0,385,0,0,332,532
1228,2026-08-04T04:38:55Z,1785818335149881811,1233,6788,24480,4,20,13609,3530424,200,0,385,0,0,332,532
1229,2026-08-04T04:38:56Z,1785818336154250213,1234,6788,24480,4,20,13622,3531222,200,0,385,0,0,332,532
1230,2026-08-04T04:38:57Z,1785818337157770285,1235,6788,24480,4,20,13634,3532021,200,0,385,0,0,332,532
1231,2026-08-04T04:38:58Z,1785818338160843655,1236,6788,24480,4,20,13645,3532818,200,0,385,0,0,332,532
1232,2026-08-04T04:38:59Z,1785818339165267912,1237,6788,24480,4,20,13657,3533613,200,0,385,0,0,332,532
1233,2026-08-04T04:39:00Z,1785818340169150630,1238,6788,24480,4,20,13668,3534414,200,0,385,0,0,332,532
1234,2026-08-04T04:39:01Z,1785818341172688730,1239,6788,24480,4,20,13681,3535208,200,0,385,0,0,332,532
1235,2026-08-04T04:39:02Z,1785818342178051925,1240,6788,24480,4,20,13694,3536005,200,0,385,0,0,332,532
1236,2026-08-04T04:39:03Z,1785818343181065650,1241,6788,24480,4,20,13707,3536802,200,0,385,0,0,332,532
1237,2026-08-04T04:39:04Z,1785818344185007853,1242,6788,24480,4,20,13719,3537598,200,0,385,0,0,332,532
1238,2026-08-04T04:39:05Z,1785818345188450199,1243,6788,24480,4,20,13731,3538398,200,0,385,0,0,332,532
1239,2026-08-04T04:39:06Z,1785818346192150345,1244,6788,24480,4,20,13743,3539195,200,0,385,0,0,332,532
1240,2026-08-04T04:39:07Z,1785818347195686827,1245,6788,24480,4,20,13755,3539993,200,0,385,0,0,332,532
1241,2026-08-04T04:39:08Z,1785818348198842454,1246,6788,24480,4,20,13767,3540791,200,0,385,0,0,332,532
1242,2026-08-04T04:39:09Z,1785818349203088120,1247,6788,24480,4,20,13778,3541588,200,0,385,0,0,332,532
1243,2026-08-04T04:39:10Z,1785818350207319695,1248,6788,24480,4,20,13790,3542385,200,0,385,0,0,332,532
1244,2026-08-04T04:39:11Z,1785818351211640950,1249,6788,24480,4,20,13802,3543187,200,0,385,0,0,332,532
1245,2026-08-04T04:39:12Z,1785818352214949871,1250,6788,24480,4,20,13815,3543985,200,0,385,0,0,332,532
1246,2026-08-04T04:39:13Z,1785818353219187523,1251,6788,24480,4,20,13827,3544783,200,0,385,0,0,332,532
1247,2026-08-04T04:39:14Z,1785818354223353780,1252,6788,24480,4,20,13838,3545584,200,0,385,0,0,332,532
1248,2026-08-04T04:39:15Z,1785818355228597895,1253,6788,24480,4,20,13851,3546383,200,0,385,0,0,332,532
1249,2026-08-04T04:39:16Z,1785818356232182224,1254,6788,24480,4,20,13863,3547182,200,0,385,0,0,332,532
1250,2026-08-04T04:39:17Z,1785818357236299826,1255,6788,24480,4,20,13875,3547981,200,0,385,0,0,332,532
1251,2026-08-04T04:39:18Z,1785818358240076496,1256,6788,24480,4,20,13887,3548781,200,0,385,0,0,332,532
1252,2026-08-04T04:39:19Z,1785818359242854534,1257,6788,24480,4,20,13899,3549577,200,0,385,0,0,332,532
1253,2026-08-04T04:39:20Z,1785818360247167314,1258,6788,24480,4,20,13911,3550376,200,0,385,0,0,332,532
1254,2026-08-04T04:39:21Z,1785818361250494088,1259,6788,24480,4,20,13924,3551174,200,0,385,0,0,332,532
1255,2026-08-04T04:39:22Z,1785818362253932860,1260,6788,24480,4,20,13935,3551974,200,0,385,0,0,332,532
1256,2026-08-04T04:39:23Z,1785818363256983035,1261,6788,24480,4,20,13947,3552771,200,0,385,0,0,332,532
1257,2026-08-04T04:39:24Z,1785818364261336409,1262,6788,24480,4,20,13959,3553570,200,0,385,0,0,332,532
1258,2026-08-04T04:39:25Z,1785818365264495293,1263,6788,24480,4,20,13971,3554366,200,0,385,0,0,332,532
1259,2026-08-04T04:39:26Z,1785818366268942474,1264,6788,24480,4,20,13983,3555167,200,0,385,0,0,332,532
1260,2026-08-04T04:39:27Z,1785818367272962565,1265,6788,24480,4,20,13995,3555965,200,0,385,0,0,332,532
1261,2026-08-04T04:39:28Z,1785818368276295886,1266,6788,24480,4,20,14007,3556763,200,0,385,0,0,332,532
1262,2026-08-04T04:39:29Z,1785818369280015187,1267,6788,24480,4,20,14019,3557563,200,0,385,0,0,332,532
1263,2026-08-04T04:39:30Z,1785818370283684026,1268,6788,24480,4,20,14030,3558358,200,0,385,0,0,332,532
1264,2026-08-04T04:39:31Z,1785818371286891928,1269,6788,24480,4,20,14043,3559158,200,0,385,0,0,332,532
1265,2026-08-04T04:39:32Z,1785818372291385670,1270,6788,24480,4,20,14054,3559959,200,0,385,0,0,332,532
1266,2026-08-04T04:39:33Z,1785818373294763460,1271,6788,24480,4,20,14066,3560759,200,0,385,0,0,332,532
1267,2026-08-04T04:39:34Z,1785818374298312591,1272,6788,24480,4,20,14079,3561557,200,0,385,0,0,332,532
1268,2026-08-04T04:39:35Z,1785818375301324969,1273,6788,24480,4,20,14091,3562354,200,0,385,0,0,332,532
1269,2026-08-04T04:39:36Z,1785818376305169052,1274,6788,24480,4,20,14103,3563154,200,0,385,0,0,332,532
1270,2026-08-04T04:39:37Z,1785818377310023286,1275,6788,24480,4,20,14116,3563951,200,0,385,0,0,332,532
1271,2026-08-04T04:39:38Z,1785818378313404942,1276,6788,24480,4,20,14127,3564752,200,0,385,0,0,332,532
1272,2026-08-04T04:39:39Z,1785818379317538093,1277,6788,24480,4,20,14140,3565552,200,0,385,0,0,332,532
1273,2026-08-04T04:39:40Z,1785818380321432912,1278,6788,24480,4,20,14151,3566352,200,0,385,0,0,332,532
1274,2026-08-04T04:39:41Z,1785818381325304937,1279,6788,24480,4,20,14163,3567152,200,0,385,0,0,332,532
1275,2026-08-04T04:39:42Z,1785818382329733274,1280,6788,24480,4,20,14175,3567952,200,0,385,0,0,332,532
1276,2026-08-04T04:39:43Z,1785818383332587158,1281,6788,24480,4,20,14188,3568750,200,0,385,0,0,332,532
1277,2026-08-04T04:39:44Z,1785818384336440953,1282,6788,24480,4,20,14199,3569548,200,0,385,0,0,332,532
1278,2026-08-04T04:39:45Z,1785818385341221850,1283,6788,24480,4,20,14211,3570350,200,0,385,0,0,332,532
1279,2026-08-04T04:39:46Z,1785818386343912628,1284,6788,24480,4,20,14223,3571149,200,0,385,0,0,332,532
1280,2026-08-04T04:39:47Z,1785818387348086929,1285,6784,24480,4,19,14236,3571945,200,0,384,0,0,332,532
1281,2026-08-04T04:39:48Z,1785818388351560796,1286,6764,24480,4,14,14245,3572744,200,0,384,0,0,332,532
1282,2026-08-04T04:39:49Z,1785818389355197779,1287,6740,24480,4,13,14252,3573548,200,0,384,0,0,332,532
1283,2026-08-04T04:39:50Z,1785818390358235743,1288,6736,24480,4,12,14254,3574349,200,0,384,0,0,332,532
1284,2026-08-04T04:39:51Z,1785818391362108689,1289,6408,24480,4,10,14254,3575151,200,0,384,0,0,332,532
1285,2026-08-04T04:39:52Z,1785818392366623675,1290,6408,24480,4,10,14254,3575954,200,0,384,0,0,332,532
1286,2026-08-04T04:39:53Z,1785818393369660258,1291,6408,24480,4,10,14254,3576755,200,0,384,0,0,332,532
1287,2026-08-04T04:39:54Z,1785818394373684740,1292,6408,24480,4,10,14254,3577557,200,0,384,0,0,332,532
1288,2026-08-04T04:39:55Z,1785818395377434706,1293,6408,24480,4,10,14254,3578360,200,0,384,0,0,332,532
1289,2026-08-04T04:39:56Z,1785818396381177306,1294,6412,24480,4,11,14254,3579163,200,0,384,0,0,332,532
1290,2026-08-04T04:39:57Z,1785818397386186166,1295,6420,24480,4,13,14257,3579965,200,0,384,0,0,332,532
1291,2026-08-04T04:39:58Z,1785818398389684428,1296,6444,24480,4,14,14261,3580764,200,0,384,0,0,332,532
1292,2026-08-04T04:39:59Z,1785818399394151339,1297,6448,24480,4,15,14269,3581561,200,0,384,0,0,332,532
1293,2026-08-04T04:40:00Z,1785818400398334584,1298,6772,24480,4,16,14281,3582357,200,0,384,0,0,332,532
1294,2026-08-04T04:40:01Z,1785818401402354769,1299,6784,24480,4,19,14294,3583155,200,0,384,0,0,332,533
1295,2026-08-04T04:40:02Z,1785818402406621943,1300,6784,24480,4,19,14306,3583949,200,0,384,0,0,332,533
1296,2026-08-04T04:40:03Z,1785818403409951277,1301,6784,24480,4,19,14318,3584744,200,0,384,0,0,332,534
1297,2026-08-04T04:40:04Z,1785818404414426174,1302,6784,24480,4,19,14330,3585536,200,0,384,0,0,332,534
1298,2026-08-04T04:40:05Z,1785818405417180778,1303,6784,24480,4,19,14343,3586331,200,0,384,0,0,332,535
1299,2026-08-04T04:40:06Z,1785818406420115521,1304,6784,24480,4,19,14355,3587123,200,0,384,0,0,332,536
1300,2026-08-04T04:40:07Z,1785818407424352158,1305,6784,24480,4,19,14368,3587917,200,0,384,0,0,332,536
1301,2026-08-04T04:40:08Z,1785818408428880277,1306,6784,24480,4,19,14380,3588709,200,0,384,0,0,332,536
1302,2026-08-04T04:40:09Z,1785818409432063996,1307,6784,24480,4,19,14391,3589503,200,0,384,0,0,332,536
1303,2026-08-04T04:40:10Z,1785818410436156791,1308,6784,24480,4,19,14404,3590296,200,0,384,0,0,332,536
1304,2026-08-04T04:40:11Z,1785818411440337705,1309,6784,24480,4,19,14415,3591091,200,0,384,0,0,332,536
1305,2026-08-04T04:40:12Z,1785818412444999136,1310,6784,24480,4,19,14427,3591886,200,0,384,0,0,332,536
1306,2026-08-04T04:40:13Z,1785818413448323494,1311,6784,24480,4,19,14439,3592680,200,0,384,0,0,332,536
1307,2026-08-04T04:40:14Z,1785818414452632359,1312,6784,24480,4,19,14451,3593473,200,0,384,0,0,332,536
1308,2026-08-04T04:40:15Z,1785818415457335298,1313,6784,24480,4,19,14463,3594271,200,0,384,0,0,332,536
1309,2026-08-04T04:40:16Z,1785818416460522701,1314,6784,24480,4,19,14475,3595066,200,0,384,0,0,332,536
1310,2026-08-04T04:40:17Z,1785818417464900920,1315,6784,24480,4,19,14486,3595861,200,0,384,0,0,332,536
1311,2026-08-04T04:40:18Z,1785818418468189249,1316,6784,24480,4,19,14498,3596652,200,0,384,0,0,332,536
1312,2026-08-04T04:40:19Z,1785818419472073709,1317,6784,24480,4,19,14510,3597445,200,0,384,0,0,332,536
1313,2026-08-04T04:40:20Z,1785818420475446683,1318,6784,24480,4,19,14522,3598237,200,0,384,0,0,332,536
1314,2026-08-04T04:40:21Z,1785818421478713205,1319,6784,24480,4,19,14534,3599031,200,0,384,0,0,332,536
1315,2026-08-04T04:40:22Z,1785818422483212634,1320,6784,24480,4,19,14545,3599822,200,0,384,0,0,332,536
1316,2026-08-04T04:40:23Z,1785818423487058805,1321,6784,24480,4,19,14558,3600614,200,0,384,0,0,332,536
1317,2026-08-04T04:40:24Z,1785818424490109637,1322,6784,24480,4,19,14570,3601405,200,0,384,0,0,332,536
1318,2026-08-04T04:40:25Z,1785818425494752107,1323,6784,24480,4,19,14582,3602199,200,0,384,0,0,332,536
1319,2026-08-04T04:40:26Z,1785818426497951847,1324,6784,24480,4,19,14593,3602994,200,0,384,0,0,332,536
1320,2026-08-04T04:40:27Z,1785818427502132749,1325,6784,24480,4,19,14605,3603787,200,0,384,0,0,332,536
1321,2026-08-04T04:40:28Z,1785818428506326885,1326,6784,24480,4,19,14618,3604580,200,0,384,0,0,332,536
1322,2026-08-04T04:40:29Z,1785818429510800177,1327,6784,24480,4,19,14629,3605372,200,0,384,0,0,332,536
1323,2026-08-04T04:40:30Z,1785818430514234573,1328,6784,24480,4,19,14642,3606164,200,0,384,0,0,332,536
1324,2026-08-04T04:40:31Z,1785818431518282953,1329,6784,24480,4,19,14653,3606962,200,0,384,0,0,332,536
1325,2026-08-04T04:40:32Z,1785818432521725557,1330,6784,24480,4,19,14665,3607757,200,0,384,0,0,332,536
1326,2026-08-04T04:40:33Z,1785818433525031536,1331,6784,24480,4,19,14677,3608553,200,0,384,0,0,332,536
1327,2026-08-04T04:40:34Z,1785818434529140618,1332,6784,24480,4,19,14688,3609347,200,0,384,0,0,332,536
1328,2026-08-04T04:40:35Z,1785818435532974596,1333,6784,24480,4,19,14701,3610141,200,0,384,0,0,332,536
1329,2026-08-04T04:40:36Z,1785818436537066894,1334,6784,24480,4,19,14713,3610932,200,0,384,0,0,332,536
1330,2026-08-04T04:40:37Z,1785818437541609749,1335,6780,24480,4,18,14724,3611726,200,0,384,0,0,332,536
1331,2026-08-04T04:40:38Z,1785818438544495163,1336,6780,24480,4,18,14737,3612520,200,0,384,0,0,332,536
1332,2026-08-04T04:40:39Z,1785818439548782814,1337,6780,24480,4,18,14748,3613316,200,0,384,0,0,332,536
1333,2026-08-04T04:40:40Z,1785818440553180994,1338,6780,24480,4,18,14760,3614109,200,0,384,0,0,332,536
1334,2026-08-04T04:40:41Z,1785818441556564929,1339,6780,24480,4,18,14771,3614902,200,0,384,0,0,332,536
1335,2026-08-04T04:40:42Z,1785818442559527949,1340,6780,24480,4,18,14784,3615694,200,0,384,0,0,332,536
1336,2026-08-04T04:40:43Z,1785818443563723847,1341,6780,24480,4,18,14796,3616488,200,0,384,0,0,332,536
1337,2026-08-04T04:40:44Z,1785818444568976122,1342,6780,24480,4,18,14808,3617284,200,0,384,0,0,332,536
1338,2026-08-04T04:40:45Z,1785818445572991256,1343,6780,24480,4,18,14819,3618078,200,0,384,0,0,332,536
1339,2026-08-04T04:40:46Z,1785818446576162204,1344,6780,24480,4,18,14831,3618871,200,0,384,0,0,332,536
1340,2026-08-04T04:40:47Z,1785818447580801843,1345,6780,24480,4,18,14844,3619665,200,0,384,0,0,332,536
1341,2026-08-04T04:40:48Z,1785818448584280598,1346,6780,24480,4,18,14855,3620458,200,0,384,0,0,332,536
1342,2026-08-04T04:40:49Z,1785818449588309274,1347,6780,24480,4,18,14866,3621248,200,0,384,0,0,332,536
1343,2026-08-04T04:40:50Z,1785818450591768135,1348,6780,24480,4,18,14878,3622044,200,0,384,0,0,332,536
1344,2026-08-04T04:40:51Z,1785818451595093740,1349,6780,24480,4,18,14890,3622835,200,0,384,0,0,332,536
1345,2026-08-04T04:40:52Z,1785818452599834509,1350,6780,24480,4,18,14902,3623628,200,0,384,0,0,332,536
1346,2026-08-04T04:40:53Z,1785818453603240559,1351,6780,24480,4,18,14913,3624423,200,0,384,0,0,332,536
1347,2026-08-04T04:40:54Z,1785818454606467326,1352,6780,24480,4,18,14926,3625217,200,0,384,0,0,332,536
1348,2026-08-04T04:40:55Z,1785818455610969130,1353,6780,24480,4,18,14937,3626010,200,0,384,0,0,332,536
1349,2026-08-04T04:40:56Z,1785818456614110294,1354,6780,24480,4,18,14949,3626803,200,0,384,0,0,332,536
1350,2026-08-04T04:40:57Z,1785818457619334760,1355,6780,24480,4,18,14961,3627600,200,0,384,0,0,332,536
1351,2026-08-04T04:40:58Z,1785818458622482731,1356,6780,24480,4,18,14973,3628392,200,0,384,0,0,332,536
1352,2026-08-04T04:40:59Z,1785818459628685046,1357,6780,24480,4,18,14985,3629187,200,0,384,0,0,332,536
1353,2026-08-04T04:41:00Z,1785818460632242483,1358,6780,24480,4,18,14998,3629980,200,0,384,0,0,332,536
1354,2026-08-04T04:41:01Z,1785818461637756249,1359,6780,24480,4,18,15011,3630777,200,0,384,0,0,332,536
1355,2026-08-04T04:41:02Z,1785818462639246705,1360,6780,24480,4,18,15023,3631568,200,0,384,0,0,332,536
1356,2026-08-04T04:41:03Z,1785818463643480903,1361,6780,24480,4,18,15035,3632364,200,0,384,0,0,332,536
1357,2026-08-04T04:41:04Z,1785818464647770739,1362,6780,24480,4,18,15047,3633156,200,0,384,0,0,332,536
1358,2026-08-04T04:41:05Z,1785818465652556029,1363,6780,24480,4,18,15059,3633953,200,0,384,0,0,332,536
1359,2026-08-04T04:41:06Z,1785818466656061451,1364,6780,24480,4,18,15071,3634744,200,0,384,0,0,332,536
1360,2026-08-04T04:41:07Z,1785818467659782775,1365,6780,24480,4,18,15084,3635539,200,0,384,0,0,332,536
1361,2026-08-04T04:41:08Z,1785818468662819070,1366,6780,24480,4,18,15095,3636330,200,0,384,0,0,332,536
1362,2026-08-04T04:41:09Z,1785818469667379389,1367,6780,24480,4,18,15108,3637126,200,0,384,0,0,332,536
1363,2026-08-04T04:41:10Z,1785818470670735649,1368,6780,24480,4,18,15119,3637921,200,0,384,0,0,332,536
1364,2026-08-04T04:41:11Z,1785818471675174967,1369,6780,24480,4,18,15131,3638715,200,0,384,0,0,332,536
1365,2026-08-04T04:41:12Z,1785818472679001607,1370,6780,24480,4,18,15143,3639510,200,0,384,0,0,332,536
1366,2026-08-04T04:41:13Z,1785818473682575592,1371,6780,24480,4,18,15155,3640304,200,0,384,0,0,332,536
1367,2026-08-04T04:41:14Z,1785818474686405685,1372,6780,24480,4,18,15167,3641100,200,0,384,0,0,332,536
1368,2026-08-04T04:41:15Z,1785818475690198206,1373,6780,24480,4,18,15179,3641893,200,0,384,0,0,332,536
1369,2026-08-04T04:41:16Z,1785818476693624597,1374,6780,24480,4,18,15191,3642684,200,0,384,0,0,332,536
1370,2026-08-04T04:41:17Z,1785818477697196562,1375,6780,24480,4,18,15203,3643477,200,0,384,0,0,332,536
1371,2026-08-04T04:41:18Z,1785818478700465994,1376,6780,24480,4,18,15215,3644274,200,0,384,0,0,332,536
1372,2026-08-04T04:41:19Z,1785818479704616148,1377,6780,24480,4,18,15227,3645066,200,0,384,0,0,332,536
1373,2026-08-04T04:41:20Z,1785818480708944919,1378,6780,24480,4,18,15238,3645863,200,0,384,0,0,332,536
1374,2026-08-04T04:41:21Z,1785818481712106168,1379,6780,24480,4,18,15250,3646656,200,0,384,0,0,332,536
1375,2026-08-04T04:41:22Z,1785818482716628798,1380,6780,24480,4,18,15262,3647452,200,0,384,0,0,332,536
1376,2026-08-04T04:41:23Z,1785818483719709824,1381,6780,24480,4,18,15274,3648242,200,0,384,0,0,332,536
1377,2026-08-04T04:41:24Z,1785818484724119355,1382,6780,24480,4,18,15286,3649033,200,0,384,0,0,332,536
1378,2026-08-04T04:41:25Z,1785818485727520203,1383,6780,24480,4,18,15297,3649822,200,0,384,0,0,332,536
1379,2026-08-04T04:41:26Z,1785818486731541385,1384,6780,24480,4,18,15309,3650614,200,0,384,0,0,332,536
1380,2026-08-04T04:41:27Z,1785818487735779712,1385,6780,24480,4,18,15321,3651412,200,0,384,0,0,332,536
1381,2026-08-04T04:41:28Z,1785818488740258265,1386,6780,24480,4,18,15333,3652206,200,0,384,0,0,332,536
1382,2026-08-04T04:41:29Z,1785818489744121347,1387,6780,24480,4,18,15344,3652999,200,0,384,0,0,332,536
1383,2026-08-04T04:41:30Z,1785818490747946092,1388,6780,24480,4,18,15357,3653793,200,0,384,0,0,332,536
1384,2026-08-04T04:41:31Z,1785818491751571896,1389,6780,24480,4,18,15369,3654589,200,0,384,0,0,332,536
1385,2026-08-04T04:41:32Z,1785818492755209038,1390,6780,24480,4,18,15382,3655385,200,0,384,0,0,332,536
1386,2026-08-04T04:41:33Z,1785818493758548736,1391,6780,24480,4,18,15393,3656178,200,0,384,0,0,332,536
1387,2026-08-04T04:41:34Z,1785818494762251394,1392,6780,24480,4,18,15405,3656972,200,0,384,0,0,332,536
1388,2026-08-04T04:41:35Z,1785818495765739846,1393,6780,24480,4,18,15417,3657763,200,0,384,0,0,332,536
1389,2026-08-04T04:41:36Z,1785818496768953568,1394,6780,24480,4,18,15430,3658555,200,0,384,0,0,332,536
1390,2026-08-04T04:41:37Z,1785818497772785045,1395,6780,24480,4,18,15442,3659352,200,0,384,0,0,332,536
1391,2026-08-04T04:41:38Z,1785818498776609776,1396,6780,24480,4,18,15453,3660148,200,0,384,0,0,332,536
1392,2026-08-04T04:41:39Z,1785818499780376449,1397,6780,24480,4,18,15465,3660944,200,0,384,0,0,332,536
1393,2026-08-04T04:41:40Z,1785818500784965903,1398,6780,24480,4,18,15477,3661739,200,0,384,0,0,332,536
1394,2026-08-04T04:41:41Z,1785818501788212227,1399,6780,24480,4,18,15489,3662531,200,0,384,0,0,332,536
1395,2026-08-04T04:41:42Z,1785818502792786361,1400,6780,24480,4,18,15501,3663329,200,0,384,0,0,332,536
1396,2026-08-04T04:41:43Z,1785818503796199705,1401,6780,24480,4,18,15512,3664121,200,0,384,0,0,332,536
1397,2026-08-04T04:41:44Z,1785818504800464854,1402,6780,24480,4,18,15524,3664916,200,0,384,0,0,332,536
1398,2026-08-04T04:41:45Z,1785818505803951455,1403,6780,24480,4,18,15536,3665712,200,0,384,0,0,332,536
1399,2026-08-04T04:41:46Z,1785818506807890012,1404,6780,24480,4,18,15548,3666505,200,0,384,0,0,332,536
1400,2026-08-04T04:41:47Z,1785818507811053175,1405,6780,24480,4,18,15560,3667295,200,0,384,0,0,332,536
1401,2026-08-04T04:41:48Z,1785818508816442349,1406,6780,24480,4,18,15571,3668090,200,0,384,0,0,332,536
1402,2026-08-04T04:41:49Z,1785818509818728658,1407,6780,24480,4,18,15584,3668880,200,0,384,0,0,332,536
1403,2026-08-04T04:41:50Z,1785818510823047498,1408,6780,24480,4,18,15595,3669674,200,0,384,0,0,332,536
1404,2026-08-04T04:41:51Z,1785818511827914665,1409,6780,24480,4,18,15607,3670468,200,0,384,0,0,332,536
1405,2026-08-04T04:41:52Z,1785818512831420715,1410,6780,24480,4,18,15620,3671265,200,0,384,0,0,332,536
1406,2026-08-04T04:41:53Z,1785818513835276616,1411,6780,24480,4,18,15632,3672056,200,0,384,0,0,332,536
1407,2026-08-04T04:41:54Z,1785818514838677452,1412,6780,24480,4,18,15644,3672852,200,0,384,0,0,332,536
1408,2026-08-04T04:41:55Z,1785818515842086993,1413,6780,24480,4,18,15656,3673645,200,0,384,0,0,332,536
1409,2026-08-04T04:41:56Z,1785818516846216161,1414,6776,24480,4,17,15668,3674438,200,0,384,0,0,332,536
1410,2026-08-04T04:41:57Z,1785818517849927687,1415,6764,24480,4,14,15677,3675231,200,0,384,0,0,332,536
1411,2026-08-04T04:41:58Z,1785818518853225850,1416,6740,24480,4,13,15684,3676027,200,0,384,0,0,332,536
1412,2026-08-04T04:41:59Z,1785818519856981748,1417,6736,24480,4,12,15685,3676830,200,0,384,0,0,332,536
1413,2026-08-04T04:42:00Z,1785818520861023310,1418,6408,24480,4,10,15685,3677631,200,0,384,0,0,332,536
1414,2026-08-04T04:42:01Z,1785818521864834616,1419,6408,24480,4,10,15685,3678434,200,0,384,0,0,332,536
1415,2026-08-04T04:42:02Z,1785818522867695221,1420,6408,24480,4,10,15685,3679235,200,0,384,0,0,332,536
1416,2026-08-04T04:42:03Z,1785818523871917864,1421,6408,24480,4,10,15685,3680038,200,0,384,0,0,332,536
1417,2026-08-04T04:42:04Z,1785818524875490248,1422,6408,24480,4,10,15685,3680841,200,0,384,0,0,332,536
1418,2026-08-04T04:42:05Z,1785818525879265719,1423,6412,24480,4,11,15686,3681643,200,0,384,0,0,332,536
1419,2026-08-04T04:42:06Z,1785818526883592500,1424,6420,24480,4,13,15688,3682443,200,0,384,0,0,332,536
1420,2026-08-04T04:42:07Z,1785818527887400124,1425,6444,24480,4,14,15693,3683240,200,0,384,0,0,332,536
1421,2026-08-04T04:42:08Z,1785818528891280277,1426,6448,24480,4,15,15702,3684032,200,0,384,0,0,332,536
1422,2026-08-04T04:42:09Z,1785818529895576906,1427,6772,24480,4,16,15715,3684821,200,0,384,0,0,332,536
1423,2026-08-04T04:42:10Z,1785818530900075270,1428,6784,24480,4,19,15726,3685612,200,0,384,0,0,332,538
1424,2026-08-04T04:42:11Z,1785818531903113817,1429,6784,24480,4,19,15738,3686404,200,0,384,0,0,332,538
1425,2026-08-04T04:42:12Z,1785818532907238351,1430,6784,24480,4,19,15751,3687196,200,0,384,0,0,332,539
1426,2026-08-04T04:42:13Z,1785818533911766333,1431,6784,24480,4,19,15762,3687989,200,0,384,0,0,332,540
1427,2026-08-04T04:42:14Z,1785818534915439743,1432,6784,24480,4,19,15775,3688782,200,0,384,0,0,332,541
1428,2026-08-04T04:42:15Z,1785818535919376022,1433,6784,24480,4,19,15787,3689571,200,0,384,0,0,332,542
1429,2026-08-04T04:42:16Z,1785818536922823909,1434,6784,24480,4,19,15799,3690362,200,0,384,0,0,332,543
1430,2026-08-04T04:42:17Z,1785818537926406501,1435,6784,24480,4,19,15810,3691153,200,0,384,0,0,332,543
1431,2026-08-04T04:42:18Z,1785818538929831709,1436,6784,24480,4,19,15822,3691945,200,0,384,0,0,332,544
1432,2026-08-04T04:42:19Z,1785818539933160385,1437,6784,24480,4,19,15834,3692735,200,0,384,0,0,332,544
1433,2026-08-04T04:42:20Z,1785818540937055072,1438,6784,24480,4,19,15846,3693528,200,0,384,0,0,332,544
1434,2026-08-04T04:42:21Z,1785818541941717088,1439,6784,24480,4,19,15858,3694322,200,0,384,0,0,332,545
1435,2026-08-04T04:42:22Z,1785818542946697877,1440,6784,24480,4,19,15870,3695114,200,0,384,0,0,332,546
1436,2026-08-04T04:42:23Z,1785818543949427755,1441,6784,24480,4,19,15882,3695905,200,0,384,0,0,332,546
1437,2026-08-04T04:42:24Z,1785818544953243187,1442,6784,24480,4,19,15895,3696692,200,0,384,0,0,332,546
1438,2026-08-04T04:42:25Z,1785818545957171776,1443,6784,24480,4,19,15906,3697482,200,0,384,0,0,332,547
1439,2026-08-04T04:42:26Z,1785818546960619515,1444,6784,24480,4,19,15918,3698275,200,0,384,0,0,332,548
1440,2026-08-04T04:42:27Z,1785818547963617859,1445,6784,24480,4,19,15930,3699066,200,0,384,0,0,332,549
1441,2026-08-04T04:42:28Z,1785818548968244721,1446,6784,24480,4,19,15942,3699858,200,0,384,0,0,332,549
1442,2026-08-04T04:42:29Z,1785818549972780859,1447,6784,24480,4,19,15954,3700649,200,0,384,0,0,332,550
1443,2026-08-04T04:42:30Z,1785818550975917696,1448,6784,24480,4,19,15966,3701439,200,0,384,0,0,332,550
1444,2026-08-04T04:42:31Z,1785818551979823268,1449,6784,24480,4,19,15979,3702232,200,0,384,0,0,332,550
1445,2026-08-04T04:42:32Z,1785818552983051728,1450,6784,24480,4,19,15990,3703024,200,0,384,0,0,332,551
1446,2026-08-04T04:42:33Z,1785818553987241628,1451,6784,24480,4,19,16002,3703816,200,0,384,0,0,332,552
1447,2026-08-04T04:42:34Z,1785818554991845941,1452,6784,24480,4,19,16014,3704607,200,0,384,0,0,332,552
1448,2026-08-04T04:42:35Z,1785818555994985552,1453,6784,24480,4,19,16026,3705400,200,0,384,0,0,332,553
1449,2026-08-04T04:42:36Z,1785818556999337579,1454,6784,24480,4,19,16038,3706193,200,0,384,0,0,332,554
1450,2026-08-04T04:42:38Z,1785818558002615474,1456,6784,24480,4,19,16050,3706984,200,0,384,0,0,332,555
1451,2026-08-04T04:42:39Z,1785818559007061230,1457,6784,24480,4,19,16062,3707776,200,0,384,0,0,332,555
1452,2026-08-04T04:42:40Z,1785818560010211733,1458,6784,24480,4,19,16075,3708566,200,0,384,0,0,332,556
1453,2026-08-04T04:42:41Z,1785818561014434592,1459,6784,24480,4,19,16086,3709357,200,0,384,0,0,332,556
1454,2026-08-04T04:42:42Z,1785818562017917779,1460,6784,24480,4,19,16098,3710146,200,0,384,0,0,332,556
1455,2026-08-04T04:42:43Z,1785818563022302589,1461,6784,24480,4,19,16111,3710938,200,0,384,0,0,332,557
1456,2026-08-04T04:42:44Z,1785818564026081483,1462,6784,24480,4,19,16123,3711729,200,0,384,0,0,332,558
1457,2026-08-04T04:42:45Z,1785818565030520233,1463,6784,24480,4,19,16135,3712521,200,0,384,0,0,332,559
1458,2026-08-04T04:42:46Z,1785818566033372320,1464,6784,24480,4,19,16148,3713313,200,0,384,0,0,332,560
1459,2026-08-04T04:42:47Z,1785818567036530190,1465,6784,24480,4,19,16159,3714105,200,0,384,0,0,332,560
1460,2026-08-04T04:42:48Z,1785818568040787103,1466,6784,24480,4,19,16171,3714897,200,0,384,0,0,332,561
1461,2026-08-04T04:42:49Z,1785818569045397103,1467,6784,24480,4,19,16183,3715690,200,0,384,0,0,332,561
1462,2026-08-04T04:42:50Z,1785818570048629827,1468,6784,24480,4,19,16195,3716480,200,0,384,0,0,332,561
1463,2026-08-04T04:42:51Z,1785818571053085162,1469,6784,24480,4,19,16208,3717272,200,0,384,0,0,332,562
1464,2026-08-04T04:42:52Z,1785818572056942432,1470,6784,24480,4,19,16220,3718061,200,0,384,0,0,332,562
1465,2026-08-04T04:42:53Z,1785818573060278871,1471,6784,24480,4,19,16232,3718854,200,0,384,0,0,332,563
1466,2026-08-04T04:42:54Z,1785818574063717521,1472,6784,24480,4,19,16243,3719644,200,0,384,0,0,332,564
1467,2026-08-04T04:42:55Z,1785818575067223503,1473,6784,24480,4,19,16255,3720436,200,0,384,0,0,332,564
1468,2026-08-04T04:42:56Z,1785818576070885280,1474,6784,24480,4,19,16267,3721229,200,0,384,0,0,332,565
1469,2026-08-04T04:42:57Z,1785818577074116189,1475,6784,24480,4,19,16280,3722021,200,0,384,0,0,332,566
1470,2026-08-04T04:42:58Z,1785818578077113194,1476,6784,24480,4,19,16292,3722808,200,0,384,0,0,332,567
1471,2026-08-04T04:42:59Z,1785818579081647395,1477,6784,24480,4,19,16305,3723599,200,0,384,0,0,332,568
1472,2026-08-04T04:43:00Z,1785818580085682518,1478,6784,24480,4,19,16316,3724390,200,0,384,0,0,332,568
1473,2026-08-04T04:43:01Z,1785818581089570167,1479,6784,24480,4,19,16329,3725181,200,0,384,0,0,332,568
1474,2026-08-04T04:43:02Z,1785818582094465370,1480,6784,24480,4,19,16342,3725970,200,0,384,0,0,332,569
1475,2026-08-04T04:43:03Z,1785818583097702449,1481,6784,24480,4,19,16354,3726760,200,0,384,0,0,332,570
1476,2026-08-04T04:43:04Z,1785818584100546262,1482,6784,24480,4,19,16366,3727552,200,0,384,0,0,332,571
1477,2026-08-04T04:43:05Z,1785818585104639860,1483,6784,24480,4,19,16378,3728347,200,0,384,0,0,332,571
1478,2026-08-04T04:43:06Z,1785818586109317576,1484,6784,24480,4,19,16389,3729140,200,0,384,0,0,332,572
1479,2026-08-04T04:43:07Z,1785818587112345723,1485,6784,24480,4,19,16402,3729931,200,0,384,0,0,332,573
1480,2026-08-04T04:43:08Z,1785818588117077987,1486,6784,24480,4,19,16414,3730725,200,0,384,0,0,332,573
1481,2026-08-04T04:43:09Z,1785818589120531586,1487,6784,24480,4,19,16425,3731516,200,0,384,0,0,332,573
1482,2026-08-04T04:43:10Z,1785818590124094758,1488,6784,24480,4,19,16437,3732307,200,0,384,0,0,332,573
1483,2026-08-04T04:43:11Z,1785818591127058737,1489,6784,24480,4,19,16449,3733097,200,0,384,0,0,332,573
1484,2026-08-04T04:43:12Z,1785818592131127491,1490,6792,24480,4,21,16461,3733888,200,0,385,0,0,332,573
1485,2026-08-04T04:43:13Z,1785818593135415470,1491,6792,24480,4,21,16473,3734679,200,0,385,0,0,332,573
1486,2026-08-04T04:43:14Z,1785818594139086216,1492,6792,24480,4,21,16485,3735470,200,0,385,0,0,332,573
1487,2026-08-04T04:43:15Z,1785818595142973687,1493,6792,24480,4,21,16498,3736260,200,0,385,0,0,332,573
1488,2026-08-04T04:43:16Z,1785818596146241458,1494,6792,24480,4,21,16510,3737050,200,0,385,0,0,332,573
1489,2026-08-04T04:43:17Z,1785818597151364438,1495,6792,24480,4,21,16522,3737845,200,0,385,0,0,332,573
1490,2026-08-04T04:43:18Z,1785818598155015761,1496,6792,24480,4,21,16535,3738632,200,0,385,0,0,332,573
1491,2026-08-04T04:43:19Z,1785818599158938651,1497,6792,24480,4,21,16547,3739422,200,0,385,0,0,332,573
1492,2026-08-04T04:43:20Z,1785818600162725426,1498,6792,24480,4,21,16559,3740212,200,0,385,0,0,332,573
1493,2026-08-04T04:43:21Z,1785818601166262001,1499,6792,24480,4,21,16570,3741001,200,0,385,0,0,332,573
1494,2026-08-04T04:43:22Z,1785818602169862253,1500,6792,24480,4,21,16583,3741792,200,0,385,0,0,332,573
1495,2026-08-04T04:43:23Z,1785818603173269567,1501,6792,24480,4,21,16595,3742583,200,0,385,0,0,332,573
1496,2026-08-04T04:43:24Z,1785818604175908072,1502,6792,24480,4,21,16607,3743375,200,0,385,0,0,332,573
1497,2026-08-04T04:43:25Z,1785818605179557007,1503,6792,24480,4,21,16618,3744169,200,0,385,0,0,332,573
1498,2026-08-04T04:43:26Z,1785818606183881285,1504,6792,24480,4,21,16630,3744961,200,0,385,0,0,332,573
1499,2026-08-04T04:43:27Z,1785818607188352714,1505,6792,24480,4,21,16642,3745753,200,0,385,0,0,332,573
1500,2026-08-04T04:43:28Z,1785818608191403908,1506,6792,24480,4,21,16654,3746543,200,0,385,0,0,332,573
1501,2026-08-04T04:43:29Z,1785818609195844131,1507,6792,24480,4,21,16666,3747336,200,0,385,0,0,332,573
1502,2026-08-04T04:43:30Z,1785818610199591088,1508,6792,24480,4,21,16678,3748124,200,0,385,0,0,332,573
1503,2026-08-04T04:43:31Z,1785818611204081129,1509,6792,24480,4,21,16690,3748918,200,0,385,0,0,332,573
1504,2026-08-04T04:43:32Z,1785818612206481563,1510,6792,24480,4,21,16702,3749708,200,0,385,0,0,332,573
1505,2026-08-04T04:43:33Z,1785818613210235075,1511,6792,24480,4,21,16713,3750499,200,0,385,0,0,332,573
1506,2026-08-04T04:43:34Z,1785818614214064168,1512,6792,24480,4,21,16725,3751291,200,0,385,0,0,332,573
1507,2026-08-04T04:43:35Z,1785818615217746744,1513,6792,24480,4,21,16738,3752081,200,0,385,0,0,332,573
1508,2026-08-04T04:43:36Z,1785818616221396799,1514,6792,24480,4,21,16749,3752873,200,0,385,0,0,332,573
1509,2026-08-04T04:43:37Z,1785818617225210916,1515,6792,24480,4,21,16761,3753665,200,0,385,0,0,332,573
1510,2026-08-04T04:43:38Z,1785818618227974131,1516,6788,24480,4,20,16773,3754457,200,0,385,0,0,332,573
1511,2026-08-04T04:43:39Z,1785818619232490371,1517,6788,24480,4,20,16785,3755254,200,0,385,0,0,332,573
1512,2026-08-04T04:43:40Z,1785818620237129065,1518,6788,24480,4,20,16796,3756043,200,0,385,0,0,332,573
1513,2026-08-04T04:43:41Z,1785818621240312361,1519,6788,24480,4,20,16808,3756835,200,0,385,0,0,332,573
1514,2026-08-04T04:43:42Z,1785818622244387431,1520,6780,24480,4,18,16821,3757626,200,0,384,0,0,332,573
1515,2026-08-04T04:43:43Z,1785818623248213383,1521,6780,24480,4,18,16832,3758419,200,0,384,0,0,332,573
1516,2026-08-04T04:43:44Z,1785818624252811658,1522,6780,24480,4,18,16844,3759212,200,0,384,0,0,332,573
1517,2026-08-04T04:43:45Z,1785818625256174114,1523,6780,24480,4,18,16856,3760002,200,0,384,0,0,332,573
1518,2026-08-04T04:43:46Z,1785818626259834160,1524,6780,24480,4,18,16868,3760793,200,0,384,0,0,332,573
1519,2026-08-04T04:43:47Z,1785818627263367742,1525,6780,24480,4,18,16879,3761585,200,0,384,0,0,332,573
1520,2026-08-04T04:43:48Z,1785818628266470770,1526,6780,24480,4,18,16892,3762373,200,0,384,0,0,332,573
1521,2026-08-04T04:43:49Z,1785818629270747478,1527,6780,24480,4,18,16903,3763167,200,0,384,0,0,332,573
1522,2026-08-04T04:43:50Z,1785818630274909012,1528,6780,24480,4,18,16915,3763958,200,0,384,0,0,332,573
1523,2026-08-04T04:43:51Z,1785818631279257968,1529,6780,24480,4,18,16927,3764750,200,0,384,0,0,332,573
1524,2026-08-04T04:43:52Z,1785818632282697831,1530,6780,24480,4,18,16939,3765543,200,0,384,0,0,332,573
1525,2026-08-04T04:43:53Z,1785818633286032757,1531,6780,24480,4,18,16951,3766333,200,0,384,0,0,332,573
1526,2026-08-04T04:43:54Z,1785818634289714935,1532,6780,24480,4,18,16963,3767125,200,0,384,0,0,332,573
1527,2026-08-04T04:43:55Z,1785818635292769975,1533,6780,24480,4,18,16975,3767916,200,0,384,0,0,332,573
1528,2026-08-04T04:43:56Z,1785818636297322803,1534,6780,24480,4,18,16987,3768705,200,0,384,0,0,332,573
1529,2026-08-04T04:43:57Z,1785818637299989084,1535,6780,24480,4,18,16999,3769496,200,0,384,0,0,332,573
1530,2026-08-04T04:43:58Z,1785818638304793333,1536,6780,24480,4,18,17010,3770291,200,0,384,0,0,332,573
1531,2026-08-04T04:43:59Z,1785818639308240799,1537,6780,24480,4,18,17022,3771081,200,0,384,0,0,332,573
1532,2026-08-04T04:44:00Z,1785818640313064486,1538,6780,24480,4,18,17035,3771868,200,0,384,0,0,332,573
1533,2026-08-04T04:44:01Z,1785818641316570548,1539,6780,24480,4,18,17047,3772657,200,0,384,0,0,332,573
1534,2026-08-04T04:44:02Z,1785818642319791057,1540,6780,24480,4,18,17059,3773442,200,0,384,0,0,332,573
1535,2026-08-04T04:44:03Z,1785818643323220123,1541,6780,24480,4,18,17071,3774237,200,0,384,0,0,332,574
1536,2026-08-04T04:44:04Z,1785818644326667486,1542,6780,24480,4,18,17083,3775026,200,0,384,0,0,332,574
1537,2026-08-04T04:44:05Z,1785818645330061033,1543,6776,24480,4,17,17095,3775819,200,0,384,0,0,332,574
1538,2026-08-04T04:44:06Z,1785818646333005282,1544,6776,24480,4,17,17107,3776613,200,0,384,0,0,332,574
1539,2026-08-04T04:44:07Z,1785818647336303963,1545,6740,24480,4,13,17115,3777408,200,0,384,0,0,332,574
1540,2026-08-04T04:44:08Z,1785818648338886530,1546,6740,24480,4,13,17122,3778205,200,0,384,0,0,332,574
1541,2026-08-04T04:44:09Z,1785818649342553237,1547,6408,24480,4,10,17122,3779007,200,0,384,0,0,332,574
1542,2026-08-04T04:44:10Z,1785818650346162296,1548,6408,24480,4,10,17122,3779810,200,0,384,0,0,332,574
1543,2026-08-04T04:44:11Z,1785818651349750281,1549,6408,24480,4,10,17122,3780612,200,0,384,0,0,332,574
1544,2026-08-04T04:44:12Z,1785818652352909325,1550,6408,24480,4,10,17122,3781413,200,0,384,0,0,332,574
1545,2026-08-04T04:44:13Z,1785818653355856323,1551,6408,24480,4,10,17122,3782215,200,0,384,0,0,332,574
1546,2026-08-04T04:44:14Z,1785818654359091826,1552,6408,24480,4,10,17122,3783017,200,0,384,0,0,332,574
1547,2026-08-04T04:44:15Z,1785818655362547024,1553,6412,24480,4,11,17123,3783817,200,0,384,0,0,332,574
1548,2026-08-04T04:44:16Z,1785818656366407283,1554,6420,24480,4,13,17125,3784616,200,0,384,0,0,332,574
1549,2026-08-04T04:44:17Z,1785818657370192578,1555,6444,24480,4,14,17129,3785414,200,0,384,0,0,332,574
1550,2026-08-04T04:44:18Z,1785818658374914761,1556,6448,24480,4,15,17140,3786205,200,0,384,0,0,332,574
1551,2026-08-04T04:44:19Z,1785818659378097146,1557,6772,24480,4,16,17152,3786994,200,0,384,0,0,332,574
1552,2026-08-04T04:44:20Z,1785818660381948690,1558,6784,24480,4,19,17164,3787784,200,0,384,0,0,332,575
1553,2026-08-04T04:44:21Z,1785818661386732354,1559,6784,24480,4,19,17175,3788572,200,0,384,0,0,332,576
1554,2026-08-04T04:44:22Z,1785818662390366956,1560,6784,24480,4,19,17188,3789361,200,0,384,0,0,332,577
1555,2026-08-04T04:44:23Z,1785818663393325164,1561,6784,24480,4,19,17199,3790149,200,0,384,0,0,332,578
1556,2026-08-04T04:44:24Z,1785818664397897603,1562,6784,24480,4,19,17212,3790939,200,0,384,0,0,332,579
1557,2026-08-04T04:44:25Z,1785818665401400332,1563,6784,24480,4,19,17225,3791725,200,0,384,0,0,332,580
1558,2026-08-04T04:44:26Z,1785818666405075702,1564,6784,24480,4,19,17237,3792518,200,0,384,0,0,332,581
1559,2026-08-04T04:44:27Z,1785818667408073226,1565,6784,24480,4,19,17249,3793306,200,0,384,0,0,332,581
1560,2026-08-04T04:44:28Z,1785818668412576541,1566,6784,24480,4,19,17261,3794097,200,0,384,0,0,332,581
1561,2026-08-04T04:44:29Z,1785818669415450504,1567,6784,24480,4,19,17272,3794884,200,0,384,0,0,332,581
1562,2026-08-04T04:44:30Z,1785818670420284326,1568,6784,24480,4,19,17285,3795674,200,0,384,0,0,332,581
1563,2026-08-04T04:44:31Z,1785818671423447891,1569,6784,24480,4,19,17296,3796462,200,0,384,0,0,332,581
1564,2026-08-04T04:44:32Z,1785818672427850328,1570,6784,24480,4,19,17308,3797249,200,0,384,0,0,332,581
1565,2026-08-04T04:44:33Z,1785818673431044390,1571,6784,24480,4,19,17321,3798036,200,0,384,0,0,332,581
1566,2026-08-04T04:44:34Z,1785818674435085994,1572,6784,24480,4,19,17332,3798826,200,0,384,0,0,332,581
1567,2026-08-04T04:44:35Z,1785818675439053078,1573,6784,24480,4,19,17344,3799614,200,0,384,0,0,332,581
1568,2026-08-04T04:44:36Z,1785818676443613457,1574,6784,24480,4,19,17356,3800401,200,0,384,0,0,332,581
1569,2026-08-04T04:44:37Z,1785818677447359771,1575,6784,24480,4,19,17368,3801190,200,0,384,0,0,332,581
1570,2026-08-04T04:44:38Z,1785818678450788861,1576,6784,24480,4,19,17380,3801980,200,0,384,0,0,332,581
1571,2026-08-04T04:44:39Z,1785818679454451075,1577,6784,24480,4,19,17392,3802767,200,0,384,0,0,332,581
1572,2026-08-04T04:44:40Z,1785818680458249653,1578,6784,24480,4,19,17404,3803556,200,0,384,0,0,332,581
1573,2026-08-04T04:44:41Z,1785818681461983737,1579,6784,24480,4,19,17416,3804346,200,0,384,0,0,332,581
1574,2026-08-04T04:44:42Z,1785818682465785546,1580,6784,24480,4,19,17427,3805138,200,0,384,0,0,332,581
1575,2026-08-04T04:44:43Z,1785818683469406356,1581,6784,24480,4,19,17439,3805924,200,0,384,0,0,332,581
1576,2026-08-04T04:44:44Z,1785818684473091856,1582,6784,24480,4,19,17451,3806713,200,0,384,0,0,332,581
1577,2026-08-04T04:44:45Z,1785818685476693269,1583,6784,24480,4,19,17464,3807501,200,0,384,0,0,332,581
1578,2026-08-04T04:44:46Z,1785818686480310680,1584,6784,24480,4,19,17475,3808291,200,0,384,0,0,332,581
1579,2026-08-04T04:44:47Z,1785818687483493517,1585,6784,24480,4,19,17486,3809079,200,0,384,0,0,332,581
1580,2026-08-04T04:44:48Z,1785818688488008643,1586,6784,24480,4,19,17498,3809871,200,0,384,0,0,332,581
1581,2026-08-04T04:44:49Z,1785818689491485867,1587,6784,24480,4,19,17511,3810656,200,0,384,0,0,332,581
1582,2026-08-04T04:44:50Z,1785818690497341455,1588,6784,24480,4,19,17523,3811446,200,0,384,0,0,332,581
1583,2026-08-04T04:44:51Z,1785818691499832757,1589,6784,24480,4,19,17535,3812235,200,0,384,0,0,332,581
1584,2026-08-04T04:44:52Z,1785818692503491344,1590,6784,24480,4,19,17547,3813024,200,0,384,0,0,332,581
1585,2026-08-04T04:44:53Z,1785818693506303187,1591,6784,24480,4,19,17558,3813814,200,0,384,0,0,332,581
1586,2026-08-04T04:44:54Z,1785818694511216353,1592,6784,24480,4,19,17570,3814604,200,0,384,0,0,332,581
1587,2026-08-04T04:44:55Z,1785818695514395069,1593,6784,24480,4,19,17582,3815392,200,0,384,0,0,332,581
1588,2026-08-04T04:44:56Z,1785818696518991504,1594,6780,24480,4,18,17593,3816181,200,0,384,0,0,332,581
1589,2026-08-04T04:44:57Z,1785818697522037098,1595,6780,24480,4,18,17605,3816972,200,0,384,0,0,332,581
1590,2026-08-04T04:44:58Z,1785818698526697753,1596,6780,24480,4,18,17617,3817759,200,0,384,0,0,332,581
1591,2026-08-04T04:44:59Z,1785818699530751315,1597,6780,24480,4,18,17628,3818547,200,0,384,0,0,332,581
1592,2026-08-04T04:45:00Z,1785818700534707033,1598,6780,24480,4,18,17641,3819336,200,0,384,0,0,332,581
1593,2026-08-04T04:45:01Z,1785818701539394012,1599,6780,24480,4,18,17654,3820127,200,0,384,0,0,332,581
1594,2026-08-04T04:45:02Z,1785818702542195391,1600,6780,24480,4,18,17667,3820914,200,0,384,0,0,332,581
1595,2026-08-04T04:45:03Z,1785818703546352347,1601,6780,24480,4,18,17679,3821702,200,0,384,0,0,332,581
1596,2026-08-04T04:45:04Z,1785818704550284031,1602,6780,24480,4,18,17692,3822491,200,0,384,0,0,332,581
1597,2026-08-04T04:45:05Z,1785818705553777827,1603,6780,24480,4,18,17704,3823279,200,0,384,0,0,332,581
1598,2026-08-04T04:45:06Z,1785818706557314360,1604,6780,24480,4,18,17716,3824070,200,0,384,0,0,332,581
1599,2026-08-04T04:45:07Z,1785818707561268359,1605,6780,24480,4,18,17728,3824858,200,0,384,0,0,332,581
1600,2026-08-04T04:45:08Z,1785818708564836758,1606,6780,24480,4,18,17740,3825646,200,0,384,0,0,332,581
1601,2026-08-04T04:45:09Z,1785818709568608640,1607,6780,24480,4,18,17751,3826434,200,0,384,0,0,332,581
1602,2026-08-04T04:45:10Z,1785818710571895917,1608,6780,24480,4,18,17764,3827223,200,0,384,0,0,332,581
1603,2026-08-04T04:45:11Z,1785818711575218017,1609,6780,24480,4,18,17775,3828012,200,0,384,0,0,332,581
1604,2026-08-04T04:45:12Z,1785818712578126030,1610,6780,24480,4,18,17787,3828801,200,0,384,0,0,332,581
1605,2026-08-04T04:45:13Z,1785818713582189621,1611,6780,24480,4,18,17799,3829590,200,0,384,0,0,332,581
1606,2026-08-04T04:45:14Z,1785818714587130663,1612,6780,24480,4,18,17810,3830382,200,0,384,0,0,332,581
1607,2026-08-04T04:45:15Z,1785818715591297570,1613,6780,24480,4,18,17822,3831171,200,0,384,0,0,332,581
1608,2026-08-04T04:45:16Z,1785818716595174600,1614,6780,24480,4,18,17836,3831959,200,0,384,0,0,332,581
1609,2026-08-04T04:45:17Z,1785818717598304011,1615,6780,24480,4,18,17849,3832746,200,0,384,0,0,332,581
1610,2026-08-04T04:45:18Z,1785818718601628927,1616,6780,24480,4,18,17860,3833535,200,0,384,0,0,332,581
1611,2026-08-04T04:45:19Z,1785818719605522577,1617,6780,24480,4,18,17872,3834321,200,0,384,0,0,332,581
1612,2026-08-04T04:45:20Z,1785818720609693502,1618,6780,24480,4,18,17884,3835110,200,0,384,0,0,332,581
1613,2026-08-04T04:45:21Z,1785818721614301371,1619,6780,24480,4,18,17896,3835900,200,0,384,0,0,332,581
1614,2026-08-04T04:45:22Z,1785818722617165395,1620,6780,24480,4,18,17907,3836689,200,0,384,0,0,332,581
1615,2026-08-04T04:45:23Z,1785818723621034606,1621,6780,24480,4,18,17920,3837480,200,0,384,0,0,332,581
1616,2026-08-04T04:45:24Z,1785818724624999735,1622,6780,24480,4,18,17931,3838270,200,0,384,0,0,332,581
1617,2026-08-04T04:45:25Z,1785818725629404341,1623,6780,24480,4,18,17943,3839063,200,0,384,0,0,332,581
1618,2026-08-04T04:45:26Z,1785818726632674586,1624,6780,24480,4,18,17955,3839852,200,0,384,0,0,332,581
1619,2026-08-04T04:45:27Z,1785818727636544504,1625,6780,24480,4,18,17966,3840643,200,0,384,0,0,332,581
1620,2026-08-04T04:45:28Z,1785818728641008197,1626,6780,24480,4,18,17978,3841431,200,0,384,0,0,332,581
1621,2026-08-04T04:45:29Z,1785818729645125685,1627,6780,24480,4,18,17989,3842219,200,0,384,0,0,332,581
1622,2026-08-04T04:45:30Z,1785818730649108154,1628,6780,24480,4,18,18002,3843008,200,0,384,0,0,332,581
1623,2026-08-04T04:45:31Z,1785818731653180318,1629,6780,24480,4,18,18014,3843799,200,0,384,0,0,332,581
1624,2026-08-04T04:45:32Z,1785818732657097823,1630,6780,24480,4,18,18026,3844590,200,0,384,0,0,332,581
1625,2026-08-04T04:45:33Z,1785818733660368914,1631,6780,24480,4,18,18038,3845376,200,0,384,0,0,332,581
1626,2026-08-04T04:45:34Z,1785818734664906406,1632,6780,24480,4,18,18049,3846167,200,0,384,0,0,332,581
1627,2026-08-04T04:45:35Z,1785818735668077310,1633,6780,24480,4,18,18061,3846955,200,0,384,0,0,332,581
1628,2026-08-04T04:45:36Z,1785818736673045928,1634,6780,24480,4,18,18073,3847744,200,0,384,0,0,332,581
1629,2026-08-04T04:45:37Z,1785818737677020017,1635,6780,24480,4,18,18085,3848531,200,0,384,0,0,332,581
1630,2026-08-04T04:45:38Z,1785818738680705936,1636,6780,24480,4,18,18098,3849320,200,0,384,0,0,332,581
1631,2026-08-04T04:45:39Z,1785818739684389013,1637,6780,24480,4,18,18110,3850109,200,0,384,0,0,332,581
1632,2026-08-04T04:45:40Z,1785818740687963058,1638,6780,24480,4,18,18122,3850899,200,0,384,0,0,332,581
1633,2026-08-04T04:45:41Z,1785818741692486006,1639,6780,24480,4,18,18134,3851687,200,0,384,0,0,332,581
1634,2026-08-04T04:45:42Z,1785818742695118694,1640,6780,24480,4,18,18146,3852475,200,0,384,0,0,332,581
1635,2026-08-04T04:45:43Z,1785818743698596924,1641,6780,24480,4,18,18157,3853264,200,0,384,0,0,332,581
1636,2026-08-04T04:45:44Z,1785818744702515184,1642,6780,24480,4,18,18169,3854053,200,0,384,0,0,332,581
1637,2026-08-04T04:45:45Z,1785818745706426302,1643,6780,24480,4,18,18181,3854841,200,0,384,0,0,332,581
1638,2026-08-04T04:45:46Z,1785818746709464863,1644,6780,24480,4,18,18193,3855631,200,0,384,0,0,332,581
1639,2026-08-04T04:45:47Z,1785818747713795889,1645,6780,24480,4,18,18205,3856422,200,0,384,0,0,332,581
1640,2026-08-04T04:45:48Z,1785818748717693012,1646,6780,24480,4,18,18217,3857212,200,0,384,0,0,332,581
1641,2026-08-04T04:45:49Z,1785818749722005562,1647,6780,24480,4,18,18228,3858001,200,0,384,0,0,332,581
1642,2026-08-04T04:45:50Z,1785818750726099252,1648,6780,24480,4,18,18240,3858792,200,0,384,0,0,332,581
1643,2026-08-04T04:45:51Z,1785818751730405326,1649,6780,24480,4,18,18252,3859583,200,0,384,0,0,332,581
1644,2026-08-04T04:45:52Z,1785818752734297558,1650,6780,24480,4,18,18264,3860372,200,0,384,0,0,332,581
1645,2026-08-04T04:45:53Z,1785818753738342947,1651,6780,24480,4,18,18275,3861161,200,0,384,0,0,332,581
1646,2026-08-04T04:45:54Z,1785818754742340227,1652,6780,24480,4,18,18287,3861949,200,0,384,0,0,332,581
1647,2026-08-04T04:45:55Z,1785818755746602840,1653,6780,24480,4,18,18299,3862738,200,0,384,0,0,332,581
1648,2026-08-04T04:45:56Z,1785818756749622210,1654,6780,24480,4,18,18311,3863526,200,0,384,0,0,332,581
1649,2026-08-04T04:45:57Z,1785818757753907002,1655,6780,24480,4,18,18323,3864315,200,0,384,0,0,332,581
1650,2026-08-04T04:45:58Z,1785818758757163593,1656,6780,24480,4,18,18334,3865102,200,0,384,0,0,332,581
1651,2026-08-04T04:45:59Z,1785818759760976389,1657,6780,24480,4,18,18346,3865893,200,0,384,0,0,332,581
1652,2026-08-04T04:46:00Z,1785818760764495942,1658,6780,24480,4,18,18359,3866682,200,0,384,0,0,332,581
1653,2026-08-04T04:46:01Z,1785818761769820734,1659,6780,24480,4,18,18371,3867473,200,0,384,0,0,332,581
1654,2026-08-04T04:46:02Z,1785818762772477676,1660,6780,24480,4,18,18383,3868261,200,0,384,0,0,332,581
1655,2026-08-04T04:46:03Z,1785818763775388214,1661,6780,24480,4,18,18395,3869048,200,0,384,0,0,332,581
1656,2026-08-04T04:46:04Z,1785818764779680818,1662,6780,24480,4,18,18407,3869837,200,0,384,0,0,332,581
1657,2026-08-04T04:46:05Z,1785818765783439227,1663,6780,24480,4,18,18419,3870626,200,0,384,0,0,332,581
1658,2026-08-04T04:46:06Z,1785818766786908742,1664,6780,24480,4,18,18431,3871413,200,0,384,0,0,332,581
1659,2026-08-04T04:46:07Z,1785818767790162398,1665,6780,24480,4,18,18443,3872200,200,0,384,0,0,332,581
1660,2026-08-04T04:46:08Z,1785818768794569655,1666,6780,24480,4,18,18455,3872991,200,0,384,0,0,332,581
1661,2026-08-04T04:46:09Z,1785818769799185049,1667,6780,24480,4,18,18467,3873779,200,0,384,0,0,332,581
1662,2026-08-04T04:46:10Z,1785818770803179806,1668,6780,24480,4,18,18479,3874567,200,0,384,0,0,332,581
1663,2026-08-04T04:46:11Z,1785818771807223012,1669,6780,24480,4,18,18491,3875355,200,0,384,0,0,332,581
1664,2026-08-04T04:46:12Z,1785818772810743135,1670,6780,24480,4,18,18504,3876145,200,0,384,0,0,332,581
1665,2026-08-04T04:46:13Z,1785818773814436473,1671,6780,24480,4,18,18515,3876932,200,0,384,0,0,332,581
1666,2026-08-04T04:46:14Z,1785818774818551738,1672,6776,24480,4,17,18527,3877723,200,0,384,0,0,332,581
1667,2026-08-04T04:46:15Z,1785818775821947600,1673,6776,24480,4,17,18538,3878510,200,0,384,0,0,332,581
1668,2026-08-04T04:46:16Z,1785818776826041534,1674,6740,24480,4,13,18546,3879305,200,0,384,0,0,332,581
1669,2026-08-04T04:46:17Z,1785818777828022330,1675,6736,24480,4,12,18552,3880103,200,0,384,0,0,332,581
1670,2026-08-04T04:46:18Z,1785818778832005755,1676,6408,24480,4,10,18552,3880903,200,0,384,0,0,332,581
1671,2026-08-04T04:46:19Z,1785818779835741579,1677,6408,24480,4,10,18552,3881705,200,0,384,0,0,332,581
1672,2026-08-04T04:46:20Z,1785818780838969856,1678,6408,24480,4,10,18552,3882507,200,0,384,0,0,332,581
1673,2026-08-04T04:46:21Z,1785818781842400649,1679,6408,24480,4,10,18552,3883310,200,0,384,0,0,332,581
1674,2026-08-04T04:46:22Z,1785818782845738366,1680,6408,24480,4,10,18552,3884112,200,0,384,0,0,332,581
1675,2026-08-04T04:46:23Z,1785818783849113816,1681,6408,24480,4,10,18552,3884913,200,0,384,0,0,332,581
1676,2026-08-04T04:46:24Z,1785818784852844535,1682,6412,24480,4,11,18552,3885715,200,0,384,0,0,332,581
1677,2026-08-04T04:46:25Z,1785818785856773167,1683,6420,24480,4,13,18555,3886515,200,0,384,0,0,332,581
1678,2026-08-04T04:46:26Z,1785818786861584499,1684,6444,24480,4,14,18561,3887316,200,0,384,0,0,332,581
1679,2026-08-04T04:46:27Z,1785818787866377293,1685,6448,24480,4,15,18572,3888111,200,0,384,0,0,332,581
1680,2026-08-04T04:46:28Z,1785818788869858049,1686,6772,24480,4,16,18584,3888903,200,0,384,0,0,332,581
1681,2026-08-04T04:46:29Z,1785818789874676717,1687,6784,24480,4,19,18596,3889695,200,0,384,0,0,332,582
1682,2026-08-04T04:46:30Z,1785818790878082343,1688,6784,24480,4,19,18608,3890488,200,0,384,0,0,332,582
1683,2026-08-04T04:46:31Z,1785818791881996809,1689,6784,24480,4,19,18621,3891283,200,0,384,0,0,332,583
1684,2026-08-04T04:46:32Z,1785818792885062643,1690,6784,24480,4,19,18632,3892074,200,0,384,0,0,332,584
1685,2026-08-04T04:46:33Z,1785818793889488092,1691,6784,24480,4,19,18645,3892866,200,0,384,0,0,332,585
1686,2026-08-04T04:46:34Z,1785818794893297893,1692,6784,24480,4,19,18657,3893661,200,0,384,0,0,332,585
1687,2026-08-04T04:46:35Z,1785818795896749546,1693,6784,24480,4,19,18669,3894453,200,0,384,0,0,332,586
1688,2026-08-04T04:46:36Z,1785818796900876777,1694,6784,24480,4,19,18680,3895247,200,0,384,0,0,332,587
1689,2026-08-04T04:46:37Z,1785818797904300397,1695,6784,24480,4,19,18693,3896038,200,0,384,0,0,332,587
1690,2026-08-04T04:46:38Z,1785818798907975016,1696,6784,24480,4,19,18705,3896824,200,0,384,0,0,332,588
1691,2026-08-04T04:46:39Z,1785818799912056117,1697,6784,24480,4,19,18717,3897614,200,0,384,0,0,332,589
1692,2026-08-04T04:46:40Z,1785818800915752540,1698,6784,24480,4,19,18730,3898404,200,0,384,0,0,332,589
1693,2026-08-04T04:46:41Z,1785818801918987645,1699,6784,24480,4,19,18741,3899195,200,0,384,0,0,332,590
1694,2026-08-04T04:46:42Z,1785818802924349375,1700,6784,24480,4,19,18753,3899987,200,0,384,0,0,332,591
1695,2026-08-04T04:46:43Z,1785818803927955525,1701,6784,24480,4,19,18765,3900782,200,0,384,0,0,332,592
1696,2026-08-04T04:46:44Z,1785818804931695234,1702,6784,24480,4,19,18778,3901573,200,0,384,0,0,332,593
1697,2026-08-04T04:46:45Z,1785818805935312699,1703,6784,24480,4,19,18790,3902365,200,0,384,0,0,332,593
1698,2026-08-04T04:46:46Z,1785818806939029990,1704,6784,24480,4,19,18803,3903160,200,0,384,0,0,332,594
1699,2026-08-04T04:46:47Z,1785818807942275780,1705,6784,24480,4,19,18815,3903951,200,0,384,0,0,332,594
1700,2026-08-04T04:46:48Z,1785818808946974395,1706,6784,24480,4,19,18827,3904742,200,0,384,0,0,332,594
1701,2026-08-04T04:46:49Z,1785818809949895231,1707,6784,24480,4,19,18838,3905534,200,0,384,0,0,332,594
1702,2026-08-04T04:46:50Z,1785818810953991552,1708,6784,24480,4,19,18850,3906326,200,0,384,0,0,332,595
1703,2026-08-04T04:46:51Z,1785818811957920463,1709,6784,24480,4,19,18861,3907118,200,0,384,0,0,332,595
1704,2026-08-04T04:46:52Z,1785818812962023671,1710,6784,24480,4,19,18873,3907911,200,0,384,0,0,332,596
1705,2026-08-04T04:46:53Z,1785818813967094981,1711,6784,24480,4,19,18886,3908700,200,0,384,0,0,332,598
1706,2026-08-04T04:46:54Z,1785818814970767628,1712,6784,24480,4,19,18897,3909491,200,0,384,0,0,332,599
1707,2026-08-04T04:46:55Z,1785818815974839417,1713,6784,24480,4,19,18909,3910285,200,0,384,0,0,332,599
1708,2026-08-04T04:46:56Z,1785818816978417231,1714,6784,24480,4,19,18921,3911076,200,0,384,0,0,332,599
1709,2026-08-04T04:46:57Z,1785818817982912085,1715,6784,24480,4,19,18933,3911869,200,0,384,0,0,332,600
1710,2026-08-04T04:46:58Z,1785818818986496204,1716,6784,24480,4,19,18946,3912662,200,0,384,0,0,332,600
1711,2026-08-04T04:46:59Z,1785818819990269635,1717,6784,24480,4,19,18957,3913456,200,0,384,0,0,332,600
1712,2026-08-04T04:47:00Z,1785818820994412714,1718,6784,24480,4,19,18970,3914247,200,0,384,0,0,332,600
1713,2026-08-04T04:47:01Z,1785818821997897622,1719,6784,24480,4,19,18983,3915041,200,0,384,0,0,332,601
1714,2026-08-04T04:47:03Z,1785818823001986370,1721,6784,24480,4,19,18994,3915832,200,0,384,0,0,332,602
1715,2026-08-04T04:47:04Z,1785818824006311753,1722,6784,24480,4,19,19006,3916626,200,0,384,0,0,332,602
1716,2026-08-04T04:47:05Z,1785818825009931397,1723,6784,24480,4,19,19019,3917418,200,0,384,0,0,332,603
1717,2026-08-04T04:47:06Z,1785818826013600768,1724,6784,24480,4,19,19031,3918209,200,0,384,0,0,332,603
1718,2026-08-04T04:47:07Z,1785818827017345100,1725,6784,24480,4,19,19043,3918999,200,0,384,0,0,332,603
1719,2026-08-04T04:47:08Z,1785818828021129671,1726,6784,24480,4,19,19055,3919790,200,0,384,0,0,332,603
1720,2026-08-04T04:47:09Z,1785818829024242428,1727,6784,24480,4,19,19067,3920581,200,0,384,0,0,332,603
1721,2026-08-04T04:47:10Z,1785818830028527767,1728,6784,24480,4,19,19079,3921373,200,0,384,0,0,332,603
1722,2026-08-04T04:47:11Z,1785818831033177436,1729,6784,24480,4,19,19091,3922164,200,0,384,0,0,332,605
1723,2026-08-04T04:47:12Z,1785818832036401337,1730,6784,24480,4,19,19102,3922956,200,0,384,0,0,332,606
1724,2026-08-04T04:47:13Z,1785818833040843877,1731,6784,24480,4,19,19114,3923748,200,0,384,0,0,332,607
1725,2026-08-04T04:47:14Z,1785818834044097094,1732,6784,24480,4,19,19126,3924539,200,0,384,0,0,332,607
1726,2026-08-04T04:47:15Z,1785818835048886522,1733,6784,24480,4,19,19138,3925329,200,0,384,0,0,332,607
1727,2026-08-04T04:47:16Z,1785818836052256302,1734,6784,24480,4,19,19151,3926124,200,0,384,0,0,332,608
1728,2026-08-04T04:47:17Z,1785818837056421027,1735,6784,24480,4,19,19162,3926918,200,0,384,0,0,332,608
1729,2026-08-04T04:47:18Z,1785818838060805492,1736,6784,24480,4,19,19174,3927713,200,0,384,0,0,332,608
1730,2026-08-04T04:47:19Z,1785818839064350778,1737,6784,24480,4,19,19186,3928507,200,0,384,0,0,332,608
1731,2026-08-04T04:47:20Z,1785818840068247533,1738,6784,24480,4,19,19198,3929300,200,0,384,0,0,332,608
1732,2026-08-04T04:47:21Z,1785818841072604722,1739,6784,24480,4,19,19212,3930093,200,0,384,0,0,332,610
1733,2026-08-04T04:47:22Z,1785818842076671878,1740,6784,24480,4,19,19224,3930887,200,0,384,0,0,332,610
1734,2026-08-04T04:47:23Z,1785818843080181166,1741,6784,24480,4,19,19235,3931683,200,0,384,0,0,332,610
1735,2026-08-04T04:47:24Z,1785818844083304792,1742,6784,24480,4,19,19247,3932473,200,0,384,0,0,332,610
1736,2026-08-04T04:47:25Z,1785818845087668588,1743,6784,24480,4,19,19259,3933267,200,0,384,0,0,332,610
1737,2026-08-04T04:47:26Z,1785818846090338215,1744,6784,24480,4,19,19271,3934055,200,0,384,0,0,332,610
1738,2026-08-04T04:47:27Z,1785818847094766028,1745,6784,24480,4,19,19283,3934847,200,0,384,0,0,332,610
1739,2026-08-04T04:47:28Z,1785818848099121779,1746,6784,24480,4,19,19294,3935637,200,0,384,0,0,332,610
1740,2026-08-04T04:47:29Z,1785818849102374384,1747,6784,24480,4,19,19306,3936433,200,0,384,0,0,332,610
1741,2026-08-04T04:47:30Z,1785818850106041164,1748,6784,24480,4,19,19318,3937226,200,0,384,0,0,332,610
1742,2026-08-04T04:47:31Z,1785818851109302811,1749,6784,24480,4,19,19331,3938016,200,0,384,0,0,332,610
1743,2026-08-04T04:47:32Z,1785818852113784127,1750,6784,24480,4,19,19343,3938806,200,0,384,0,0,332,610
1744,2026-08-04T04:47:33Z,1785818853117834340,1751,6784,24480,4,19,19354,3939601,200,0,384,0,0,332,611
1745,2026-08-04T04:47:34Z,1785818854121041646,1752,6784,24480,4,19,19367,3940393,200,0,384,0,0,332,611
1746,2026-08-04T04:47:35Z,1785818855125373840,1753,6784,24480,4,19,19379,3941189,200,0,384,0,0,332,611
1747,2026-08-04T04:47:36Z,1785818856129760527,1754,6784,24480,4,19,19391,3941983,200,0,384,0,0,332,611
1748,2026-08-04T04:47:37Z,1785818857132873040,1755,6784,24480,4,19,19403,3942779,200,0,384,0,0,332,611
1749,2026-08-04T04:47:38Z,1785818858137721653,1756,6784,24480,4,19,19415,3943571,200,0,384,0,0,332,611
1750,2026-08-04T04:47:39Z,1785818859141314247,1757,6784,24480,4,19,19426,3944365,200,0,384,0,0,332,611
1751,2026-08-04T04:47:40Z,1785818860145242740,1758,6784,24480,4,19,19437,3945158,200,0,384,0,0,332,611
1752,2026-08-04T04:47:41Z,1785818861149079585,1759,6784,24480,4,19,19449,3945950,200,0,384,0,0,332,611
1753,2026-08-04T04:47:42Z,1785818862153158614,1760,6784,24480,4,19,19461,3946742,200,0,384,0,0,332,611
1754,2026-08-04T04:47:43Z,1785818863156441105,1761,6784,24480,4,19,19472,3947533,200,0,384,0,0,332,611
1755,2026-08-04T04:47:44Z,1785818864161178385,1762,6784,24480,4,19,19483,3948326,200,0,384,0,0,332,611
1756,2026-08-04T04:47:45Z,1785818865165030632,1763,6784,24480,4,19,19495,3949118,200,0,384,0,0,332,611
1757,2026-08-04T04:47:46Z,1785818866168398736,1764,6784,24480,4,19,19507,3949909,200,0,384,0,0,332,611
1758,2026-08-04T04:47:47Z,1785818867172358485,1765,6784,24480,4,19,19518,3950701,200,0,384,0,0,332,611
1759,2026-08-04T04:47:48Z,1785818868176635429,1766,6784,24480,4,19,19529,3951493,200,0,384,0,0,332,611
1760,2026-08-04T04:47:49Z,1785818869181323595,1767,6784,24480,4,19,19541,3952285,200,0,384,0,0,332,611
1761,2026-08-04T04:47:50Z,1785818870184535103,1768,6784,24480,4,19,19552,3953071,200,0,384,0,0,332,611
1762,2026-08-04T04:47:51Z,1785818871188913744,1769,6780,24480,4,18,19563,3953863,200,0,384,0,0,332,611
1763,2026-08-04T04:47:52Z,1785818872192711235,1770,6780,24480,4,18,19575,3954655,200,0,384,0,0,332,611
1764,2026-08-04T04:47:53Z,1785818873196068142,1771,6780,24480,4,18,19586,3955445,200,0,384,0,0,332,611
1765,2026-08-04T04:47:54Z,1785818874199454242,1772,6780,24480,4,18,19598,3956236,200,0,384,0,0,332,611
1766,2026-08-04T04:47:55Z,1785818875204150400,1773,6780,24480,4,18,19609,3957028,200,0,384,0,0,332,611
1767,2026-08-04T04:47:56Z,1785818876208843526,1774,6780,24480,4,18,19621,3957820,200,0,384,0,0,332,611
1768,2026-08-04T04:47:57Z,1785818877211068108,1775,6780,24480,4,18,19632,3958612,200,0,384,0,0,332,611
1769,2026-08-04T04:47:58Z,1785818878215035106,1776,6780,24480,4,18,19643,3959404,200,0,384,0,0,332,611
1770,2026-08-04T04:47:59Z,1785818879219383647,1777,6780,24480,4,18,19655,3960197,200,0,384,0,0,332,611
1771,2026-08-04T04:48:00Z,1785818880223555394,1778,6780,24480,4,18,19666,3960987,200,0,384,0,0,332,611
1772,2026-08-04T04:48:01Z,1785818881227409930,1779,6780,24480,4,18,19679,3961780,200,0,384,0,0,332,611
1773,2026-08-04T04:48:02Z,1785818882231072552,1780,6780,24480,4,18,19690,3962570,200,0,384,0,0,332,611
1774,2026-08-04T04:48:03Z,1785818883234594915,1781,6780,24480,4,18,19701,3963363,200,0,384,0,0,332,611
1775,2026-08-04T04:48:04Z,1785818884237845642,1782,6780,24480,4,18,19713,3964153,200,0,384,0,0,332,611
1776,2026-08-04T04:48:05Z,1785818885242141255,1783,6780,24480,4,18,19725,3964946,200,0,384,0,0,332,611
1777,2026-08-04T04:48:06Z,1785818886245003625,1784,6780,24480,4,18,19736,3965735,200,0,384,0,0,332,611
1778,2026-08-04T04:48:07Z,1785818887248879342,1785,6776,24480,4,17,19748,3966526,200,0,384,0,0,332,611
1779,2026-08-04T04:48:08Z,1785818888253281075,1786,6776,24480,4,17,19758,3967321,200,0,384,0,0,332,611
1780,2026-08-04T04:48:09Z,1785818889256168577,1787,6776,24480,4,17,19770,3968114,200,0,384,0,0,332,611
1781,2026-08-04T04:48:10Z,1785818890260513253,1788,6776,24480,4,17,19782,3968906,200,0,384,0,0,332,611
1782,2026-08-04T04:48:11Z,1785818891264897023,1789,6776,24480,4,17,19793,3969696,200,0,384,0,0,332,611
1783,2026-08-04T04:48:12Z,1785818892268442312,1790,6776,24480,4,17,19804,3970486,200,0,384,0,0,332,611
1784,2026-08-04T04:48:13Z,1785818893271338854,1791,6776,24480,4,17,19816,3971278,200,0,384,0,0,332,611
1785,2026-08-04T04:48:14Z,1785818894275709692,1792,6776,24480,4,17,19827,3972072,200,0,384,0,0,332,611
1786,2026-08-04T04:48:15Z,1785818895279393106,1793,6776,24480,4,17,19839,3972862,200,0,384,0,0,332,611
1787,2026-08-04T04:48:16Z,1785818896282671192,1794,6776,24480,4,17,19850,3973655,200,0,384,0,0,332,611
1788,2026-08-04T04:48:17Z,1785818897287478595,1795,6776,24480,4,17,19862,3974448,200,0,384,0,0,332,611
1789,2026-08-04T04:48:18Z,1785818898290680373,1796,6776,24480,4,17,19873,3975238,200,0,384,0,0,332,611
1790,2026-08-04T04:48:19Z,1785818899295021825,1797,6776,24480,4,17,19885,3976027,200,0,384,0,0,332,611
1791,2026-08-04T04:48:20Z,1785818900298049360,1798,6776,24480,4,17,19896,3976818,200,0,384,0,0,332,611
1792,2026-08-04T04:48:21Z,1785818901301817049,1799,6776,24480,4,17,19907,3977609,200,0,384,0,0,332,611
1793,2026-08-04T04:48:22Z,1785818902305820113,1800,6776,24480,4,17,19918,3978397,200,0,384,0,0,332,611
1794,2026-08-04T04:48:23Z,1785818903309874622,1801,6780,24480,4,18,19930,3979189,200,0,384,0,0,332,611
1795,2026-08-04T04:48:24Z,1785818904314233080,1802,6776,24480,4,17,19941,3979981,200,0,384,0,0,332,611
1796,2026-08-04T04:48:25Z,1785818905317007408,1803,6764,24480,4,14,19952,3980774,200,0,384,0,0,332,611
1797,2026-08-04T04:48:26Z,1785818906320395786,1804,6740,24480,4,13,19960,3981569,200,0,384,0,0,332,611
1798,2026-08-04T04:48:27Z,1785818907323147043,1805,6736,24480,4,12,19963,3982366,200,0,384,0,0,332,611
1799,2026-08-04T04:48:28Z,1785818908326830308,1806,6408,24480,4,10,19964,3983168,200,0,384,0,0,332,611
1800,2026-08-04T04:48:29Z,1785818909331022525,1807,6408,24480,4,10,19964,3983971,200,0,384,0,0,332,611
1801,2026-08-04T04:48:30Z,1785818910334409235,1808,6408,24480,4,10,19964,3984773,200,0,384,0,0,332,611
1802,2026-08-04T04:48:31Z,1785818911338178170,1809,6408,24480,4,10,19964,3985575,200,0,384,0,0,332,611
1803,2026-08-04T04:48:32Z,1785818912340857600,1810,6408,24480,4,10,19964,3986377,200,0,384,0,0,332,611
1804,2026-08-04T04:48:33Z,1785818913344857507,1811,6412,24480,4,11,19965,3987181,200,0,384,0,0,332,611
1805,2026-08-04T04:48:34Z,1785818914349603248,1812,6420,24480,4,13,19965,3987983,200,0,384,0,0,332,611
1806,2026-08-04T04:48:35Z,1785818915353266278,1813,6444,24480,4,14,19968,3988780,200,0,384,0,0,332,611
1807,2026-08-04T04:48:36Z,1785818916357354008,1814,6448,24480,4,15,19974,3989578,200,0,384,0,0,332,611
1808,2026-08-04T04:48:37Z,1785818917361946547,1815,6772,24480,4,16,19985,3990371,200,0,384,0,0,332,611
1809,2026-08-04T04:48:38Z,1785818918365153083,1816,6832,24480,4,26,20006,3991166,200,0,384,0,0,459,726
1810,2026-08-04T04:48:39Z,1785818919368207289,1817,6824,24480,4,24,20017,3991959,200,0,386,0,0,459,727
1811,2026-08-04T04:48:40Z,1785818920372254161,1818,6824,24480,4,24,20029,3992753,200,0,386,0,0,459,727
1812,2026-08-04T04:48:41Z,1785818921376233577,1819,6824,24480,4,24,20041,3993546,200,0,386,0,0,459,728
1813,2026-08-04T04:48:42Z,1785818922380934542,1820,6824,24480,4,24,20052,3994338,200,0,386,0,0,459,728
1814,2026-08-04T04:48:43Z,1785818923384154616,1821,6824,24480,4,24,20065,3995131,200,0,386,0,0,459,728
1815,2026-08-04T04:48:44Z,1785818924387665755,1822,6824,24480,4,24,20078,3995922,200,0,386,0,0,459,729
1816,2026-08-04T04:48:45Z,1785818925391526592,1823,6824,24480,4,24,20090,3996717,200,0,386,0,0,459,729
1817,2026-08-04T04:48:46Z,1785818926394859712,1824,6824,24480,4,24,20102,3997511,200,0,386,0,0,461,729
1818,2026-08-04T04:48:47Z,1785818927399098466,1825,6824,24480,4,24,20113,3998305,200,0,386,0,0,461,730
1819,2026-08-04T04:48:48Z,1785818928402229671,1826,6824,24480,4,24,20125,3999094,200,0,386,0,0,461,730
1820,2026-08-04T04:48:49Z,1785818929406368535,1827,6824,24480,4,24,20137,3999887,200,0,386,0,0,461,731
1821,2026-08-04T04:48:50Z,1785818930410832637,1828,6824,24480,4,24,20149,4000678,200,0,386,0,0,461,732
1822,2026-08-04T04:48:51Z,1785818931414942969,1829,6824,24480,4,24,20161,4001471,200,0,386,0,0,461,732
1823,2026-08-04T04:48:52Z,1785818932419074402,1830,6824,24480,4,24,20172,4002262,200,0,386,0,0,461,733
1824,2026-08-04T04:48:53Z,1785818933423129192,1831,6824,24480,4,24,20185,4003053,200,0,386,0,0,461,733
1825,2026-08-04T04:48:54Z,1785818934427386572,1832,6824,24480,4,24,20196,4003843,200,0,386,0,0,461,733
1826,2026-08-04T04:48:55Z,1785818935431294431,1833,6824,24480,4,24,20209,4004636,200,0,386,0,0,461,733
1827,2026-08-04T04:48:56Z,1785818936435297934,1834,6824,24480,4,24,20220,4005427,200,0,386,0,0,461,733
1828,2026-08-04T04:48:57Z,1785818937439834517,1835,6824,24480,4,24,20232,4006218,200,0,386,0,0,461,734
1829,2026-08-04T04:48:58Z,1785818938443048936,1836,6824,24480,4,24,20243,4007005,200,0,386,0,0,461,735
1830,2026-08-04T04:48:59Z,1785818939447137899,1837,6824,24480,4,24,20256,4007798,200,0,386,0,0,461,736
1831,2026-08-04T04:49:00Z,1785818940451368357,1838,6824,24480,4,24,20268,4008593,200,0,386,0,0,461,736
1832,2026-08-04T04:49:01Z,1785818941456752660,1839,6824,24480,4,24,20280,4009389,200,0,386,0,0,461,737
1833,2026-08-04T04:49:02Z,1785818942459474943,1840,6824,24480,4,24,20293,4010181,200,0,386,0,0,461,738
1834,2026-08-04T04:49:03Z,1785818943463498839,1841,6824,24480,4,24,20305,4010971,200,0,386,0,0,461,738
1835,2026-08-04T04:49:04Z,1785818944467432585,1842,6824,24480,4,24,20318,4011762,200,0,386,0,0,461,738
1836,2026-08-04T04:49:05Z,1785818945470891293,1843,6824,24480,4,24,20330,4012555,200,0,386,0,0,461,738
1837,2026-08-04T04:49:06Z,1785818946474183277,1844,6824,24480,4,24,20342,4013348,200,0,386,0,0,461,739
1838,2026-08-04T04:49:07Z,1785818947477190249,1845,6824,24480,4,24,20354,4014137,200,0,386,0,0,461,739
1839,2026-08-04T04:49:08Z,1785818948481019128,1846,6804,24480,4,19,20366,4014929,200,0,386,0,0,461,740
1840,2026-08-04T04:49:09Z,1785818949485213080,1847,6804,24480,4,19,20378,4015720,200,0,385,0,0,461,741
1841,2026-08-04T04:49:10Z,1785818950488953290,1848,6780,24480,4,18,20389,4016511,200,0,385,0,0,461,742
1842,2026-08-04T04:49:11Z,1785818951493785672,1849,6780,24480,4,18,20402,4017301,200,0,385,0,0,461,743
1843,2026-08-04T04:49:12Z,1785818952497148292,1850,6780,24480,4,18,20413,4018091,200,0,385,0,0,461,744
1844,2026-08-04T04:49:13Z,1785818953500222395,1851,6780,24480,4,18,20425,4018882,200,0,385,0,0,461,745
1845,2026-08-04T04:49:14Z,1785818954504193825,1852,6780,24480,4,18,20437,4019674,200,0,385,0,0,461,746
1846,2026-08-04T04:49:15Z,1785818955509305207,1853,6780,24480,4,18,20448,4020467,200,0,385,0,0,461,746
1847,2026-08-04T04:49:16Z,1785818956512560299,1854,6780,24480,4,18,20461,4021255,200,0,385,0,0,461,747
1848,2026-08-04T04:49:17Z,1785818957516941168,1855,6780,24480,4,18,20472,4022045,200,0,385,0,0,461,748
1849,2026-08-04T04:49:18Z,1785818958520057007,1856,6780,24480,4,18,20484,4022836,200,0,385,0,0,461,749
1850,2026-08-04T04:49:19Z,1785818959523727181,1857,6780,24480,4,18,20495,4023628,200,0,385,0,0,461,750
1851,2026-08-04T04:49:20Z,1785818960527913304,1858,6780,24480,4,18,20508,4024419,200,0,385,0,0,461,751
1852,2026-08-04T04:49:21Z,1785818961532069859,1859,6780,24480,4,18,20520,4025210,200,0,385,0,0,461,752
1853,2026-08-04T04:49:22Z,1785818962536280800,1860,6780,24480,4,18,20531,4026001,200,0,385,0,0,461,752
1854,2026-08-04T04:49:23Z,1785818963540565198,1861,6780,24480,4,18,20543,4026793,200,0,385,0,0,461,752
1855,2026-08-04T04:49:24Z,1785818964544889590,1862,6780,24480,4,18,20555,4027586,200,0,385,0,0,461,753
1856,2026-08-04T04:49:25Z,1785818965548102145,1863,6780,24480,4,18,20567,4028375,200,0,385,0,0,461,754
1857,2026-08-04T04:49:26Z,1785818966552718007,1864,6780,24480,4,18,20580,4029165,200,0,385,0,0,461,755
1858,2026-08-04T04:49:27Z,1785818967556066226,1865,6780,24480,4,18,20591,4029954,200,0,385,0,0,461,756
1859,2026-08-04T04:49:28Z,1785818968560164620,1866,6780,24480,4,18,20603,4030744,200,0,385,0,0,461,756
1860,2026-08-04T04:49:29Z,1785818969564910881,1867,6780,24480,4,18,20615,4031536,200,0,385,0,0,461,757
1861,2026-08-04T04:49:30Z,1785818970568134713,1868,6780,24480,4,18,20626,4032326,200,0,385,0,0,461,757
1862,2026-08-04T04:49:31Z,1785818971572821106,1869,6780,24480,4,18,20639,4033118,200,0,385,0,0,461,757
1863,2026-08-04T04:49:32Z,1785818972576122521,1870,6780,24480,4,18,20651,4033906,200,0,385,0,0,461,757
1864,2026-08-04T04:49:33Z,1785818973579024663,1871,6780,24480,4,18,20663,4034697,200,0,385,0,0,461,757
1865,2026-08-04T04:49:34Z,1785818974583031989,1872,6780,24480,4,18,20675,4035488,200,0,385,0,0,461,757
1866,2026-08-04T04:49:35Z,1785818975587205881,1873,6780,24480,4,18,20687,4036279,200,0,385,0,0,461,758
1867,2026-08-04T04:49:36Z,1785818976592203362,1874,6780,24480,4,18,20699,4037071,200,0,385,0,0,461,758
1868,2026-08-04T04:49:37Z,1785818977595599488,1875,6780,24480,4,18,20712,4037862,200,0,385,0,0,461,759
1869,2026-08-04T04:49:38Z,1785818978599278649,1876,6780,24480,4,18,20724,4038653,200,0,385,0,0,461,760
1870,2026-08-04T04:49:39Z,1785818979602571801,1877,6780,24480,4,18,20736,4039445,200,0,385,0,0,461,760
1871,2026-08-04T04:49:40Z,1785818980607507513,1878,6780,24480,4,18,20748,4040237,200,0,385,0,0,461,760
1872,2026-08-04T04:49:41Z,1785818981610825892,1879,6780,24480,4,18,20761,4041028,200,0,385,0,0,461,760
1873,2026-08-04T04:49:42Z,1785818982615449139,1880,6780,24480,4,18,20773,4041822,200,0,385,0,0,461,760
1874,2026-08-04T04:49:43Z,1785818983618446044,1881,6780,24480,4,18,20784,4042612,200,0,385,0,0,461,761
1875,2026-08-04T04:49:44Z,1785818984623168350,1882,6780,24480,4,18,20796,4043402,200,0,385,0,0,461,762
1876,2026-08-04T04:49:45Z,1785818985627279939,1883,6780,24480,4,18,20809,4044196,200,0,385,0,0,461,762
1877,2026-08-04T04:49:46Z,1785818986630963519,1884,6780,24480,4,18,20820,4044985,200,0,385,0,0,461,763
1878,2026-08-04T04:49:47Z,1785818987634282907,1885,6780,24480,4,18,20833,4045776,200,0,385,0,0,461,764
1879,2026-08-04T04:49:48Z,1785818988638437449,1886,6780,24480,4,18,20845,4046567,200,0,385,0,0,461,765
1880,2026-08-04T04:49:49Z,1785818989643062331,1887,6780,24480,4,18,20856,4047358,200,0,385,0,0,461,766
1881,2026-08-04T04:49:50Z,1785818990646378732,1888,6780,24480,4,18,20868,4048145,200,0,385,0,0,461,766
1882,2026-08-04T04:49:51Z,1785818991650799471,1889,6780,24480,4,18,20880,4048936,200,0,385,0,0,461,766
1883,2026-08-04T04:49:52Z,1785818992655736451,1890,6780,24480,4,18,20891,4049731,200,0,385,0,0,461,767
1884,2026-08-04T04:49:53Z,1785818993658962275,1891,6780,24480,4,18,20903,4050522,200,0,385,0,0,461,767
1885,2026-08-04T04:49:54Z,1785818994663194424,1892,6780,24480,4,18,20915,4051314,200,0,385,0,0,461,767
1886,2026-08-04T04:49:55Z,1785818995667591432,1893,6780,24480,4,18,20927,4052103,200,0,385,0,0,461,768
1887,2026-08-04T04:49:56Z,1785818996671314016,1894,6780,24480,4,18,20939,4052892,200,0,385,0,0,461,768
1888,2026-08-04T04:49:57Z,1785818997674796529,1895,6780,24480,4,18,20950,4053682,200,0,385,0,0,461,768
1889,2026-08-04T04:49:58Z,1785818998677957258,1896,6780,24480,4,18,20962,4054472,200,0,385,0,0,461,768
1890,2026-08-04T04:49:59Z,1785818999683396778,1897,6780,24480,4,18,20974,4055265,200,0,385,0,0,461,769
1891,2026-08-04T04:50:00Z,1785819000685821810,1898,6780,24480,4,18,20986,4056056,200,0,385,0,0,461,770
1892,2026-08-04T04:50:01Z,1785819001690740190,1899,6780,24480,4,18,20999,4056850,200,0,385,0,0,461,771
1893,2026-08-04T04:50:02Z,1785819002694911434,1900,6780,24480,4,18,21010,4057641,200,0,385,0,0,461,771
1894,2026-08-04T04:50:03Z,1785819003698665930,1901,6780,24480,4,18,21023,4058434,200,0,385,0,0,461,772
1895,2026-08-04T04:50:04Z,1785819004702187645,1902,6780,24480,4,18,21035,4059226,200,0,385,0,0,461,772
1896,2026-08-04T04:50:05Z,1785819005705604902,1903,6780,24480,4,18,21046,4060017,200,0,385,0,0,461,772
1897,2026-08-04T04:50:06Z,1785819006710737315,1904,6780,24480,4,18,21059,4060808,200,0,385,0,0,461,773
1898,2026-08-04T04:50:07Z,1785819007714539542,1905,6784,24480,4,19,21071,4061600,200,0,385,0,0,461,773
1899,2026-08-04T04:50:08Z,1785819008717867374,1906,6784,24480,4,19,21083,4062391,200,0,385,0,0,461,773
1900,2026-08-04T04:50:09Z,1785819009721621667,1907,6784,24480,4,19,21095,4063181,200,0,385,0,0,461,773
1901,2026-08-04T04:50:10Z,1785819010725812589,1908,6784,24480,4,19,21107,4063972,200,0,385,0,0,461,773
1902,2026-08-04T04:50:11Z,1785819011730249856,1909,6784,24480,4,19,21119,4064763,200,0,385,0,0,461,774
1903,2026-08-04T04:50:12Z,1785819012733694739,1910,6784,24480,4,19,21131,4065554,200,0,385,0,0,461,774
1904,2026-08-04T04:50:13Z,1785819013737507295,1911,6784,24480,4,19,21144,4066342,200,0,385,0,0,461,774
1905,2026-08-04T04:50:14Z,1785819014741703790,1912,6784,24480,4,19,21156,4067136,200,0,385,0,0,461,775
1906,2026-08-04T04:50:15Z,1785819015745811529,1913,6784,24480,4,19,21168,4067925,200,0,385,0,0,461,776
1907,2026-08-04T04:50:16Z,1785819016749308179,1914,6784,24480,4,19,21181,4068717,200,0,385,0,0,461,777
1908,2026-08-04T04:50:17Z,1785819017752585592,1915,6784,24480,4,19,21192,4069508,200,0,385,0,0,461,777
1909,2026-08-04T04:50:18Z,1785819018756581632,1916,6784,24480,4,19,21205,4070300,200,0,385,0,0,461,778
1910,2026-08-04T04:50:19Z,1785819019761229051,1917,6784,24480,4,19,21217,4071089,200,0,385,0,0,461,781
1911,2026-08-04T04:50:20Z,1785819020764691802,1918,6784,24480,4,19,21228,4071878,200,0,385,0,0,461,783
1912,2026-08-04T04:50:21Z,1785819021768774533,1919,6784,24480,4,19,21240,4072668,200,0,385,0,0,461,785
1913,2026-08-04T04:50:22Z,1785819022773064504,1920,6784,24480,4,19,21252,4073461,200,0,385,0,0,461,785
1914,2026-08-04T04:50:23Z,1785819023777222260,1921,6784,24480,4,19,21264,4074253,200,0,385,0,0,461,787
1915,2026-08-04T04:50:24Z,1785819024781549289,1922,6784,24480,4,19,21275,4075042,200,0,385,0,0,461,788
1916,2026-08-04T04:50:25Z,1785819025785877224,1923,6784,24480,4,19,21286,4075834,200,0,385,0,0,461,788
1917,2026-08-04T04:50:26Z,1785819026790674990,1924,6784,24480,4,19,21299,4076624,200,0,385,0,0,461,788
1918,2026-08-04T04:50:27Z,1785819027793510841,1925,6784,24480,4,19,21311,4077416,200,0,385,0,0,461,789
1919,2026-08-04T04:50:28Z,1785819028797534653,1926,6784,24480,4,19,21324,4078206,200,0,385,0,0,461,791
1920,2026-08-04T04:50:29Z,1785819029802522901,1927,6784,24480,4,19,21336,4078996,200,0,385,0,0,461,792
1921,2026-08-04T04:50:30Z,1785819030806104835,1928,6784,24480,4,19,21348,4079788,200,0,385,0,0,461,792
1922,2026-08-04T04:50:31Z,1785819031809811000,1929,6784,24480,4,19,21360,4080579,200,0,385,0,0,461,793
1923,2026-08-04T04:50:32Z,1785819032813270350,1930,6784,24480,4,19,21373,4081370,200,0,385,0,0,461,793
1924,2026-08-04T04:50:33Z,1785819033816590549,1931,6780,24480,4,18,21385,4082160,200,0,385,0,0,461,793
1925,2026-08-04T04:50:34Z,1785819034819268771,1932,6768,24480,4,15,21395,4082956,200,0,385,0,0,461,794
1926,2026-08-04T04:50:35Z,1785819035822822939,1933,6744,24480,4,14,21402,4083751,200,0,385,0,0,461,795
1927,2026-08-04T04:50:36Z,1785819036825806004,1934,6736,24480,4,12,21406,4084549,200,0,385,0,0,461,795
1928,2026-08-04T04:50:37Z,1785819037829383201,1935,6408,24480,4,10,21406,4085351,200,0,385,0,0,461,796
1929,2026-08-04T04:50:38Z,1785819038832837608,1936,6408,24480,4,10,21406,4086153,200,0,385,0,0,461,796
1930,2026-08-04T04:50:39Z,1785819039836569320,1937,6408,24480,4,10,21406,4086956,200,0,385,0,0,461,796
1931,2026-08-04T04:50:40Z,1785819040840207688,1938,6408,24480,4,10,21406,4087759,200,0,385,0,0,461,796
1932,2026-08-04T04:50:41Z,1785819041843824037,1939,6408,24480,4,10,21406,4088561,200,0,385,0,0,461,796
1933,2026-08-04T04:50:42Z,1785819042847510941,1940,6408,24480,4,10,21406,4089362,200,0,385,0,0,461,796
1934,2026-08-04T04:50:43Z,1785819043851271815,1941,6408,24480,4,10,21406,4090165,200,0,385,0,0,461,796
1935,2026-08-04T04:50:44Z,1785819044855457832,1942,6408,24480,4,10,21406,4090967,200,0,385,0,0,461,796
1936,2026-08-04T04:50:45Z,1785819045858499335,1943,6408,24480,4,10,21406,4091770,200,0,385,0,0,461,796
1937,2026-08-04T04:50:46Z,1785819046862902421,1944,6408,24480,4,10,21406,4092573,200,0,385,0,0,461,796
1938,2026-08-04T04:50:47Z,1785819047865906463,1945,6408,24480,4,10,21406,4093375,200,0,385,0,0,461,796
1939,2026-08-04T04:50:48Z,1785819048869853630,1946,6408,24480,4,10,21406,4094178,200,0,385,0,0,461,796
1940,2026-08-04T04:50:49Z,1785819049873495824,1947,6408,24480,4,10,21406,4094981,200,0,385,0,0,461,796
1941,2026-08-04T04:50:50Z,1785819050877345685,1948,6408,24480,4,10,21406,4095784,200,0,385,0,0,461,796
1942,2026-08-04T04:50:51Z,1785819051880852268,1949,6408,24480,4,10,21406,4096585,200,0,385,0,0,461,796
1943,2026-08-04T04:50:52Z,1785819052884224412,1950,6408,24480,4,10,21406,4097388,200,0,385,0,0,461,796
1944,2026-08-04T04:50:53Z,1785819053887815611,1951,6408,24480,4,10,21406,4098191,200,0,385,0,0,461,796
1945,2026-08-04T04:50:54Z,1785819054891448183,1952,6408,24480,4,10,21407,4098992,200,0,385,0,0,461,796
1946,2026-08-04T04:50:55Z,1785819055895179114,1953,6408,24480,4,10,21407,4099795,200,0,385,0,0,461,797
1947,2026-08-04T04:50:56Z,1785819056898758082,1954,6408,24480,4,10,21407,4100596,200,0,385,0,0,461,797
1948,2026-08-04T04:50:57Z,1785819057902256825,1955,6408,24480,4,10,21407,4101399,200,0,385,0,0,461,797
1949,2026-08-04T04:50:58Z,1785819058905739383,1956,6408,24480,4,10,21407,4102201,200,0,385,0,0,461,797
1950,2026-08-04T04:50:59Z,1785819059909940621,1957,6408,24480,4,10,21407,4103004,200,0,385,0,0,461,797
1951,2026-08-04T04:51:00Z,1785819060912947334,1958,6408,24480,4,10,21407,4103807,200,0,385,0,0,461,797
1952,2026-08-04T04:51:01Z,1785819061917430211,1959,6408,24480,4,10,21407,4104609,200,0,385,0,0,461,797
1953,2026-08-04T04:51:02Z,1785819062920288022,1960,6408,24480,4,10,21407,4105411,200,0,385,0,0,461,797
1954,2026-08-04T04:51:03Z,1785819063924007410,1961,6408,24480,4,10,21407,4106214,200,0,385,0,0,461,797
1955,2026-08-04T04:51:04Z,1785819064927910883,1962,6408,24480,4,10,21407,4107017,200,0,385,0,0,461,797
1956,2026-08-04T04:51:05Z,1785819065931925209,1963,6408,24480,4,10,21407,4107817,200,0,385,0,0,461,797
1957,2026-08-04T04:51:06Z,1785819066935681895,1964,6408,24480,4,10,21407,4108620,200,0,385,0,0,461,797
1958,2026-08-04T04:51:07Z,1785819067940128163,1965,6408,24480,4,10,21407,4109423,200,0,385,0,0,461,797
1959,2026-08-04T04:51:08Z,1785819068943109702,1966,6408,24480,4,10,21407,4110225,200,0,385,0,0,461,797
1960,2026-08-04T04:51:09Z,1785819069947045194,1967,6408,24480,4,10,21407,4111027,200,0,385,0,0,461,797
1961,2026-08-04T04:51:10Z,1785819070950772393,1968,6408,24480,4,10,21407,4111831,200,0,385,0,0,461,797
1962,2026-08-04T04:51:11Z,1785819071954383910,1969,6408,24480,4,10,21407,4112633,200,0,385,0,0,461,797
