sample,utc,unix_nanos,elapsed_s,rss_kib,hwm_kib,threads,fds,proc_ticks,host_ticks,stats_http,stats_curl_exit,stats_bytes,listen_overflows,listen_drops,tcp_abort_on_close,tcp_retrans
0,2026-08-04T05:09:55Z,1785820195131138032,0,3768,3768,4,10,0,5006557,200,0,365,0,0,581,1236
1,2026-08-04T05:09:56Z,1785820196135101386,1,3780,3780,4,11,0,5007359,200,0,366,0,0,581,1236
2,2026-08-04T05:09:57Z,1785820197139447327,2,3788,3788,4,12,1,5008158,200,0,368,0,0,581,1236
3,2026-08-04T05:09:58Z,1785820198142923045,3,3820,3820,4,13,4,5008959,200,0,371,0,0,581,1236
4,2026-08-04T05:09:59Z,1785820199146300944,4,4040,4040,4,14,10,5009751,200,0,373,0,0,581,1236
5,2026-08-04T05:10:00Z,1785820200150745184,5,4432,4432,4,15,17,5010547,200,0,373,0,0,581,1236
6,2026-08-04T05:10:01Z,1785820201154682615,6,4644,4644,4,18,26,5011344,200,0,374,0,0,581,1237
7,2026-08-04T05:10:02Z,1785820202159329210,7,4644,4644,4,18,33,5012138,200,0,374,0,0,581,1237
8,2026-08-04T05:10:03Z,1785820203162310965,8,4644,4644,4,18,40,5012932,200,0,374,0,0,581,1238
9,2026-08-04T05:10:04Z,1785820204166412436,9,4644,4644,4,18,48,5013722,200,0,374,0,0,581,1239
10,2026-08-04T05:10:05Z,1785820205170806269,10,4644,4644,4,18,56,5014520,200,0,374,0,0,581,1240
11,2026-08-04T05:10:06Z,1785820206174826928,11,4644,4644,4,18,64,5015316,200,0,374,0,0,581,1241
12,2026-08-04T05:10:07Z,1785820207178698858,12,4648,4648,4,18,72,5016107,200,0,375,0,0,581,1242
13,2026-08-04T05:10:08Z,1785820208182353483,13,4648,4648,4,18,78,5016906,200,0,376,0,0,581,1243
14,2026-08-04T05:10:09Z,1785820209185895557,14,4648,4648,4,18,86,5017701,200,0,376,0,0,581,1244
15,2026-08-04T05:10:10Z,1785820210189701604,15,4648,4648,4,18,93,5018496,200,0,376,0,0,581,1244
16,2026-08-04T05:10:11Z,1785820211193384844,16,4648,4648,4,18,101,5019291,200,0,376,0,0,581,1245
17,2026-08-04T05:10:12Z,1785820212197157115,17,4648,4648,4,18,107,5020084,200,0,377,0,0,581,1245
18,2026-08-04T05:10:13Z,1785820213200802114,18,4648,4648,4,18,116,5020879,200,0,377,0,0,581,1246
19,2026-08-04T05:10:14Z,1785820214204261202,19,4648,4648,4,18,122,5021674,200,0,377,0,0,581,1247
20,2026-08-04T05:10:15Z,1785820215208138399,20,4648,4648,4,18,130,5022468,200,0,377,0,0,581,1248
21,2026-08-04T05:10:16Z,1785820216211947026,21,4648,4648,4,18,137,5023263,200,0,377,0,0,581,1248
22,2026-08-04T05:10:17Z,1785820217215818607,22,4648,4648,4,18,145,5024059,200,0,377,0,0,581,1249
23,2026-08-04T05:10:18Z,1785820218219357715,23,4648,4648,4,18,152,5024855,200,0,377,0,0,581,1250
24,2026-08-04T05:10:19Z,1785820219222916529,24,4648,4648,4,18,160,5025653,200,0,377,0,0,581,1251
25,2026-08-04T05:10:20Z,1785820220226080504,25,4648,4648,4,18,167,5026443,200,0,377,0,0,581,1252
26,2026-08-04T05:10:21Z,1785820221229960683,26,4648,4648,4,18,175,5027238,200,0,377,0,0,581,1252
27,2026-08-04T05:10:22Z,1785820222233783070,27,4648,4648,4,18,182,5028032,200,0,377,0,0,581,1253
28,2026-08-04T05:10:23Z,1785820223238000820,28,4648,4648,4,18,189,5028827,200,0,377,0,0,581,1253
29,2026-08-04T05:10:24Z,1785820224241838067,29,4648,4648,4,18,196,5029621,200,0,377,0,0,581,1254
30,2026-08-04T05:10:25Z,1785820225245909907,30,4648,4648,4,18,205,5030416,200,0,377,0,0,581,1254
31,2026-08-04T05:10:26Z,1785820226250204802,31,4648,4648,4,18,212,5031214,200,0,377,0,0,581,1255
32,2026-08-04T05:10:27Z,1785820227253568337,32,4648,4648,4,18,220,5032009,200,0,377,0,0,581,1256
33,2026-08-04T05:10:28Z,1785820228257508679,33,4648,4648,4,18,227,5032804,200,0,377,0,0,581,1256
34,2026-08-04T05:10:29Z,1785820229261354862,34,4648,4648,4,18,234,5033598,200,0,377,0,0,581,1257
35,2026-08-04T05:10:30Z,1785820230265392109,35,4648,4648,4,18,242,5034395,200,0,377,0,0,581,1257
36,2026-08-04T05:10:31Z,1785820231269376173,36,4648,4648,4,18,250,5035190,200,0,377,0,0,581,1257
37,2026-08-04T05:10:32Z,1785820232273072553,37,4648,4648,4,18,257,5035984,200,0,377,0,0,581,1258
38,2026-08-04T05:10:33Z,1785820233276626875,38,4648,4648,4,18,264,5036778,200,0,377,0,0,581,1259
39,2026-08-04T05:10:34Z,1785820234280244088,39,4648,4648,4,18,272,5037574,200,0,377,0,0,581,1260
40,2026-08-04T05:10:35Z,1785820235284016734,40,4648,4648,4,18,280,5038366,200,0,377,0,0,581,1260
41,2026-08-04T05:10:36Z,1785820236288260810,41,4648,4648,4,18,287,5039163,200,0,377,0,0,581,1261
42,2026-08-04T05:10:37Z,1785820237290924745,42,4648,4648,4,18,294,5039960,200,0,377,0,0,581,1262
43,2026-08-04T05:10:38Z,1785820238295405352,43,4648,4648,4,18,302,5040753,200,0,377,0,0,581,1262
44,2026-08-04T05:10:39Z,1785820239298383264,44,4648,4648,4,18,309,5041550,200,0,377,0,0,581,1263
45,2026-08-04T05:10:40Z,1785820240302397622,45,4648,4648,4,18,316,5042344,200,0,377,0,0,581,1264
46,2026-08-04T05:10:41Z,1785820241306176317,46,4648,4648,4,18,324,5043138,200,0,377,0,0,581,1265
47,2026-08-04T05:10:42Z,1785820242309754501,47,4648,4648,4,18,331,5043933,200,0,377,0,0,581,1265
48,2026-08-04T05:10:43Z,1785820243313096888,48,4648,4648,4,18,339,5044729,200,0,377,0,0,581,1265
49,2026-08-04T05:10:44Z,1785820244316824091,49,4648,4648,4,18,346,5045522,200,0,377,0,0,581,1265
50,2026-08-04T05:10:45Z,1785820245321187339,50,4648,4648,4,18,353,5046316,200,0,377,0,0,581,1266
51,2026-08-04T05:10:46Z,1785820246323921702,51,4648,4648,4,18,361,5047112,200,0,377,0,0,581,1267
52,2026-08-04T05:10:47Z,1785820247327269497,52,4648,4648,4,18,368,5047906,200,0,377,0,0,581,1267
53,2026-08-04T05:10:48Z,1785820248330771517,53,4648,4648,4,18,375,5048701,200,0,377,0,0,581,1268
54,2026-08-04T05:10:49Z,1785820249334372676,54,4648,4648,4,18,383,5049496,200,0,377,0,0,581,1269
55,2026-08-04T05:10:50Z,1785820250338144343,55,4644,4644,4,17,390,5050291,200,0,377,0,0,581,1269
56,2026-08-04T05:10:51Z,1785820251341788650,56,4644,4644,4,17,397,5051086,200,0,377,0,0,581,1269
57,2026-08-04T05:10:52Z,1785820252345194631,57,4644,4644,4,17,405,5051880,200,0,377,0,0,581,1269
58,2026-08-04T05:10:53Z,1785820253348927183,58,4644,4644,4,17,412,5052675,200,0,377,0,0,581,1270
59,2026-08-04T05:10:54Z,1785820254352913466,59,4644,4644,4,17,419,5053470,200,0,377,0,0,581,1271
60,2026-08-04T05:10:55Z,1785820255356380483,60,4644,4644,4,17,427,5054264,200,0,377,0,0,581,1272
61,2026-08-04T05:10:56Z,1785820256360348295,61,4644,4644,4,17,435,5055060,200,0,377,0,0,581,1273
62,2026-08-04T05:10:57Z,1785820257364219742,62,4644,4644,4,17,442,5055857,200,0,377,0,0,581,1274
63,2026-08-04T05:10:58Z,1785820258368073236,63,4644,4644,4,17,450,5056654,200,0,377,0,0,581,1274
64,2026-08-04T05:10:59Z,1785820259372306838,64,4648,4648,4,18,457,5057448,200,0,377,0,0,581,1275
65,2026-08-04T05:11:00Z,1785820260376799302,65,4648,4648,4,18,464,5058242,200,0,377,0,0,581,1276
66,2026-08-04T05:11:01Z,1785820261380634972,66,4648,4648,4,18,472,5059037,200,0,377,0,0,581,1277
67,2026-08-04T05:11:02Z,1785820262384396318,67,4648,4648,4,18,480,5059832,200,0,377,0,0,581,1279
68,2026-08-04T05:11:03Z,1785820263388013508,68,4648,4648,4,18,488,5060626,200,0,377,0,0,581,1279
69,2026-08-04T05:11:04Z,1785820264391132772,69,4648,4648,4,18,496,5061420,200,0,377,0,0,581,1279
70,2026-08-04T05:11:05Z,1785820265395212022,70,4648,4648,4,18,503,5062214,200,0,377,0,0,581,1279
71,2026-08-04T05:11:06Z,1785820266399493585,71,4648,4648,4,18,510,5063011,200,0,377,0,0,581,1279
72,2026-08-04T05:11:07Z,1785820267403811647,72,4648,4648,4,18,518,5063805,200,0,377,0,0,581,1280
73,2026-08-04T05:11:08Z,1785820268405678196,73,4648,4648,4,18,525,5064595,200,0,377,0,0,581,1281
74,2026-08-04T05:11:09Z,1785820269409824733,74,4648,4648,4,18,534,5065389,200,0,377,0,0,581,1282
75,2026-08-04T05:11:10Z,1785820270413833894,75,4648,4648,4,18,541,5066184,200,0,377,0,0,581,1283
76,2026-08-04T05:11:11Z,1785820271417981072,76,4648,4648,4,18,548,5066980,200,0,377,0,0,581,1284
77,2026-08-04T05:11:12Z,1785820272421671738,77,4648,4648,4,18,556,5067777,200,0,377,0,0,581,1284
78,2026-08-04T05:11:13Z,1785820273425864601,78,4648,4648,4,18,564,5068571,200,0,377,0,0,581,1284
79,2026-08-04T05:11:14Z,1785820274430130758,79,4648,4648,4,18,571,5069365,200,0,377,0,0,581,1284
80,2026-08-04T05:11:15Z,1785820275434749972,80,4648,4648,4,18,579,5070161,200,0,377,0,0,581,1285
81,2026-08-04T05:11:16Z,1785820276437894571,81,4648,4648,4,18,587,5070956,200,0,377,0,0,581,1285
82,2026-08-04T05:11:17Z,1785820277441950225,82,4648,4648,4,18,594,5071753,200,0,377,0,0,581,1286
83,2026-08-04T05:11:18Z,1785820278445871304,83,4648,4648,4,18,601,5072549,200,0,377,0,0,581,1286
84,2026-08-04T05:11:19Z,1785820279450135448,84,4648,4648,4,18,609,5073342,200,0,377,0,0,581,1287
85,2026-08-04T05:11:20Z,1785820280453876171,85,4648,4648,4,18,617,5074138,200,0,377,0,0,581,1288
86,2026-08-04T05:11:21Z,1785820281457584890,86,4648,4648,4,18,624,5074932,200,0,378,0,0,581,1289
87,2026-08-04T05:11:22Z,1785820282461170782,87,4648,4648,4,18,631,5075729,200,0,378,0,0,581,1290
88,2026-08-04T05:11:23Z,1785820283465081041,88,4648,4648,4,18,639,5076527,200,0,378,0,0,581,1291
89,2026-08-04T05:11:24Z,1785820284469065781,89,4648,4648,4,18,647,5077322,200,0,378,0,0,581,1292
90,2026-08-04T05:11:25Z,1785820285473110101,90,4648,4648,4,18,654,5078117,200,0,378,0,0,581,1292
91,2026-08-04T05:11:26Z,1785820286477277150,91,4648,4648,4,18,661,5078913,200,0,378,0,0,581,1293
92,2026-08-04T05:11:27Z,1785820287481160893,92,4648,4648,4,18,668,5079706,200,0,378,0,0,581,1293
93,2026-08-04T05:11:28Z,1785820288484810230,93,4648,4648,4,18,676,5080500,200,0,378,0,0,581,1294
94,2026-08-04T05:11:29Z,1785820289488709220,94,4648,4648,4,18,683,5081296,200,0,378,0,0,581,1294
95,2026-08-04T05:11:30Z,1785820290493000400,95,4648,4648,4,18,690,5082090,200,0,378,0,0,581,1295
96,2026-08-04T05:11:31Z,1785820291496381835,96,4644,4644,4,17,698,5082883,200,0,378,0,0,581,1295
97,2026-08-04T05:11:32Z,1785820292499133061,97,4644,4644,4,17,706,5083677,200,0,378,0,0,581,1296
98,2026-08-04T05:11:33Z,1785820293503182624,98,4644,4644,4,17,714,5084473,200,0,378,0,0,581,1296
99,2026-08-04T05:11:34Z,1785820294507627456,99,4644,4644,4,17,721,5085269,200,0,378,0,0,581,1297
100,2026-08-04T05:11:35Z,1785820295510737523,100,4644,4644,4,17,729,5086063,200,0,378,0,0,581,1298
101,2026-08-04T05:11:36Z,1785820296515203593,101,4644,4644,4,17,737,5086856,200,0,378,0,0,581,1299
102,2026-08-04T05:11:37Z,1785820297518054761,102,4644,4644,4,17,744,5087653,200,0,378,0,0,581,1299
103,2026-08-04T05:11:38Z,1785820298521907072,103,4644,4644,4,17,751,5088448,200,0,378,0,0,581,1300
104,2026-08-04T05:11:39Z,1785820299525356497,104,4644,4644,4,17,758,5089244,200,0,378,0,0,581,1301
105,2026-08-04T05:11:40Z,1785820300529811121,105,4644,4644,4,17,766,5090036,200,0,378,0,0,581,1301
106,2026-08-04T05:11:41Z,1785820301532924571,106,4644,4644,4,17,773,5090832,200,0,378,0,0,581,1302
107,2026-08-04T05:11:42Z,1785820302536943189,107,4644,4644,4,17,781,5091627,200,0,379,0,0,581,1302
108,2026-08-04T05:11:43Z,1785820303540969067,108,4644,4644,4,17,788,5092424,200,0,379,0,0,581,1303
109,2026-08-04T05:11:44Z,1785820304545936555,109,4644,4644,4,17,796,5093217,200,0,379,0,0,581,1304
110,2026-08-04T05:11:45Z,1785820305549473875,110,4644,4644,4,17,803,5094014,200,0,379,0,0,581,1305
111,2026-08-04T05:11:46Z,1785820306552072353,111,4644,4644,4,17,811,5094806,200,0,379,0,0,581,1306
112,2026-08-04T05:11:47Z,1785820307555745649,112,4644,4644,4,17,818,5095601,200,0,379,0,0,581,1306
113,2026-08-04T05:11:48Z,1785820308559854440,113,4644,4644,4,17,825,5096398,200,0,379,0,0,581,1306
114,2026-08-04T05:11:49Z,1785820309563416127,114,4644,4644,4,17,833,5097194,200,0,379,0,0,581,1307
115,2026-08-04T05:11:50Z,1785820310566819424,115,4644,4644,4,17,840,5097987,200,0,379,0,0,581,1308
116,2026-08-04T05:11:51Z,1785820311570968449,116,4644,4644,4,17,847,5098781,200,0,379,0,0,581,1308
117,2026-08-04T05:11:52Z,1785820312574672153,117,4644,4644,4,17,855,5099576,200,0,379,0,0,581,1309
118,2026-08-04T05:11:53Z,1785820313578602543,118,4644,4644,4,17,862,5100371,200,0,379,0,0,581,1310
119,2026-08-04T05:11:54Z,1785820314582695222,119,4644,4644,4,17,870,5101165,200,0,379,0,0,581,1311
120,2026-08-04T05:11:55Z,1785820315586189440,120,4640,4640,4,16,878,5101960,200,0,379,0,0,581,1311
121,2026-08-04T05:11:56Z,1785820316589584902,121,4636,4636,4,15,885,5102756,200,0,379,0,0,581,1312
122,2026-08-04T05:11:57Z,1785820317592630097,122,4612,4612,4,14,889,5103555,200,0,379,0,0,581,1313
123,2026-08-04T05:11:58Z,1785820318596625484,123,4604,4604,4,12,893,5104354,200,0,379,0,0,581,1313
124,2026-08-04T05:11:59Z,1785820319600702788,124,4276,4276,4,10,893,5105156,200,0,379,0,0,581,1313
125,2026-08-04T05:12:00Z,1785820320604625736,125,4276,4276,4,10,893,5105958,200,0,379,0,0,581,1313
126,2026-08-04T05:12:01Z,1785820321608460811,126,4276,4276,4,10,893,5106762,200,0,379,0,0,581,1313
127,2026-08-04T05:12:02Z,1785820322612599225,127,4276,4276,4,10,893,5107564,200,0,379,0,0,581,1313
128,2026-08-04T05:12:03Z,1785820323616415645,128,4276,4276,4,10,893,5108367,200,0,379,0,0,581,1313
129,2026-08-04T05:12:04Z,1785820324620400584,129,4276,4276,4,10,893,5109170,200,0,379,0,0,581,1313
130,2026-08-04T05:12:05Z,1785820325624007282,130,4280,4280,4,11,893,5109972,200,0,379,0,0,581,1313
131,2026-08-04T05:12:06Z,1785820326628179014,131,4284,4284,4,12,895,5110769,200,0,379,0,0,581,1313
132,2026-08-04T05:12:07Z,1785820327631923827,132,4308,4308,4,13,899,5111567,200,0,379,0,0,581,1313
133,2026-08-04T05:12:08Z,1785820328635994138,133,4312,4312,4,14,905,5112362,200,0,379,0,0,581,1313
134,2026-08-04T05:12:09Z,1785820329640075996,134,4636,4636,4,15,913,5113156,200,0,379,0,0,581,1313
135,2026-08-04T05:12:10Z,1785820330643943596,135,4648,4648,4,18,920,5113950,200,0,379,0,0,581,1314
136,2026-08-04T05:12:11Z,1785820331647995092,136,4648,4648,4,18,928,5114744,200,0,379,0,0,581,1315
137,2026-08-04T05:12:12Z,1785820332652264786,137,4648,4648,4,18,935,5115535,200,0,380,0,0,581,1316
138,2026-08-04T05:12:13Z,1785820333656139331,138,4648,4648,4,18,942,5116328,200,0,380,0,0,581,1317
139,2026-08-04T05:12:14Z,1785820334660889395,139,4648,4648,4,18,949,5117124,200,0,380,0,0,581,1318
140,2026-08-04T05:12:15Z,1785820335664350566,140,4648,4648,4,18,957,5117917,200,0,380,0,0,581,1319
141,2026-08-04T05:12:16Z,1785820336668257282,141,4648,4648,4,18,965,5118713,200,0,380,0,0,581,1319
142,2026-08-04T05:12:17Z,1785820337672234330,142,4648,4648,4,18,972,5119507,200,0,380,0,0,581,1320
143,2026-08-04T05:12:18Z,1785820338676197250,143,4648,4648,4,18,980,5120303,200,0,380,0,0,581,1320
144,2026-08-04T05:12:19Z,1785820339680454328,144,4648,4648,4,18,986,5121096,200,0,380,0,0,581,1320
145,2026-08-04T05:12:20Z,1785820340684469839,145,4648,4648,4,18,994,5121892,200,0,380,0,0,581,1321
146,2026-08-04T05:12:21Z,1785820341688997923,146,4648,4648,4,18,1001,5122688,200,0,380,0,0,581,1322
147,2026-08-04T05:12:22Z,1785820342692044919,147,4648,4648,4,18,1009,5123481,200,0,380,0,0,581,1322
148,2026-08-04T05:12:23Z,1785820343696046323,148,4648,4648,4,18,1016,5124277,200,0,380,0,0,581,1323
149,2026-08-04T05:12:24Z,1785820344700105365,149,4648,4648,4,18,1023,5125073,200,0,380,0,0,581,1324
150,2026-08-04T05:12:25Z,1785820345704260016,150,4648,4648,4,18,1031,5125867,200,0,380,0,0,581,1325
151,2026-08-04T05:12:26Z,1785820346708241085,151,4648,4648,4,18,1038,5126664,200,0,380,0,0,581,1327
152,2026-08-04T05:12:27Z,1785820347711997437,152,4648,4648,4,18,1045,5127458,200,0,380,0,0,581,1328
153,2026-08-04T05:12:28Z,1785820348716828996,153,4648,4648,4,18,1053,5128252,200,0,380,0,0,581,1328
154,2026-08-04T05:12:29Z,1785820349720075797,154,4648,4648,4,18,1061,5129044,200,0,380,0,0,581,1329
155,2026-08-04T05:12:30Z,1785820350724756185,155,4648,4648,4,18,1068,5129839,200,0,380,0,0,581,1330
156,2026-08-04T05:12:31Z,1785820351728154591,156,4648,4648,4,18,1075,5130633,200,0,380,0,0,581,1331
157,2026-08-04T05:12:32Z,1785820352731099537,157,4648,4648,4,18,1083,5131426,200,0,380,0,0,581,1332
158,2026-08-04T05:12:33Z,1785820353734937421,158,4648,4648,4,18,1090,5132219,200,0,380,0,0,581,1333
159,2026-08-04T05:12:34Z,1785820354738863542,159,4648,4648,4,18,1098,5133015,200,0,380,0,0,581,1333
160,2026-08-04T05:12:35Z,1785820355742851767,160,4648,4648,4,18,1105,5133808,200,0,380,0,0,581,1334
161,2026-08-04T05:12:36Z,1785820356747415925,161,4648,4648,4,18,1113,5134606,200,0,380,0,0,581,1334
162,2026-08-04T05:12:37Z,1785820357750708946,162,4648,4648,4,18,1121,5135399,200,0,380,0,0,581,1334
163,2026-08-04T05:12:38Z,1785820358755016924,163,4648,4648,4,18,1128,5136192,200,0,380,0,0,581,1334
164,2026-08-04T05:12:39Z,1785820359758196957,164,4648,4648,4,17,1136,5136987,200,0,380,0,0,581,1334
165,2026-08-04T05:12:40Z,1785820360762690911,165,4644,4644,4,17,1144,5137779,200,0,380,0,0,581,1334
166,2026-08-04T05:12:41Z,1785820361766241527,166,4644,4644,4,17,1151,5138574,200,0,380,0,0,581,1335
167,2026-08-04T05:12:42Z,1785820362770091343,167,4644,4644,4,17,1160,5139369,200,0,380,0,0,581,1335
168,2026-08-04T05:12:43Z,1785820363773185401,168,4644,4644,4,17,1168,5140164,200,0,380,0,0,581,1335
169,2026-08-04T05:12:44Z,1785820364778352507,169,4644,4644,4,17,1176,5140959,200,0,380,0,0,581,1336
170,2026-08-04T05:12:45Z,1785820365781846669,170,4644,4644,4,17,1183,5141754,200,0,380,0,0,581,1337
171,2026-08-04T05:12:46Z,1785820366784901772,171,4644,4644,4,17,1190,5142548,200,0,380,0,0,581,1338
172,2026-08-04T05:12:47Z,1785820367788931468,172,4644,4644,4,17,1198,5143342,200,0,380,0,0,581,1339
173,2026-08-04T05:12:48Z,1785820368792866613,173,4644,4644,4,17,1205,5144136,200,0,380,0,0,581,1339
174,2026-08-04T05:12:49Z,1785820369796900385,174,4644,4644,4,17,1212,5144930,200,0,380,0,0,581,1340
175,2026-08-04T05:12:50Z,1785820370800921049,175,4644,4644,4,17,1220,5145729,200,0,380,0,0,581,1341
176,2026-08-04T05:12:51Z,1785820371805164051,176,4644,4644,4,17,1227,5146524,200,0,380,0,0,581,1342
177,2026-08-04T05:12:52Z,1785820372808783796,177,4644,4644,4,17,1235,5147319,200,0,380,0,0,581,1343
178,2026-08-04T05:12:53Z,1785820373812280331,178,4644,4644,4,17,1242,5148114,200,0,380,0,0,581,1344
179,2026-08-04T05:12:54Z,1785820374816098890,179,4644,4644,4,17,1249,5148908,200,0,380,0,0,581,1345
180,2026-08-04T05:12:55Z,1785820375819915009,180,4644,4644,4,17,1257,5149703,200,0,380,0,0,581,1346
181,2026-08-04T05:12:56Z,1785820376824273636,181,4644,4644,4,17,1264,5150496,200,0,380,0,0,581,1346
182,2026-08-04T05:12:57Z,1785820377827671551,182,4644,4644,4,17,1272,5151290,200,0,380,0,0,581,1347
183,2026-08-04T05:12:58Z,1785820378831533984,183,4644,4644,4,17,1280,5152086,200,0,380,0,0,581,1347
184,2026-08-04T05:12:59Z,1785820379836109167,184,4644,4644,4,17,1287,5152881,200,0,380,0,0,581,1347
185,2026-08-04T05:13:00Z,1785820380840387252,185,4644,4644,4,17,1294,5153674,200,0,380,0,0,581,1347
186,2026-08-04T05:13:01Z,1785820381843942536,186,4644,4644,4,17,1302,5154469,200,0,380,0,0,581,1347
187,2026-08-04T05:13:02Z,1785820382847330097,187,4644,4644,4,17,1310,5155263,200,0,380,0,0,581,1347
188,2026-08-04T05:13:03Z,1785820383851309536,188,4644,4644,4,17,1318,5156057,200,0,380,0,0,581,1347
189,2026-08-04T05:13:04Z,1785820384855240803,189,4644,4644,4,17,1326,5156852,200,0,380,0,0,581,1348
190,2026-08-04T05:13:05Z,1785820385859239235,190,4644,4644,4,17,1333,5157648,200,0,380,0,0,581,1349
191,2026-08-04T05:13:06Z,1785820386863076391,191,4644,4644,4,17,1342,5158442,200,0,380,0,0,581,1350
192,2026-08-04T05:13:07Z,1785820387867101184,192,4644,4644,4,17,1348,5159235,200,0,380,0,0,581,1350
193,2026-08-04T05:13:08Z,1785820388870861602,193,4644,4644,4,17,1356,5160029,200,0,380,0,0,581,1350
194,2026-08-04T05:13:09Z,1785820389874578976,194,4644,4644,4,17,1363,5160825,200,0,380,0,0,581,1351
195,2026-08-04T05:13:10Z,1785820390878767712,195,4644,4644,4,17,1370,5161618,200,0,380,0,0,581,1351
196,2026-08-04T05:13:11Z,1785820391882742956,196,4644,4644,4,17,1378,5162415,200,0,380,0,0,581,1351
197,2026-08-04T05:13:12Z,1785820392886767619,197,4644,4644,4,17,1385,5163208,200,0,380,0,0,581,1352
198,2026-08-04T05:13:13Z,1785820393890701524,198,4644,4644,4,17,1392,5164002,200,0,380,0,0,581,1352
199,2026-08-04T05:13:14Z,1785820394895398526,199,4644,4644,4,17,1401,5164796,200,0,380,0,0,581,1353
200,2026-08-04T05:13:15Z,1785820395898871872,200,4644,4644,4,17,1409,5165589,200,0,380,0,0,581,1354
201,2026-08-04T05:13:16Z,1785820396902549629,201,4644,4644,4,17,1416,5166379,200,0,380,0,0,581,1355
202,2026-08-04T05:13:17Z,1785820397906560423,202,4644,4644,4,17,1424,5167174,200,0,380,0,0,581,1356
203,2026-08-04T05:13:18Z,1785820398910034365,203,4644,4644,4,17,1431,5167969,200,0,380,0,0,581,1357
204,2026-08-04T05:13:19Z,1785820399914059892,204,4644,4644,4,17,1438,5168763,200,0,380,0,0,581,1358
205,2026-08-04T05:13:20Z,1785820400918723293,205,4644,4644,4,17,1446,5169558,200,0,380,0,0,581,1359
206,2026-08-04T05:13:21Z,1785820401921971887,206,4644,4644,4,17,1453,5170354,200,0,380,0,0,581,1360
207,2026-08-04T05:13:22Z,1785820402926135237,207,4644,4644,4,17,1461,5171148,200,0,380,0,0,581,1361
208,2026-08-04T05:13:23Z,1785820403930031490,208,4644,4644,4,17,1469,5171940,200,0,380,0,0,581,1362
209,2026-08-04T05:13:24Z,1785820404934186502,209,4644,4644,4,17,1476,5172735,200,0,380,0,0,581,1362
210,2026-08-04T05:13:25Z,1785820405937080065,210,4644,4644,4,17,1483,5173527,200,0,380,0,0,581,1362
211,2026-08-04T05:13:26Z,1785820406941470003,211,4644,4644,4,17,1491,5174321,200,0,380,0,0,581,1363
212,2026-08-04T05:13:27Z,1785820407945714668,212,4644,4644,4,17,1498,5175118,200,0,380,0,0,581,1364
213,2026-08-04T05:13:28Z,1785820408949556820,213,4644,4644,4,17,1505,5175910,200,0,380,0,0,581,1364
214,2026-08-04T05:13:29Z,1785820409954260952,214,4644,4644,4,17,1513,5176704,200,0,380,0,0,581,1364
215,2026-08-04T05:13:30Z,1785820410957592695,215,4644,4644,4,17,1520,5177496,200,0,380,0,0,581,1364
216,2026-08-04T05:13:31Z,1785820411961279482,216,4644,4644,4,17,1528,5178290,200,0,380,0,0,581,1364
217,2026-08-04T05:13:32Z,1785820412963847626,217,4644,4644,4,17,1536,5179083,200,0,380,0,0,581,1364
218,2026-08-04T05:13:33Z,1785820413967837445,218,4644,4644,4,17,1543,5179876,200,0,380,0,0,581,1364
219,2026-08-04T05:13:34Z,1785820414972200385,219,4644,4644,4,17,1550,5180669,200,0,380,0,0,581,1365
220,2026-08-04T05:13:35Z,1785820415975119896,220,4644,4644,4,17,1558,5181463,200,0,380,0,0,581,1365
221,2026-08-04T05:13:36Z,1785820416979420842,221,4644,4644,4,17,1566,5182259,200,0,380,0,0,581,1366
222,2026-08-04T05:13:37Z,1785820417983069220,222,4644,4644,4,17,1573,5183052,200,0,380,0,0,581,1367
223,2026-08-04T05:13:38Z,1785820418986447514,223,4644,4644,4,17,1581,5183842,200,0,380,0,0,581,1367
224,2026-08-04T05:13:39Z,1785820419990495736,224,4644,4644,4,17,1589,5184637,200,0,380,0,0,581,1367
225,2026-08-04T05:13:40Z,1785820420994619497,225,4644,4644,4,17,1597,5185430,200,0,380,0,0,581,1367
226,2026-08-04T05:13:41Z,1785820421998730022,226,4644,4644,4,17,1604,5186226,200,0,380,0,0,581,1368
227,2026-08-04T05:13:43Z,1785820423002982773,228,4644,4644,4,17,1611,5187021,200,0,380,0,0,581,1369
228,2026-08-04T05:13:44Z,1785820424006087344,229,4644,4644,4,17,1619,5187815,200,0,380,0,0,581,1370
229,2026-08-04T05:13:45Z,1785820425010810223,230,4644,4644,4,17,1627,5188606,200,0,380,0,0,581,1370
230,2026-08-04T05:13:46Z,1785820426014102004,231,4644,4644,4,17,1634,5189402,200,0,380,0,0,581,1371
231,2026-08-04T05:13:47Z,1785820427017789336,232,4644,4644,4,17,1642,5190195,200,0,380,0,0,581,1372
232,2026-08-04T05:13:48Z,1785820428021438883,233,4644,4644,4,17,1649,5190988,200,0,380,0,0,581,1372
233,2026-08-04T05:13:49Z,1785820429025217375,234,4644,4644,4,17,1657,5191780,200,0,380,0,0,581,1372
234,2026-08-04T05:13:50Z,1785820430029157819,235,4644,4644,4,17,1664,5192574,200,0,380,0,0,581,1372
235,2026-08-04T05:13:51Z,1785820431033034643,236,4644,4644,4,17,1671,5193368,200,0,380,0,0,581,1372
236,2026-08-04T05:13:52Z,1785820432036699674,237,4644,4644,4,17,1679,5194162,200,0,380,0,0,581,1372
237,2026-08-04T05:13:53Z,1785820433040968783,238,4644,4644,4,17,1687,5194956,200,0,380,0,0,581,1372
238,2026-08-04T05:13:54Z,1785820434045005313,239,4644,4644,4,17,1694,5195752,200,0,380,0,0,581,1372
239,2026-08-04T05:13:55Z,1785820435049517249,240,4644,4644,4,17,1702,5196546,200,0,380,0,0,581,1373
240,2026-08-04T05:13:56Z,1785820436052270417,241,4644,4644,4,17,1709,5197341,200,0,380,0,0,581,1374
241,2026-08-04T05:13:57Z,1785820437056261457,242,4644,4644,4,17,1716,5198138,200,0,380,0,0,581,1374
242,2026-08-04T05:13:58Z,1785820438060540421,243,4644,4644,4,17,1723,5198933,200,0,380,0,0,581,1375
243,2026-08-04T05:13:59Z,1785820439063515700,244,4644,4644,4,17,1731,5199725,200,0,380,0,0,581,1375
244,2026-08-04T05:14:00Z,1785820440067426481,245,4644,4644,4,17,1739,5200519,200,0,380,0,0,581,1376
245,2026-08-04T05:14:01Z,1785820441071606604,246,4644,4644,4,17,1746,5201311,200,0,380,0,0,581,1376
246,2026-08-04T05:14:02Z,1785820442076923922,247,4644,4644,4,17,1754,5202105,200,0,380,0,0,581,1376
247,2026-08-04T05:14:03Z,1785820443080041002,248,4644,4644,4,17,1762,5202897,200,0,380,0,0,581,1377
248,2026-08-04T05:14:04Z,1785820444083640521,249,4644,4644,4,17,1769,5203696,200,0,380,0,0,581,1378
249,2026-08-04T05:14:05Z,1785820445087459970,250,4640,4640,4,16,1777,5204492,200,0,380,0,0,581,1379
250,2026-08-04T05:14:06Z,1785820446090568441,251,4636,4636,4,15,1783,5205288,200,0,380,0,0,581,1380
251,2026-08-04T05:14:07Z,1785820447094968572,252,4612,4612,4,14,1788,5206086,200,0,380,0,0,581,1380
252,2026-08-04T05:14:08Z,1785820448097673141,253,4604,4604,4,12,1790,5206885,200,0,380,0,0,581,1380
253,2026-08-04T05:14:09Z,1785820449101287105,254,4276,4288,4,10,1790,5207688,200,0,380,0,0,581,1380
254,2026-08-04T05:14:10Z,1785820450104782927,255,4276,4288,4,10,1790,5208490,200,0,380,0,0,581,1380
255,2026-08-04T05:14:11Z,1785820451108290400,256,4276,4288,4,10,1791,5209291,200,0,380,0,0,581,1380
256,2026-08-04T05:14:12Z,1785820452111692748,257,4276,4288,4,10,1791,5210094,200,0,380,0,0,581,1380
257,2026-08-04T05:14:13Z,1785820453115112453,258,4276,4288,4,10,1791,5210896,200,0,380,0,0,581,1380
258,2026-08-04T05:14:14Z,1785820454119097973,259,4280,4288,4,11,1791,5211698,200,0,380,0,0,581,1380
259,2026-08-04T05:14:15Z,1785820455123953193,260,4284,4288,4,12,1792,5212500,200,0,380,0,0,581,1380
260,2026-08-04T05:14:16Z,1785820456127188619,261,4308,4308,4,13,1794,5213297,200,0,380,0,0,581,1380
261,2026-08-04T05:14:17Z,1785820457130697838,262,4312,4312,4,14,1798,5214094,200,0,380,0,0,581,1380
262,2026-08-04T05:14:18Z,1785820458134418730,263,4636,4636,4,15,1804,5214887,200,0,380,0,0,581,1380
263,2026-08-04T05:14:19Z,1785820459138368810,264,4656,4656,4,18,1812,5215681,200,0,380,0,0,581,1381
264,2026-08-04T05:14:20Z,1785820460141810763,265,4660,4660,4,18,1819,5216474,200,0,380,0,0,581,1381
265,2026-08-04T05:14:21Z,1785820461145826744,266,4660,4660,4,18,1826,5217268,200,0,380,0,0,581,1382
266,2026-08-04T05:14:22Z,1785820462149850960,267,4660,4660,4,18,1834,5218064,200,0,380,0,0,581,1383
267,2026-08-04T05:14:23Z,1785820463153978384,268,4660,4660,4,18,1841,5218860,200,0,380,0,0,581,1384
268,2026-08-04T05:14:24Z,1785820464157640983,269,4660,4660,4,18,1849,5219652,200,0,380,0,0,581,1384
269,2026-08-04T05:14:25Z,1785820465161731343,270,4660,4660,4,18,1856,5220445,200,0,380,0,0,581,1384
270,2026-08-04T05:14:26Z,1785820466165760928,271,4660,4660,4,18,1865,5221239,200,0,380,0,0,581,1384
271,2026-08-04T05:14:27Z,1785820467170085534,272,4660,4660,4,18,1872,5222033,200,0,380,0,0,581,1384
272,2026-08-04T05:14:28Z,1785820468173176399,273,4660,4660,4,18,1879,5222826,200,0,380,0,0,581,1385
273,2026-08-04T05:14:29Z,1785820469177987384,274,4660,4660,4,18,1887,5223621,200,0,380,0,0,581,1385
274,2026-08-04T05:14:30Z,1785820470181447898,275,4660,4660,4,18,1895,5224412,200,0,380,0,0,581,1386
275,2026-08-04T05:14:31Z,1785820471184120911,276,4660,4660,4,18,1903,5225207,200,0,380,0,0,581,1386
276,2026-08-04T05:14:32Z,1785820472188367162,277,4660,4660,4,18,1911,5226003,200,0,380,0,0,581,1387
277,2026-08-04T05:14:33Z,1785820473192121808,278,4660,4660,4,18,1918,5226797,200,0,380,0,0,581,1388
278,2026-08-04T05:14:34Z,1785820474195468701,279,4660,4660,4,18,1926,5227592,200,0,380,0,0,581,1389
279,2026-08-04T05:14:35Z,1785820475199572679,280,4660,4660,4,18,1933,5228387,200,0,380,0,0,581,1390
280,2026-08-04T05:14:36Z,1785820476203596034,281,4660,4660,4,18,1941,5229185,200,0,380,0,0,581,1390
281,2026-08-04T05:14:37Z,1785820477208264474,282,4660,4660,4,18,1948,5229979,200,0,380,0,0,581,1390
282,2026-08-04T05:14:38Z,1785820478210801791,283,4660,4660,4,18,1956,5230773,200,0,380,0,0,581,1390
283,2026-08-04T05:14:39Z,1785820479214777340,284,4660,4660,4,18,1963,5231569,200,0,380,0,0,581,1390
284,2026-08-04T05:14:40Z,1785820480219079510,285,4660,4660,4,18,1971,5232362,200,0,380,0,0,581,1391
285,2026-08-04T05:14:41Z,1785820481222647093,286,4660,4660,4,18,1978,5233155,200,0,380,0,0,581,1391
286,2026-08-04T05:14:42Z,1785820482226021596,287,4660,4660,4,18,1986,5233949,200,0,380,0,0,581,1391
287,2026-08-04T05:14:43Z,1785820483228942952,288,4660,4660,4,18,1993,5234743,200,0,380,0,0,581,1392
288,2026-08-04T05:14:44Z,1785820484232772254,289,4660,4660,4,18,2001,5235540,200,0,380,0,0,581,1392
289,2026-08-04T05:14:45Z,1785820485237142155,290,4660,4660,4,18,2008,5236334,200,0,380,0,0,581,1393
290,2026-08-04T05:14:46Z,1785820486240871556,291,4660,4660,4,18,2016,5237129,200,0,380,0,0,581,1393
291,2026-08-04T05:14:47Z,1785820487244063881,292,4660,4660,4,18,2024,5237923,200,0,380,0,0,581,1394
292,2026-08-04T05:14:48Z,1785820488247983237,293,4660,4660,4,18,2032,5238718,200,0,380,0,0,581,1395
293,2026-08-04T05:14:49Z,1785820489251911286,294,4656,4656,4,17,2039,5239514,200,0,380,0,0,581,1395
294,2026-08-04T05:14:50Z,1785820490256218175,295,4656,4656,4,17,2047,5240309,200,0,380,0,0,581,1396
295,2026-08-04T05:14:51Z,1785820491259556263,296,4656,4656,4,17,2054,5241103,200,0,380,0,0,581,1397
296,2026-08-04T05:14:52Z,1785820492262328495,297,4656,4656,4,17,2062,5241898,200,0,380,0,0,581,1398
297,2026-08-04T05:14:53Z,1785820493266358486,298,4656,4656,4,17,2069,5242693,200,0,380,0,0,581,1398
298,2026-08-04T05:14:54Z,1785820494270964529,299,4656,4656,4,17,2076,5243487,200,0,380,0,0,581,1399
299,2026-08-04T05:14:55Z,1785820495274176120,300,4656,4656,4,17,2084,5244280,200,0,380,0,0,581,1400
300,2026-08-04T05:14:56Z,1785820496279005738,301,4656,4656,4,17,2091,5245074,200,0,380,0,0,581,1400
301,2026-08-04T05:14:57Z,1785820497282244168,302,4656,4656,4,17,2099,5245868,200,0,380,0,0,581,1401
302,2026-08-04T05:14:58Z,1785820498286481522,303,4656,4656,4,17,2107,5246664,200,0,380,0,0,581,1401
303,2026-08-04T05:14:59Z,1785820499290535414,304,4656,4656,4,17,2114,5247457,200,0,380,0,0,581,1402
304,2026-08-04T05:15:00Z,1785820500295248580,305,4656,4656,4,17,2122,5248251,200,0,380,0,0,581,1403
305,2026-08-04T05:15:01Z,1785820501299179842,306,4656,4656,4,17,2130,5249047,200,0,380,0,0,581,1403
306,2026-08-04T05:15:02Z,1785820502302677662,307,4656,4656,4,17,2138,5249841,200,0,380,0,0,581,1404
307,2026-08-04T05:15:03Z,1785820503306060994,308,4656,4656,4,17,2146,5250635,200,0,380,0,0,581,1405
308,2026-08-04T05:15:04Z,1785820504309302552,309,4656,4656,4,17,2154,5251429,200,0,380,0,0,581,1406
309,2026-08-04T05:15:05Z,1785820505313883724,310,4656,4656,4,17,2162,5252222,200,0,380,0,0,581,1407
310,2026-08-04T05:15:06Z,1785820506317284438,311,4656,4656,4,17,2170,5253017,200,0,380,0,0,581,1408
311,2026-08-04T05:15:07Z,1785820507320782880,312,4656,4656,4,17,2177,5253812,200,0,380,0,0,581,1408
312,2026-08-04T05:15:08Z,1785820508323822031,313,4656,4656,4,17,2185,5254607,200,0,380,0,0,581,1409
313,2026-08-04T05:15:09Z,1785820509327807987,314,4656,4656,4,17,2193,5255401,200,0,380,0,0,581,1409
314,2026-08-04T05:15:10Z,1785820510332395810,315,4656,4656,4,17,2201,5256196,200,0,380,0,0,581,1410
315,2026-08-04T05:15:11Z,1785820511335803495,316,4656,4656,4,17,2208,5256993,200,0,380,0,0,581,1411
316,2026-08-04T05:15:12Z,1785820512338596165,317,4656,4656,4,17,2215,5257786,200,0,380,0,0,581,1411
317,2026-08-04T05:15:13Z,1785820513342814393,318,4656,4656,4,17,2223,5258581,200,0,380,0,0,581,1412
318,2026-08-04T05:15:14Z,1785820514346950511,319,4656,4656,4,17,2230,5259380,200,0,380,0,0,581,1412
319,2026-08-04T05:15:15Z,1785820515351366802,320,4656,4656,4,17,2238,5260173,200,0,380,0,0,581,1413
320,2026-08-04T05:15:16Z,1785820516355596189,321,4656,4656,4,17,2246,5260967,200,0,380,0,0,581,1414
321,2026-08-04T05:15:17Z,1785820517359010485,322,4656,4656,4,17,2254,5261761,200,0,380,0,0,581,1415
322,2026-08-04T05:15:18Z,1785820518362444759,323,4656,4656,4,17,2261,5262557,200,0,380,0,0,581,1416
323,2026-08-04T05:15:19Z,1785820519366900458,324,4656,4656,4,17,2268,5263352,200,0,380,0,0,581,1417
324,2026-08-04T05:15:20Z,1785820520370132015,325,4656,4656,4,17,2276,5264148,200,0,380,0,0,581,1418
325,2026-08-04T05:15:21Z,1785820521373010567,326,4656,4656,4,17,2284,5264940,200,0,380,0,0,581,1418
326,2026-08-04T05:15:22Z,1785820522376895380,327,4656,4656,4,17,2291,5265736,200,0,380,0,0,581,1419
327,2026-08-04T05:15:23Z,1785820523380816063,328,4656,4656,4,17,2299,5266529,200,0,380,0,0,581,1419
328,2026-08-04T05:15:24Z,1785820524384390652,329,4656,4656,4,17,2306,5267323,200,0,380,0,0,581,1419
329,2026-08-04T05:15:25Z,1785820525388195660,330,4656,4656,4,17,2314,5268120,200,0,380,0,0,581,1420
330,2026-08-04T05:15:26Z,1785820526392292322,331,4656,4656,4,17,2321,5268916,200,0,380,0,0,581,1421
331,2026-08-04T05:15:27Z,1785820527396444646,332,4656,4656,4,17,2328,5269709,200,0,380,0,0,581,1425
332,2026-08-04T05:15:28Z,1785820528399927899,333,4656,4656,4,17,2336,5270504,200,0,380,0,0,581,1426
333,2026-08-04T05:15:29Z,1785820529403845109,334,4656,4656,4,17,2343,5271296,200,0,380,0,0,581,1427
334,2026-08-04T05:15:30Z,1785820530408067912,335,4656,4656,4,17,2351,5272094,200,0,380,0,0,581,1428
335,2026-08-04T05:15:31Z,1785820531410895460,336,4656,4656,4,17,2358,5272886,200,0,380,0,0,581,1429
336,2026-08-04T05:15:32Z,1785820532415057407,337,4656,4656,4,17,2366,5273682,200,0,380,0,0,581,1430
337,2026-08-04T05:15:33Z,1785820533419020896,338,4656,4656,4,17,2373,5274476,200,0,380,0,0,581,1430
338,2026-08-04T05:15:34Z,1785820534423283706,339,4656,4656,4,17,2381,5275272,200,0,380,0,0,581,1430
339,2026-08-04T05:15:35Z,1785820535427191589,340,4656,4656,4,17,2388,5276066,200,0,380,0,0,581,1431
340,2026-08-04T05:15:36Z,1785820536431189606,341,4656,4656,4,17,2396,5276862,200,0,380,0,0,581,1431
341,2026-08-04T05:15:37Z,1785820537435628488,342,4660,4660,4,18,2404,5277658,200,0,380,0,0,581,1431
342,2026-08-04T05:15:38Z,1785820538438686947,343,4660,4660,4,18,2411,5278454,200,0,380,0,0,581,1431
343,2026-08-04T05:15:39Z,1785820539442784224,344,4660,4660,4,18,2419,5279248,200,0,380,0,0,581,1432
344,2026-08-04T05:15:40Z,1785820540447000629,345,4660,4660,4,18,2426,5280044,200,0,380,0,0,581,1433
345,2026-08-04T05:15:41Z,1785820541451071442,346,4660,4660,4,18,2434,5280839,200,0,380,0,0,581,1434
346,2026-08-04T05:15:42Z,1785820542455103132,347,4660,4660,4,18,2441,5281635,200,0,380,0,0,581,1435
347,2026-08-04T05:15:43Z,1785820543458873511,348,4660,4660,4,18,2448,5282428,200,0,380,0,0,581,1435
348,2026-08-04T05:15:44Z,1785820544463197704,349,4660,4660,4,18,2456,5283222,200,0,380,0,0,581,1435
349,2026-08-04T05:15:45Z,1785820545467277635,350,4660,4660,4,18,2464,5284015,200,0,380,0,0,581,1436
350,2026-08-04T05:15:46Z,1785820546470470726,351,4660,4660,4,18,2472,5284808,200,0,380,0,0,581,1437
351,2026-08-04T05:15:47Z,1785820547474101235,352,4660,4660,4,18,2479,5285602,200,0,380,0,0,581,1438
352,2026-08-04T05:15:48Z,1785820548477818778,353,4660,4660,4,18,2486,5286396,200,0,380,0,0,581,1439
353,2026-08-04T05:15:49Z,1785820549484937018,354,4660,4660,4,18,2493,5287190,200,0,380,0,0,581,1440
354,2026-08-04T05:15:50Z,1785820550486065678,355,4660,4660,4,18,2501,5287982,200,0,380,0,0,581,1441
355,2026-08-04T05:15:51Z,1785820551490284665,356,4660,4660,4,18,2508,5288777,200,0,380,0,0,581,1442
356,2026-08-04T05:15:52Z,1785820552493088950,357,4660,4660,4,18,2516,5289569,200,0,380,0,0,581,1443
357,2026-08-04T05:15:53Z,1785820553497024827,358,4660,4660,4,18,2523,5290367,200,0,380,0,0,581,1444
358,2026-08-04T05:15:54Z,1785820554500861831,359,4660,4660,4,18,2530,5291161,200,0,380,0,0,581,1444
359,2026-08-04T05:15:55Z,1785820555504067919,360,4660,4660,4,18,2538,5291956,200,0,380,0,0,581,1445
360,2026-08-04T05:15:56Z,1785820556507690870,361,4660,4660,4,18,2546,5292751,200,0,380,0,0,581,1445
361,2026-08-04T05:15:57Z,1785820557511477129,362,4660,4660,4,18,2553,5293548,200,0,380,0,0,581,1445
362,2026-08-04T05:15:58Z,1785820558515336636,363,4660,4660,4,18,2561,5294344,200,0,380,0,0,581,1446
363,2026-08-04T05:15:59Z,1785820559519394433,364,4660,4660,4,18,2568,5295137,200,0,380,0,0,581,1446
364,2026-08-04T05:16:00Z,1785820560523819009,365,4660,4660,4,18,2575,5295933,200,0,380,0,0,581,1446
365,2026-08-04T05:16:01Z,1785820561528246831,366,4660,4660,4,18,2583,5296726,200,0,380,0,0,581,1446
366,2026-08-04T05:16:02Z,1785820562531609746,367,4660,4660,4,18,2590,5297519,200,0,380,0,0,581,1446
367,2026-08-04T05:16:03Z,1785820563534885372,368,4660,4660,4,18,2599,5298311,200,0,380,0,0,581,1447
368,2026-08-04T05:16:04Z,1785820564538905909,369,4660,4660,4,18,2606,5299107,200,0,380,0,0,581,1448
369,2026-08-04T05:16:05Z,1785820565542914025,370,4660,4660,4,18,2614,5299903,200,0,380,0,0,581,1448
370,2026-08-04T05:16:06Z,1785820566547353209,371,4660,4660,4,18,2620,5300696,200,0,380,0,0,581,1449
371,2026-08-04T05:16:07Z,1785820567549624969,372,4660,4660,4,18,2629,5301489,200,0,380,0,0,581,1450
372,2026-08-04T05:16:08Z,1785820568554545894,373,4660,4660,4,18,2636,5302285,200,0,380,0,0,581,1451
373,2026-08-04T05:16:09Z,1785820569558441547,374,4660,4660,4,18,2643,5303081,200,0,380,0,0,581,1452
374,2026-08-04T05:16:10Z,1785820570563120296,375,4660,4660,4,18,2651,5303876,200,0,380,0,0,581,1452
375,2026-08-04T05:16:11Z,1785820571566426645,376,4660,4660,4,18,2658,5304670,200,0,380,0,0,581,1453
376,2026-08-04T05:16:12Z,1785820572570348239,377,4660,4660,4,18,2666,5305468,200,0,380,0,0,581,1454
377,2026-08-04T05:16:13Z,1785820573574320250,378,4660,4660,4,18,2674,5306262,200,0,380,0,0,581,1455
378,2026-08-04T05:16:14Z,1785820574578722823,379,4656,4656,4,17,2681,5307059,200,0,380,0,0,581,1456
379,2026-08-04T05:16:15Z,1785820575581668735,380,4648,4648,4,15,2687,5307853,200,0,380,0,0,581,1457
380,2026-08-04T05:16:16Z,1785820576585324758,381,4624,4624,4,14,2692,5308653,200,0,380,0,0,581,1457
381,2026-08-04T05:16:17Z,1785820577587318527,382,4616,4616,4,12,2694,5309450,200,0,380,0,0,581,1457
382,2026-08-04T05:16:18Z,1785820578591029460,383,4288,4440,4,10,2694,5310252,200,0,380,0,0,581,1457
383,2026-08-04T05:16:19Z,1785820579594642211,384,4288,4440,4,10,2694,5311054,200,0,380,0,0,581,1457
384,2026-08-04T05:16:20Z,1785820580598229400,385,4288,4440,4,10,2694,5311858,200,0,380,0,0,581,1457
385,2026-08-04T05:16:21Z,1785820581601854909,386,4288,4440,4,10,2694,5312660,200,0,380,0,0,581,1457
386,2026-08-04T05:16:22Z,1785820582605335986,387,4288,4440,4,10,2694,5313461,200,0,380,0,0,581,1457
387,2026-08-04T05:16:23Z,1785820583609080473,388,4292,4440,4,11,2694,5314264,200,0,380,0,0,581,1457
388,2026-08-04T05:16:24Z,1785820584613329886,389,4296,4440,4,12,2695,5315066,200,0,380,0,0,581,1457
389,2026-08-04T05:16:25Z,1785820585616477574,390,4320,4440,4,13,2698,5315864,200,0,380,0,0,581,1457
390,2026-08-04T05:16:26Z,1785820586621082571,391,4324,4440,4,14,2702,5316662,200,0,380,0,0,581,1457
391,2026-08-04T05:16:27Z,1785820587624830763,392,4648,4648,4,15,2709,5317458,200,0,380,0,0,581,1457
392,2026-08-04T05:16:28Z,1785820588628455332,393,4660,4660,4,18,2716,5318251,200,0,380,0,0,581,1458
393,2026-08-04T05:16:29Z,1785820589632973263,394,4660,4660,4,18,2723,5319047,200,0,380,0,0,581,1459
394,2026-08-04T05:16:30Z,1785820590636632311,395,4660,4660,4,18,2731,5319843,200,0,380,0,0,581,1460
395,2026-08-04T05:16:31Z,1785820591639734474,396,4664,4664,4,18,2738,5320638,200,0,380,0,0,581,1461
396,2026-08-04T05:16:32Z,1785820592644002461,397,4664,4664,4,18,2745,5321436,200,0,380,0,0,581,1462
397,2026-08-04T05:16:33Z,1785820593646572459,398,4664,4664,4,18,2753,5322231,200,0,380,0,0,581,1463
398,2026-08-04T05:16:34Z,1785820594650051582,399,4664,4664,4,18,2760,5323024,200,0,380,0,0,581,1464
399,2026-08-04T05:16:35Z,1785820595653806812,400,4664,4664,4,18,2768,5323818,200,0,380,0,0,581,1465
400,2026-08-04T05:16:36Z,1785820596657896442,401,4664,4664,4,18,2775,5324615,200,0,380,0,0,581,1466
401,2026-08-04T05:16:37Z,1785820597661282702,402,4664,4664,4,18,2783,5325409,200,0,380,0,0,581,1467
402,2026-08-04T05:16:38Z,1785820598664855832,403,4664,4664,4,18,2790,5326204,200,0,380,0,0,581,1467
403,2026-08-04T05:16:39Z,1785820599668473336,404,4664,4664,4,18,2797,5326999,200,0,380,0,0,581,1468
404,2026-08-04T05:16:40Z,1785820600672362653,405,4664,4664,4,18,2804,5327794,200,0,380,0,0,581,1468
405,2026-08-04T05:16:41Z,1785820601676385653,406,4664,4664,4,18,2811,5328589,200,0,380,0,0,581,1468
406,2026-08-04T05:16:42Z,1785820602680848039,407,4664,4664,4,18,2820,5329384,200,0,380,0,0,581,1468
407,2026-08-04T05:16:43Z,1785820603683892454,408,4664,4664,4,18,2827,5330182,200,0,380,0,0,581,1469
408,2026-08-04T05:16:44Z,1785820604688366048,409,4664,4664,4,18,2835,5330976,200,0,380,0,0,581,1470
409,2026-08-04T05:16:45Z,1785820605691633345,410,4664,4664,4,18,2842,5331770,200,0,380,0,0,581,1471
410,2026-08-04T05:16:46Z,1785820606696031609,411,4664,4664,4,18,2849,5332568,200,0,380,0,0,581,1472
411,2026-08-04T05:16:47Z,1785820607699992430,412,4664,4664,4,18,2858,5333364,200,0,380,0,0,581,1472
412,2026-08-04T05:16:48Z,1785820608704141973,413,4664,4664,4,18,2865,5334160,200,0,380,0,0,581,1473
413,2026-08-04T05:16:49Z,1785820609708044104,414,4664,4664,4,18,2872,5334955,200,0,380,0,0,581,1473
414,2026-08-04T05:16:50Z,1785820610711695326,415,4664,4664,4,18,2880,5335752,200,0,380,0,0,581,1473
415,2026-08-04T05:16:51Z,1785820611716342734,416,4664,4664,4,18,2887,5336548,200,0,380,0,0,581,1474
416,2026-08-04T05:16:52Z,1785820612719639475,417,4664,4664,4,18,2894,5337342,200,0,380,0,0,581,1475
417,2026-08-04T05:16:53Z,1785820613723351221,418,4664,4664,4,18,2902,5338138,200,0,380,0,0,581,1475
418,2026-08-04T05:16:54Z,1785820614727356402,419,4664,4664,4,18,2910,5338936,200,0,380,0,0,581,1476
419,2026-08-04T05:16:55Z,1785820615730837909,420,4664,4664,4,18,2917,5339730,200,0,380,0,0,581,1477
420,2026-08-04T05:16:56Z,1785820616735151702,421,4664,4664,4,18,2924,5340523,200,0,380,0,0,581,1478
421,2026-08-04T05:16:57Z,1785820617737961118,422,4664,4664,4,18,2932,5341318,200,0,380,0,0,581,1479
422,2026-08-04T05:16:58Z,1785820618741583182,423,4664,4664,4,18,2939,5342114,200,0,380,0,0,581,1479
423,2026-08-04T05:16:59Z,1785820619746197752,424,4664,4664,4,18,2946,5342910,200,0,380,0,0,581,1480
424,2026-08-04T05:17:00Z,1785820620749574083,425,4664,4664,4,18,2954,5343706,200,0,380,0,0,581,1481
425,2026-08-04T05:17:01Z,1785820621754052433,426,4664,4664,4,18,2962,5344498,200,0,380,0,0,581,1482
426,2026-08-04T05:17:02Z,1785820622757342048,427,4664,4664,4,18,2969,5345292,200,0,380,0,0,581,1482
427,2026-08-04T05:17:03Z,1785820623761476869,428,4664,4664,4,18,2976,5346088,200,0,380,0,0,581,1482
428,2026-08-04T05:17:04Z,1785820624766019038,429,4664,4664,4,18,2984,5346884,200,0,380,0,0,581,1483
429,2026-08-04T05:17:05Z,1785820625769937216,430,4664,4664,4,18,2992,5347679,200,0,380,0,0,581,1484
430,2026-08-04T05:17:06Z,1785820626773340859,431,4664,4664,4,18,2999,5348473,200,0,380,0,0,581,1485
431,2026-08-04T05:17:07Z,1785820627777290054,432,4660,4660,4,17,3007,5349267,200,0,380,0,0,581,1486
432,2026-08-04T05:17:08Z,1785820628781200693,433,4660,4660,4,17,3014,5350064,200,0,380,0,0,581,1487
433,2026-08-04T05:17:09Z,1785820629785296533,434,4660,4660,4,17,3022,5350860,200,0,380,0,0,581,1488
434,2026-08-04T05:17:10Z,1785820630789393025,435,4660,4660,4,17,3029,5351657,200,0,380,0,0,581,1488
435,2026-08-04T05:17:11Z,1785820631793713967,436,4660,4660,4,17,3036,5352454,200,0,380,0,0,581,1489
436,2026-08-04T05:17:12Z,1785820632796472956,437,4660,4660,4,17,3043,5353249,200,0,380,0,0,581,1490
437,2026-08-04T05:17:13Z,1785820633801061631,438,4660,4660,4,17,3051,5354046,200,0,380,0,0,581,1491
438,2026-08-04T05:17:14Z,1785820634804952566,439,4660,4660,4,17,3059,5354840,200,0,380,0,0,581,1491
439,2026-08-04T05:17:15Z,1785820635808536093,440,4660,4660,4,17,3066,5355634,200,0,380,0,0,581,1492
440,2026-08-04T05:17:16Z,1785820636811866724,441,4660,4660,4,17,3074,5356430,200,0,380,0,0,581,1492
441,2026-08-04T05:17:17Z,1785820637815838721,442,4660,4660,4,17,3082,5357227,200,0,380,0,0,581,1492
442,2026-08-04T05:17:18Z,1785820638819896272,443,4660,4660,4,17,3089,5358024,200,0,380,0,0,581,1492
443,2026-08-04T05:17:19Z,1785820639823791699,444,4660,4660,4,17,3097,5358821,200,0,380,0,0,581,1492
444,2026-08-04T05:17:20Z,1785820640827215528,445,4660,4660,4,17,3104,5359618,200,0,380,0,0,581,1492
445,2026-08-04T05:17:21Z,1785820641831162709,446,4660,4660,4,17,3112,5360412,200,0,380,0,0,581,1493
446,2026-08-04T05:17:22Z,1785820642835179952,447,4660,4660,4,17,3119,5361209,200,0,380,0,0,581,1493
447,2026-08-04T05:17:23Z,1785820643838960360,448,4660,4660,4,17,3126,5362005,200,0,380,0,0,581,1493
448,2026-08-04T05:17:24Z,1785820644842705472,449,4660,4660,4,17,3134,5362800,200,0,380,0,0,581,1494
449,2026-08-04T05:17:25Z,1785820645846160272,450,4660,4660,4,17,3141,5363594,200,0,380,0,0,581,1494
450,2026-08-04T05:17:26Z,1785820646850254722,451,4660,4660,4,17,3148,5364393,200,0,380,0,0,581,1495
451,2026-08-04T05:17:27Z,1785820647853954976,452,4660,4660,4,17,3156,5365190,200,0,380,0,0,581,1495
452,2026-08-04T05:17:28Z,1785820648857300524,453,4660,4660,4,17,3163,5365986,200,0,380,0,0,581,1496
453,2026-08-04T05:17:29Z,1785820649861460047,454,4660,4660,4,17,3170,5366780,200,0,380,0,0,581,1496
454,2026-08-04T05:17:30Z,1785820650866388334,455,4660,4660,4,17,3177,5367572,200,0,380,0,0,581,1497
455,2026-08-04T05:17:31Z,1785820651869163205,456,4660,4660,4,17,3186,5368369,200,0,380,0,0,581,1498
456,2026-08-04T05:17:32Z,1785820652872746630,457,4660,4660,4,17,3193,5369164,200,0,380,0,0,581,1499
457,2026-08-04T05:17:33Z,1785820653876199856,458,4660,4660,4,17,3201,5369958,200,0,380,0,0,581,1499
458,2026-08-04T05:17:34Z,1785820654879761786,459,4660,4660,4,17,3208,5370752,200,0,380,0,0,581,1500
459,2026-08-04T05:17:35Z,1785820655883117869,460,4660,4660,4,17,3215,5371548,200,0,380,0,0,581,1501
460,2026-08-04T05:17:36Z,1785820656887147190,461,4660,4660,4,17,3223,5372345,200,0,380,0,0,581,1502
461,2026-08-04T05:17:37Z,1785820657891043992,462,4660,4660,4,17,3229,5373139,200,0,380,0,0,581,1502
462,2026-08-04T05:17:38Z,1785820658894540265,463,4660,4660,4,17,3237,5373935,200,0,380,0,0,581,1503
463,2026-08-04T05:17:39Z,1785820659898055450,464,4660,4660,4,17,3245,5374730,200,0,380,0,0,581,1504
464,2026-08-04T05:17:40Z,1785820660901776781,465,4660,4660,4,17,3252,5375526,200,0,380,0,0,581,1505
465,2026-08-04T05:17:41Z,1785820661905576241,466,4660,4660,4,17,3259,5376321,200,0,380,0,0,581,1506
466,2026-08-04T05:17:42Z,1785820662910113198,467,4660,4660,4,17,3267,5377117,200,0,380,0,0,581,1507
467,2026-08-04T05:17:43Z,1785820663912996494,468,4660,4660,4,17,3274,5377909,200,0,380,0,0,581,1507
468,2026-08-04T05:17:44Z,1785820664917358741,469,4660,4660,4,17,3282,5378707,200,0,380,0,0,581,1508
469,2026-08-04T05:17:45Z,1785820665920421941,470,4660,4660,4,17,3290,5379500,200,0,380,0,0,581,1508
470,2026-08-04T05:17:46Z,1785820666924370454,471,4660,4660,4,17,3297,5380296,200,0,380,0,0,581,1508
471,2026-08-04T05:17:47Z,1785820667927859004,472,4660,4660,4,17,3304,5381092,200,0,380,0,0,581,1508
472,2026-08-04T05:17:48Z,1785820668931799982,473,4660,4660,4,17,3312,5381890,200,0,380,0,0,581,1509
473,2026-08-04T05:17:49Z,1785820669935493032,474,4660,4660,4,17,3320,5382685,200,0,380,0,0,581,1509
474,2026-08-04T05:17:50Z,1785820670939320869,475,4660,4660,4,17,3327,5383476,200,0,380,0,0,581,1509
475,2026-08-04T05:17:51Z,1785820671943368907,476,4660,4660,4,17,3335,5384271,200,0,380,0,0,581,1510
476,2026-08-04T05:17:52Z,1785820672947451676,477,4660,4660,4,17,3342,5385065,200,0,380,0,0,581,1511
477,2026-08-04T05:17:53Z,1785820673951575108,478,4660,4660,4,17,3350,5385862,200,0,380,0,0,581,1512
478,2026-08-04T05:17:54Z,1785820674956057542,479,4660,4660,4,17,3357,5386656,200,0,380,0,0,581,1513
479,2026-08-04T05:17:55Z,1785820675959030486,480,4660,4660,4,17,3365,5387452,200,0,380,0,0,581,1513
480,2026-08-04T05:17:56Z,1785820676962852957,481,4660,4660,4,17,3372,5388247,200,0,380,0,0,581,1513
481,2026-08-04T05:17:57Z,1785820677966857357,482,4660,4660,4,17,3380,5389045,200,0,380,0,0,581,1513
482,2026-08-04T05:17:58Z,1785820678970925876,483,4660,4660,4,17,3388,5389840,200,0,380,0,0,581,1513
483,2026-08-04T05:17:59Z,1785820679974850895,484,4660,4660,4,17,3395,5390637,200,0,380,0,0,581,1514
484,2026-08-04T05:18:00Z,1785820680978251579,485,4660,4660,4,17,3402,5391431,200,0,380,0,0,581,1515
485,2026-08-04T05:18:01Z,1785820681983439709,486,4660,4660,4,17,3410,5392231,200,0,380,0,0,581,1516
486,2026-08-04T05:18:02Z,1785820682988223233,487,4660,4660,4,17,3418,5393027,200,0,380,0,0,581,1516
487,2026-08-04T05:18:03Z,1785820683991307999,488,4660,4660,4,17,3425,5393821,200,0,380,0,0,581,1516
488,2026-08-04T05:18:04Z,1785820684995197417,489,4660,4660,4,17,3433,5394616,200,0,380,0,0,581,1517
489,2026-08-04T05:18:05Z,1785820685998821405,490,4660,4660,4,17,3441,5395413,200,0,380,0,0,581,1518
490,2026-08-04T05:18:07Z,1785820687002786134,492,4660,4660,4,17,3448,5396208,200,0,380,0,0,581,1518
491,2026-08-04T05:18:08Z,1785820688006716489,493,4660,4660,4,17,3455,5397003,200,0,380,0,0,581,1518
492,2026-08-04T05:18:09Z,1785820689010215352,494,4660,4660,4,17,3463,5397799,200,0,380,0,0,581,1518
493,2026-08-04T05:18:10Z,1785820690013815627,495,4660,4660,4,17,3470,5398593,200,0,380,0,0,581,1518
494,2026-08-04T05:18:11Z,1785820691018330925,496,4660,4660,4,17,3477,5399389,200,0,380,0,0,581,1518
495,2026-08-04T05:18:12Z,1785820692021282197,497,4660,4660,4,17,3485,5400185,200,0,380,0,0,581,1518
496,2026-08-04T05:18:13Z,1785820693025287695,498,4660,4660,4,17,3492,5400981,200,0,380,0,0,581,1518
497,2026-08-04T05:18:14Z,1785820694029131089,499,4660,4660,4,17,3500,5401774,200,0,380,0,0,581,1518
498,2026-08-04T05:18:15Z,1785820695033970810,500,4660,4660,4,17,3507,5402569,200,0,380,0,0,581,1518
499,2026-08-04T05:18:16Z,1785820696037027193,501,4660,4660,4,17,3514,5403366,200,0,380,0,0,581,1519
500,2026-08-04T05:18:17Z,1785820697040686354,502,4660,4660,4,17,3522,5404160,200,0,380,0,0,581,1520
501,2026-08-04T05:18:18Z,1785820698044119166,503,4660,4660,4,17,3529,5404956,200,0,380,0,0,581,1521
502,2026-08-04T05:18:19Z,1785820699047905877,504,4660,4660,4,17,3536,5405754,200,0,380,0,0,581,1522
503,2026-08-04T05:18:20Z,1785820700052289241,505,4660,4660,4,17,3544,5406550,200,0,380,0,0,581,1523
504,2026-08-04T05:18:21Z,1785820701055263638,506,4660,4660,4,17,3551,5407344,200,0,380,0,0,581,1524
505,2026-08-04T05:18:22Z,1785820702058905298,507,4660,4660,4,17,3558,5408140,200,0,380,0,0,581,1525
506,2026-08-04T05:18:23Z,1785820703062670810,508,4660,4660,4,17,3566,5408937,200,0,380,0,0,581,1526
507,2026-08-04T05:18:24Z,1785820704066569220,509,4656,4656,4,16,3573,5409733,200,0,380,0,0,581,1526
508,2026-08-04T05:18:25Z,1785820705070122243,510,4652,4652,4,15,3579,5410530,200,0,380,0,0,581,1527
509,2026-08-04T05:18:26Z,1785820706073155169,511,4628,4628,4,14,3584,5411327,200,0,380,0,0,581,1528
510,2026-08-04T05:18:27Z,1785820707077040807,512,4620,4620,4,12,3585,5412129,200,0,380,0,0,581,1528
511,2026-08-04T05:18:28Z,1785820708080762042,513,4292,4440,4,10,3585,5412931,200,0,380,0,0,581,1528
512,2026-08-04T05:18:29Z,1785820709084519912,514,4292,4440,4,10,3585,5413733,200,0,380,0,0,581,1528
513,2026-08-04T05:18:30Z,1785820710089005699,515,4292,4440,4,10,3585,5414537,200,0,380,0,0,581,1528
514,2026-08-04T05:18:31Z,1785820711092261409,516,4292,4440,4,10,3585,5415339,200,0,380,0,0,581,1528
515,2026-08-04T05:18:32Z,1785820712094953218,517,4292,4440,4,10,3585,5416142,200,0,380,0,0,581,1528
516,2026-08-04T05:18:33Z,1785820713098851187,518,4296,4440,4,11,3585,5416944,200,0,380,0,0,581,1528
517,2026-08-04T05:18:34Z,1785820714102975389,519,4300,4440,4,12,3587,5417745,200,0,380,0,0,581,1528
518,2026-08-04T05:18:35Z,1785820715107714608,520,4324,4440,4,13,3589,5418544,200,0,380,0,0,581,1528
519,2026-08-04T05:18:36Z,1785820716111596877,521,4328,4440,4,14,3594,5419346,200,0,380,0,0,581,1528
520,2026-08-04T05:18:37Z,1785820717116143422,522,4652,4652,4,15,3601,5420144,200,0,380,0,0,581,1528
521,2026-08-04T05:18:38Z,1785820718119283089,523,5688,15020,4,19,3614,5420944,200,0,380,0,0,692,1636
522,2026-08-04T05:18:39Z,1785820719123149924,524,5688,15020,4,19,3622,5421742,200,0,381,0,0,692,1636
523,2026-08-04T05:18:40Z,1785820720127104404,525,5688,15020,4,19,3629,5422540,200,0,381,0,0,692,1636
524,2026-08-04T05:18:41Z,1785820721131051962,526,5688,15020,4,19,3636,5423342,200,0,381,0,0,692,1636
525,2026-08-04T05:18:42Z,1785820722134791844,527,5688,15020,4,19,3643,5424141,200,0,381,0,0,692,1636
526,2026-08-04T05:18:43Z,1785820723138299114,528,5688,15020,4,19,3651,5424940,200,0,381,0,0,692,1636
527,2026-08-04T05:18:44Z,1785820724142510551,529,5688,15020,4,19,3658,5425739,200,0,381,0,0,692,1636
528,2026-08-04T05:18:45Z,1785820725145436822,530,5688,15020,4,19,3665,5426540,200,0,381,0,0,692,1636
529,2026-08-04T05:18:46Z,1785820726149333284,531,5688,15020,4,19,3673,5427345,200,0,381,0,0,695,1636
530,2026-08-04T05:18:47Z,1785820727153080002,532,5688,15020,4,19,3680,5428141,200,0,381,0,0,695,1636
531,2026-08-04T05:18:48Z,1785820728157238035,533,5688,15020,4,19,3688,5428940,200,0,381,0,0,695,1636
532,2026-08-04T05:18:49Z,1785820729161188604,534,5688,15020,4,19,3694,5429740,200,0,381,0,0,695,1636
533,2026-08-04T05:18:50Z,1785820730165247941,535,5688,15020,4,19,3701,5430541,200,0,381,0,0,695,1636
534,2026-08-04T05:18:51Z,1785820731169178665,536,5688,15020,4,19,3709,5431340,200,0,381,0,0,695,1636
535,2026-08-04T05:18:52Z,1785820732173208519,537,5688,15020,4,19,3716,5432142,200,0,381,0,0,695,1636
536,2026-08-04T05:18:53Z,1785820733177449680,538,5688,15020,4,19,3723,5432944,200,0,381,0,0,695,1636
537,2026-08-04T05:18:54Z,1785820734181180392,539,5688,15020,4,19,3731,5433742,200,0,381,0,0,695,1636
538,2026-08-04T05:18:55Z,1785820735184943126,540,5688,15020,4,19,3738,5434541,200,0,381,0,0,695,1636
539,2026-08-04T05:18:56Z,1785820736189321512,541,5688,15020,4,19,3745,5435341,200,0,381,0,0,695,1636
540,2026-08-04T05:18:57Z,1785820737193163137,542,5688,15020,4,19,3752,5436137,200,0,381,0,0,695,1636
541,2026-08-04T05:18:58Z,1785820738196444130,543,5688,15020,4,19,3759,5436938,200,0,381,0,0,695,1636
542,2026-08-04T05:18:59Z,1785820739200285744,544,5688,15020,4,19,3767,5437734,200,0,381,0,0,695,1636
543,2026-08-04T05:19:00Z,1785820740204694111,545,5688,15020,4,19,3774,5438532,200,0,381,0,0,695,1636
544,2026-08-04T05:19:01Z,1785820741208085934,546,5688,15020,4,19,3781,5439332,200,0,381,0,0,695,1636
545,2026-08-04T05:19:02Z,1785820742212329449,547,5688,15020,4,19,3790,5440130,200,0,381,0,0,695,1636
546,2026-08-04T05:19:03Z,1785820743215025183,548,5688,15020,4,19,3797,5440935,200,0,381,0,0,695,1636
547,2026-08-04T05:19:04Z,1785820744218702519,549,5688,15020,4,19,3805,5441728,200,0,381,0,0,695,1636
548,2026-08-04T05:19:05Z,1785820745222262512,550,5688,15020,4,19,3812,5442526,200,0,381,0,0,695,1636
549,2026-08-04T05:19:06Z,1785820746225531616,551,5688,15020,4,19,3820,5443324,200,0,381,0,0,695,1636
550,2026-08-04T05:19:07Z,1785820747228766441,552,5688,15020,4,19,3827,5444123,200,0,381,0,0,695,1636
551,2026-08-04T05:19:08Z,1785820748233131068,553,5680,15020,4,17,3835,5444923,200,0,381,0,0,695,1636
552,2026-08-04T05:19:09Z,1785820749235855454,554,5680,15020,4,17,3842,5445723,200,0,381,0,0,695,1636
553,2026-08-04T05:19:10Z,1785820750239619189,555,5680,15020,4,17,3849,5446521,200,0,381,0,0,695,1636
554,2026-08-04T05:19:11Z,1785820751243559460,556,5680,15020,4,17,3856,5447322,200,0,381,0,0,695,1636
555,2026-08-04T05:19:12Z,1785820752246947708,557,5680,15020,4,17,3864,5448120,200,0,381,0,0,695,1636
556,2026-08-04T05:19:13Z,1785820753250835565,558,5680,15020,4,17,3871,5448921,200,0,381,0,0,695,1636
557,2026-08-04T05:19:14Z,1785820754256385684,559,5680,15020,4,17,3878,5449722,200,0,381,0,0,695,1636
558,2026-08-04T05:19:15Z,1785820755258714097,560,5680,15020,4,17,3886,5450518,200,0,381,0,0,695,1636
559,2026-08-04T05:19:16Z,1785820756262256493,561,5680,15020,4,17,3894,5451320,200,0,381,0,0,695,1636
560,2026-08-04T05:19:17Z,1785820757265833256,562,5680,15020,4,17,3900,5452119,200,0,381,0,0,695,1636
561,2026-08-04T05:19:18Z,1785820758269809052,563,5680,15020,4,17,3908,5452918,200,0,381,0,0,695,1636
562,2026-08-04T05:19:19Z,1785820759273434215,564,5680,15020,4,17,3915,5453718,200,0,381,0,0,695,1636
563,2026-08-04T05:19:20Z,1785820760276612613,565,5680,15020,4,17,3923,5454518,200,0,381,0,0,695,1636
564,2026-08-04T05:19:21Z,1785820761281827248,566,5680,15020,4,17,3929,5455318,200,0,381,0,0,695,1636
565,2026-08-04T05:19:22Z,1785820762284843449,567,5680,15020,4,17,3936,5456118,200,0,381,0,0,695,1636
566,2026-08-04T05:19:23Z,1785820763288610012,568,5680,15020,4,17,3944,5456917,200,0,381,0,0,695,1636
567,2026-08-04T05:19:24Z,1785820764292315980,569,5680,15020,4,17,3952,5457715,200,0,381,0,0,695,1636
568,2026-08-04T05:19:25Z,1785820765295868759,570,5680,15020,4,17,3958,5458515,200,0,381,0,0,695,1636
569,2026-08-04T05:19:26Z,1785820766299314554,571,5680,15020,4,17,3966,5459315,200,0,381,0,0,695,1636
570,2026-08-04T05:19:27Z,1785820767302991300,572,5680,15020,4,17,3973,5460115,200,0,381,0,0,695,1636
571,2026-08-04T05:19:28Z,1785820768306837466,573,5680,15020,4,17,3980,5460913,200,0,381,0,0,695,1636
572,2026-08-04T05:19:29Z,1785820769310751077,574,5680,15020,4,17,3987,5461713,200,0,381,0,0,695,1636
573,2026-08-04T05:19:30Z,1785820770315324715,575,5688,15020,4,19,3994,5462514,200,0,381,0,0,695,1636
574,2026-08-04T05:19:31Z,1785820771319130170,576,5688,15020,4,19,4002,5463312,200,0,381,0,0,695,1636
575,2026-08-04T05:19:32Z,1785820772321612181,577,5688,15020,4,19,4010,5464112,200,0,381,0,0,695,1636
576,2026-08-04T05:19:33Z,1785820773325729191,578,5688,15020,4,19,4016,5464909,200,0,381,0,0,695,1636
577,2026-08-04T05:19:34Z,1785820774329786352,579,5688,15020,4,19,4023,5465707,200,0,381,0,0,695,1636
578,2026-08-04T05:19:35Z,1785820775333873805,580,5688,15020,4,19,4031,5466507,200,0,381,0,0,695,1636
579,2026-08-04T05:19:36Z,1785820776338000758,581,5688,15020,4,19,4038,5467305,200,0,381,0,0,695,1636
580,2026-08-04T05:19:37Z,1785820777342427956,582,5688,15020,4,19,4046,5468106,200,0,381,0,0,695,1636
581,2026-08-04T05:19:38Z,1785820778345255648,583,5688,15020,4,19,4053,5468903,200,0,381,0,0,695,1636
582,2026-08-04T05:19:39Z,1785820779348900763,584,5688,15020,4,19,4061,5469703,200,0,381,0,0,695,1636
583,2026-08-04T05:19:40Z,1785820780352847234,585,5688,15020,4,19,4068,5470503,200,0,381,0,0,695,1636
584,2026-08-04T05:19:41Z,1785820781356538677,586,5688,15020,4,19,4075,5471301,200,0,381,0,0,695,1636
585,2026-08-04T05:19:42Z,1785820782360176266,587,5688,15020,4,19,4083,5472100,200,0,381,0,0,695,1636
586,2026-08-04T05:19:43Z,1785820783364093447,588,5688,15020,4,19,4090,5472900,200,0,381,0,0,695,1636
587,2026-08-04T05:19:44Z,1785820784368228538,589,5688,15020,4,19,4097,5473699,200,0,381,0,0,695,1636
588,2026-08-04T05:19:45Z,1785820785372590423,590,5688,15020,4,19,4105,5474499,200,0,381,0,0,695,1636
589,2026-08-04T05:19:46Z,1785820786375671988,591,5688,15020,4,19,4112,5475298,200,0,381,0,0,695,1636
590,2026-08-04T05:19:47Z,1785820787379804722,592,5688,15020,4,19,4120,5476095,200,0,381,0,0,695,1636
591,2026-08-04T05:19:48Z,1785820788383387725,593,5688,15020,4,19,4127,5476896,200,0,381,0,0,695,1636
592,2026-08-04T05:19:49Z,1785820789387111862,594,5688,15020,4,19,4134,5477695,200,0,381,0,0,695,1636
593,2026-08-04T05:19:50Z,1785820790390872598,595,5688,15020,4,19,4140,5478495,200,0,381,0,0,695,1636
594,2026-08-04T05:19:51Z,1785820791394929007,596,5688,15020,4,19,4148,5479295,200,0,381,0,0,695,1636
595,2026-08-04T05:19:52Z,1785820792398447148,597,5688,15020,4,19,4155,5480094,200,0,381,0,0,695,1636
596,2026-08-04T05:19:53Z,1785820793402245643,598,5688,15020,4,19,4163,5480893,200,0,381,0,0,695,1636
597,2026-08-04T05:19:54Z,1785820794405921989,599,5688,15020,4,19,4170,5481691,200,0,381,0,0,695,1636
598,2026-08-04T05:19:55Z,1785820795409523088,600,5688,15020,4,19,4177,5482491,200,0,381,0,0,695,1636
599,2026-08-04T05:19:56Z,1785820796413252901,601,5688,15020,4,19,4184,5483290,200,0,381,0,0,695,1636
600,2026-08-04T05:19:57Z,1785820797416913714,602,5688,15020,4,19,4191,5484089,200,0,381,0,0,695,1636
601,2026-08-04T05:19:58Z,1785820798420896007,603,5688,15020,4,19,4198,5484889,200,0,381,0,0,695,1636
602,2026-08-04T05:19:59Z,1785820799424704933,604,5688,15020,4,19,4206,5485686,200,0,381,0,0,695,1636
603,2026-08-04T05:20:00Z,1785820800428413465,605,5680,15020,4,17,4213,5486488,200,0,381,0,0,695,1636
604,2026-08-04T05:20:01Z,1785820801431915722,606,5680,15020,4,17,4221,5487288,200,0,381,0,0,695,1636
605,2026-08-04T05:20:02Z,1785820802435542601,607,5680,15020,4,17,4228,5488088,200,0,381,0,0,695,1636
606,2026-08-04T05:20:03Z,1785820803439278570,608,5680,15020,4,17,4236,5488888,200,0,381,0,0,695,1636
607,2026-08-04T05:20:04Z,1785820804443245969,609,5680,15020,4,17,4243,5489685,200,0,381,0,0,695,1636
608,2026-08-04T05:20:05Z,1785820805447255582,610,5680,15020,4,17,4250,5490487,200,0,381,0,0,695,1636
609,2026-08-04T05:20:06Z,1785820806450999644,611,5680,15020,4,17,4258,5491288,200,0,381,0,0,695,1636
610,2026-08-04T05:20:07Z,1785820807455177387,612,5680,15020,4,17,4266,5492086,200,0,381,0,0,695,1636
611,2026-08-04T05:20:08Z,1785820808458777264,613,5680,15020,4,17,4273,5492885,200,0,381,0,0,695,1636
612,2026-08-04T05:20:09Z,1785820809462706538,614,5680,15020,4,17,4280,5493686,200,0,381,0,0,695,1636
613,2026-08-04T05:20:10Z,1785820810466826504,615,5680,15020,4,17,4288,5494483,200,0,381,0,0,695,1636
614,2026-08-04T05:20:11Z,1785820811470402805,616,5680,15020,4,17,4295,5495281,200,0,381,0,0,695,1636
615,2026-08-04T05:20:12Z,1785820812474223088,617,5680,15020,4,17,4302,5496081,200,0,381,0,0,695,1636
616,2026-08-04T05:20:13Z,1785820813478221649,618,5680,15020,4,17,4309,5496882,200,0,381,0,0,695,1636
617,2026-08-04T05:20:14Z,1785820814482033881,619,5680,15020,4,17,4318,5497682,200,0,381,0,0,695,1636
618,2026-08-04T05:20:15Z,1785820815485911353,620,5680,15020,4,17,4325,5498483,200,0,381,0,0,695,1636
619,2026-08-04T05:20:16Z,1785820816489747994,621,5680,15020,4,17,4333,5499283,200,0,381,0,0,695,1636
620,2026-08-04T05:20:17Z,1785820817493003527,622,5680,15020,4,17,4340,5500081,200,0,381,0,0,695,1636
621,2026-08-04T05:20:18Z,1785820818496909231,623,5680,15020,4,17,4347,5500877,200,0,381,0,0,695,1636
622,2026-08-04T05:20:19Z,1785820819500963691,624,5680,15020,4,17,4354,5501678,200,0,381,0,0,695,1636
623,2026-08-04T05:20:20Z,1785820820504798088,625,5680,15020,4,17,4361,5502478,200,0,381,0,0,695,1636
624,2026-08-04T05:20:21Z,1785820821508508902,626,5680,15020,4,17,4368,5503280,200,0,381,0,0,695,1636
625,2026-08-04T05:20:22Z,1785820822512178244,627,5680,15020,4,17,4375,5504079,200,0,381,0,0,695,1636
626,2026-08-04T05:20:23Z,1785820823515673708,628,5680,15020,4,17,4383,5504880,200,0,381,0,0,695,1636
627,2026-08-04T05:20:24Z,1785820824519309932,629,5680,15020,4,17,4390,5505678,200,0,381,0,0,695,1636
628,2026-08-04T05:20:25Z,1785820825523246132,630,5680,15020,4,17,4397,5506480,200,0,381,0,0,695,1636
629,2026-08-04T05:20:26Z,1785820826526840620,631,5680,15020,4,17,4405,5507279,200,0,381,0,0,695,1636
630,2026-08-04T05:20:27Z,1785820827530147201,632,5680,15020,4,17,4411,5508081,200,0,381,0,0,695,1636
631,2026-08-04T05:20:28Z,1785820828533797189,633,5680,15020,4,17,4418,5508877,200,0,381,0,0,695,1636
632,2026-08-04T05:20:29Z,1785820829537484742,634,5680,15020,4,17,4426,5509677,200,0,381,0,0,695,1636
633,2026-08-04T05:20:30Z,1785820830541548129,635,5680,15020,4,17,4434,5510477,200,0,381,0,0,695,1636
634,2026-08-04T05:20:31Z,1785820831546252618,636,5680,15020,4,17,4442,5511281,200,0,381,0,0,695,1636
635,2026-08-04T05:20:32Z,1785820832548607581,637,5680,15020,4,17,4448,5512080,200,0,381,0,0,695,1636
636,2026-08-04T05:20:33Z,1785820833552344494,638,5676,15020,4,16,4456,5512880,200,0,381,0,0,695,1636
637,2026-08-04T05:20:34Z,1785820834555923213,639,5672,15020,4,15,4461,5513679,200,0,381,0,0,695,1636
638,2026-08-04T05:20:35Z,1785820835559361130,640,5624,15020,4,13,4466,5514479,200,0,381,0,0,695,1636
639,2026-08-04T05:20:36Z,1785820836562109008,641,5620,15020,4,12,4466,5515280,200,0,381,0,0,695,1636
640,2026-08-04T05:20:37Z,1785820837566465917,642,5292,15020,4,10,4466,5516083,200,0,381,0,0,695,1636
641,2026-08-04T05:20:38Z,1785820838569260255,643,5292,15020,4,10,4466,5516885,200,0,381,0,0,695,1636
642,2026-08-04T05:20:39Z,1785820839572820558,644,5292,15020,4,10,4466,5517688,200,0,381,0,0,695,1636
643,2026-08-04T05:20:40Z,1785820840576593408,645,5292,15020,4,10,4466,5518490,200,0,381,0,0,695,1636
644,2026-08-04T05:20:41Z,1785820841580124437,646,5292,15020,4,10,4467,5519292,200,0,381,0,0,695,1636
645,2026-08-04T05:20:42Z,1785820842583984224,647,5296,15020,4,11,4467,5520094,200,0,381,0,0,695,1636
646,2026-08-04T05:20:43Z,1785820843588225661,648,5300,15020,4,12,4468,5520896,200,0,381,0,0,695,1636
647,2026-08-04T05:20:44Z,1785820844592838671,649,5324,15020,4,13,4471,5521696,200,0,381,0,0,695,1636
648,2026-08-04T05:20:45Z,1785820845597172763,650,5328,15020,4,14,4476,5522494,200,0,381,0,0,695,1636
649,2026-08-04T05:20:46Z,1785820846599912605,651,5652,15020,4,15,4484,5523287,200,0,381,0,0,695,1636
650,2026-08-04T05:20:47Z,1785820847603853633,652,5664,15020,4,18,4492,5524083,200,0,381,0,0,695,1637
651,2026-08-04T05:20:48Z,1785820848608361295,653,5664,15020,4,18,4498,5524878,200,0,381,0,0,695,1638
652,2026-08-04T05:20:49Z,1785820849611132147,654,5664,15020,4,18,4506,5525674,200,0,381,0,0,695,1639
653,2026-08-04T05:20:50Z,1785820850614777646,655,5664,15020,4,18,4513,5526470,200,0,381,0,0,695,1640
654,2026-08-04T05:20:51Z,1785820851618776256,656,5664,15020,4,18,4521,5527267,200,0,381,0,0,695,1640
655,2026-08-04T05:20:52Z,1785820852622132545,657,5664,15020,4,18,4528,5528064,200,0,381,0,0,695,1640
656,2026-08-04T05:20:53Z,1785820853625709207,658,5664,15020,4,18,4536,5528859,200,0,381,0,0,695,1641
657,2026-08-04T05:20:54Z,1785820854629781176,659,5664,15020,4,18,4543,5529657,200,0,381,0,0,695,1641
658,2026-08-04T05:20:55Z,1785820855633788853,660,5664,15020,4,18,4550,5530453,200,0,381,0,0,695,1642
659,2026-08-04T05:20:56Z,1785820856637626990,661,5664,15020,4,18,4557,5531250,200,0,381,0,0,695,1642
660,2026-08-04T05:20:57Z,1785820857641591360,662,5664,15020,4,18,4565,5532045,200,0,381,0,0,695,1643
661,2026-08-04T05:20:58Z,1785820858645189259,663,5664,15020,4,18,4572,5532843,200,0,381,0,0,695,1644
662,2026-08-04T05:20:59Z,1785820859649593319,664,5664,15020,4,18,4580,5533639,200,0,381,0,0,695,1644
663,2026-08-04T05:21:00Z,1785820860653000999,665,5664,15020,4,18,4588,5534435,200,0,381,0,0,695,1644
664,2026-08-04T05:21:01Z,1785820861657022210,666,5664,15020,4,18,4595,5535231,200,0,381,0,0,695,1645
665,2026-08-04T05:21:02Z,1785820862661306799,667,5664,15020,4,18,4603,5536023,200,0,381,0,0,695,1646
666,2026-08-04T05:21:03Z,1785820863664572305,668,5664,15020,4,18,4611,5536820,200,0,381,0,0,695,1647
667,2026-08-04T05:21:04Z,1785820864668733472,669,5664,15020,4,18,4619,5537617,200,0,381,0,0,695,1647
668,2026-08-04T05:21:05Z,1785820865672846612,670,5664,15020,4,18,4626,5538413,200,0,381,0,0,695,1647
669,2026-08-04T05:21:06Z,1785820866676627083,671,5664,15020,4,18,4633,5539208,200,0,381,0,0,695,1647
670,2026-08-04T05:21:07Z,1785820867680607128,672,5664,15020,4,18,4640,5540004,200,0,381,0,0,695,1647
671,2026-08-04T05:21:08Z,1785820868684571613,673,5664,15020,4,18,4649,5540802,200,0,381,0,0,695,1648
672,2026-08-04T05:21:09Z,1785820869688072889,674,5664,15020,4,18,4655,5541596,200,0,381,0,0,695,1648
673,2026-08-04T05:21:10Z,1785820870691968820,675,5664,15020,4,18,4663,5542394,200,0,381,0,0,695,1649
674,2026-08-04T05:21:11Z,1785820871696097245,676,5664,15020,4,18,4670,5543191,200,0,381,0,0,695,1650
675,2026-08-04T05:21:12Z,1785820872699172257,677,5664,15020,4,18,4678,5543987,200,0,381,0,0,695,1650
676,2026-08-04T05:21:13Z,1785820873703210063,678,5664,15020,4,18,4685,5544785,200,0,381,0,0,695,1650
677,2026-08-04T05:21:14Z,1785820874707731956,679,5664,15020,4,18,4693,5545581,200,0,381,0,0,695,1650
678,2026-08-04T05:21:15Z,1785820875710912567,680,5664,15020,4,18,4701,5546376,200,0,381,0,0,695,1651
679,2026-08-04T05:21:16Z,1785820876714726980,681,5664,15020,4,18,4708,5547175,200,0,381,0,0,695,1651
680,2026-08-04T05:21:17Z,1785820877718540640,682,5664,15020,4,18,4716,5547971,200,0,381,0,0,695,1651
681,2026-08-04T05:21:18Z,1785820878722375472,683,5664,15020,4,18,4723,5548767,200,0,381,0,0,695,1651
682,2026-08-04T05:21:19Z,1785820879726404644,684,5664,15020,4,18,4731,5549564,200,0,381,0,0,695,1652
683,2026-08-04T05:21:20Z,1785820880730492507,685,5660,15020,4,17,4738,5550362,200,0,381,0,0,695,1652
684,2026-08-04T05:21:21Z,1785820881734169913,686,5660,15020,4,17,4745,5551160,200,0,381,0,0,695,1652
685,2026-08-04T05:21:22Z,1785820882738210560,687,5660,15020,4,17,4753,5551955,200,0,381,0,0,695,1653
686,2026-08-04T05:21:23Z,1785820883742051824,688,5660,15020,4,17,4761,5552749,200,0,381,0,0,695,1653
687,2026-08-04T05:21:24Z,1785820884745940197,689,5660,15020,4,17,4768,5553549,200,0,381,0,0,695,1654
688,2026-08-04T05:21:25Z,1785820885749603861,690,5660,15020,4,17,4775,5554344,200,0,381,0,0,695,1655
689,2026-08-04T05:21:26Z,1785820886753907289,691,5660,15020,4,17,4783,5555141,200,0,381,0,0,695,1656
690,2026-08-04T05:21:27Z,1785820887756969978,692,5660,15020,4,17,4790,5555936,200,0,381,0,0,695,1657
691,2026-08-04T05:21:28Z,1785820888760819386,693,5660,15020,4,17,4797,5556732,200,0,381,0,0,695,1658
692,2026-08-04T05:21:29Z,1785820889764945774,694,5660,15020,4,17,4804,5557529,200,0,381,0,0,695,1658
693,2026-08-04T05:21:30Z,1785820890769270961,695,5660,15020,4,17,4813,5558327,200,0,381,0,0,695,1659
694,2026-08-04T05:21:31Z,1785820891772032294,696,5660,15020,4,17,4820,5559122,200,0,381,0,0,695,1660
695,2026-08-04T05:21:32Z,1785820892775980801,697,5660,15020,4,17,4828,5559919,200,0,381,0,0,695,1661
696,2026-08-04T05:21:33Z,1785820893779835416,698,5660,15020,4,17,4835,5560716,200,0,381,0,0,695,1662
697,2026-08-04T05:21:34Z,1785820894783367065,699,5660,15020,4,17,4842,5561510,200,0,381,0,0,695,1663
698,2026-08-04T05:21:35Z,1785820895787362114,700,5660,15020,4,17,4850,5562309,200,0,381,0,0,695,1664
699,2026-08-04T05:21:36Z,1785820896791327282,701,5660,15020,4,17,4857,5563104,200,0,381,0,0,695,1665
700,2026-08-04T05:21:37Z,1785820897794994195,702,5660,15020,4,17,4865,5563902,200,0,381,0,0,695,1666
701,2026-08-04T05:21:38Z,1785820898798665767,703,5660,15020,4,17,4872,5564701,200,0,381,0,0,695,1667
702,2026-08-04T05:21:39Z,1785820899802598289,704,5660,15020,4,17,4880,5565495,200,0,381,0,0,695,1668
703,2026-08-04T05:21:40Z,1785820900806830253,705,5660,15020,4,17,4888,5566293,200,0,381,0,0,695,1668
704,2026-08-04T05:21:41Z,1785820901810885918,706,5660,15020,4,17,4894,5567088,200,0,381,0,0,695,1668
705,2026-08-04T05:21:42Z,1785820902814792060,707,5660,15020,4,17,4902,5567883,200,0,381,0,0,695,1668
706,2026-08-04T05:21:43Z,1785820903818941110,708,5660,15020,4,17,4909,5568679,200,0,381,0,0,695,1669
707,2026-08-04T05:21:44Z,1785820904823639849,709,5660,15020,4,17,4917,5569478,200,0,381,0,0,695,1670
708,2026-08-04T05:21:45Z,1785820905826919843,710,5660,15020,4,17,4925,5570275,200,0,381,0,0,695,1671
709,2026-08-04T05:21:46Z,1785820906830839451,711,5660,15020,4,17,4932,5571072,200,0,381,0,0,695,1672
710,2026-08-04T05:21:47Z,1785820907834431307,712,5660,15020,4,17,4940,5571868,200,0,381,0,0,695,1672
711,2026-08-04T05:21:48Z,1785820908838326645,713,5660,15020,4,17,4947,5572663,200,0,381,0,0,695,1672
712,2026-08-04T05:21:49Z,1785820909842130770,714,5660,15020,4,17,4955,5573460,200,0,381,0,0,695,1673
713,2026-08-04T05:21:50Z,1785820910846201760,715,5660,15020,4,17,4962,5574256,200,0,381,0,0,695,1673
714,2026-08-04T05:21:51Z,1785820911850036411,716,5660,15020,4,17,4970,5575053,200,0,381,0,0,695,1674
715,2026-08-04T05:21:52Z,1785820912853549151,717,5660,15020,4,17,4978,5575851,200,0,381,0,0,695,1674
716,2026-08-04T05:21:53Z,1785820913857766722,718,5660,15020,4,17,4985,5576650,200,0,381,0,0,695,1675
717,2026-08-04T05:21:54Z,1785820914860852223,719,5660,15020,4,17,4993,5577445,200,0,381,0,0,695,1676
718,2026-08-04T05:21:55Z,1785820915865067273,720,5660,15020,4,17,5001,5578243,200,0,381,0,0,695,1676
719,2026-08-04T05:21:56Z,1785820916869059418,721,5660,15020,4,17,5008,5579040,200,0,381,0,0,695,1676
720,2026-08-04T05:21:57Z,1785820917872769678,722,5660,15020,4,17,5015,5579836,200,0,381,0,0,695,1677
721,2026-08-04T05:21:58Z,1785820918876127560,723,5660,15020,4,17,5023,5580633,200,0,381,0,0,695,1677
722,2026-08-04T05:21:59Z,1785820919880824591,724,5660,15020,4,17,5031,5581430,200,0,381,0,0,695,1678
723,2026-08-04T05:22:00Z,1785820920884851155,725,5660,15020,4,17,5038,5582227,200,0,381,0,0,695,1679
724,2026-08-04T05:22:01Z,1785820921887873350,726,5660,15020,4,17,5046,5583021,200,0,381,0,0,695,1680
725,2026-08-04T05:22:02Z,1785820922891970851,727,5660,15020,4,17,5054,5583818,200,0,381,0,0,695,1680
726,2026-08-04T05:22:03Z,1785820923896082949,728,5660,15020,4,17,5062,5584612,200,0,381,0,0,695,1680
727,2026-08-04T05:22:04Z,1785820924900280044,729,5660,15020,4,17,5070,5585410,200,0,381,0,0,695,1680
728,2026-08-04T05:22:05Z,1785820925904065894,730,5660,15020,4,17,5077,5586208,200,0,381,0,0,695,1681
729,2026-08-04T05:22:06Z,1785820926908142917,731,5660,15020,4,17,5085,5587005,200,0,381,0,0,695,1681
730,2026-08-04T05:22:07Z,1785820927912309867,732,5660,15020,4,17,5092,5587802,200,0,381,0,0,695,1681
731,2026-08-04T05:22:08Z,1785820928916297044,733,5660,15020,4,17,5099,5588601,200,0,381,0,0,695,1681
732,2026-08-04T05:22:09Z,1785820929919906504,734,5660,15020,4,17,5107,5589400,200,0,381,0,0,695,1681
733,2026-08-04T05:22:10Z,1785820930923803384,735,5660,15020,4,17,5114,5590194,200,0,381,0,0,695,1682
734,2026-08-04T05:22:11Z,1785820931927426125,736,5660,15020,4,17,5122,5590989,200,0,381,0,0,695,1682
735,2026-08-04T05:22:12Z,1785820932932050572,737,5660,15020,4,17,5129,5591784,200,0,381,0,0,695,1682
736,2026-08-04T05:22:13Z,1785820933934827094,738,5660,15020,4,17,5136,5592581,200,0,381,0,0,695,1683
737,2026-08-04T05:22:14Z,1785820934939317842,739,5660,15020,4,17,5144,5593378,200,0,381,0,0,695,1684
738,2026-08-04T05:22:15Z,1785820935941860123,740,5660,15020,4,17,5152,5594173,200,0,381,0,0,695,1684
739,2026-08-04T05:22:16Z,1785820936945891815,741,5660,15020,4,17,5160,5594969,200,0,381,0,0,695,1685
740,2026-08-04T05:22:17Z,1785820937949880663,742,5660,15020,4,17,5167,5595769,200,0,381,0,0,695,1686
741,2026-08-04T05:22:18Z,1785820938953490462,743,5660,15020,4,17,5174,5596566,200,0,381,0,0,695,1687
742,2026-08-04T05:22:19Z,1785820939957522257,744,5660,15020,4,17,5182,5597362,200,0,381,0,0,695,1688
743,2026-08-04T05:22:20Z,1785820940961120711,745,5660,15020,4,17,5188,5598155,200,0,381,0,0,695,1688
744,2026-08-04T05:22:21Z,1785820941964813532,746,5660,15020,4,17,5196,5598953,200,0,381,0,0,695,1689
745,2026-08-04T05:22:22Z,1785820942968412426,747,5660,15020,4,17,5204,5599748,200,0,381,0,0,695,1690
746,2026-08-04T05:22:23Z,1785820943972341230,748,5660,15020,4,17,5211,5600543,200,0,381,0,0,695,1691
747,2026-08-04T05:22:24Z,1785820944976214360,749,5660,15020,4,17,5218,5601341,200,0,381,0,0,695,1692
748,2026-08-04T05:22:25Z,1785820945979936863,750,5660,15020,4,17,5226,5602139,200,0,381,0,0,695,1693
749,2026-08-04T05:22:26Z,1785820946983995154,751,5660,15020,4,17,5233,5602936,200,0,381,0,0,695,1693
750,2026-08-04T05:22:27Z,1785820947987887005,752,5660,15020,4,17,5240,5603732,200,0,381,0,0,695,1693
751,2026-08-04T05:22:28Z,1785820948992300535,753,5660,15020,4,17,5248,5604529,200,0,381,0,0,695,1694
752,2026-08-04T05:22:29Z,1785820949995868158,754,5660,15020,4,17,5256,5605323,200,0,381,0,0,695,1695
753,2026-08-04T05:22:30Z,1785820950999790098,755,5660,15020,4,17,5264,5606119,200,0,381,0,0,695,1696
754,2026-08-04T05:22:32Z,1785820952003700784,757,5660,15020,4,17,5273,5606916,200,0,381,0,0,695,1698
755,2026-08-04T05:22:33Z,1785820953007058670,758,5660,15020,4,17,5280,5607713,200,0,381,0,0,695,1699
756,2026-08-04T05:22:34Z,1785820954009969461,759,5660,15020,4,17,5288,5608509,200,0,381,0,0,695,1699
757,2026-08-04T05:22:35Z,1785820955014044564,760,5660,15020,4,17,5295,5609304,200,0,381,0,0,695,1699
758,2026-08-04T05:22:36Z,1785820956018082026,761,5660,15020,4,17,5302,5610103,200,0,381,0,0,695,1699
759,2026-08-04T05:22:37Z,1785820957022888328,762,5660,15020,4,17,5310,5610897,200,0,381,0,0,695,1699
760,2026-08-04T05:22:38Z,1785820958026086843,763,5660,15020,4,17,5317,5611695,200,0,381,0,0,695,1700
761,2026-08-04T05:22:39Z,1785820959029993515,764,5660,15020,4,17,5325,5612493,200,0,381,0,0,695,1700
762,2026-08-04T05:22:40Z,1785820960034200411,765,5660,15020,4,17,5332,5613291,200,0,381,0,0,695,1701
763,2026-08-04T05:22:41Z,1785820961037214176,766,5660,15020,4,17,5340,5614086,200,0,381,0,0,695,1702
764,2026-08-04T05:22:42Z,1785820962041341407,767,5656,15020,4,16,5347,5614882,200,0,381,0,0,695,1703
765,2026-08-04T05:22:43Z,1785820963044529068,768,5656,15020,4,16,5354,5615679,200,0,381,0,0,695,1703
766,2026-08-04T05:22:44Z,1785820964049132830,769,5628,15020,4,14,5360,5616477,200,0,381,0,0,695,1703
767,2026-08-04T05:22:45Z,1785820965053009195,770,5628,15020,4,14,5364,5617276,200,0,381,0,0,695,1703
768,2026-08-04T05:22:46Z,1785820966056135173,771,5296,15020,4,10,5364,5618078,200,0,381,0,0,695,1703
769,2026-08-04T05:22:47Z,1785820967059557017,772,5292,15020,4,10,5364,5618881,200,0,381,0,0,695,1703
770,2026-08-04T05:22:48Z,1785820968063384496,773,5292,15020,4,10,5364,5619684,200,0,381,0,0,695,1703
771,2026-08-04T05:22:49Z,1785820969066984248,774,5292,15020,4,10,5364,5620484,200,0,381,0,0,695,1703
772,2026-08-04T05:22:50Z,1785820970071451993,775,5292,15020,4,10,5364,5621287,200,0,381,0,0,695,1703
773,2026-08-04T05:22:51Z,1785820971073974913,776,5292,15020,4,10,5364,5622090,200,0,381,0,0,695,1703
774,2026-08-04T05:22:52Z,1785820972077624325,777,5296,15020,4,11,5364,5622891,200,0,381,0,0,695,1703
775,2026-08-04T05:22:53Z,1785820973081367542,778,5300,15020,4,12,5366,5623688,200,0,381,0,0,695,1703
776,2026-08-04T05:22:54Z,1785820974084951089,779,5324,15020,4,13,5369,5624487,200,0,381,0,0,695,1703
777,2026-08-04T05:22:55Z,1785820975089295635,780,5328,15020,4,14,5375,5625281,200,0,381,0,0,695,1703
778,2026-08-04T05:22:56Z,1785820976092915215,781,5652,15020,4,15,5382,5626080,200,0,381,0,0,695,1703
779,2026-08-04T05:22:57Z,1785820977097145982,782,5664,15020,4,18,5390,5626877,200,0,381,0,0,695,1704
780,2026-08-04T05:22:58Z,1785820978100884756,783,5664,15020,4,18,5397,5627674,200,0,381,0,0,695,1705
781,2026-08-04T05:22:59Z,1785820979105066978,784,5664,15020,4,18,5405,5628469,200,0,381,0,0,695,1706
782,2026-08-04T05:23:00Z,1785820980110075337,785,5664,15020,4,18,5412,5629265,200,0,381,0,0,695,1707
783,2026-08-04T05:23:01Z,1785820981112896368,786,5664,15020,4,18,5420,5630058,200,0,381,0,0,695,1708
784,2026-08-04T05:23:02Z,1785820982116702283,787,5664,15020,4,18,5427,5630853,200,0,381,0,0,695,1709
785,2026-08-04T05:23:03Z,1785820983120792658,788,5664,15020,4,18,5435,5631647,200,0,381,0,0,695,1709
786,2026-08-04T05:23:04Z,1785820984124938089,789,5664,15020,4,18,5442,5632443,200,0,381,0,0,695,1710
787,2026-08-04T05:23:05Z,1785820985128306971,790,5664,15020,4,18,5450,5633235,200,0,381,0,0,695,1711
788,2026-08-04T05:23:06Z,1785820986131897209,791,5664,15020,4,18,5458,5634029,200,0,381,0,0,695,1712
789,2026-08-04T05:23:07Z,1785820987135001305,792,5664,15020,4,18,5467,5634822,200,0,381,0,0,695,1712
790,2026-08-04T05:23:08Z,1785820988139254691,793,5664,15020,4,18,5474,5635619,200,0,381,0,0,695,1713
791,2026-08-04T05:23:09Z,1785820989143435057,794,5664,15020,4,18,5482,5636414,200,0,381,0,0,695,1713
792,2026-08-04T05:23:10Z,1785820990147546238,795,5664,15020,4,18,5489,5637214,200,0,381,0,0,695,1714
793,2026-08-04T05:23:11Z,1785820991151126835,796,5664,15020,4,18,5497,5638008,200,0,381,0,0,695,1714
794,2026-08-04T05:23:12Z,1785820992154734750,797,5664,15020,4,18,5503,5638804,200,0,381,0,0,695,1715
795,2026-08-04T05:23:13Z,1785820993158376946,798,5664,15020,4,18,5511,5639599,200,0,381,0,0,695,1716
796,2026-08-04T05:23:14Z,1785820994162932464,799,5664,15020,4,18,5519,5640395,200,0,381,0,0,695,1716
797,2026-08-04T05:23:15Z,1785820995165828129,800,5664,15020,4,18,5527,5641191,200,0,381,0,0,695,1716
798,2026-08-04T05:23:16Z,1785820996170345448,801,5664,15020,4,18,5534,5641990,200,0,381,0,0,695,1716
799,2026-08-04T05:23:17Z,1785820997172908453,802,5664,15020,4,18,5542,5642786,200,0,381,0,0,695,1716
800,2026-08-04T05:23:18Z,1785820998176598718,803,5664,15020,4,18,5549,5643581,200,0,381,0,0,695,1717
801,2026-08-04T05:23:19Z,1785820999180282405,804,5664,15020,4,18,5556,5644377,200,0,381,0,0,695,1717
802,2026-08-04T05:23:20Z,1785821000184062385,805,5664,15020,4,18,5563,5645175,200,0,381,0,0,695,1718
803,2026-08-04T05:23:21Z,1785821001188018760,806,5664,15020,4,18,5571,5645972,200,0,381,0,0,695,1719
804,2026-08-04T05:23:22Z,1785821002192085839,807,5664,15020,4,18,5578,5646768,200,0,381,0,0,695,1720
805,2026-08-04T05:23:23Z,1785821003195846765,808,5664,15020,4,18,5586,5647564,200,0,381,0,0,695,1720
806,2026-08-04T05:23:24Z,1785821004199239305,809,5664,15020,4,18,5593,5648360,200,0,381,0,0,695,1720
807,2026-08-04T05:23:25Z,1785821005203019746,810,5664,15020,4,18,5601,5649158,200,0,381,0,0,695,1720
808,2026-08-04T05:23:26Z,1785821006207042022,811,5664,15020,4,18,5608,5649953,200,0,381,0,0,695,1721
809,2026-08-04T05:23:27Z,1785821007211201328,812,5660,15020,4,17,5615,5650750,200,0,381,0,0,695,1722
810,2026-08-04T05:23:28Z,1785821008214999709,813,5660,15020,4,17,5623,5651547,200,0,381,0,0,695,1722
811,2026-08-04T05:23:29Z,1785821009218611753,814,5660,15020,4,17,5631,5652342,200,0,381,0,0,695,1722
812,2026-08-04T05:23:30Z,1785821010223054431,815,5660,15020,4,17,5638,5653140,200,0,381,0,0,695,1722
813,2026-08-04T05:23:31Z,1785821011226298445,816,5660,15020,4,17,5645,5653934,200,0,381,0,0,695,1723
814,2026-08-04T05:23:32Z,1785821012230236141,817,5660,15020,4,17,5653,5654731,200,0,381,0,0,695,1724
815,2026-08-04T05:23:33Z,1785821013234052875,818,5664,15020,4,18,5660,5655528,200,0,381,0,0,695,1724
816,2026-08-04T05:23:34Z,1785821014238291186,819,5664,15020,4,18,5668,5656322,200,0,381,0,0,695,1725
817,2026-08-04T05:23:35Z,1785821015242180731,820,5664,15020,4,18,5675,5657119,200,0,381,0,0,695,1726
818,2026-08-04T05:23:36Z,1785821016246163285,821,5664,15020,4,18,5683,5657914,200,0,381,0,0,695,1727
819,2026-08-04T05:23:37Z,1785821017250396948,822,5664,15020,4,18,5691,5658711,200,0,381,0,0,695,1728
820,2026-08-04T05:23:38Z,1785821018254154431,823,5664,15020,4,18,5698,5659507,200,0,381,0,0,695,1729
821,2026-08-04T05:23:39Z,1785821019258224952,824,5664,15020,4,18,5705,5660307,200,0,381,0,0,695,1729
822,2026-08-04T05:23:40Z,1785821020262149579,825,5664,15020,4,18,5713,5661101,200,0,381,0,0,695,1730
823,2026-08-04T05:23:41Z,1785821021265583458,826,5664,15020,4,18,5721,5661899,200,0,381,0,0,695,1731
824,2026-08-04T05:23:42Z,1785821022269518584,827,5664,15020,4,18,5728,5662696,200,0,381,0,0,695,1732
825,2026-08-04T05:23:43Z,1785821023273118274,828,5664,15020,4,18,5736,5663494,200,0,381,0,0,695,1733
826,2026-08-04T05:23:44Z,1785821024276887938,829,5664,15020,4,18,5743,5664290,200,0,381,0,0,695,1734
827,2026-08-04T05:23:45Z,1785821025281194518,830,5664,15020,4,18,5751,5665086,200,0,381,0,0,695,1735
828,2026-08-04T05:23:46Z,1785821026284169488,831,5664,15020,4,18,5758,5665881,200,0,381,0,0,695,1736
829,2026-08-04T05:23:47Z,1785821027287582819,832,5664,15020,4,18,5765,5666681,200,0,381,0,0,695,1736
830,2026-08-04T05:23:48Z,1785821028291626592,833,5664,15020,4,18,5773,5667474,200,0,381,0,0,695,1737
831,2026-08-04T05:23:49Z,1785821029295355047,834,5664,15020,4,18,5780,5668270,200,0,381,0,0,695,1738
832,2026-08-04T05:23:50Z,1785821030299263155,835,5664,15020,4,18,5788,5669066,200,0,381,0,0,695,1738
833,2026-08-04T05:23:51Z,1785821031303094709,836,5664,15020,4,18,5795,5669860,200,0,381,0,0,695,1739
834,2026-08-04T05:23:52Z,1785821032306886965,837,5664,15020,4,18,5802,5670657,200,0,381,0,0,695,1740
835,2026-08-04T05:23:53Z,1785821033310740959,838,5664,15020,4,18,5810,5671452,200,0,381,0,0,695,1740
836,2026-08-04T05:23:54Z,1785821034314963406,839,5664,15020,4,18,5817,5672248,200,0,381,0,0,695,1741
837,2026-08-04T05:23:55Z,1785821035319329292,840,5664,15020,4,18,5824,5673044,200,0,381,0,0,695,1742
838,2026-08-04T05:23:56Z,1785821036323264316,841,5664,15020,4,18,5831,5673838,200,0,381,0,0,695,1743
839,2026-08-04T05:23:57Z,1785821037327031231,842,5664,15020,4,18,5839,5674636,200,0,381,0,0,695,1744
840,2026-08-04T05:23:58Z,1785821038330783777,843,5664,15020,4,18,5846,5675432,200,0,381,0,0,695,1745
841,2026-08-04T05:23:59Z,1785821039334879273,844,5664,15020,4,18,5854,5676228,200,0,381,0,0,695,1746
842,2026-08-04T05:24:00Z,1785821040339506226,845,5664,15020,4,18,5861,5677026,200,0,381,0,0,695,1747
843,2026-08-04T05:24:01Z,1785821041342325282,846,5664,15020,4,18,5869,5677818,200,0,381,0,0,695,1747
844,2026-08-04T05:24:02Z,1785821042345893089,847,5664,15020,4,18,5877,5678612,200,0,381,0,0,695,1747
845,2026-08-04T05:24:03Z,1785821043349901447,848,5664,15020,4,18,5884,5679407,200,0,381,0,0,695,1748
846,2026-08-04T05:24:04Z,1785821044354017235,849,5664,15020,4,18,5892,5680201,200,0,381,0,0,695,1749
847,2026-08-04T05:24:05Z,1785821045358012405,850,5664,15020,4,18,5899,5680999,200,0,381,0,0,695,1750
848,2026-08-04T05:24:06Z,1785821046362302201,851,5664,15020,4,18,5906,5681796,200,0,381,0,0,695,1751
849,2026-08-04T05:24:07Z,1785821047366359641,852,5664,15020,4,18,5914,5682594,200,0,381,0,0,695,1751
850,2026-08-04T05:24:08Z,1785821048369695666,853,5664,15020,4,18,5922,5683389,200,0,381,0,0,695,1752
851,2026-08-04T05:24:09Z,1785821049373466049,854,5664,15020,4,18,5929,5684184,200,0,381,0,0,695,1753
852,2026-08-04T05:24:10Z,1785821050376810719,855,5664,15020,4,18,5936,5684982,200,0,381,0,0,695,1753
853,2026-08-04T05:24:11Z,1785821051380724203,856,5664,15020,4,18,5944,5685776,200,0,381,0,0,695,1753
854,2026-08-04T05:24:12Z,1785821052385263971,857,5664,15020,4,18,5952,5686573,200,0,381,0,0,695,1753
855,2026-08-04T05:24:13Z,1785821053388236826,858,5664,15020,4,18,5959,5687369,200,0,381,0,0,695,1753
856,2026-08-04T05:24:14Z,1785821054392370201,859,5664,15020,4,18,5967,5688164,200,0,381,0,0,695,1753
857,2026-08-04T05:24:15Z,1785821055396472186,860,5664,15020,4,18,5974,5688963,200,0,381,0,0,695,1753
858,2026-08-04T05:24:16Z,1785821056400785045,861,5664,15020,4,18,5982,5689756,200,0,381,0,0,695,1753
859,2026-08-04T05:24:17Z,1785821057405299658,862,5664,15020,4,18,5989,5690552,200,0,381,0,0,695,1754
860,2026-08-04T05:24:18Z,1785821058408074843,863,5660,15020,4,17,5997,5691346,200,0,381,0,0,695,1754
861,2026-08-04T05:24:19Z,1785821059412084092,864,5660,15020,4,17,6004,5692140,200,0,381,0,0,695,1754
862,2026-08-04T05:24:20Z,1785821060416023355,865,5660,15020,4,17,6011,5692939,200,0,381,0,0,695,1755
863,2026-08-04T05:24:21Z,1785821061419577431,866,5660,15020,4,17,6020,5693735,200,0,381,0,0,695,1755
864,2026-08-04T05:24:22Z,1785821062423302964,867,5660,15020,4,17,6027,5694529,200,0,381,0,0,695,1756
865,2026-08-04T05:24:23Z,1785821063426681057,868,5660,15020,4,17,6034,5695324,200,0,381,0,0,695,1756
866,2026-08-04T05:24:24Z,1785821064430396776,869,5660,15020,4,17,6041,5696121,200,0,381,0,0,695,1757
867,2026-08-04T05:24:25Z,1785821065435041043,870,5660,15020,4,17,6048,5696917,200,0,381,0,0,695,1757
868,2026-08-04T05:24:26Z,1785821066437972670,871,5660,15020,4,17,6055,5697714,200,0,382,0,0,695,1758
869,2026-08-04T05:24:27Z,1785821067441289704,872,5660,15020,4,17,6063,5698510,200,0,382,0,0,695,1759
870,2026-08-04T05:24:28Z,1785821068444783213,873,5660,15020,4,17,6070,5699305,200,0,382,0,0,695,1760
871,2026-08-04T05:24:29Z,1785821069448508652,874,5660,15020,4,17,6078,5700101,200,0,382,0,0,695,1761
872,2026-08-04T05:24:30Z,1785821070453011601,875,5660,15020,4,17,6085,5700901,200,0,382,0,0,695,1762
873,2026-08-04T05:24:31Z,1785821071456541324,876,5660,15020,4,17,6093,5701697,200,0,382,0,0,695,1762
874,2026-08-04T05:24:32Z,1785821072459356174,877,5660,15020,4,17,6101,5702493,200,0,382,0,0,695,1762
875,2026-08-04T05:24:33Z,1785821073462964398,878,5660,15020,4,17,6108,5703288,200,0,382,0,0,695,1763
876,2026-08-04T05:24:34Z,1785821074466769212,879,5660,15020,4,17,6115,5704085,200,0,382,0,0,695,1764
877,2026-08-04T05:24:35Z,1785821075470408311,880,5660,15020,4,17,6123,5704880,200,0,382,0,0,695,1765
878,2026-08-04T05:24:36Z,1785821076474203550,881,5660,15020,4,17,6130,5705676,200,0,382,0,0,695,1766
879,2026-08-04T05:24:37Z,1785821077478482090,882,5660,15020,4,17,6137,5706474,200,0,382,0,0,695,1767
880,2026-08-04T05:24:38Z,1785821078481418061,883,5660,15020,4,17,6145,5707269,200,0,382,0,0,695,1768
881,2026-08-04T05:24:39Z,1785821079485070144,884,5660,15020,4,17,6153,5708067,200,0,382,0,0,695,1769
882,2026-08-04T05:24:40Z,1785821080489108211,885,5660,15020,4,17,6159,5708863,200,0,382,0,0,695,1770
883,2026-08-04T05:24:41Z,1785821081493195363,886,5660,15020,4,17,6167,5709656,200,0,382,0,0,695,1771
884,2026-08-04T05:24:42Z,1785821082496856978,887,5660,15020,4,17,6174,5710455,200,0,382,0,0,695,1772
885,2026-08-04T05:24:43Z,1785821083500580459,888,5660,15020,4,17,6182,5711252,200,0,382,0,0,695,1772
886,2026-08-04T05:24:44Z,1785821084504671931,889,5660,15020,4,17,6190,5712048,200,0,382,0,0,695,1772
887,2026-08-04T05:24:45Z,1785821085508930340,890,5660,15020,4,17,6197,5712844,200,0,382,0,0,695,1772
888,2026-08-04T05:24:46Z,1785821086513222275,891,5660,15020,4,17,6205,5713640,200,0,382,0,0,695,1772
889,2026-08-04T05:24:47Z,1785821087517100923,892,5660,15020,4,17,6212,5714434,200,0,382,0,0,695,1773
890,2026-08-04T05:24:48Z,1785821088521205092,893,5660,15020,4,17,6220,5715232,200,0,382,0,0,695,1774
891,2026-08-04T05:24:49Z,1785821089525112526,894,5660,15020,4,17,6227,5716029,200,0,382,0,0,695,1775
892,2026-08-04T05:24:50Z,1785821090529148153,895,5660,15020,4,17,6235,5716825,200,0,382,0,0,695,1775
893,2026-08-04T05:24:51Z,1785821091533093885,896,5656,15020,4,16,6243,5717619,200,0,382,0,0,695,1776
894,2026-08-04T05:24:52Z,1785821092536802230,897,5652,15020,4,15,6250,5718415,200,0,382,0,0,695,1777
895,2026-08-04T05:24:53Z,1785821093540454007,898,5628,15020,4,14,6255,5719213,200,0,382,0,0,695,1778
896,2026-08-04T05:24:54Z,1785821094543511146,899,5620,15020,4,12,6258,5720014,200,0,382,0,0,695,1778
897,2026-08-04T05:24:55Z,1785821095547156910,900,5292,15020,4,10,6259,5720815,200,0,382,0,0,695,1778
898,2026-08-04T05:24:56Z,1785821096551045099,901,5292,15020,4,10,6259,5721617,200,0,382,0,0,695,1778
899,2026-08-04T05:24:57Z,1785821097554721355,902,5292,15020,4,10,6259,5722421,200,0,382,0,0,695,1778
900,2026-08-04T05:24:58Z,1785821098558460203,903,5292,15020,4,10,6259,5723222,200,0,382,0,0,695,1778
901,2026-08-04T05:24:59Z,1785821099562711558,904,5292,15020,4,10,6259,5724026,200,0,382,0,0,695,1778
902,2026-08-04T05:25:00Z,1785821100566065315,905,5292,15020,4,10,6259,5724828,200,0,382,0,0,695,1778
903,2026-08-04T05:25:01Z,1785821101569526027,906,5296,15020,4,11,6259,5725630,200,0,382,0,0,695,1778
904,2026-08-04T05:25:02Z,1785821102573219669,907,5300,15020,4,12,6261,5726427,200,0,382,0,0,695,1778
905,2026-08-04T05:25:03Z,1785821103576597522,908,5324,15020,4,13,6265,5727223,200,0,382,0,0,695,1778
906,2026-08-04T05:25:04Z,1785821104580581818,909,5328,15020,4,14,6272,5728016,200,0,382,0,0,695,1778
907,2026-08-04T05:25:05Z,1785821105584966532,910,5652,15020,4,15,6279,5728812,200,0,382,0,0,695,1778
908,2026-08-04T05:25:06Z,1785821106589755411,911,5664,15020,4,18,6287,5729608,200,0,382,0,0,695,1779
909,2026-08-04T05:25:07Z,1785821107593388919,912,5664,15020,4,18,6294,5730404,200,0,382,0,0,695,1780
910,2026-08-04T05:25:08Z,1785821108596879993,913,5664,15020,4,18,6301,5731198,200,0,382,0,0,695,1781
911,2026-08-04T05:25:09Z,1785821109599960487,914,5664,15020,4,18,6308,5731991,200,0,382,0,0,695,1782
912,2026-08-04T05:25:10Z,1785821110603526840,915,5664,15020,4,18,6316,5732786,200,0,382,0,0,695,1783
913,2026-08-04T05:25:11Z,1785821111607487216,916,5664,15020,4,18,6325,5733579,200,0,382,0,0,695,1784
914,2026-08-04T05:25:12Z,1785821112611133105,917,5664,15020,4,18,6332,5734373,200,0,382,0,0,695,1784
915,2026-08-04T05:25:13Z,1785821113615049342,918,5664,15020,4,18,6339,5735169,200,0,382,0,0,695,1784
916,2026-08-04T05:25:14Z,1785821114619070221,919,5664,15020,4,18,6346,5735963,200,0,382,0,0,695,1785
917,2026-08-04T05:25:15Z,1785821115623384751,920,5664,15020,4,18,6353,5736759,200,0,382,0,0,695,1786
918,2026-08-04T05:25:16Z,1785821116626323754,921,5664,15020,4,18,6361,5737555,200,0,382,0,0,695,1787
919,2026-08-04T05:25:17Z,1785821117630410335,922,5664,15020,4,18,6369,5738350,200,0,382,0,0,695,1787
920,2026-08-04T05:25:18Z,1785821118634083296,923,5664,15020,4,18,6376,5739146,200,0,382,0,0,695,1787
921,2026-08-04T05:25:19Z,1785821119637845568,924,5664,15020,4,18,6384,5739940,200,0,382,0,0,695,1788
922,2026-08-04T05:25:20Z,1785821120641422050,925,5664,15020,4,18,6391,5740734,200,0,382,0,0,695,1789
923,2026-08-04T05:25:21Z,1785821121645570577,926,5664,15020,4,18,6398,5741527,200,0,382,0,0,695,1790
924,2026-08-04T05:25:22Z,1785821122649623821,927,5664,15020,4,18,6405,5742322,200,0,382,0,0,695,1791
925,2026-08-04T05:25:23Z,1785821123653296791,928,5664,15020,4,18,6413,5743118,200,0,382,0,0,695,1792
926,2026-08-04T05:25:24Z,1785821124657516124,929,5664,15020,4,18,6421,5743910,200,0,382,0,0,695,1792
927,2026-08-04T05:25:25Z,1785821125661586394,930,5664,15020,4,18,6428,5744704,200,0,382,0,0,695,1793
928,2026-08-04T05:25:26Z,1785821126666246401,931,5664,15020,4,18,6436,5745499,200,0,382,0,0,695,1794
929,2026-08-04T05:25:27Z,1785821127669254066,932,5664,15020,4,18,6443,5746295,200,0,382,0,0,695,1794
930,2026-08-04T05:25:28Z,1785821128673346030,933,5664,15020,4,18,6450,5747091,200,0,382,0,0,695,1795
931,2026-08-04T05:25:29Z,1785821129677397099,934,5664,15020,4,18,6458,5747890,200,0,382,0,0,695,1795
932,2026-08-04T05:25:30Z,1785821130681431898,935,5664,15020,4,18,6465,5748686,200,0,382,0,0,695,1796
933,2026-08-04T05:25:31Z,1785821131686114139,936,5664,15020,4,18,6473,5749481,200,0,382,0,0,695,1797
934,2026-08-04T05:25:32Z,1785821132689230401,937,5664,15020,4,18,6481,5750274,200,0,382,0,0,695,1797
935,2026-08-04T05:25:33Z,1785821133693298524,938,5664,15020,4,18,6489,5751069,200,0,382,0,0,695,1798
936,2026-08-04T05:25:34Z,1785821134697366953,939,5664,15020,4,18,6495,5751862,200,0,382,0,0,695,1799
937,2026-08-04T05:25:35Z,1785821135701261164,940,5664,15020,4,18,6504,5752658,200,0,382,0,0,695,1799
938,2026-08-04T05:25:36Z,1785821136704696944,941,5664,15020,4,18,6511,5753453,200,0,382,0,0,695,1800
939,2026-08-04T05:25:37Z,1785821137708194327,942,5664,15020,4,18,6518,5754247,200,0,382,0,0,695,1801
940,2026-08-04T05:25:38Z,1785821138711914151,943,5664,15020,4,18,6525,5755038,200,0,382,0,0,695,1801
941,2026-08-04T05:25:39Z,1785821139715820069,944,5660,15020,4,17,6533,5755833,200,0,382,0,0,695,1801
942,2026-08-04T05:25:40Z,1785821140719909171,945,5660,15020,4,17,6541,5756629,200,0,382,0,0,695,1802
943,2026-08-04T05:25:41Z,1785821141723822935,946,5660,15020,4,17,6548,5757424,200,0,382,0,0,695,1803
944,2026-08-04T05:25:42Z,1785821142728137463,947,5660,15020,4,17,6555,5758221,200,0,382,0,0,695,1803
945,2026-08-04T05:25:43Z,1785821143732497916,948,5660,15020,4,17,6563,5759017,200,0,382,0,0,695,1804
946,2026-08-04T05:25:44Z,1785821144736020752,949,5660,15020,4,17,6570,5759813,200,0,382,0,0,695,1804
947,2026-08-04T05:25:45Z,1785821145738901601,950,5660,15020,4,17,6577,5760609,200,0,382,0,0,695,1805
948,2026-08-04T05:25:46Z,1785821146742760073,951,5660,15020,4,17,6585,5761403,200,0,382,0,0,695,1806
949,2026-08-04T05:25:47Z,1785821147746456023,952,5660,15020,4,17,6592,5762198,200,0,382,0,0,695,1806
950,2026-08-04T05:25:48Z,1785821148749925107,953,5660,15020,4,17,6600,5762994,200,0,382,0,0,695,1807
951,2026-08-04T05:25:49Z,1785821149753685985,954,5660,15020,4,17,6607,5763789,200,0,382,0,0,695,1808
952,2026-08-04T05:25:50Z,1785821150757630115,955,5660,15020,4,17,6614,5764583,200,0,382,0,0,695,1809
953,2026-08-04T05:25:51Z,1785821151761386693,956,5660,15020,4,17,6622,5765379,200,0,382,0,0,695,1810
954,2026-08-04T05:25:52Z,1785821152765342884,957,5660,15020,4,17,6629,5766174,200,0,382,0,0,695,1810
955,2026-08-04T05:25:53Z,1785821153768993438,958,5660,15020,4,17,6637,5766969,200,0,382,0,0,695,1810
956,2026-08-04T05:25:54Z,1785821154772623648,959,5660,15020,4,17,6644,5767761,200,0,382,0,0,695,1810
957,2026-08-04T05:25:55Z,1785821155776269013,960,5660,15020,4,17,6651,5768557,200,0,382,0,0,695,1810
958,2026-08-04T05:25:56Z,1785821156780061008,961,5660,15020,4,17,6659,5769351,200,0,382,0,0,695,1811
959,2026-08-04T05:25:57Z,1785821157784040282,962,5660,15020,4,17,6666,5770148,200,0,382,0,0,695,1812
960,2026-08-04T05:25:58Z,1785821158787977878,963,5660,15020,4,17,6673,5770945,200,0,382,0,0,695,1812
961,2026-08-04T05:25:59Z,1785821159792923044,964,5660,15020,4,17,6681,5771742,200,0,382,0,0,695,1813
962,2026-08-04T05:26:00Z,1785821160797348869,965,5660,15020,4,17,6689,5772536,200,0,382,0,0,695,1814
963,2026-08-04T05:26:01Z,1785821161800890123,966,5660,15020,4,17,6696,5773327,200,0,382,0,0,695,1815
964,2026-08-04T05:26:02Z,1785821162803076022,967,5660,15020,4,17,6704,5774122,200,0,382,0,0,695,1815
965,2026-08-04T05:26:03Z,1785821163807152084,968,5660,15020,4,17,6712,5774915,200,0,382,0,0,695,1816
966,2026-08-04T05:26:04Z,1785821164810984806,969,5660,15020,4,17,6719,5775711,200,0,382,0,0,695,1817
967,2026-08-04T05:26:05Z,1785821165815083175,970,5660,15020,4,17,6727,5776508,200,0,382,0,0,695,1817
968,2026-08-04T05:26:06Z,1785821166819010581,971,5660,15020,4,17,6734,5777303,200,0,382,0,0,695,1817
969,2026-08-04T05:26:07Z,1785821167822870061,972,5660,15020,4,17,6742,5778099,200,0,382,0,0,695,1817
970,2026-08-04T05:26:08Z,1785821168827279515,973,5660,15020,4,17,6749,5778897,200,0,382,0,0,695,1817
971,2026-08-04T05:26:09Z,1785821169830224754,974,5660,15020,4,17,6757,5779690,200,0,382,0,0,695,1817
972,2026-08-04T05:26:10Z,1785821170834178813,975,5660,15020,4,17,6764,5780486,200,0,382,0,0,695,1817
973,2026-08-04T05:26:11Z,1785821171838713294,976,5660,15020,4,17,6772,5781282,200,0,382,0,0,695,1817
974,2026-08-04T05:26:12Z,1785821172841691906,977,5660,15020,4,17,6780,5782080,200,0,382,0,0,695,1818
975,2026-08-04T05:26:13Z,1785821173845385845,978,5660,15020,4,17,6787,5782873,200,0,382,0,0,695,1818
976,2026-08-04T05:26:14Z,1785821174850020034,979,5660,15020,4,17,6795,5783668,200,0,382,0,0,695,1819
977,2026-08-04T05:26:15Z,1785821175853548272,980,5660,15020,4,17,6803,5784464,200,0,382,0,0,695,1820
978,2026-08-04T05:26:16Z,1785821176856912573,981,5660,15020,4,17,6811,5785258,200,0,382,0,0,695,1820
979,2026-08-04T05:26:17Z,1785821177861081201,982,5660,15020,4,17,6818,5786051,200,0,382,0,0,695,1821
980,2026-08-04T05:26:18Z,1785821178863733339,983,5660,15020,4,17,6826,5786846,200,0,382,0,0,695,1822
981,2026-08-04T05:26:19Z,1785821179867797296,984,5660,15020,4,17,6833,5787641,200,0,382,0,0,695,1823
982,2026-08-04T05:26:20Z,1785821180871229291,985,5660,15020,4,17,6840,5788435,200,0,382,0,0,695,1824
983,2026-08-04T05:26:21Z,1785821181875373719,986,5660,15020,4,17,6849,5789230,200,0,382,0,0,695,1825
984,2026-08-04T05:26:22Z,1785821182879704266,987,5660,15020,4,17,6856,5790027,200,0,382,0,0,695,1825
985,2026-08-04T05:26:23Z,1785821183883567905,988,5660,15020,4,17,6863,5790820,200,0,382,0,0,695,1825
986,2026-08-04T05:26:24Z,1785821184887699239,989,5660,15020,4,17,6871,5791614,200,0,382,0,0,695,1826
987,2026-08-04T05:26:25Z,1785821185891771237,990,5660,15020,4,17,6878,5792409,200,0,382,0,0,695,1826
988,2026-08-04T05:26:26Z,1785821186895443833,991,5660,15020,4,17,6886,5793204,200,0,382,0,0,695,1826
989,2026-08-04T05:26:27Z,1785821187898805300,992,5660,15020,4,17,6894,5793998,200,0,382,0,0,695,1826
990,2026-08-04T05:26:28Z,1785821188902570419,993,5660,15020,4,17,6901,5794793,200,0,382,0,0,695,1826
991,2026-08-04T05:26:29Z,1785821189907034273,994,5660,15020,4,17,6908,5795587,200,0,382,0,0,695,1826
992,2026-08-04T05:26:30Z,1785821190910156195,995,5660,15020,4,17,6916,5796380,200,0,382,0,0,695,1826
993,2026-08-04T05:26:31Z,1785821191913832481,996,5660,15020,4,17,6923,5797174,200,0,382,0,0,695,1827
994,2026-08-04T05:26:32Z,1785821192917756563,997,5660,15020,4,17,6931,5797969,200,0,382,0,0,695,1828
995,2026-08-04T05:26:33Z,1785821193921817381,998,5660,15020,4,17,6938,5798766,200,0,382,0,0,695,1828
996,2026-08-04T05:26:34Z,1785821194927197857,999,5660,15020,4,17,6945,5799561,200,0,382,0,0,695,1828
997,2026-08-04T05:26:35Z,1785821195929774348,1000,5660,15020,4,17,6953,5800355,200,0,382,0,0,695,1829
998,2026-08-04T05:26:36Z,1785821196933729719,1001,5660,15020,4,17,6961,5801151,200,0,382,0,0,695,1830
999,2026-08-04T05:26:37Z,1785821197937574748,1002,5660,15020,4,17,6968,5801945,200,0,382,0,0,695,1831
1000,2026-08-04T05:26:38Z,1785821198941571604,1003,5660,15020,4,17,6976,5802741,200,0,382,0,0,695,1831
1001,2026-08-04T05:26:39Z,1785821199945367063,1004,5660,15020,4,17,6983,5803535,200,0,382,0,0,695,1831
1002,2026-08-04T05:26:40Z,1785821200949456193,1005,5660,15020,4,17,6991,5804331,200,0,382,0,0,695,1832
1003,2026-08-04T05:26:41Z,1785821201953447403,1006,5660,15020,4,17,6998,5805127,200,0,382,0,0,695,1832
1004,2026-08-04T05:26:42Z,1785821202957703810,1007,5660,15020,4,17,7005,5805923,200,0,382,0,0,695,1832
1005,2026-08-04T05:26:43Z,1785821203961290383,1008,5660,15020,4,17,7013,5806716,200,0,382,0,0,695,1833
1006,2026-08-04T05:26:44Z,1785821204965748807,1009,5660,15020,4,17,7020,5807513,200,0,382,0,0,695,1833
1007,2026-08-04T05:26:45Z,1785821205968739968,1010,5660,15020,4,17,7027,5808309,200,0,382,0,0,695,1833
1008,2026-08-04T05:26:46Z,1785821206972381611,1011,5660,15020,4,17,7035,5809104,200,0,382,0,0,695,1834
1009,2026-08-04T05:26:47Z,1785821207976214845,1012,5660,15020,4,17,7042,5809901,200,0,382,0,0,695,1835
1010,2026-08-04T05:26:48Z,1785821208980344110,1013,5660,15020,4,17,7050,5810696,200,0,382,0,0,695,1835
1011,2026-08-04T05:26:49Z,1785821209984061100,1014,5660,15020,4,17,7057,5811491,200,0,382,0,0,695,1835
1012,2026-08-04T05:26:50Z,1785821210988061660,1015,5660,15020,4,17,7064,5812286,200,0,382,0,0,695,1835
1013,2026-08-04T05:26:51Z,1785821211991250054,1016,5660,15020,4,17,7072,5813082,200,0,382,0,0,695,1836
1014,2026-08-04T05:26:52Z,1785821212995509049,1017,5660,15020,4,17,7080,5813878,200,0,382,0,0,695,1837
1015,2026-08-04T05:26:53Z,1785821213999565988,1018,5660,15020,4,17,7086,5814673,200,0,382,0,0,695,1838
1016,2026-08-04T05:26:55Z,1785821215003677548,1020,5660,15020,4,17,7094,5815468,200,0,382,0,0,695,1838
1017,2026-08-04T05:26:56Z,1785821216008513737,1021,5660,15020,4,17,7101,5816265,200,0,382,0,0,695,1838
1018,2026-08-04T05:26:57Z,1785821217011702614,1022,5660,15020,4,17,7109,5817061,200,0,382,0,0,695,1838
1019,2026-08-04T05:26:58Z,1785821218015368880,1023,5660,15020,4,17,7115,5817854,200,0,382,0,0,695,1838
1020,2026-08-04T05:26:59Z,1785821219019044273,1024,5660,15020,4,17,7123,5818647,200,0,382,0,0,695,1839
1021,2026-08-04T05:27:00Z,1785821220023367484,1025,5660,15020,4,17,7131,5819444,200,0,382,0,0,695,1839
1022,2026-08-04T05:27:01Z,1785821221028099101,1026,5656,15020,4,16,7138,5820241,200,0,382,0,0,695,1840
1023,2026-08-04T05:27:02Z,1785821222031033554,1027,5652,15020,4,15,7145,5821036,200,0,382,0,0,695,1841
1024,2026-08-04T05:27:03Z,1785821223034764483,1028,5628,15020,4,14,7150,5821834,200,0,382,0,0,695,1842
1025,2026-08-04T05:27:04Z,1785821224037466133,1029,5620,15020,4,12,7152,5822635,200,0,382,0,0,695,1842
1026,2026-08-04T05:27:05Z,1785821225041474452,1030,5292,15020,4,10,7154,5823438,200,0,382,0,0,695,1842
1027,2026-08-04T05:27:06Z,1785821226045367431,1031,5292,15020,4,10,7154,5824240,200,0,382,0,0,695,1842
1028,2026-08-04T05:27:07Z,1785821227049009682,1032,5292,15020,4,10,7154,5825041,200,0,382,0,0,695,1842
1029,2026-08-04T05:27:08Z,1785821228052853271,1033,5292,15020,4,10,7154,5825844,200,0,382,0,0,695,1842
1030,2026-08-04T05:27:09Z,1785821229057002774,1034,5292,15020,4,10,7154,5826648,200,0,382,0,0,695,1842
1031,2026-08-04T05:27:10Z,1785821230059874425,1035,5296,15020,4,11,7154,5827449,200,0,382,0,0,695,1842
1032,2026-08-04T05:27:11Z,1785821231064183979,1036,5300,15020,4,12,7154,5828251,200,0,382,0,0,695,1842
1033,2026-08-04T05:27:12Z,1785821232067886291,1037,5324,15020,4,13,7156,5829050,200,0,382,0,0,695,1842
1034,2026-08-04T05:27:13Z,1785821233072125925,1038,5328,15020,4,14,7159,5829849,200,0,382,0,0,695,1842
1035,2026-08-04T05:27:14Z,1785821234074992957,1039,5652,15020,4,15,7166,5830643,200,0,382,0,0,695,1842
1036,2026-08-04T05:27:15Z,1785821235079792100,1040,5664,15020,4,18,7174,5831439,200,0,382,0,0,695,1843
1037,2026-08-04T05:27:16Z,1785821236083250067,1041,5664,15020,4,18,7182,5832233,200,0,382,0,0,695,1843
1038,2026-08-04T05:27:17Z,1785821237086089438,1042,5664,15020,4,18,7189,5833029,200,0,382,0,0,695,1844
1039,2026-08-04T05:27:18Z,1785821238090031789,1043,5664,15020,4,18,7197,5833825,200,0,382,0,0,695,1845
1040,2026-08-04T05:27:19Z,1785821239094085775,1044,5664,15020,4,18,7204,5834621,200,0,382,0,0,695,1846
1041,2026-08-04T05:27:20Z,1785821240098201144,1045,5664,15020,4,18,7211,5835419,200,0,382,0,0,695,1846
1042,2026-08-04T05:27:21Z,1785821241102539722,1046,5664,15020,4,18,7219,5836214,200,0,382,0,0,695,1847
1043,2026-08-04T05:27:22Z,1785821242105231190,1047,5664,15020,4,18,7227,5837010,200,0,382,0,0,695,1847
1044,2026-08-04T05:27:23Z,1785821243108986082,1048,5664,15020,4,18,7234,5837804,200,0,382,0,0,695,1848
1045,2026-08-04T05:27:24Z,1785821244112542952,1049,5664,15020,4,18,7241,5838601,200,0,382,0,0,695,1848
1046,2026-08-04T05:27:25Z,1785821245116571159,1050,5664,15020,4,18,7249,5839396,200,0,382,0,0,695,1848
1047,2026-08-04T05:27:26Z,1785821246120273652,1051,5664,15020,4,18,7256,5840192,200,0,382,0,0,695,1849
1048,2026-08-04T05:27:27Z,1785821247123975438,1052,5664,15020,4,18,7264,5840990,200,0,382,0,0,695,1849
1049,2026-08-04T05:27:28Z,1785821248127698430,1053,5664,15020,4,18,7271,5841782,200,0,382,0,0,695,1850
1050,2026-08-04T05:27:29Z,1785821249131369788,1054,5664,15020,4,18,7278,5842578,200,0,382,0,0,695,1850
1051,2026-08-04T05:27:30Z,1785821250135803257,1055,5664,15020,4,18,7286,5843375,200,0,382,0,0,695,1851
1052,2026-08-04T05:27:31Z,1785821251139485373,1056,5664,15020,4,18,7294,5844171,200,0,382,0,0,695,1852
1053,2026-08-04T05:27:32Z,1785821252142090890,1057,5664,15020,4,18,7301,5844963,200,0,382,0,0,695,1853
1054,2026-08-04T05:27:33Z,1785821253146230180,1058,5664,15020,4,18,7308,5845757,200,0,382,0,0,695,1854
1055,2026-08-04T05:27:34Z,1785821254149766427,1059,5664,15020,4,18,7316,5846551,200,0,382,0,0,695,1854
1056,2026-08-04T05:27:35Z,1785821255154061505,1060,5664,15020,4,18,7323,5847348,200,0,382,0,0,695,1854
1057,2026-08-04T05:27:36Z,1785821256157863706,1061,5664,15020,4,18,7331,5848143,200,0,382,0,0,695,1855
1058,2026-08-04T05:27:37Z,1785821257162028254,1062,5664,15020,4,18,7338,5848938,200,0,382,0,0,695,1856
1059,2026-08-04T05:27:38Z,1785821258165035456,1063,5664,15020,4,18,7345,5849733,200,0,382,0,0,695,1857
1060,2026-08-04T05:27:39Z,1785821259169154821,1064,5664,15020,4,18,7353,5850530,200,0,382,0,0,695,1858
1061,2026-08-04T05:27:40Z,1785821260173094832,1065,5664,15020,4,18,7360,5851326,200,0,382,0,0,695,1859
1062,2026-08-04T05:27:41Z,1785821261177387695,1066,5664,15020,4,18,7367,5852120,200,0,382,0,0,695,1859
1063,2026-08-04T05:27:42Z,1785821262180044749,1067,5664,15020,4,18,7375,5852912,200,0,382,0,0,695,1859
1064,2026-08-04T05:27:43Z,1785821263184127142,1068,5664,15020,4,18,7383,5853711,200,0,382,0,0,695,1860
1065,2026-08-04T05:27:44Z,1785821264188016209,1069,5664,15020,4,18,7391,5854506,200,0,382,0,0,695,1861
1066,2026-08-04T05:27:45Z,1785821265192405858,1070,5660,15020,4,17,7398,5855300,200,0,382,0,0,695,1862
1067,2026-08-04T05:27:46Z,1785821266196161650,1071,5660,15020,4,17,7406,5856094,200,0,382,0,0,695,1863
1068,2026-08-04T05:27:47Z,1785821267199165153,1072,5660,15020,4,17,7414,5856888,200,0,382,0,0,695,1864
1069,2026-08-04T05:27:48Z,1785821268202762925,1073,5660,15020,4,17,7421,5857683,200,0,382,0,0,695,1864
1070,2026-08-04T05:27:49Z,1785821269206727129,1074,5660,15020,4,17,7428,5858480,200,0,382,0,0,695,1864
1071,2026-08-04T05:27:50Z,1785821270210762987,1075,5660,15020,4,17,7435,5859275,200,0,382,0,0,695,1864
1072,2026-08-04T05:27:51Z,1785821271214724467,1076,5660,15020,4,17,7443,5860069,200,0,382,0,0,695,1864
1073,2026-08-04T05:27:52Z,1785821272218235967,1077,5660,15020,4,17,7451,5860860,200,0,382,0,0,695,1864
1074,2026-08-04T05:27:53Z,1785821273221933837,1078,5660,15020,4,17,7458,5861659,200,0,382,0,0,695,1864
1075,2026-08-04T05:27:54Z,1785821274225899983,1079,5660,15020,4,17,7465,5862454,200,0,382,0,0,695,1864
1076,2026-08-04T05:27:55Z,1785821275229767742,1080,5660,15020,4,17,7472,5863252,200,0,382,0,0,695,1864
1077,2026-08-04T05:27:56Z,1785821276233979352,1081,5660,15020,4,17,7480,5864049,200,0,382,0,0,695,1864
1078,2026-08-04T05:27:57Z,1785821277237547314,1082,5660,15020,4,17,7487,5864844,200,0,382,0,0,695,1864
1079,2026-08-04T05:27:58Z,1785821278241048236,1083,5660,15020,4,17,7495,5865639,200,0,382,0,0,695,1865
1080,2026-08-04T05:27:59Z,1785821279244770488,1084,5660,15020,4,17,7502,5866435,200,0,382,0,0,695,1865
1081,2026-08-04T05:28:00Z,1785821280248994217,1085,5660,15020,4,17,7510,5867229,200,0,382,0,0,695,1866
1082,2026-08-04T05:28:01Z,1785821281253846618,1086,5660,15020,4,17,7517,5868025,200,0,382,0,0,695,1867
1083,2026-08-04T05:28:02Z,1785821282256780158,1087,5660,15020,4,17,7525,5868818,200,0,382,0,0,695,1867
1084,2026-08-04T05:28:03Z,1785821283260841619,1088,5660,15020,4,17,7532,5869616,200,0,382,0,0,695,1868
1085,2026-08-04T05:28:04Z,1785821284264156404,1089,5660,15020,4,17,7540,5870410,200,0,382,0,0,695,1868
1086,2026-08-04T05:28:05Z,1785821285267741338,1090,5660,15020,4,17,7547,5871208,200,0,382,0,0,695,1868
1087,2026-08-04T05:28:06Z,1785821286271484453,1091,5660,15020,4,17,7555,5872001,200,0,382,0,0,695,1868
1088,2026-08-04T05:28:07Z,1785821287274729790,1092,5660,15020,4,17,7563,5872799,200,0,382,0,0,695,1868
1089,2026-08-04T05:28:08Z,1785821288279233965,1093,5660,15020,4,17,7570,5873594,200,0,382,0,0,695,1868
1090,2026-08-04T05:28:09Z,1785821289282886654,1094,5660,15020,4,17,7578,5874391,200,0,382,0,0,695,1869
1091,2026-08-04T05:28:10Z,1785821290286572609,1095,5660,15020,4,17,7585,5875186,200,0,382,0,0,695,1870
1092,2026-08-04T05:28:11Z,1785821291290638474,1096,5660,15020,4,17,7593,5875981,200,0,382,0,0,695,1871
1093,2026-08-04T05:28:12Z,1785821292294293468,1097,5660,15020,4,17,7599,5876773,200,0,382,0,0,695,1872
1094,2026-08-04T05:28:13Z,1785821293297467635,1098,5660,15020,4,17,7607,5877569,200,0,382,0,0,695,1873
1095,2026-08-04T05:28:14Z,1785821294302373844,1099,5660,15020,4,17,7614,5878365,200,0,382,0,0,695,1874
1096,2026-08-04T05:28:15Z,1785821295306934790,1100,5660,15020,4,17,7622,5879157,200,0,382,0,0,695,1874
1097,2026-08-04T05:28:16Z,1785821296310854784,1101,5660,15020,4,17,7630,5879953,200,0,382,0,0,695,1875
1098,2026-08-04T05:28:17Z,1785821297313797859,1102,5660,15020,4,17,7637,5880748,200,0,382,0,0,695,1876
1099,2026-08-04T05:28:18Z,1785821298318133291,1103,5660,15020,4,17,7645,5881544,200,0,382,0,0,695,1876
1100,2026-08-04T05:28:19Z,1785821299321231970,1104,5660,15020,4,17,7653,5882338,200,0,382,0,0,695,1876
1101,2026-08-04T05:28:20Z,1785821300325051743,1105,5660,15020,4,17,7661,5883134,200,0,382,0,0,695,1877
1102,2026-08-04T05:28:21Z,1785821301328684936,1106,5660,15020,4,17,7668,5883928,200,0,382,0,0,695,1878
1103,2026-08-04T05:28:22Z,1785821302332175791,1107,5660,15020,4,17,7675,5884722,200,0,382,0,0,695,1879
1104,2026-08-04T05:28:23Z,1785821303335813640,1108,5660,15020,4,17,7683,5885516,200,0,382,0,0,695,1879
1105,2026-08-04T05:28:24Z,1785821304338863960,1109,5660,15020,4,17,7690,5886310,200,0,382,0,0,695,1880
1106,2026-08-04T05:28:25Z,1785821305342433950,1110,5660,15020,4,17,7697,5887106,200,0,382,0,0,695,1880
1107,2026-08-04T05:28:26Z,1785821306345720999,1111,5660,15020,4,17,7704,5887901,200,0,382,0,0,695,1881
1108,2026-08-04T05:28:27Z,1785821307348962222,1112,5660,15020,4,17,7712,5888697,200,0,382,0,0,695,1882
1109,2026-08-04T05:28:28Z,1785821308352772645,1113,5660,15020,4,17,7720,5889493,200,0,382,0,0,695,1883
1110,2026-08-04T05:28:29Z,1785821309356270976,1114,5660,15020,4,17,7727,5890288,200,0,382,0,0,695,1884
1111,2026-08-04T05:28:30Z,1785821310360793254,1115,5660,15020,4,17,7734,5891083,200,0,382,0,0,695,1885
1112,2026-08-04T05:28:31Z,1785821311364534704,1116,5660,15020,4,17,7742,5891878,200,0,382,0,0,695,1885
1113,2026-08-04T05:28:32Z,1785821312366894307,1117,5660,15020,4,17,7749,5892671,200,0,382,0,0,695,1886
1114,2026-08-04T05:28:33Z,1785821313370997725,1118,5660,15020,4,17,7758,5893469,200,0,383,0,0,695,1886
1115,2026-08-04T05:28:34Z,1785821314374733203,1119,5660,15020,4,17,7764,5894261,200,0,383,0,0,695,1886
1116,2026-08-04T05:28:35Z,1785821315378530736,1120,5660,15020,4,17,7772,5895057,200,0,383,0,0,695,1886
1117,2026-08-04T05:28:36Z,1785821316382194772,1121,5660,15020,4,17,7780,5895851,200,0,383,0,0,695,1887
1118,2026-08-04T05:28:37Z,1785821317386160947,1122,5660,15020,4,17,7787,5896646,200,0,383,0,0,695,1887
1119,2026-08-04T05:28:38Z,1785821318389812763,1123,5660,15020,4,17,7794,5897443,200,0,383,0,0,695,1887
1120,2026-08-04T05:28:39Z,1785821319393130288,1124,5660,15020,4,17,7802,5898240,200,0,383,0,0,695,1887
1121,2026-08-04T05:28:40Z,1785821320397813528,1125,5660,15020,4,17,7809,5899035,200,0,383,0,0,695,1887
1122,2026-08-04T05:28:41Z,1785821321400761088,1126,5660,15020,4,17,7816,5899830,200,0,383,0,0,695,1887
1123,2026-08-04T05:28:42Z,1785821322404524194,1127,5660,15020,4,17,7824,5900627,200,0,383,0,0,695,1887
1124,2026-08-04T05:28:43Z,1785821323408717297,1128,5660,15020,4,17,7832,5901421,200,0,383,0,0,695,1888
1125,2026-08-04T05:28:44Z,1785821324412904732,1129,5660,15020,4,17,7839,5902217,200,0,383,0,0,695,1889
1126,2026-08-04T05:28:45Z,1785821325417368088,1130,5660,15020,4,17,7847,5903010,200,0,383,0,0,695,1889
1127,2026-08-04T05:28:46Z,1785821326420422902,1131,5660,15020,4,17,7855,5903808,200,0,383,0,0,695,1889
1128,2026-08-04T05:28:47Z,1785821327424173283,1132,5660,15020,4,17,7861,5904604,200,0,383,0,0,695,1890
1129,2026-08-04T05:28:48Z,1785821328428559465,1133,5660,15020,4,17,7869,5905397,200,0,383,0,0,695,1891
1130,2026-08-04T05:28:49Z,1785821329431393142,1134,5660,15020,4,17,7876,5906194,200,0,383,0,0,695,1891
1131,2026-08-04T05:28:50Z,1785821330435107833,1135,5660,15020,4,17,7884,5906990,200,0,383,0,0,695,1892
1132,2026-08-04T05:28:51Z,1785821331438727395,1136,5660,15020,4,17,7891,5907786,200,0,383,0,0,695,1892
1133,2026-08-04T05:28:52Z,1785821332442702105,1137,5660,15020,4,17,7898,5908580,200,0,383,0,0,695,1893
1134,2026-08-04T05:28:53Z,1785821333447110630,1138,5660,15020,4,17,7906,5909374,200,0,383,0,0,695,1894
1135,2026-08-04T05:28:54Z,1785821334450108075,1139,5660,15020,4,17,7913,5910168,200,0,383,0,0,695,1894
1136,2026-08-04T05:28:55Z,1785821335453839722,1140,5660,15020,4,17,7921,5910964,200,0,383,0,0,695,1895
1137,2026-08-04T05:28:56Z,1785821336457754715,1141,5660,15020,4,17,7929,5911761,200,0,383,0,0,695,1896
1138,2026-08-04T05:28:57Z,1785821337461719755,1142,5660,15020,4,17,7936,5912557,200,0,383,0,0,695,1896
1139,2026-08-04T05:28:58Z,1785821338464730403,1143,5660,15020,4,17,7944,5913349,200,0,383,0,0,695,1897
1140,2026-08-04T05:28:59Z,1785821339468010080,1144,5660,15020,4,17,7951,5914145,200,0,383,0,0,695,1898
1141,2026-08-04T05:29:00Z,1785821340472232588,1145,5660,15020,4,17,7958,5914941,200,0,383,0,0,695,1898
1142,2026-08-04T05:29:01Z,1785821341476348040,1146,5660,15020,4,17,7967,5915736,200,0,383,0,0,695,1898
1143,2026-08-04T05:29:02Z,1785821342480351944,1147,5660,15020,4,17,7974,5916528,200,0,383,0,0,695,1899
1144,2026-08-04T05:29:03Z,1785821343484237405,1148,5660,15020,4,17,7982,5917324,200,0,383,0,0,695,1900
1145,2026-08-04T05:29:04Z,1785821344488009294,1149,5660,15020,4,17,7990,5918119,200,0,383,0,0,695,1900
1146,2026-08-04T05:29:05Z,1785821345491375727,1150,5660,15020,4,17,7997,5918916,200,0,383,0,0,695,1901
1147,2026-08-04T05:29:06Z,1785821346494475859,1151,5660,15020,4,17,8005,5919712,200,0,383,0,0,695,1902
1148,2026-08-04T05:29:07Z,1785821347499294697,1152,5660,15020,4,17,8012,5920508,200,0,383,0,0,695,1902
1149,2026-08-04T05:29:08Z,1785821348502938748,1153,5660,15020,4,17,8020,5921303,200,0,383,0,0,695,1902
1150,2026-08-04T05:29:09Z,1785821349506593757,1154,5660,15020,4,17,8027,5922097,200,0,383,0,0,695,1902
1151,2026-08-04T05:29:10Z,1785821350510684315,1155,5656,15020,4,16,8035,5922889,200,0,383,0,0,695,1902
1152,2026-08-04T05:29:11Z,1785821351514179366,1156,5652,15020,4,15,8040,5923688,200,0,383,0,0,695,1903
1153,2026-08-04T05:29:12Z,1785821352517349466,1157,5628,15020,4,14,8046,5924487,200,0,383,0,0,695,1904
1154,2026-08-04T05:29:13Z,1785821353521098077,1158,5620,15020,4,12,8048,5925288,200,0,383,0,0,695,1904
1155,2026-08-04T05:29:14Z,1785821354525109391,1159,5292,15020,4,10,8048,5926092,200,0,383,0,0,695,1904
1156,2026-08-04T05:29:15Z,1785821355529230267,1160,5292,15020,4,10,8048,5926895,200,0,383,0,0,695,1904
1157,2026-08-04T05:29:16Z,1785821356532772023,1161,5292,15020,4,10,8048,5927697,200,0,383,0,0,695,1904
1158,2026-08-04T05:29:17Z,1785821357536166138,1162,5292,15020,4,10,8048,5928500,200,0,383,0,0,695,1904
1159,2026-08-04T05:29:18Z,1785821358539621722,1163,5292,15020,4,10,8048,5929303,200,0,383,0,0,695,1904
1160,2026-08-04T05:29:19Z,1785821359543524743,1164,5296,15020,4,11,8048,5930105,200,0,383,0,0,695,1904
1161,2026-08-04T05:29:20Z,1785821360547835537,1165,5300,15020,4,12,8048,5930904,200,0,383,0,0,695,1904
1162,2026-08-04T05:29:21Z,1785821361551401223,1166,5324,15020,4,13,8051,5931699,200,0,383,0,0,695,1904
1163,2026-08-04T05:29:22Z,1785821362555099890,1167,5328,15020,4,14,8055,5932496,200,0,383,0,0,695,1904
1164,2026-08-04T05:29:23Z,1785821363558770079,1168,5652,15020,4,15,8062,5933293,200,0,383,0,0,695,1904
1165,2026-08-04T05:29:24Z,1785821364562320404,1169,17380,28012,4,119,8086,5934086,200,0,386,0,0,789,2023
1166,2026-08-04T05:29:25Z,1785821365566263814,1170,6916,28012,4,63,8093,5934880,200,0,385,0,0,789,2023
1167,2026-08-04T05:29:26Z,1785821366570708162,1171,6916,28012,4,63,8101,5935676,200,0,385,0,0,789,2023
1168,2026-08-04T05:29:27Z,1785821367573775290,1172,6916,28012,4,63,8109,5936466,200,0,385,0,0,789,2023
1169,2026-08-04T05:29:28Z,1785821368577979030,1173,6916,28012,4,63,8115,5937261,200,0,385,0,0,789,2023
1170,2026-08-04T05:29:29Z,1785821369582631935,1174,6916,28012,4,63,8123,5938057,200,0,385,0,0,789,2023
1171,2026-08-04T05:29:30Z,1785821370586013016,1175,6916,28012,4,63,8130,5938851,200,0,385,0,0,789,2023
1172,2026-08-04T05:29:31Z,1785821371589699597,1176,6916,28012,4,63,8138,5939644,200,0,385,0,0,789,2023
1173,2026-08-04T05:29:32Z,1785821372592585216,1177,6916,28012,4,63,8145,5940436,200,0,385,0,0,813,2023
1174,2026-08-04T05:29:33Z,1785821373596765389,1178,6916,28012,4,63,8152,5941231,200,0,385,0,0,813,2023
1175,2026-08-04T05:29:34Z,1785821374600350173,1179,6916,28012,4,63,8160,5942025,200,0,385,0,0,813,2023
1176,2026-08-04T05:29:35Z,1785821375603973594,1180,6916,28012,4,63,8167,5942820,200,0,385,0,0,813,2023
1177,2026-08-04T05:29:36Z,1785821376607798286,1181,6916,28012,4,63,8175,5943616,200,0,385,0,0,813,2023
1178,2026-08-04T05:29:37Z,1785821377611483916,1182,6916,28012,4,63,8182,5944412,200,0,385,0,0,813,2023
1179,2026-08-04T05:29:38Z,1785821378615371814,1183,6916,28012,4,63,8189,5945207,200,0,385,0,0,813,2023
1180,2026-08-04T05:29:39Z,1785821379619073480,1184,6916,28012,4,63,8197,5946001,200,0,385,0,0,813,2023
1181,2026-08-04T05:29:40Z,1785821380623520085,1185,6916,28012,4,63,8204,5946796,200,0,385,0,0,813,2023
1182,2026-08-04T05:29:41Z,1785821381626402907,1186,6916,28012,4,63,8211,5947590,200,0,385,0,0,813,2023
1183,2026-08-04T05:29:42Z,1785821382631114240,1187,6916,28012,4,63,8219,5948385,200,0,385,0,0,813,2023
1184,2026-08-04T05:29:43Z,1785821383634390037,1188,6916,28012,4,63,8226,5949180,200,0,385,0,0,813,2023
1185,2026-08-04T05:29:44Z,1785821384638598218,1189,6916,28012,4,63,8233,5949972,200,0,385,0,0,813,2023
1186,2026-08-04T05:29:45Z,1785821385642167655,1190,6916,28012,4,63,8241,5950768,200,0,385,0,0,813,2023
1187,2026-08-04T05:29:46Z,1785821386645858666,1191,6916,28012,4,63,8248,5951560,200,0,385,0,0,813,2023
1188,2026-08-04T05:29:47Z,1785821387649104591,1192,6916,28012,4,63,8255,5952356,200,0,385,0,0,813,2023
1189,2026-08-04T05:29:48Z,1785821388652841765,1193,6916,28012,4,63,8263,5953149,200,0,385,0,0,813,2023
1190,2026-08-04T05:29:49Z,1785821389656480811,1194,6916,28012,4,63,8270,5953942,200,0,385,0,0,813,2023
1191,2026-08-04T05:29:50Z,1785821390660540854,1195,6916,28012,4,63,8277,5954736,200,0,385,0,0,813,2023
1192,2026-08-04T05:29:51Z,1785821391664292843,1196,6916,28012,4,63,8284,5955530,200,0,385,0,0,813,2023
1193,2026-08-04T05:29:52Z,1785821392668643916,1197,6916,28012,4,63,8291,5956324,200,0,385,0,0,813,2023
1194,2026-08-04T05:29:53Z,1785821393671482464,1198,6916,28012,4,63,8299,5957118,200,0,385,0,0,813,2023
1195,2026-08-04T05:29:54Z,1785821394675235979,1199,6704,28012,4,20,8306,5957912,200,0,385,0,0,813,2023
1196,2026-08-04T05:29:55Z,1785821395678739571,1200,6700,28012,4,19,8314,5958708,200,0,384,0,0,813,2023
1197,2026-08-04T05:29:56Z,1785821396682216588,1201,6700,28012,4,19,8321,5959501,200,0,384,0,0,813,2023
1198,2026-08-04T05:29:57Z,1785821397685945468,1202,6692,28012,4,17,8327,5960294,200,0,384,0,0,813,2023
1199,2026-08-04T05:29:58Z,1785821398689928544,1203,6692,28012,4,17,8335,5961088,200,0,384,0,0,813,2023
1200,2026-08-04T05:29:59Z,1785821399693888369,1204,6692,28012,4,17,8342,5961883,200,0,384,0,0,813,2023
1201,2026-08-04T05:30:00Z,1785821400698250431,1205,6692,28012,4,17,8349,5962677,200,0,384,0,0,813,2023
1202,2026-08-04T05:30:01Z,1785821401702277685,1206,6692,28012,4,17,8358,5963470,200,0,384,0,0,813,2023
1203,2026-08-04T05:30:02Z,1785821402705772556,1207,6692,28012,4,17,8365,5964261,200,0,384,0,0,813,2023
1204,2026-08-04T05:30:03Z,1785821403708402685,1208,6692,28012,4,17,8373,5965057,200,0,384,0,0,813,2023
1205,2026-08-04T05:30:04Z,1785821404712769444,1209,6692,28012,4,17,8379,5965851,200,0,384,0,0,813,2023
1206,2026-08-04T05:30:05Z,1785821405715414305,1210,6692,28012,4,17,8387,5966645,200,0,384,0,0,813,2023
1207,2026-08-04T05:30:06Z,1785821406719863724,1211,6692,28012,4,17,8394,5967440,200,0,384,0,0,813,2023
1208,2026-08-04T05:30:07Z,1785821407723356529,1212,6692,28012,4,17,8402,5968233,200,0,384,0,0,813,2023
1209,2026-08-04T05:30:08Z,1785821408726344146,1213,6692,28012,4,17,8409,5969029,200,0,384,0,0,813,2023
1210,2026-08-04T05:30:09Z,1785821409730191130,1214,6692,28012,4,17,8417,5969824,200,0,384,0,0,813,2023
1211,2026-08-04T05:30:10Z,1785821410734198641,1215,6692,28012,4,17,8424,5970619,200,0,384,0,0,813,2023
1212,2026-08-04T05:30:11Z,1785821411738474173,1216,6692,28012,4,17,8431,5971414,200,0,384,0,0,813,2023
1213,2026-08-04T05:30:12Z,1785821412742641342,1217,6692,28012,4,17,8439,5972207,200,0,384,0,0,813,2023
1214,2026-08-04T05:30:13Z,1785821413746598445,1218,6692,28012,4,17,8446,5973003,200,0,384,0,0,813,2023
1215,2026-08-04T05:30:14Z,1785821414751088762,1219,6692,28012,4,17,8453,5973797,200,0,384,0,0,813,2023
1216,2026-08-04T05:30:15Z,1785821415754262282,1220,6692,28012,4,17,8460,5974589,200,0,384,0,0,813,2023
1217,2026-08-04T05:30:16Z,1785821416757927617,1221,6692,28012,4,17,8468,5975384,200,0,384,0,0,813,2023
1218,2026-08-04T05:30:17Z,1785821417761517050,1222,6692,28012,4,17,8475,5976178,200,0,384,0,0,813,2023
1219,2026-08-04T05:30:18Z,1785821418764786327,1223,6692,28012,4,17,8482,5976972,200,0,384,0,0,813,2023
1220,2026-08-04T05:30:19Z,1785821419768611329,1224,6692,28012,4,17,8489,5977767,200,0,384,0,0,813,2023
1221,2026-08-04T05:30:20Z,1785821420772248905,1225,6692,28012,4,17,8496,5978560,200,0,384,0,0,813,2023
1222,2026-08-04T05:30:21Z,1785821421775915317,1226,6692,28012,4,17,8504,5979353,200,0,384,0,0,813,2023
1223,2026-08-04T05:30:22Z,1785821422779634299,1227,6692,28012,4,17,8512,5980148,200,0,384,0,0,813,2023
1224,2026-08-04T05:30:23Z,1785821423783751302,1228,6692,28012,4,17,8518,5980940,200,0,384,0,0,813,2023
1225,2026-08-04T05:30:24Z,1785821424787999720,1229,6692,28012,4,17,8526,5981737,200,0,384,0,0,813,2023
1226,2026-08-04T05:30:25Z,1785821425792116936,1230,6692,28012,4,17,8534,5982534,200,0,384,0,0,813,2023
1227,2026-08-04T05:30:26Z,1785821426795844859,1231,6692,28012,4,17,8540,5983327,200,0,384,0,0,813,2023
1228,2026-08-04T05:30:27Z,1785821427799496088,1232,6692,28012,4,17,8547,5984121,200,0,384,0,0,813,2023
1229,2026-08-04T05:30:28Z,1785821428803389909,1233,6692,28012,4,17,8554,5984916,200,0,384,0,0,813,2025
1230,2026-08-04T05:30:29Z,1785821429807417773,1234,6692,28012,4,17,8562,5985709,200,0,384,0,0,813,2028
1231,2026-08-04T05:30:30Z,1785821430811804805,1235,6692,28012,4,17,8570,5986506,200,0,384,0,0,813,2029
1232,2026-08-04T05:30:31Z,1785821431816422253,1236,6692,28012,4,17,8578,5987297,200,0,384,0,0,813,2032
1233,2026-08-04T05:30:32Z,1785821432819692052,1237,6692,28012,4,17,8585,5988093,200,0,384,0,0,813,2033
1234,2026-08-04T05:30:33Z,1785821433823096130,1238,6692,28012,4,17,8592,5988886,200,0,384,0,0,813,2033
1235,2026-08-04T05:30:34Z,1785821434827387657,1239,6692,28012,4,17,8599,5989680,200,0,384,0,0,813,2033
1236,2026-08-04T05:30:35Z,1785821435831435246,1240,6692,28012,4,17,8606,5990475,200,0,384,0,0,813,2033
1237,2026-08-04T05:30:36Z,1785821436835864428,1241,6692,28012,4,17,8614,5991269,200,0,384,0,0,813,2033
1238,2026-08-04T05:30:37Z,1785821437838620520,1242,6692,28012,4,17,8622,5992064,200,0,384,0,0,813,2033
1239,2026-08-04T05:30:38Z,1785821438842086431,1243,6692,28012,4,17,8629,5992858,200,0,384,0,0,813,2033
1240,2026-08-04T05:30:39Z,1785821439846180363,1244,6692,28012,4,17,8636,5993653,200,0,384,0,0,813,2033
1241,2026-08-04T05:30:40Z,1785821440850126809,1245,6692,28012,4,17,8644,5994449,200,0,384,0,0,813,2033
1242,2026-08-04T05:30:41Z,1785821441854138892,1246,6692,28012,4,17,8651,5995243,200,0,384,0,0,813,2033
1243,2026-08-04T05:30:42Z,1785821442857695622,1247,6692,28012,4,17,8659,5996038,200,0,384,0,0,813,2033
1244,2026-08-04T05:30:43Z,1785821443861274700,1248,6692,28012,4,17,8666,5996834,200,0,384,0,0,813,2033
1245,2026-08-04T05:30:44Z,1785821444866137153,1249,6692,28012,4,17,8673,5997627,200,0,384,0,0,813,2033
1246,2026-08-04T05:30:45Z,1785821445869334904,1250,6692,28012,4,17,8680,5998419,200,0,384,0,0,813,2033
1247,2026-08-04T05:30:46Z,1785821446873222282,1251,6692,28012,4,17,8688,5999216,200,0,384,0,0,813,2033
1248,2026-08-04T05:30:47Z,1785821447876888893,1252,6692,28012,4,17,8696,6000012,200,0,384,0,0,813,2033
1249,2026-08-04T05:30:48Z,1785821448880526188,1253,6692,28012,4,17,8703,6000811,200,0,384,0,0,813,2033
1250,2026-08-04T05:30:49Z,1785821449884434606,1254,6692,28012,4,17,8710,6001604,200,0,384,0,0,813,2033
1251,2026-08-04T05:30:50Z,1785821450887886776,1255,6692,28012,4,17,8717,6002398,200,0,384,0,0,813,2033
1252,2026-08-04T05:30:51Z,1785821451891817116,1256,6692,28012,4,17,8724,6003193,200,0,384,0,0,813,2033
1253,2026-08-04T05:30:52Z,1785821452895354920,1257,6692,28012,4,17,8731,6003989,200,0,384,0,0,813,2033
1254,2026-08-04T05:30:53Z,1785821453899020037,1258,6692,28012,4,17,8739,6004784,200,0,384,0,0,813,2033
1255,2026-08-04T05:30:54Z,1785821454902702187,1259,6692,28012,4,17,8745,6005578,200,0,384,0,0,813,2033
1256,2026-08-04T05:30:55Z,1785821455906584267,1260,6692,28012,4,17,8753,6006374,200,0,384,0,0,813,2033
1257,2026-08-04T05:30:56Z,1785821456910343421,1261,6692,28012,4,17,8761,6007167,200,0,384,0,0,813,2033
1258,2026-08-04T05:30:57Z,1785821457914238517,1262,6692,28012,4,17,8768,6007963,200,0,384,0,0,813,2033
1259,2026-08-04T05:30:58Z,1785821458917663241,1263,6692,28012,4,17,8774,6008757,200,0,384,0,0,813,2033
1260,2026-08-04T05:30:59Z,1785821459922428417,1264,6692,28012,4,17,8782,6009552,200,0,384,0,0,813,2033
1261,2026-08-04T05:31:00Z,1785821460925634264,1265,6692,28012,4,17,8789,6010344,200,0,384,0,0,813,2033
1262,2026-08-04T05:31:01Z,1785821461929293152,1266,6692,28012,4,17,8797,6011137,200,0,384,0,0,813,2033
1263,2026-08-04T05:31:02Z,1785821462933329081,1267,6692,28012,4,17,8804,6011930,200,0,384,0,0,813,2033
1264,2026-08-04T05:31:03Z,1785821463937971350,1268,6692,28012,4,17,8812,6012724,200,0,384,0,0,813,2033
1265,2026-08-04T05:31:04Z,1785821464941069464,1269,6692,28012,4,17,8819,6013518,200,0,384,0,0,813,2033
1266,2026-08-04T05:31:05Z,1785821465945335990,1270,6692,28012,4,17,8827,6014313,200,0,384,0,0,813,2033
1267,2026-08-04T05:31:06Z,1785821466949554178,1271,6692,28012,4,17,8834,6015110,200,0,384,0,0,813,2033
1268,2026-08-04T05:31:07Z,1785821467953082463,1272,6692,28012,4,17,8842,6015905,200,0,384,0,0,813,2033
1269,2026-08-04T05:31:08Z,1785821468957253890,1273,6692,28012,4,17,8849,6016704,200,0,384,0,0,813,2033
1270,2026-08-04T05:31:09Z,1785821469961123031,1274,6692,28012,4,17,8856,6017499,200,0,384,0,0,813,2033
1271,2026-08-04T05:31:10Z,1785821470965209317,1275,6692,28012,4,17,8864,6018292,200,0,384,0,0,813,2033
1272,2026-08-04T05:31:11Z,1785821471969792216,1276,6692,28012,4,17,8871,6019089,200,0,384,0,0,813,2033
1273,2026-08-04T05:31:12Z,1785821472973146960,1277,6692,28012,4,17,8879,6019884,200,0,384,0,0,813,2033
1274,2026-08-04T05:31:13Z,1785821473976083560,1278,6692,28012,4,17,8886,6020678,200,0,384,0,0,813,2033
1275,2026-08-04T05:31:14Z,1785821474981075128,1279,6692,28012,4,17,8894,6021472,200,0,384,0,0,813,2033
1276,2026-08-04T05:31:15Z,1785821475984317557,1280,6692,28012,4,17,8901,6022266,200,0,384,0,0,813,2033
1277,2026-08-04T05:31:16Z,1785821476988795573,1281,6692,28012,4,17,8908,6023059,200,0,384,0,0,813,2033
1278,2026-08-04T05:31:17Z,1785821477991789553,1282,6692,28012,4,17,8916,6023852,200,0,384,0,0,813,2033
1279,2026-08-04T05:31:18Z,1785821478995836053,1283,6692,28012,4,17,8923,6024647,200,0,384,0,0,813,2033
1280,2026-08-04T05:31:19Z,1785821479999713862,1284,6688,28012,4,16,8930,6025444,200,0,384,0,0,813,2033
1281,2026-08-04T05:31:21Z,1785821481002952217,1286,6684,28012,4,15,8936,6026239,200,0,384,0,0,813,2033
1282,2026-08-04T05:31:22Z,1785821482006932947,1287,6636,28012,4,13,8940,6027038,200,0,384,0,0,813,2033
1283,2026-08-04T05:31:23Z,1785821483010769251,1288,6632,28012,4,12,8942,6027838,200,0,384,0,0,813,2033
1284,2026-08-04T05:31:24Z,1785821484014464223,1289,6304,28012,4,10,8943,6028640,200,0,384,0,0,813,2033
1285,2026-08-04T05:31:25Z,1785821485018741626,1290,6304,28012,4,10,8943,6029442,200,0,384,0,0,813,2033
1286,2026-08-04T05:31:26Z,1785821486022099600,1291,6304,28012,4,10,8943,6030243,200,0,384,0,0,813,2033
1287,2026-08-04T05:31:27Z,1785821487025024272,1292,6304,28012,4,10,8943,6031046,200,0,384,0,0,813,2033
1288,2026-08-04T05:31:28Z,1785821488028714396,1293,6304,28012,4,10,8943,6031848,200,0,384,0,0,813,2033
1289,2026-08-04T05:31:29Z,1785821489032595611,1294,6308,28012,4,11,8943,6032651,200,0,384,0,0,813,2033
1290,2026-08-04T05:31:30Z,1785821490037438431,1295,6312,28012,4,12,8944,6033451,200,0,384,0,0,813,2033
1291,2026-08-04T05:31:31Z,1785821491041446054,1296,6336,28012,4,13,8946,6034247,200,0,384,0,0,813,2033
1292,2026-08-04T05:31:32Z,1785821492045017662,1297,6340,28012,4,14,8951,6035045,200,0,384,0,0,813,2033
1293,2026-08-04T05:31:33Z,1785821493048386178,1298,6664,28012,4,15,8958,6035836,200,0,384,0,0,813,2033
1294,2026-08-04T05:31:34Z,1785821494052265683,1299,6676,28012,4,18,8966,6036628,200,0,384,0,0,813,2034
1295,2026-08-04T05:31:35Z,1785821495056549548,1300,6676,28012,4,18,8973,6037424,200,0,384,0,0,813,2035
1296,2026-08-04T05:31:36Z,1785821496059221076,1301,6676,28012,4,18,8981,6038217,200,0,384,0,0,813,2036
1297,2026-08-04T05:31:37Z,1785821497063269852,1302,6676,28012,4,18,8988,6039013,200,0,384,0,0,813,2036
1298,2026-08-04T05:31:38Z,1785821498067508110,1303,6676,28012,4,18,8994,6039807,200,0,384,0,0,813,2036
1299,2026-08-04T05:31:39Z,1785821499070217015,1304,6676,28012,4,18,9002,6040600,200,0,384,0,0,813,2036
1300,2026-08-04T05:31:40Z,1785821500074043695,1305,6676,28012,4,18,9009,6041394,200,0,384,0,0,813,2036
1301,2026-08-04T05:31:41Z,1785821501077642340,1306,6676,28012,4,18,9016,6042186,200,0,384,0,0,813,2036
1302,2026-08-04T05:31:42Z,1785821502081470523,1307,6676,28012,4,18,9023,6042982,200,0,384,0,0,813,2036
1303,2026-08-04T05:31:43Z,1785821503085198049,1308,6676,28012,4,18,9030,6043777,200,0,384,0,0,813,2036
1304,2026-08-04T05:31:44Z,1785821504089089512,1309,6676,28012,4,18,9037,6044571,200,0,384,0,0,813,2036
1305,2026-08-04T05:31:45Z,1785821505093147263,1310,6676,28012,4,18,9044,6045366,200,0,384,0,0,813,2036
1306,2026-08-04T05:31:46Z,1785821506097207331,1311,6676,28012,4,18,9051,6046159,200,0,384,0,0,813,2036
1307,2026-08-04T05:31:47Z,1785821507101546042,1312,6676,28012,4,18,9059,6046956,200,0,384,0,0,813,2036
1308,2026-08-04T05:31:48Z,1785821508104420780,1313,6676,28012,4,18,9065,6047748,200,0,384,0,0,813,2036
1309,2026-08-04T05:31:49Z,1785821509108446098,1314,6676,28012,4,18,9072,6048542,200,0,384,0,0,813,2036
1310,2026-08-04T05:31:50Z,1785821510111918747,1315,6676,28012,4,18,9079,6049337,200,0,384,0,0,813,2036
1311,2026-08-04T05:31:51Z,1785821511116179329,1316,6676,28012,4,18,9086,6050132,200,0,384,0,0,813,2036
1312,2026-08-04T05:31:52Z,1785821512119125939,1317,6676,28012,4,18,9093,6050925,200,0,384,0,0,813,2036
1313,2026-08-04T05:31:53Z,1785821513123021791,1318,6676,28012,4,18,9101,6051717,200,0,384,0,0,813,2036
1314,2026-08-04T05:31:54Z,1785821514126835108,1319,6676,28012,4,18,9107,6052511,200,0,384,0,0,813,2036
1315,2026-08-04T05:31:55Z,1785821515130927438,1320,6676,28012,4,18,9114,6053305,200,0,384,0,0,813,2036
1316,2026-08-04T05:31:56Z,1785821516134962876,1321,6676,28012,4,18,9121,6054100,200,0,384,0,0,813,2036
1317,2026-08-04T05:31:57Z,1785821517138440894,1322,6676,28012,4,18,9128,6054894,200,0,384,0,0,813,2036
1318,2026-08-04T05:31:58Z,1785821518142146503,1323,6676,28012,4,18,9135,6055689,200,0,384,0,0,813,2036
1319,2026-08-04T05:31:59Z,1785821519146329717,1324,6676,28012,4,18,9142,6056483,200,0,384,0,0,813,2036
1320,2026-08-04T05:32:00Z,1785821520151216414,1325,6676,28012,4,18,9149,6057277,200,0,384,0,0,813,2036
1321,2026-08-04T05:32:01Z,1785821521154455678,1326,6676,28012,4,18,9156,6058069,200,0,384,0,0,813,2036
1322,2026-08-04T05:32:02Z,1785821522158601878,1327,6676,28012,4,18,9164,6058861,200,0,384,0,0,813,2036
1323,2026-08-04T05:32:03Z,1785821523162783986,1328,6676,28012,4,18,9171,6059655,200,0,384,0,0,813,2036
1324,2026-08-04T05:32:04Z,1785821524166035181,1329,6676,28012,4,18,9178,6060448,200,0,384,0,0,813,2036
1325,2026-08-04T05:32:05Z,1785821525170262280,1330,6676,28012,4,18,9186,6061241,200,0,385,0,0,813,2036
1326,2026-08-04T05:32:06Z,1785821526173934183,1331,6672,28012,4,17,9192,6062036,200,0,385,0,0,813,2036
1327,2026-08-04T05:32:07Z,1785821527178318561,1332,6672,28012,4,17,9199,6062829,200,0,385,0,0,813,2036
1328,2026-08-04T05:32:08Z,1785821528181165136,1333,6672,28012,4,17,9206,6063625,200,0,385,0,0,813,2036
1329,2026-08-04T05:32:09Z,1785821529184696698,1334,6672,28012,4,17,9213,6064420,200,0,385,0,0,813,2036
1330,2026-08-04T05:32:10Z,1785821530188565984,1335,6672,28012,4,17,9220,6065211,200,0,385,0,0,813,2036
1331,2026-08-04T05:32:11Z,1785821531192208436,1336,6672,28012,4,17,9227,6066006,200,0,385,0,0,813,2036
1332,2026-08-04T05:32:12Z,1785821532196113034,1337,6672,28012,4,17,9234,6066797,200,0,385,0,0,813,2036
1333,2026-08-04T05:32:13Z,1785821533199940331,1338,6672,28012,4,17,9241,6067590,200,0,385,0,0,813,2036
1334,2026-08-04T05:32:14Z,1785821534204035420,1339,6672,28012,4,17,9248,6068384,200,0,385,0,0,813,2036
1335,2026-08-04T05:32:15Z,1785821535208206366,1340,6672,28012,4,17,9255,6069178,200,0,385,0,0,813,2036
1336,2026-08-04T05:32:16Z,1785821536212410233,1341,6672,28012,4,17,9262,6069972,200,0,385,0,0,813,2036
1337,2026-08-04T05:32:17Z,1785821537216444189,1342,6672,28012,4,17,9269,6070763,200,0,385,0,0,813,2036
1338,2026-08-04T05:32:18Z,1785821538220916394,1343,6672,28012,4,17,9277,6071559,200,0,385,0,0,813,2036
1339,2026-08-04T05:32:19Z,1785821539224930864,1344,6672,28012,4,17,9283,6072353,200,0,385,0,0,813,2036
1340,2026-08-04T05:32:20Z,1785821540227939781,1345,6672,28012,4,17,9290,6073148,200,0,385,0,0,813,2036
1341,2026-08-04T05:32:21Z,1785821541231714357,1346,6672,28012,4,17,9298,6073941,200,0,385,0,0,813,2036
1342,2026-08-04T05:32:22Z,1785821542235373206,1347,6672,28012,4,17,9304,6074736,200,0,385,0,0,813,2036
1343,2026-08-04T05:32:23Z,1785821543239398829,1348,6668,28012,4,16,9312,6075529,200,0,385,0,0,813,2036
1344,2026-08-04T05:32:24Z,1785821544243105127,1349,6668,28012,4,16,9319,6076321,200,0,385,0,0,813,2036
1345,2026-08-04T05:32:25Z,1785821545247119196,1350,6668,28012,4,16,9326,6077115,200,0,385,0,0,813,2036
1346,2026-08-04T05:32:26Z,1785821546250959425,1351,6668,28012,4,16,9332,6077908,200,0,385,0,0,813,2036
1347,2026-08-04T05:32:27Z,1785821547254302492,1352,6668,28012,4,16,9340,6078701,200,0,385,0,0,813,2036
1348,2026-08-04T05:32:28Z,1785821548258137073,1353,6668,28012,4,16,9346,6079496,200,0,385,0,0,813,2036
1349,2026-08-04T05:32:29Z,1785821549261847770,1354,6668,28012,4,16,9354,6080291,200,0,385,0,0,813,2036
1350,2026-08-04T05:32:30Z,1785821550266011243,1355,6668,28012,4,16,9361,6081083,200,0,385,0,0,813,2036
1351,2026-08-04T05:32:31Z,1785821551269887114,1356,6668,28012,4,16,9368,6081877,200,0,385,0,0,813,2036
1352,2026-08-04T05:32:32Z,1785821552273770397,1357,6668,28012,4,16,9375,6082672,200,0,385,0,0,813,2036
1353,2026-08-04T05:32:33Z,1785821553277922039,1358,6668,28012,4,16,9382,6083466,200,0,385,0,0,813,2036
1354,2026-08-04T05:32:34Z,1785821554280984553,1359,6668,28012,4,16,9389,6084263,200,0,385,0,0,813,2036
1355,2026-08-04T05:32:35Z,1785821555284703722,1360,6668,28012,4,16,9396,6085053,200,0,385,0,0,813,2036
1356,2026-08-04T05:32:36Z,1785821556288260861,1361,6668,28012,4,16,9404,6085847,200,0,385,0,0,813,2036
1357,2026-08-04T05:32:37Z,1785821557292277092,1362,6668,28012,4,16,9410,6086639,200,0,385,0,0,813,2036
1358,2026-08-04T05:32:38Z,1785821558296666692,1363,6668,28012,4,16,9418,6087433,200,0,385,0,0,813,2036
1359,2026-08-04T05:32:39Z,1785821559301146752,1364,6668,28012,4,16,9425,6088224,200,0,385,0,0,813,2036
1360,2026-08-04T05:32:40Z,1785821560304301445,1365,6668,28012,4,16,9431,6089020,200,0,385,0,0,813,2036
1361,2026-08-04T05:32:41Z,1785821561308044682,1366,6668,28012,4,16,9438,6089812,200,0,385,0,0,813,2036
1362,2026-08-04T05:32:42Z,1785821562312005696,1367,6668,28012,4,16,9446,6090606,200,0,385,0,0,813,2036
1363,2026-08-04T05:32:43Z,1785821563315861585,1368,6668,28012,4,16,9452,6091402,200,0,385,0,0,813,2036
1364,2026-08-04T05:32:44Z,1785821564319333885,1369,6668,28012,4,16,9460,6092195,200,0,385,0,0,813,2036
1365,2026-08-04T05:32:45Z,1785821565322974558,1370,6668,28012,4,16,9466,6092989,200,0,385,0,0,813,2036
1366,2026-08-04T05:32:46Z,1785821566326497774,1371,6668,28012,4,16,9474,6093782,200,0,385,0,0,813,2036
1367,2026-08-04T05:32:47Z,1785821567329995546,1372,6668,28012,4,16,9481,6094577,200,0,385,0,0,813,2036
1368,2026-08-04T05:32:48Z,1785821568333452987,1373,6668,28012,4,16,9488,6095372,200,0,385,0,0,813,2036
1369,2026-08-04T05:32:49Z,1785821569336947225,1374,6668,28012,4,16,9495,6096165,200,0,385,0,0,813,2036
1370,2026-08-04T05:32:50Z,1785821570340847016,1375,6668,28012,4,16,9502,6096960,200,0,385,0,0,813,2036
1371,2026-08-04T05:32:51Z,1785821571345095697,1376,6668,28012,4,16,9509,6097754,200,0,385,0,0,813,2036
1372,2026-08-04T05:32:52Z,1785821572348388268,1377,6668,28012,4,16,9516,6098547,200,0,385,0,0,813,2036
1373,2026-08-04T05:32:53Z,1785821573351714804,1378,6668,28012,4,16,9523,6099343,200,0,385,0,0,813,2036
1374,2026-08-04T05:32:54Z,1785821574355404587,1379,6668,28012,4,16,9530,6100138,200,0,385,0,0,813,2036
1375,2026-08-04T05:32:55Z,1785821575359639425,1380,6668,28012,4,16,9537,6100930,200,0,385,0,0,813,2036
1376,2026-08-04T05:32:56Z,1785821576364110596,1381,6668,28012,4,16,9545,6101726,200,0,385,0,0,813,2036
1377,2026-08-04T05:32:57Z,1785821577366876832,1382,6668,28012,4,16,9551,6102517,200,0,385,0,0,813,2036
1378,2026-08-04T05:32:58Z,1785821578370451679,1383,6668,28012,4,16,9559,6103311,200,0,385,0,0,813,2036
1379,2026-08-04T05:32:59Z,1785821579374564204,1384,6668,28012,4,16,9565,6104106,200,0,385,0,0,813,2036
1380,2026-08-04T05:33:00Z,1785821580378773983,1385,6668,28012,4,16,9573,6104899,200,0,385,0,0,813,2036
1381,2026-08-04T05:33:01Z,1785821581383557237,1386,6668,28012,4,16,9580,6105695,200,0,385,0,0,813,2036
1382,2026-08-04T05:33:02Z,1785821582386843682,1387,6668,28012,4,16,9587,6106487,200,0,385,0,0,813,2036
1383,2026-08-04T05:33:03Z,1785821583390901624,1388,6668,28012,4,16,9594,6107278,200,0,385,0,0,813,2036
1384,2026-08-04T05:33:04Z,1785821584395263612,1389,6668,28012,4,16,9601,6108073,200,0,385,0,0,813,2036
1385,2026-08-04T05:33:05Z,1785821585399695969,1390,6668,28012,4,16,9608,6108868,200,0,385,0,0,813,2036
1386,2026-08-04T05:33:06Z,1785821586402962023,1391,6668,28012,4,16,9615,6109661,200,0,385,0,0,813,2036
1387,2026-08-04T05:33:07Z,1785821587406551799,1392,6668,28012,4,16,9622,6110458,200,0,385,0,0,813,2036
1388,2026-08-04T05:33:08Z,1785821588410121417,1393,6668,28012,4,16,9629,6111250,200,0,385,0,0,813,2036
1389,2026-08-04T05:33:09Z,1785821589414128772,1394,6668,28012,4,16,9636,6112044,200,0,385,0,0,813,2036
1390,2026-08-04T05:33:10Z,1785821590417871784,1395,6668,28012,4,16,9643,6112842,200,0,385,0,0,813,2036
1391,2026-08-04T05:33:11Z,1785821591422016407,1396,6668,28012,4,17,9650,6113635,200,0,385,0,0,813,2036
1392,2026-08-04T05:33:12Z,1785821592425905534,1397,6672,28012,4,17,9657,6114430,200,0,385,0,0,813,2036
1393,2026-08-04T05:33:13Z,1785821593430196682,1398,6672,28012,4,17,9664,6115225,200,0,385,0,0,813,2036
1394,2026-08-04T05:33:14Z,1785821594433047242,1399,6672,28012,4,17,9671,6116018,200,0,385,0,0,813,2036
1395,2026-08-04T05:33:15Z,1785821595437287674,1400,6672,28012,4,17,9678,6116810,200,0,385,0,0,813,2036
1396,2026-08-04T05:33:16Z,1785821596440048949,1401,6672,28012,4,17,9685,6117605,200,0,385,0,0,813,2036
1397,2026-08-04T05:33:17Z,1785821597444141013,1402,6672,28012,4,17,9692,6118397,200,0,385,0,0,813,2036
1398,2026-08-04T05:33:18Z,1785821598448548850,1403,6672,28012,4,17,9699,6119192,200,0,385,0,0,813,2036
1399,2026-08-04T05:33:19Z,1785821599452645620,1404,6672,28012,4,17,9706,6119987,200,0,385,0,0,813,2036
1400,2026-08-04T05:33:20Z,1785821600456356060,1405,6672,28012,4,17,9713,6120781,200,0,385,0,0,813,2036
1401,2026-08-04T05:33:21Z,1785821601459903916,1406,6672,28012,4,17,9720,6121575,200,0,385,0,0,813,2036
1402,2026-08-04T05:33:22Z,1785821602463950711,1407,6672,28012,4,17,9726,6122371,200,0,385,0,0,813,2036
1403,2026-08-04T05:33:23Z,1785821603468025277,1408,6672,28012,4,17,9734,6123163,200,0,385,0,0,813,2036
1404,2026-08-04T05:33:24Z,1785821604471578975,1409,6672,28012,4,17,9741,6123956,200,0,385,0,0,813,2036
1405,2026-08-04T05:33:25Z,1785821605475167964,1410,6672,28012,4,17,9748,6124750,200,0,385,0,0,813,2036
1406,2026-08-04T05:33:26Z,1785821606478684573,1411,6672,28012,4,17,9755,6125545,200,0,385,0,0,813,2036
1407,2026-08-04T05:33:27Z,1785821607482353094,1412,6672,28012,4,17,9762,6126338,200,0,385,0,0,813,2036
1408,2026-08-04T05:33:28Z,1785821608485624736,1413,6672,28012,4,17,9769,6127130,200,0,385,0,0,813,2036
1409,2026-08-04T05:33:29Z,1785821609490217029,1414,6668,28012,4,16,9775,6127926,200,0,385,0,0,813,2036
1410,2026-08-04T05:33:30Z,1785821610494523506,1415,6660,28012,4,14,9781,6128723,200,0,385,0,0,813,2036
1411,2026-08-04T05:33:31Z,1785821611497317979,1416,6636,28012,4,13,9787,6129521,200,0,385,0,0,813,2036
1412,2026-08-04T05:33:32Z,1785821612500232860,1417,6632,28012,4,12,9787,6130322,200,0,385,0,0,813,2036
1413,2026-08-04T05:33:33Z,1785821613503978312,1418,6304,28012,4,10,9787,6131125,200,0,385,0,0,813,2036
1414,2026-08-04T05:33:34Z,1785821614507575984,1419,6304,28012,4,10,9787,6131928,200,0,385,0,0,813,2036
1415,2026-08-04T05:33:35Z,1785821615511504490,1420,6304,28012,4,10,9787,6132730,200,0,385,0,0,813,2036
1416,2026-08-04T05:33:36Z,1785821616515841918,1421,6304,28012,4,10,9787,6133532,200,0,385,0,0,813,2036
1417,2026-08-04T05:33:37Z,1785821617518535217,1422,6304,28012,4,10,9787,6134332,200,0,385,0,0,813,2036
1418,2026-08-04T05:33:38Z,1785821618522396450,1423,6308,28012,4,11,9787,6135136,200,0,385,0,0,813,2036
1419,2026-08-04T05:33:39Z,1785821619526645399,1424,6312,28012,4,12,9789,6135935,200,0,385,0,0,813,2036
1420,2026-08-04T05:33:40Z,1785821620530167239,1425,6336,28012,4,13,9792,6136735,200,0,385,0,0,813,2036
1421,2026-08-04T05:33:41Z,1785821621534178146,1426,6340,28012,4,14,9797,6137529,200,0,385,0,0,813,2036
1422,2026-08-04T05:33:42Z,1785821622537997314,1427,6664,28012,4,15,9805,6138326,200,0,385,0,0,813,2036
1423,2026-08-04T05:33:43Z,1785821623542133576,1428,6676,28012,4,18,9812,6139122,200,0,385,0,0,813,2037
1424,2026-08-04T05:33:44Z,1785821624547272956,1429,6676,28012,4,18,9819,6139919,200,0,385,0,0,813,2038
1425,2026-08-04T05:33:45Z,1785821625550612112,1430,6676,28012,4,18,9826,6140716,200,0,385,0,0,813,2039
1426,2026-08-04T05:33:46Z,1785821626553935467,1431,6676,28012,4,18,9834,6141511,200,0,385,0,0,813,2040
1427,2026-08-04T05:33:47Z,1785821627557805969,1432,6676,28012,4,18,9842,6142307,200,0,385,0,0,813,2040
1428,2026-08-04T05:33:48Z,1785821628561268819,1433,6676,28012,4,18,9849,6143102,200,0,385,0,0,813,2040
1429,2026-08-04T05:33:49Z,1785821629564951682,1434,6676,28012,4,18,9856,6143893,200,0,385,0,0,813,2041
1430,2026-08-04T05:33:50Z,1785821630568670945,1435,6676,28012,4,18,9863,6144691,200,0,385,0,0,813,2042
1431,2026-08-04T05:33:51Z,1785821631572830824,1436,6676,28012,4,18,9871,6145487,200,0,385,0,0,813,2043
1432,2026-08-04T05:33:52Z,1785821632576483356,1437,6676,28012,4,18,9878,6146283,200,0,385,0,0,813,2044
1433,2026-08-04T05:33:53Z,1785821633580251251,1438,6676,28012,4,18,9885,6147080,200,0,385,0,0,813,2044
1434,2026-08-04T05:33:54Z,1785821634583794690,1439,6676,28012,4,18,9893,6147874,200,0,385,0,0,813,2045
1435,2026-08-04T05:33:55Z,1785821635587626812,1440,6676,28012,4,18,9901,6148671,200,0,385,0,0,813,2046
1436,2026-08-04T05:33:56Z,1785821636591055426,1441,6676,28012,4,18,9908,6149468,200,0,385,0,0,813,2047
1437,2026-08-04T05:33:57Z,1785821637594679253,1442,6676,28012,4,18,9915,6150265,200,0,385,0,0,813,2047
1438,2026-08-04T05:33:58Z,1785821638598346418,1443,6676,28012,4,18,9923,6151061,200,0,385,0,0,813,2047
1439,2026-08-04T05:33:59Z,1785821639602479026,1444,6676,28012,4,18,9930,6151855,200,0,385,0,0,813,2048
1440,2026-08-04T05:34:00Z,1785821640607445791,1445,6676,28012,4,18,9938,6152650,200,0,385,0,0,813,2048
1441,2026-08-04T05:34:01Z,1785821641610597220,1446,6676,28012,4,18,9946,6153446,200,0,385,0,0,813,2049
1442,2026-08-04T05:34:02Z,1785821642614303885,1447,6676,28012,4,18,9953,6154241,200,0,385,0,0,813,2050
1443,2026-08-04T05:34:03Z,1785821643619071505,1448,6676,28012,4,18,9962,6155040,200,0,385,0,0,813,2051
1444,2026-08-04T05:34:04Z,1785821644621912788,1449,6676,28012,4,18,9969,6155833,200,0,385,0,0,813,2052
1445,2026-08-04T05:34:05Z,1785821645626708055,1450,6676,28012,4,18,9977,6156628,200,0,385,0,0,813,2052
1446,2026-08-04T05:34:06Z,1785821646629157243,1451,6676,28012,4,18,9984,6157423,200,0,385,0,0,813,2053
1447,2026-08-04T05:34:07Z,1785821647633247881,1452,6676,28012,4,18,9992,6158220,200,0,385,0,0,813,2054
1448,2026-08-04T05:34:08Z,1785821648636623644,1453,6676,28012,4,18,9999,6159017,200,0,385,0,0,813,2055
1449,2026-08-04T05:34:09Z,1785821649640669138,1454,6676,28012,4,18,10006,6159811,200,0,385,0,0,813,2056
1450,2026-08-04T05:34:10Z,1785821650644769129,1455,6676,28012,4,18,10014,6160609,200,0,385,0,0,813,2056
1451,2026-08-04T05:34:11Z,1785821651648644013,1456,6676,28012,4,18,10021,6161407,200,0,385,0,0,813,2057
1452,2026-08-04T05:34:12Z,1785821652652445806,1457,6676,28012,4,18,10029,6162203,200,0,385,0,0,813,2058
1453,2026-08-04T05:34:13Z,1785821653656519789,1458,6676,28012,4,18,10036,6162998,200,0,385,0,0,813,2059
1454,2026-08-04T05:34:14Z,1785821654660903135,1459,6676,28012,4,18,10043,6163796,200,0,385,0,0,813,2059
1455,2026-08-04T05:34:15Z,1785821655665269533,1460,6676,28012,4,18,10051,6164590,200,0,385,0,0,813,2059
1456,2026-08-04T05:34:16Z,1785821656668362239,1461,6676,28012,4,18,10058,6165386,200,0,385,0,0,813,2060
1457,2026-08-04T05:34:17Z,1785821657672286248,1462,6676,28012,4,18,10066,6166184,200,0,385,0,0,813,2060
1458,2026-08-04T05:34:18Z,1785821658675867123,1463,6676,28012,4,18,10073,6166979,200,0,385,0,0,813,2061
1459,2026-08-04T05:34:19Z,1785821659679187227,1464,6672,28012,4,17,10081,6167775,200,0,385,0,0,813,2062
1460,2026-08-04T05:34:20Z,1785821660682938670,1465,6672,28012,4,17,10088,6168571,200,0,385,0,0,813,2063
1461,2026-08-04T05:34:21Z,1785821661686488224,1466,6672,28012,4,17,10095,6169366,200,0,385,0,0,813,2063
1462,2026-08-04T05:34:22Z,1785821662690418649,1467,6672,28012,4,17,10103,6170162,200,0,385,0,0,813,2063
1463,2026-08-04T05:34:23Z,1785821663694273145,1468,6672,28012,4,17,10110,6170961,200,0,385,0,0,813,2064
1464,2026-08-04T05:34:24Z,1785821664698476083,1469,6672,28012,4,17,10117,6171758,200,0,385,0,0,813,2065
1465,2026-08-04T05:34:25Z,1785821665702314630,1470,6672,28012,4,17,10126,6172556,200,0,385,0,0,813,2065
1466,2026-08-04T05:34:26Z,1785821666706044663,1471,6672,28012,4,17,10133,6173348,200,0,385,0,0,813,2066
1467,2026-08-04T05:34:27Z,1785821667709924171,1472,6672,28012,4,17,10140,6174145,200,0,385,0,0,813,2067
1468,2026-08-04T05:34:28Z,1785821668714155201,1473,6672,28012,4,17,10148,6174943,200,0,385,0,0,813,2067
1469,2026-08-04T05:34:29Z,1785821669718208297,1474,6672,28012,4,17,10155,6175738,200,0,385,0,0,813,2068
1470,2026-08-04T05:34:30Z,1785821670722139145,1475,6672,28012,4,17,10162,6176537,200,0,385,0,0,813,2068
1471,2026-08-04T05:34:31Z,1785821671726286267,1476,6672,28012,4,17,10169,6177332,200,0,385,0,0,813,2068
1472,2026-08-04T05:34:32Z,1785821672730575820,1477,6672,28012,4,17,10177,6178127,200,0,385,0,0,813,2068
1473,2026-08-04T05:34:33Z,1785821673734733436,1478,6672,28012,4,17,10183,6178922,200,0,385,0,0,813,2068
1474,2026-08-04T05:34:34Z,1785821674739016220,1479,6672,28012,4,17,10190,6179720,200,0,385,0,0,813,2068
1475,2026-08-04T05:34:35Z,1785821675741891842,1480,6672,28012,4,17,10198,6180514,200,0,385,0,0,813,2068
1476,2026-08-04T05:34:36Z,1785821676745935323,1481,6672,28012,4,17,10204,6181309,200,0,385,0,0,813,2068
1477,2026-08-04T05:34:37Z,1785821677750176124,1482,6672,28012,4,17,10212,6182105,200,0,385,0,0,813,2068
1478,2026-08-04T05:34:38Z,1785821678754126161,1483,6672,28012,4,17,10219,6182901,200,0,385,0,0,813,2068
1479,2026-08-04T05:34:39Z,1785821679758034235,1484,6672,28012,4,17,10226,6183697,200,0,385,0,0,813,2068
1480,2026-08-04T05:34:40Z,1785821680761842426,1485,6672,28012,4,17,10233,6184492,200,0,385,0,0,813,2068
1481,2026-08-04T05:34:41Z,1785821681765993122,1486,6672,28012,4,17,10240,6185288,200,0,385,0,0,813,2068
1482,2026-08-04T05:34:42Z,1785821682768936409,1487,6672,28012,4,17,10248,6186084,200,0,385,0,0,813,2068
1483,2026-08-04T05:34:43Z,1785821683773724811,1488,6672,28012,4,17,10254,6186882,200,0,385,0,0,813,2068
1484,2026-08-04T05:34:44Z,1785821684778120114,1489,6672,28012,4,17,10261,6187680,200,0,385,0,0,813,2068
1485,2026-08-04T05:34:45Z,1785821685781460824,1490,6672,28012,4,17,10268,6188473,200,0,385,0,0,813,2068
1486,2026-08-04T05:34:46Z,1785821686785386202,1491,6672,28012,4,17,10276,6189269,200,0,385,0,0,813,2068
1487,2026-08-04T05:34:47Z,1785821687789327717,1492,6672,28012,4,17,10283,6190065,200,0,385,0,0,813,2068
1488,2026-08-04T05:34:48Z,1785821688792828129,1493,6672,28012,4,17,10290,6190862,200,0,385,0,0,813,2068
1489,2026-08-04T05:34:49Z,1785821689796850377,1494,6672,28012,4,17,10296,6191659,200,0,385,0,0,813,2068
1490,2026-08-04T05:34:50Z,1785821690800728415,1495,6672,28012,4,17,10303,6192456,200,0,385,0,0,813,2068
1491,2026-08-04T05:34:51Z,1785821691804433728,1496,6672,28012,4,17,10310,6193252,200,0,385,0,0,813,2068
1492,2026-08-04T05:34:52Z,1785821692807423862,1497,6672,28012,4,17,10318,6194048,200,0,385,0,0,813,2068
1493,2026-08-04T05:34:53Z,1785821693812243529,1498,6672,28012,4,17,10324,6194844,200,0,385,0,0,813,2068
1494,2026-08-04T05:34:54Z,1785821694815914743,1499,6672,28012,4,17,10332,6195640,200,0,385,0,0,813,2068
1495,2026-08-04T05:34:55Z,1785821695819905531,1500,6672,28012,4,17,10338,6196437,200,0,385,0,0,813,2068
1496,2026-08-04T05:34:56Z,1785821696824328548,1501,6672,28012,4,17,10345,6197235,200,0,385,0,0,813,2068
1497,2026-08-04T05:34:57Z,1785821697827017211,1502,6672,28012,4,17,10352,6198031,200,0,385,0,0,813,2068
1498,2026-08-04T05:34:58Z,1785821698830663484,1503,6676,28012,4,18,10359,6198829,200,0,385,0,0,813,2068
1499,2026-08-04T05:34:59Z,1785821699835270950,1504,6672,28012,4,17,10367,6199625,200,0,385,0,0,813,2068
1500,2026-08-04T05:35:00Z,1785821700838149000,1505,6672,28012,4,17,10375,6200422,200,0,385,0,0,813,2068
1501,2026-08-04T05:35:01Z,1785821701842966071,1506,6672,28012,4,17,10383,6201214,200,0,385,0,0,813,2068
1502,2026-08-04T05:35:02Z,1785821702846108646,1507,6672,28012,4,17,10390,6202012,200,0,385,0,0,813,2068
1503,2026-08-04T05:35:03Z,1785821703850221781,1508,6672,28012,4,17,10398,6202810,200,0,385,0,0,813,2068
1504,2026-08-04T05:35:04Z,1785821704854203211,1509,6672,28012,4,17,10405,6203611,200,0,385,0,0,813,2068
1505,2026-08-04T05:35:05Z,1785821705858460916,1510,6672,28012,4,17,10413,6204405,200,0,385,0,0,813,2068
1506,2026-08-04T05:35:06Z,1785821706861427722,1511,6672,28012,4,17,10420,6205202,200,0,385,0,0,813,2068
1507,2026-08-04T05:35:07Z,1785821707865888402,1512,6672,28012,4,17,10427,6206000,200,0,385,0,0,813,2068
1508,2026-08-04T05:35:08Z,1785821708869183236,1513,6672,28012,4,17,10434,6206791,200,0,385,0,0,813,2068
1509,2026-08-04T05:35:09Z,1785821709871974075,1514,6672,28012,4,17,10441,6207589,200,0,385,0,0,813,2068
1510,2026-08-04T05:35:10Z,1785821710875983795,1515,6672,28012,4,17,10448,6208386,200,0,385,0,0,813,2068
1511,2026-08-04T05:35:11Z,1785821711879975386,1516,6672,28012,4,17,10455,6209181,200,0,385,0,0,813,2068
1512,2026-08-04T05:35:12Z,1785821712883904415,1517,6672,28012,4,17,10463,6209977,200,0,385,0,0,813,2068
1513,2026-08-04T05:35:13Z,1785821713887353553,1518,6672,28012,4,17,10469,6210773,200,0,385,0,0,813,2068
1514,2026-08-04T05:35:14Z,1785821714891984436,1519,6672,28012,4,17,10476,6211569,200,0,385,0,0,813,2068
1515,2026-08-04T05:35:15Z,1785821715895026808,1520,6672,28012,4,17,10483,6212365,200,0,385,0,0,813,2068
1516,2026-08-04T05:35:16Z,1785821716898712767,1521,6672,28012,4,17,10490,6213161,200,0,385,0,0,813,2068
1517,2026-08-04T05:35:17Z,1785821717902466041,1522,6672,28012,4,17,10498,6213959,200,0,385,0,0,813,2068
1518,2026-08-04T05:35:18Z,1785821718905980698,1523,6672,28012,4,17,10505,6214753,200,0,385,0,0,813,2068
1519,2026-08-04T05:35:19Z,1785821719909805037,1524,6672,28012,4,17,10511,6215550,200,0,385,0,0,813,2068
1520,2026-08-04T05:35:20Z,1785821720913828821,1525,6672,28012,4,17,10519,6216346,200,0,385,0,0,813,2068
1521,2026-08-04T05:35:21Z,1785821721917864957,1526,6672,28012,4,17,10525,6217142,200,0,385,0,0,813,2068
1522,2026-08-04T05:35:22Z,1785821722921755730,1527,6672,28012,4,17,10532,6217937,200,0,385,0,0,813,2068
1523,2026-08-04T05:35:23Z,1785821723925748009,1528,6672,28012,4,17,10540,6218734,200,0,385,0,0,813,2068
1524,2026-08-04T05:35:24Z,1785821724929857986,1529,6672,28012,4,17,10546,6219529,200,0,385,0,0,813,2068
1525,2026-08-04T05:35:25Z,1785821725933242427,1530,6672,28012,4,17,10554,6220324,200,0,385,0,0,813,2068
1526,2026-08-04T05:35:26Z,1785821726937254590,1531,6672,28012,4,17,10561,6221119,200,0,385,0,0,813,2068
1527,2026-08-04T05:35:27Z,1785821727940621468,1532,6672,28012,4,17,10567,6221915,200,0,385,0,0,813,2068
1528,2026-08-04T05:35:28Z,1785821728944395456,1533,6672,28012,4,17,10574,6222710,200,0,385,0,0,813,2068
1529,2026-08-04T05:35:29Z,1785821729948381161,1534,6672,28012,4,17,10581,6223506,200,0,385,0,0,813,2068
1530,2026-08-04T05:35:30Z,1785821730953230821,1535,6672,28012,4,17,10588,6224301,200,0,385,0,0,813,2068
1531,2026-08-04T05:35:31Z,1785821731956022913,1536,6672,28012,4,17,10595,6225096,200,0,385,0,0,813,2068
1532,2026-08-04T05:35:32Z,1785821732960127621,1537,6672,28012,4,17,10602,6225895,200,0,385,0,0,813,2068
1533,2026-08-04T05:35:33Z,1785821733963935558,1538,6672,28012,4,17,10609,6226692,200,0,385,0,0,813,2068
1534,2026-08-04T05:35:34Z,1785821734968191367,1539,6668,28012,4,16,10616,6227489,200,0,385,0,0,813,2068
1535,2026-08-04T05:35:35Z,1785821735972225890,1540,6668,28012,4,16,10624,6228285,200,0,385,0,0,813,2068
1536,2026-08-04T05:35:36Z,1785821736976533044,1541,6668,28012,4,16,10631,6229082,200,0,385,0,0,813,2068
1537,2026-08-04T05:35:37Z,1785821737979062525,1542,6664,28012,4,15,10638,6229877,200,0,385,0,0,813,2068
1538,2026-08-04T05:35:38Z,1785821738982331215,1543,6664,28012,4,15,10645,6230675,200,0,385,0,0,813,2068
1539,2026-08-04T05:35:39Z,1785821739986390531,1544,6636,28012,4,13,10649,6231473,200,0,385,0,0,813,2068
1540,2026-08-04T05:35:40Z,1785821740989678321,1545,6636,28012,4,13,10654,6232271,200,0,385,0,0,813,2068
1541,2026-08-04T05:35:41Z,1785821741993763739,1546,6308,28012,4,11,10654,6233074,200,0,385,0,0,813,2068
1542,2026-08-04T05:35:42Z,1785821742996405193,1547,6304,28012,4,10,10654,6233875,200,0,385,0,0,813,2068
1543,2026-08-04T05:35:43Z,1785821744000134107,1549,6304,28012,4,10,10654,6234677,200,0,385,0,0,813,2068
1544,2026-08-04T05:35:45Z,1785821745004461924,1550,6304,28012,4,10,10654,6235481,200,0,385,0,0,813,2068
1545,2026-08-04T05:35:46Z,1785821746007608728,1551,6304,28012,4,10,10654,6236281,200,0,385,0,0,813,2068
1546,2026-08-04T05:35:47Z,1785821747011970590,1552,6304,28012,4,10,10654,6237084,200,0,385,0,0,813,2068
1547,2026-08-04T05:35:48Z,1785821748015363866,1553,6308,28012,4,11,10655,6237886,200,0,385,0,0,813,2068
1548,2026-08-04T05:35:49Z,1785821749019058147,1554,6312,28012,4,12,10656,6238684,200,0,385,0,0,813,2068
1549,2026-08-04T05:35:50Z,1785821750022418854,1555,6336,28012,4,13,10658,6239481,200,0,385,0,0,813,2068
1550,2026-08-04T05:35:51Z,1785821751025535038,1556,6340,28012,4,14,10665,6240277,200,0,385,0,0,813,2068
1551,2026-08-04T05:35:52Z,1785821752029853218,1557,6664,28012,4,15,10673,6241073,200,0,385,0,0,813,2068
1552,2026-08-04T05:35:53Z,1785821753033320854,1558,6676,28012,4,18,10680,6241867,200,0,385,0,0,813,2069
1553,2026-08-04T05:35:54Z,1785821754037224753,1559,6676,28012,4,18,10687,6242661,200,0,385,0,0,813,2069
1554,2026-08-04T05:35:55Z,1785821755041334683,1560,6676,28012,4,18,10694,6243457,200,0,385,0,0,813,2070
1555,2026-08-04T05:35:56Z,1785821756045363912,1561,6676,28012,4,18,10701,6244255,200,0,385,0,0,813,2071
1556,2026-08-04T05:35:57Z,1785821757049056888,1562,6676,28012,4,18,10709,6245050,200,0,385,0,0,813,2072
1557,2026-08-04T05:35:58Z,1785821758052861465,1563,6676,28012,4,18,10716,6245845,200,0,385,0,0,813,2073
1558,2026-08-04T05:35:59Z,1785821759056855253,1564,6676,28012,4,18,10724,6246640,200,0,385,0,0,813,2073
1559,2026-08-04T05:36:00Z,1785821760061297646,1565,6676,28012,4,18,10731,6247437,200,0,385,0,0,813,2073
1560,2026-08-04T05:36:01Z,1785821761064557747,1566,6676,28012,4,18,10739,6248232,200,0,385,0,0,813,2074
1561,2026-08-04T05:36:02Z,1785821762069094270,1567,6676,28012,4,18,10747,6249029,200,0,385,0,0,813,2074
1562,2026-08-04T05:36:03Z,1785821763072869164,1568,6676,28012,4,18,10754,6249822,200,0,385,0,0,813,2075
1563,2026-08-04T05:36:04Z,1785821764075619182,1569,6676,28012,4,18,10762,6250616,200,0,385,0,0,813,2076
1564,2026-08-04T05:36:05Z,1785821765079494499,1570,6676,28012,4,18,10770,6251411,200,0,385,0,0,813,2077
1565,2026-08-04T05:36:06Z,1785821766083224827,1571,6676,28012,4,18,10777,6252206,200,0,385,0,0,813,2078
1566,2026-08-04T05:36:07Z,1785821767087019829,1572,6676,28012,4,18,10784,6253002,200,0,385,0,0,813,2078
1567,2026-08-04T05:36:08Z,1785821768090529419,1573,6676,28012,4,18,10791,6253797,200,0,385,0,0,813,2079
1568,2026-08-04T05:36:09Z,1785821769094464422,1574,6676,28012,4,18,10799,6254592,200,0,385,0,0,813,2080
1569,2026-08-04T05:36:10Z,1785821770098323813,1575,6676,28012,4,18,10806,6255388,200,0,385,0,0,813,2081
1570,2026-08-04T05:36:11Z,1785821771102043660,1576,6676,28012,4,18,10814,6256181,200,0,385,0,0,813,2082
1571,2026-08-04T05:36:12Z,1785821772105819943,1577,6676,28012,4,18,10821,6256976,200,0,385,0,0,813,2082
1572,2026-08-04T05:36:13Z,1785821773109483116,1578,6676,28012,4,18,10828,6257772,200,0,385,0,0,813,2082
1573,2026-08-04T05:36:14Z,1785821774112906820,1579,6676,28012,4,18,10836,6258566,200,0,385,0,0,813,2082
1574,2026-08-04T05:36:15Z,1785821775117547429,1580,6676,28012,4,18,10844,6259363,200,0,385,0,0,813,2083
1575,2026-08-04T05:36:16Z,1785821776120146632,1581,6676,28012,4,18,10851,6260158,200,0,385,0,0,813,2083
1576,2026-08-04T05:36:17Z,1785821777123971019,1582,6676,28012,4,18,10859,6260951,200,0,385,0,0,813,2084
1577,2026-08-04T05:36:18Z,1785821778127568414,1583,6676,28012,4,18,10866,6261745,200,0,385,0,0,813,2085
1578,2026-08-04T05:36:19Z,1785821779131101325,1584,6676,28012,4,18,10873,6262540,200,0,385,0,0,813,2086
1579,2026-08-04T05:36:20Z,1785821780135257792,1585,6676,28012,4,18,10881,6263333,200,0,385,0,0,813,2087
1580,2026-08-04T05:36:21Z,1785821781139321102,1586,6676,28012,4,18,10889,6264128,200,0,385,0,0,813,2087
1581,2026-08-04T05:36:22Z,1785821782143702286,1587,6676,28012,4,18,10896,6264924,200,0,385,0,0,813,2088
1582,2026-08-04T05:36:23Z,1785821783146843538,1588,6672,28012,4,17,10904,6265720,200,0,385,0,0,813,2089
1583,2026-08-04T05:36:24Z,1785821784150429612,1589,6672,28012,4,17,10912,6266513,200,0,385,0,0,813,2090
1584,2026-08-04T05:36:25Z,1785821785154324049,1590,6672,28012,4,17,10919,6267308,200,0,385,0,0,813,2090
1585,2026-08-04T05:36:26Z,1785821786158517378,1591,6672,28012,4,17,10926,6268103,200,0,385,0,0,813,2091
1586,2026-08-04T05:36:27Z,1785821787162750549,1592,6672,28012,4,17,10933,6268899,200,0,385,0,0,813,2092
1587,2026-08-04T05:36:28Z,1785821788166472123,1593,6672,28012,4,17,10941,6269694,200,0,385,0,0,813,2093
1588,2026-08-04T05:36:29Z,1785821789170286202,1594,6672,28012,4,17,10948,6270489,200,0,385,0,0,813,2094
1589,2026-08-04T05:36:30Z,1785821790174508271,1595,6672,28012,4,17,10956,6271286,200,0,385,0,0,813,2095
1590,2026-08-04T05:36:31Z,1785821791178428142,1596,6672,28012,4,17,10963,6272080,200,0,385,0,0,813,2096
1591,2026-08-04T05:36:32Z,1785821792182017266,1597,6672,28012,4,17,10971,6272876,200,0,385,0,0,813,2097
1592,2026-08-04T05:36:33Z,1785821793186066728,1598,6672,28012,4,17,10978,6273672,200,0,385,0,0,813,2098
1593,2026-08-04T05:36:34Z,1785821794190114336,1599,6672,28012,4,17,10985,6274468,200,0,385,0,0,813,2099
1594,2026-08-04T05:36:35Z,1785821795194093775,1600,6672,28012,4,17,10993,6275262,200,0,385,0,0,813,2099
1595,2026-08-04T05:36:36Z,1785821796196972979,1601,6672,28012,4,17,11001,6276055,200,0,385,0,0,813,2100
1596,2026-08-04T05:36:37Z,1785821797202704534,1602,6672,28012,4,17,11009,6276850,200,0,385,0,0,813,2101
1597,2026-08-04T05:36:38Z,1785821798206002140,1603,6672,28012,4,17,11016,6277643,200,0,385,0,0,813,2104
1598,2026-08-04T05:36:39Z,1785821799210122630,1604,6672,28012,4,17,11024,6278440,200,0,385,0,0,813,2105
1599,2026-08-04T05:36:40Z,1785821800213645964,1605,6672,28012,4,17,11031,6279234,200,0,385,0,0,813,2106
1600,2026-08-04T05:36:41Z,1785821801217284484,1606,6672,28012,4,17,11039,6280026,200,0,385,0,0,813,2107
1601,2026-08-04T05:36:42Z,1785821802220891888,1607,6672,28012,4,17,11046,6280819,200,0,385,0,0,813,2107
1602,2026-08-04T05:36:43Z,1785821803224427697,1608,6672,28012,4,17,11054,6281614,200,0,385,0,0,813,2108
1603,2026-08-04T05:36:44Z,1785821804229064374,1609,6672,28012,4,17,11062,6282410,200,0,385,0,0,813,2109
1604,2026-08-04T05:36:45Z,1785821805232291059,1610,6672,28012,4,17,11070,6283205,200,0,385,0,0,813,2110
1605,2026-08-04T05:36:46Z,1785821806236600603,1611,6672,28012,4,17,11078,6284001,200,0,385,0,0,813,2110
1606,2026-08-04T05:36:47Z,1785821807239987362,1612,6672,28012,4,17,11085,6284793,200,0,385,0,0,813,2111
1607,2026-08-04T05:36:48Z,1785821808244170578,1613,6672,28012,4,17,11093,6285589,200,0,385,0,0,813,2112
1608,2026-08-04T05:36:49Z,1785821809248884380,1614,6672,28012,4,17,11100,6286385,200,0,385,0,0,813,2114
1609,2026-08-04T05:36:50Z,1785821810251962577,1615,6672,28012,4,17,11107,6287177,200,0,385,0,0,813,2115
1610,2026-08-04T05:36:51Z,1785821811255838422,1616,6672,28012,4,17,11114,6287975,200,0,385,0,0,813,2116
1611,2026-08-04T05:36:52Z,1785821812259374151,1617,6672,28012,4,17,11122,6288769,200,0,385,0,0,813,2117
1612,2026-08-04T05:36:53Z,1785821813262828551,1618,6672,28012,4,17,11129,6289565,200,0,385,0,0,813,2118
1613,2026-08-04T05:36:54Z,1785821814266779010,1619,6672,28012,4,17,11136,6290360,200,0,385,0,0,813,2119
1614,2026-08-04T05:36:55Z,1785821815270311441,1620,6672,28012,4,17,11144,6291155,200,0,385,0,0,813,2120
1615,2026-08-04T05:36:56Z,1785821816274322924,1621,6672,28012,4,17,11152,6291952,200,0,385,0,0,813,2121
1616,2026-08-04T05:36:57Z,1785821817278372744,1622,6672,28012,4,17,11159,6292746,200,0,385,0,0,813,2122
1617,2026-08-04T05:36:58Z,1785821818281746233,1623,6672,28012,4,17,11167,6293542,200,0,385,0,0,813,2123
1618,2026-08-04T05:36:59Z,1785821819285307902,1624,6672,28012,4,17,11174,6294336,200,0,385,0,0,813,2124
1619,2026-08-04T05:37:00Z,1785821820289396955,1625,6672,28012,4,17,11181,6295132,200,0,385,0,0,813,2125
1620,2026-08-04T05:37:01Z,1785821821293472532,1626,6672,28012,4,17,11189,6295927,200,0,385,0,0,813,2125
1621,2026-08-04T05:37:02Z,1785821822297283774,1627,6672,28012,4,17,11197,6296720,200,0,385,0,0,813,2126
1622,2026-08-04T05:37:03Z,1785821823300928941,1628,6672,28012,4,17,11205,6297514,200,0,385,0,0,813,2127
1623,2026-08-04T05:37:04Z,1785821824304424472,1629,6672,28012,4,17,11213,6298310,200,0,385,0,0,813,2128
1624,2026-08-04T05:37:05Z,1785821825308039819,1630,6672,28012,4,17,11219,6299104,200,0,385,0,0,813,2128
1625,2026-08-04T05:37:06Z,1785821826311734456,1631,6672,28012,4,17,11227,6299896,200,0,385,0,0,813,2128
1626,2026-08-04T05:37:07Z,1785821827315508938,1632,6672,28012,4,17,11235,6300692,200,0,385,0,0,813,2128
1627,2026-08-04T05:37:08Z,1785821828319397414,1633,6672,28012,4,17,11242,6301486,200,0,385,0,0,813,2128
1628,2026-08-04T05:37:09Z,1785821829323104838,1634,6672,28012,4,17,11250,6302279,200,0,385,0,0,813,2128
1629,2026-08-04T05:37:10Z,1785821830327321020,1635,6672,28012,4,17,11257,6303077,200,0,385,0,0,813,2129
1630,2026-08-04T05:37:11Z,1785821831331002468,1636,6672,28012,4,17,11265,6303871,200,0,385,0,0,813,2130
1631,2026-08-04T05:37:12Z,1785821832334567783,1637,6672,28012,4,17,11272,6304666,200,0,385,0,0,813,2130
1632,2026-08-04T05:37:13Z,1785821833337915344,1638,6672,28012,4,17,11280,6305461,200,0,385,0,0,813,2130
1633,2026-08-04T05:37:14Z,1785821834341506344,1639,6672,28012,4,17,11287,6306255,200,0,385,0,0,813,2130
1634,2026-08-04T05:37:15Z,1785821835345682460,1640,6672,28012,4,17,11295,6307051,200,0,385,0,0,813,2131
1635,2026-08-04T05:37:16Z,1785821836348545939,1641,6672,28012,4,17,11303,6307845,200,0,385,0,0,813,2132
1636,2026-08-04T05:37:17Z,1785821837352101416,1642,6672,28012,4,17,11310,6308639,200,0,385,0,0,813,2132
1637,2026-08-04T05:37:18Z,1785821838355942679,1643,6672,28012,4,17,11317,6309436,200,0,385,0,0,813,2133
1638,2026-08-04T05:37:19Z,1785821839359713648,1644,6672,28012,4,17,11325,6310230,200,0,385,0,0,813,2134
1639,2026-08-04T05:37:20Z,1785821840363638637,1645,6672,28012,4,17,11332,6311026,200,0,385,0,0,813,2135
1640,2026-08-04T05:37:21Z,1785821841367316503,1646,6672,28012,4,17,11339,6311818,200,0,385,0,0,813,2136
1641,2026-08-04T05:37:22Z,1785821842371037214,1647,6672,28012,4,17,11347,6312614,200,0,385,0,0,813,2137
1642,2026-08-04T05:37:23Z,1785821843376347083,1648,6672,28012,4,17,11355,6313410,200,0,385,0,0,813,2137
1643,2026-08-04T05:37:24Z,1785821844378401913,1649,6672,28012,4,17,11362,6314205,200,0,385,0,0,813,2138
1644,2026-08-04T05:37:25Z,1785821845382710534,1650,6672,28012,4,17,11369,6315001,200,0,385,0,0,813,2138
1645,2026-08-04T05:37:26Z,1785821846385453261,1651,6672,28012,4,17,11377,6315794,200,0,385,0,0,813,2139
1646,2026-08-04T05:37:27Z,1785821847389292073,1652,6672,28012,4,17,11384,6316592,200,0,385,0,0,813,2139
1647,2026-08-04T05:37:28Z,1785821848393239292,1653,6672,28012,4,17,11391,6317387,200,0,385,0,0,813,2140
1648,2026-08-04T05:37:29Z,1785821849397209718,1654,6672,28012,4,17,11399,6318181,200,0,385,0,0,813,2140
1649,2026-08-04T05:37:30Z,1785821850401963807,1655,6672,28012,4,17,11407,6318976,200,0,385,0,0,813,2141
1650,2026-08-04T05:37:31Z,1785821851404560967,1656,6672,28012,4,17,11415,6319773,200,0,385,0,0,813,2142
1651,2026-08-04T05:37:32Z,1785821852408366362,1657,6672,28012,4,17,11423,6320565,200,0,385,0,0,813,2142
1652,2026-08-04T05:37:33Z,1785821853411804694,1658,6672,28012,4,17,11430,6321363,200,0,385,0,0,813,2143
1653,2026-08-04T05:37:34Z,1785821854415441876,1659,6672,28012,4,17,11437,6322157,200,0,385,0,0,813,2144
1654,2026-08-04T05:37:35Z,1785821855419709572,1660,6672,28012,4,17,11445,6322953,200,0,385,0,0,813,2144
1655,2026-08-04T05:37:36Z,1785821856423463397,1661,6672,28012,4,17,11452,6323749,200,0,385,0,0,813,2145
1656,2026-08-04T05:37:37Z,1785821857427296186,1662,6672,28012,4,17,11460,6324543,200,0,385,0,0,813,2145
1657,2026-08-04T05:37:38Z,1785821858431103381,1663,6672,28012,4,17,11467,6325339,200,0,385,0,0,813,2145
1658,2026-08-04T05:37:39Z,1785821859435188442,1664,6672,28012,4,17,11475,6326132,200,0,385,0,0,813,2145
1659,2026-08-04T05:37:40Z,1785821860440202989,1665,6672,28012,4,17,11483,6326925,200,0,385,0,0,813,2146
1660,2026-08-04T05:37:41Z,1785821861443804608,1666,6672,28012,4,17,11491,6327718,200,0,385,0,0,813,2147
1661,2026-08-04T05:37:42Z,1785821862446823278,1667,6672,28012,4,17,11498,6328513,200,0,385,0,0,813,2147
1662,2026-08-04T05:37:43Z,1785821863450646339,1668,6672,28012,4,17,11505,6329306,200,0,385,0,0,813,2148
1663,2026-08-04T05:37:44Z,1785821864454718196,1669,6672,28012,4,17,11513,6330102,200,0,385,0,0,813,2148
1664,2026-08-04T05:37:45Z,1785821865459468015,1670,6672,28012,4,17,11521,6330898,200,0,385,0,0,813,2149
1665,2026-08-04T05:37:46Z,1785821866462232912,1671,6672,28012,4,17,11528,6331691,200,0,385,0,0,813,2150
1666,2026-08-04T05:37:47Z,1785821867465979534,1672,6668,28012,4,16,11536,6332485,200,0,385,0,0,813,2150
1667,2026-08-04T05:37:48Z,1785821868469050448,1673,6664,28012,4,15,11543,6333283,200,0,385,0,0,813,2151
1668,2026-08-04T05:37:49Z,1785821869474065455,1674,6640,28012,4,14,11548,6334082,200,0,385,0,0,813,2151
1669,2026-08-04T05:37:50Z,1785821870476856206,1675,6632,28012,4,12,11552,6334880,200,0,385,0,0,813,2151
1670,2026-08-04T05:37:51Z,1785821871480469905,1676,6304,28012,4,10,11552,6335682,200,0,385,0,0,813,2151
1671,2026-08-04T05:37:52Z,1785821872483967637,1677,6304,28012,4,10,11552,6336484,200,0,385,0,0,813,2151
1672,2026-08-04T05:37:53Z,1785821873487486278,1678,6304,28012,4,10,11552,6337286,200,0,385,0,0,813,2151
1673,2026-08-04T05:37:54Z,1785821874490925606,1679,6304,28012,4,10,11552,6338089,200,0,385,0,0,813,2151
1674,2026-08-04T05:37:55Z,1785821875494489042,1680,6304,28012,4,10,11552,6338891,200,0,385,0,0,813,2151
1675,2026-08-04T05:37:56Z,1785821876497997598,1681,6304,28012,4,10,11552,6339693,200,0,385,0,0,813,2151
1676,2026-08-04T05:37:57Z,1785821877501767413,1682,6308,28012,4,11,11552,6340496,200,0,385,0,0,813,2151
1677,2026-08-04T05:37:58Z,1785821878505917483,1683,6312,28012,4,12,11554,6341296,200,0,385,0,0,813,2151
1678,2026-08-04T05:37:59Z,1785821879509352776,1684,6336,28012,4,13,11558,6342094,200,0,385,0,0,813,2151
1679,2026-08-04T05:38:00Z,1785821880513223590,1685,6340,28012,4,14,11565,6342888,200,0,385,0,0,813,2151
1680,2026-08-04T05:38:01Z,1785821881518142085,1686,6664,28012,4,15,11572,6343684,200,0,385,0,0,813,2151
1681,2026-08-04T05:38:02Z,1785821882522024291,1687,6676,28012,4,18,11580,6344478,200,0,385,0,0,813,2152
1682,2026-08-04T05:38:03Z,1785821883524993678,1688,6676,28012,4,18,11587,6345274,200,0,385,0,0,813,2153
1683,2026-08-04T05:38:04Z,1785821884528795225,1689,6676,28012,4,18,11595,6346071,200,0,385,0,0,813,2154
1684,2026-08-04T05:38:05Z,1785821885532937855,1690,6676,28012,4,18,11603,6346867,200,0,385,0,0,813,2155
1685,2026-08-04T05:38:06Z,1785821886536984256,1691,6676,28012,4,18,11610,6347663,200,0,385,0,0,813,2156
1686,2026-08-04T05:38:07Z,1785821887541019334,1692,6676,28012,4,18,11617,6348460,200,0,385,0,0,813,2157
1687,2026-08-04T05:38:08Z,1785821888544994158,1693,6676,28012,4,18,11625,6349260,200,0,385,0,0,813,2158
1688,2026-08-04T05:38:09Z,1785821889548818689,1694,6676,28012,4,18,11633,6350053,200,0,385,0,0,813,2159
1689,2026-08-04T05:38:10Z,1785821890552776227,1695,6676,28012,4,18,11639,6350850,200,0,385,0,0,813,2160
1690,2026-08-04T05:38:11Z,1785821891556387148,1696,6676,28012,4,18,11647,6351645,200,0,385,0,0,813,2161
1691,2026-08-04T05:38:12Z,1785821892560148137,1697,6676,28012,4,18,11654,6352438,200,0,385,0,0,813,2162
1692,2026-08-04T05:38:13Z,1785821893563823956,1698,6676,28012,4,18,11662,6353234,200,0,385,0,0,813,2163
1693,2026-08-04T05:38:14Z,1785821894568199875,1699,6676,28012,4,18,11670,6354033,200,0,385,0,0,813,2164
1694,2026-08-04T05:38:15Z,1785821895571015595,1700,6676,28012,4,18,11677,6354826,200,0,385,0,0,813,2165
1695,2026-08-04T05:38:16Z,1785821896574973340,1701,6676,28012,4,18,11685,6355623,200,0,385,0,0,813,2166
1696,2026-08-04T05:38:17Z,1785821897578695368,1702,6676,28012,4,18,11692,6356419,200,0,385,0,0,813,2167
1697,2026-08-04T05:38:18Z,1785821898582229335,1703,6676,28012,4,18,11699,6357214,200,0,385,0,0,813,2168
1698,2026-08-04T05:38:19Z,1785821899586166475,1704,6676,28012,4,18,11706,6358009,200,0,385,0,0,813,2169
1699,2026-08-04T05:38:20Z,1785821900590377138,1705,6676,28012,4,18,11715,6358807,200,0,385,0,0,813,2170
1700,2026-08-04T05:38:21Z,1785821901594363627,1706,6676,28012,4,18,11722,6359602,200,0,385,0,0,813,2171
1701,2026-08-04T05:38:22Z,1785821902598434030,1707,6676,28012,4,18,11729,6360399,200,0,385,0,0,813,2173
1702,2026-08-04T05:38:23Z,1785821903602132923,1708,6676,28012,4,18,11736,6361192,200,0,385,0,0,813,2174
1703,2026-08-04T05:38:24Z,1785821904606173843,1709,6676,28012,4,18,11744,6361989,200,0,385,0,0,813,2174
1704,2026-08-04T05:38:25Z,1785821905610068941,1710,6676,28012,4,18,11752,6362785,200,0,385,0,0,813,2175
1705,2026-08-04T05:38:26Z,1785821906613855874,1711,6676,28012,4,18,11759,6363582,200,0,385,0,0,813,2176
1706,2026-08-04T05:38:27Z,1785821907617339835,1712,6676,28012,4,18,11766,6364377,200,0,385,0,0,813,2177
1707,2026-08-04T05:38:28Z,1785821908620709327,1713,6676,28012,4,18,11774,6365172,200,0,385,0,0,813,2177
1708,2026-08-04T05:38:29Z,1785821909625311121,1714,6676,28012,4,18,11782,6365967,200,0,385,0,0,813,2177
1709,2026-08-04T05:38:30Z,1785821910629176905,1715,6676,28012,4,18,11789,6366764,200,0,385,0,0,813,2178
1710,2026-08-04T05:38:31Z,1785821911632625855,1716,6676,28012,4,18,11797,6367558,200,0,385,0,0,813,2179
1711,2026-08-04T05:38:32Z,1785821912635075540,1717,6676,28012,4,18,11804,6368352,200,0,385,0,0,813,2179
1712,2026-08-04T05:38:33Z,1785821913639135481,1718,6676,28012,4,18,11811,6369150,200,0,385,0,0,813,2180
1713,2026-08-04T05:38:34Z,1785821914642981083,1719,6676,28012,4,18,11819,6369945,200,0,385,0,0,813,2181
1714,2026-08-04T05:38:35Z,1785821915647759672,1720,6672,28012,4,17,11826,6370742,200,0,385,0,0,813,2181
1715,2026-08-04T05:38:36Z,1785821916650518110,1721,6672,28012,4,17,11834,6371536,200,0,385,0,0,813,2181
1716,2026-08-04T05:38:37Z,1785821917654762537,1722,6672,28012,4,17,11841,6372333,200,0,385,0,0,813,2181
1717,2026-08-04T05:38:38Z,1785821918659167025,1723,6672,28012,4,17,11849,6373129,200,0,385,0,0,813,2182
1718,2026-08-04T05:38:39Z,1785821919662390960,1724,6672,28012,4,17,11856,6373924,200,0,385,0,0,813,2183
1719,2026-08-04T05:38:40Z,1785821920665929583,1725,6672,28012,4,17,11865,6374719,200,0,385,0,0,813,2184
1720,2026-08-04T05:38:41Z,1785821921668326697,1726,6672,28012,4,17,11872,6375510,200,0,385,0,0,813,2184
1721,2026-08-04T05:38:42Z,1785821922672176765,1727,6672,28012,4,17,11881,6376304,200,0,385,0,0,813,2184
1722,2026-08-04T05:38:43Z,1785821923676195617,1728,6672,28012,4,17,11888,6377102,200,0,385,0,0,813,2187
1723,2026-08-04T05:38:44Z,1785821924680837703,1729,6672,28012,4,17,11896,6377896,200,0,385,0,0,813,2188
1724,2026-08-04T05:38:45Z,1785821925684331701,1730,6672,28012,4,17,11903,6378691,200,0,385,0,0,813,2189
1725,2026-08-04T05:38:46Z,1785821926687269673,1731,6672,28012,4,17,11911,6379486,200,0,385,0,0,813,2191
1726,2026-08-04T05:38:47Z,1785821927691604666,1732,6672,28012,4,17,11918,6380279,200,0,385,0,0,813,2193
1727,2026-08-04T05:38:48Z,1785821928695139782,1733,6672,28012,4,17,11925,6381073,200,0,385,0,0,813,2194
1728,2026-08-04T05:38:49Z,1785821929697701479,1734,6672,28012,4,17,11933,6381866,200,0,385,0,0,813,2196
1729,2026-08-04T05:38:50Z,1785821930701709195,1735,6672,28012,4,17,11941,6382660,200,0,385,0,0,813,2197
1730,2026-08-04T05:38:51Z,1785821931705304699,1736,6672,28012,4,17,11949,6383455,200,0,385,0,0,813,2198
1731,2026-08-04T05:38:52Z,1785821932708753143,1737,6672,28012,4,17,11955,6384250,200,0,385,0,0,813,2198
1732,2026-08-04T05:38:53Z,1785821933712279952,1738,6672,28012,4,17,11963,6385049,200,0,385,0,0,813,2198
1733,2026-08-04T05:38:54Z,1785821934716174117,1739,6672,28012,4,17,11970,6385846,200,0,385,0,0,813,2199
1734,2026-08-04T05:38:55Z,1785821935720282279,1740,6672,28012,4,17,11977,6386641,200,0,385,0,0,813,2200
1735,2026-08-04T05:38:56Z,1785821936724676841,1741,6672,28012,4,17,11986,6387438,200,0,385,0,0,813,2202
1736,2026-08-04T05:38:57Z,1785821937727329571,1742,6672,28012,4,17,11993,6388235,200,0,385,0,0,813,2203
1737,2026-08-04T05:38:58Z,1785821938730947392,1743,6672,28012,4,17,12000,6389031,200,0,385,0,0,813,2203
1738,2026-08-04T05:38:59Z,1785821939735401553,1744,6672,28012,4,17,12008,6389827,200,0,385,0,0,813,2204
1739,2026-08-04T05:39:00Z,1785821940738896743,1745,6672,28012,4,17,12015,6390622,200,0,385,0,0,813,2205
1740,2026-08-04T05:39:01Z,1785821941743922765,1746,6672,28012,4,17,12024,6391420,200,0,385,0,0,813,2206
1741,2026-08-04T05:39:02Z,1785821942747530846,1747,6672,28012,4,17,12032,6392214,200,0,385,0,0,813,2207
1742,2026-08-04T05:39:03Z,1785821943751434038,1748,6672,28012,4,17,12039,6393009,200,0,385,0,0,813,2208
1743,2026-08-04T05:39:04Z,1785821944754194901,1749,6676,28012,4,18,12047,6393803,200,0,385,0,0,813,2209
1744,2026-08-04T05:39:05Z,1785821945758223095,1750,6676,28012,4,18,12054,6394600,200,0,385,0,0,813,2210
1745,2026-08-04T05:39:06Z,1785821946762376936,1751,6676,28012,4,18,12061,6395394,200,0,385,0,0,813,2211
1746,2026-08-04T05:39:07Z,1785821947766439143,1752,6676,28012,4,18,12069,6396189,200,0,385,0,0,813,2212
1747,2026-08-04T05:39:08Z,1785821948770088062,1753,6676,28012,4,18,12076,6396986,200,0,385,0,0,813,2213
1748,2026-08-04T05:39:09Z,1785821949774008378,1754,6676,28012,4,18,12084,6397783,200,0,385,0,0,813,2214
1749,2026-08-04T05:39:10Z,1785821950777750096,1755,6676,28012,4,18,12091,6398577,200,0,385,0,0,813,2215
1750,2026-08-04T05:39:11Z,1785821951781947678,1756,6676,28012,4,18,12098,6399373,200,0,385,0,0,813,2216
1751,2026-08-04T05:39:12Z,1785821952785003913,1757,6676,28012,4,18,12106,6400171,200,0,385,0,0,813,2217
1752,2026-08-04T05:39:13Z,1785821953788772077,1758,6676,28012,4,18,12113,6400966,200,0,385,0,0,813,2218
1753,2026-08-04T05:39:14Z,1785821954793294655,1759,6676,28012,4,18,12121,6401763,200,0,385,0,0,813,2219
1754,2026-08-04T05:39:15Z,1785821955796100115,1760,6676,28012,4,18,12129,6402556,200,0,385,0,0,813,2220
1755,2026-08-04T05:39:16Z,1785821956800434577,1761,6676,28012,4,18,12137,6403353,200,0,385,0,0,813,2220
1756,2026-08-04T05:39:17Z,1785821957803258582,1762,6676,28012,4,18,12144,6404150,200,0,385,0,0,813,2221
1757,2026-08-04T05:39:18Z,1785821958806996854,1763,6676,28012,4,18,12151,6404947,200,0,385,0,0,813,2222
1758,2026-08-04T05:39:19Z,1785821959810808483,1764,6676,28012,4,18,12158,6405743,200,0,385,0,0,813,2223
1759,2026-08-04T05:39:20Z,1785821960814685286,1765,6676,28012,4,18,12166,6406540,200,0,385,0,0,813,2223
1760,2026-08-04T05:39:21Z,1785821961818384201,1766,6676,28012,4,18,12173,6407334,200,0,385,0,0,813,2224
1761,2026-08-04T05:39:22Z,1785821962821943907,1767,6676,28012,4,18,12180,6408128,200,0,385,0,0,813,2225
1762,2026-08-04T05:39:23Z,1785821963825548273,1768,6676,28012,4,18,12188,6408926,200,0,385,0,0,813,2225
1763,2026-08-04T05:39:24Z,1785821964829145036,1769,6676,28012,4,18,12195,6409722,200,0,385,0,0,813,2225
1764,2026-08-04T05:39:25Z,1785821965832733689,1770,6676,28012,4,18,12202,6410521,200,0,385,0,0,813,2226
1765,2026-08-04T05:39:26Z,1785821966836048222,1771,6676,28012,4,18,12210,6411318,200,0,385,0,0,813,2227
1766,2026-08-04T05:39:27Z,1785821967841334282,1772,6676,28012,4,18,12217,6412113,200,0,385,0,0,813,2228
1767,2026-08-04T05:39:28Z,1785821968844788282,1773,6676,28012,4,18,12224,6412909,200,0,385,0,0,813,2228
1768,2026-08-04T05:39:29Z,1785821969848379586,1774,6676,28012,4,18,12232,6413705,200,0,385,0,0,813,2229
1769,2026-08-04T05:39:30Z,1785821970851443211,1775,6676,28012,4,18,12240,6414501,200,0,385,0,0,813,2230
1770,2026-08-04T05:39:31Z,1785821971856526924,1776,6676,28012,4,18,12247,6415297,200,0,385,0,0,813,2231
1771,2026-08-04T05:39:32Z,1785821972860167949,1777,6676,28012,4,18,12255,6416095,200,0,385,0,0,813,2232
1772,2026-08-04T05:39:33Z,1785821973863160624,1778,6676,28012,4,18,12262,6416889,200,0,385,0,0,813,2232
1773,2026-08-04T05:39:34Z,1785821974867381538,1779,6676,28012,4,18,12270,6417684,200,0,385,0,0,813,2233
1774,2026-08-04T05:39:35Z,1785821975870952595,1780,6676,28012,4,18,12278,6418482,200,0,385,0,0,813,2233
1775,2026-08-04T05:39:36Z,1785821976875030400,1781,6676,28012,4,18,12285,6419277,200,0,385,0,0,813,2234
1776,2026-08-04T05:39:37Z,1785821977878853248,1782,6676,28012,4,18,12292,6420072,200,0,385,0,0,813,2234
1777,2026-08-04T05:39:38Z,1785821978882908255,1783,6676,28012,4,18,12299,6420867,200,0,385,0,0,813,2235
1778,2026-08-04T05:39:39Z,1785821979886435454,1784,6676,28012,4,18,12307,6421665,200,0,385,0,0,813,2235
1779,2026-08-04T05:39:40Z,1785821980890445753,1785,6676,28012,4,18,12315,6422460,200,0,385,0,0,813,2236
1780,2026-08-04T05:39:41Z,1785821981894709941,1786,6676,28012,4,18,12322,6423255,200,0,385,0,0,813,2237
1781,2026-08-04T05:39:42Z,1785821982898478775,1787,6676,28012,4,18,12329,6424052,200,0,385,0,0,813,2237
1782,2026-08-04T05:39:43Z,1785821983901596650,1788,6676,28012,4,18,12337,6424845,200,0,385,0,0,813,2237
1783,2026-08-04T05:39:44Z,1785821984907206408,1789,6676,28012,4,18,12345,6425639,200,0,385,0,0,813,2238
1784,2026-08-04T05:39:45Z,1785821985910250399,1790,6676,28012,4,18,12353,6426433,200,0,385,0,0,813,2239
1785,2026-08-04T05:39:46Z,1785821986914003351,1791,6676,28012,4,18,12361,6427230,200,0,385,0,0,813,2239
1786,2026-08-04T05:39:47Z,1785821987917612322,1792,6676,28012,4,18,12369,6428028,200,0,385,0,0,813,2239
1787,2026-08-04T05:39:48Z,1785821988921973397,1793,6676,28012,4,18,12377,6428821,200,0,385,0,0,813,2239
1788,2026-08-04T05:39:49Z,1785821989925226714,1794,6676,28012,4,18,12384,6429618,200,0,385,0,0,813,2240
1789,2026-08-04T05:39:50Z,1785821990928924877,1795,6676,28012,4,18,12392,6430413,200,0,385,0,0,813,2240
1790,2026-08-04T05:39:51Z,1785821991932815084,1796,6676,28012,4,18,12399,6431211,200,0,385,0,0,813,2240
1791,2026-08-04T05:39:52Z,1785821992936434267,1797,6676,28012,4,18,12407,6432006,200,0,385,0,0,813,2240
1792,2026-08-04T05:39:53Z,1785821993940722099,1798,6676,28012,4,18,12414,6432801,200,0,385,0,0,813,2241
1793,2026-08-04T05:39:54Z,1785821994943389202,1799,6676,28012,4,18,12421,6433598,200,0,385,0,0,813,2241
1794,2026-08-04T05:39:55Z,1785821995947337472,1800,6676,28012,4,18,12429,6434394,200,0,385,0,0,813,2242
1795,2026-08-04T05:39:56Z,1785821996951301663,1801,6672,28012,4,17,12436,6435191,200,0,385,0,0,813,2243
1796,2026-08-04T05:39:57Z,1785821997954394890,1802,6664,28012,4,15,12442,6435986,200,0,385,0,0,813,2244
1797,2026-08-04T05:39:58Z,1785821998958959101,1803,6640,28012,4,14,12447,6436786,200,0,385,0,0,813,2244
1798,2026-08-04T05:39:59Z,1785821999962339509,1804,6632,28012,4,12,12451,6437585,200,0,385,0,0,813,2244
1799,2026-08-04T05:40:00Z,1785822000965583389,1805,6304,28012,4,10,12451,6438387,200,0,385,0,0,813,2244
1800,2026-08-04T05:40:01Z,1785822001969950014,1806,6304,28012,4,10,12451,6439190,200,0,385,0,0,813,2244
1801,2026-08-04T05:40:02Z,1785822002972859379,1807,6304,28012,4,10,12451,6439991,200,0,385,0,0,813,2244
1802,2026-08-04T05:40:03Z,1785822003977025793,1808,6304,28012,4,10,12451,6440795,200,0,385,0,0,813,2244
1803,2026-08-04T05:40:04Z,1785822004980894747,1809,6304,28012,4,10,12451,6441597,200,0,385,0,0,813,2244
1804,2026-08-04T05:40:05Z,1785822005984633315,1810,6308,28012,4,11,12451,6442400,200,0,385,0,0,813,2244
1805,2026-08-04T05:40:06Z,1785822006989158288,1811,6312,28012,4,12,12451,6443201,200,0,385,0,0,813,2244
1806,2026-08-04T05:40:07Z,1785822007992886521,1812,6336,28012,4,13,12453,6444000,200,0,385,0,0,813,2244
1807,2026-08-04T05:40:08Z,1785822008996310392,1813,6340,28012,4,14,12457,6444800,200,0,385,0,0,813,2244
1808,2026-08-04T05:40:09Z,1785822010000260327,1815,6664,28012,4,15,12464,6445595,200,0,385,0,0,813,2244
1809,2026-08-04T05:40:11Z,1785822011004557030,1816,12132,28012,4,92,12486,6446390,200,0,385,0,0,907,2357
1810,2026-08-04T05:40:12Z,1785822012007386539,1817,6860,28012,4,54,12493,6447183,200,0,386,0,0,907,2358
1811,2026-08-04T05:40:13Z,1785822013011712397,1818,6860,28012,4,54,12500,6447982,200,0,386,0,0,907,2359
1812,2026-08-04T05:40:14Z,1785822014014439542,1819,6860,28012,4,54,12508,6448777,200,0,386,0,0,907,2359
1813,2026-08-04T05:40:15Z,1785822015019016154,1820,6860,28012,4,54,12515,6449574,200,0,386,0,0,907,2360
1814,2026-08-04T05:40:16Z,1785822016022361723,1821,6860,28012,4,54,12523,6450364,200,0,386,0,0,907,2361
1815,2026-08-04T05:40:17Z,1785822017025947028,1822,6860,28012,4,54,12530,6451163,200,0,386,0,0,907,2362
1816,2026-08-04T05:40:18Z,1785822018028856874,1823,6860,28012,4,54,12537,6451958,200,0,386,0,0,907,2362
1817,2026-08-04T05:40:19Z,1785822019033055156,1824,6860,28012,4,54,12545,6452754,200,0,386,0,0,929,2363
1818,2026-08-04T05:40:20Z,1785822020037110350,1825,6860,28012,4,54,12553,6453547,200,0,386,0,0,929,2363
1819,2026-08-04T05:40:21Z,1785822021041282471,1826,6860,28012,4,54,12559,6454344,200,0,386,0,0,929,2363
1820,2026-08-04T05:40:22Z,1785822022044983784,1827,6860,28012,4,54,12567,6455140,200,0,386,0,0,929,2364
1821,2026-08-04T05:40:23Z,1785822023048749827,1828,6860,28012,4,54,12575,6455933,200,0,386,0,0,929,2365
1822,2026-08-04T05:40:24Z,1785822024053239720,1829,6860,28012,4,54,12582,6456729,200,0,386,0,0,929,2365
1823,2026-08-04T05:40:25Z,1785822025056678181,1830,6860,28012,4,54,12590,6457524,200,0,386,0,0,929,2365
1824,2026-08-04T05:40:26Z,1785822026059862149,1831,6860,28012,4,54,12597,6458320,200,0,386,0,0,929,2366
1825,2026-08-04T05:40:27Z,1785822027062623068,1832,6860,28012,4,54,12605,6459114,200,0,386,0,0,929,2366
1826,2026-08-04T05:40:28Z,1785822028066184524,1833,6860,28012,4,54,12612,6459911,200,0,386,0,0,929,2366
1827,2026-08-04T05:40:29Z,1785822029070383345,1834,6860,28012,4,54,12619,6460704,200,0,386,0,0,929,2366
1828,2026-08-04T05:40:30Z,1785822030075270837,1835,6860,28012,4,54,12627,6461499,200,0,386,0,0,929,2366
1829,2026-08-04T05:40:31Z,1785822031079123781,1836,6860,28012,4,54,12634,6462295,200,0,386,0,0,929,2367
1830,2026-08-04T05:40:32Z,1785822032082301690,1837,6860,28012,4,54,12642,6463087,200,0,386,0,0,929,2367
1831,2026-08-04T05:40:33Z,1785822033086409669,1838,6860,28012,4,54,12649,6463880,200,0,386,0,0,929,2368
1832,2026-08-04T05:40:34Z,1785822034090418392,1839,6860,28012,4,54,12657,6464673,200,0,386,0,0,929,2369
1833,2026-08-04T05:40:35Z,1785822035094144353,1840,6860,28012,4,54,12664,6465469,200,0,386,0,0,929,2370
1834,2026-08-04T05:40:36Z,1785822036097966608,1841,6860,28012,4,54,12672,6466263,200,0,386,0,0,929,2370
1835,2026-08-04T05:40:37Z,1785822037102646162,1842,6860,28012,4,54,12679,6467059,200,0,386,0,0,929,2370
1836,2026-08-04T05:40:38Z,1785822038105979543,1843,6860,28012,4,54,12686,6467855,200,0,386,0,0,929,2371
1837,2026-08-04T05:40:39Z,1785822039110361879,1844,6860,28012,4,54,12694,6468649,200,0,386,0,0,929,2372
1838,2026-08-04T05:40:40Z,1785822040113368489,1845,6860,28012,4,54,12702,6469443,200,0,386,0,0,929,2372
1839,2026-08-04T05:40:41Z,1785822041117612577,1846,6704,28012,4,20,12708,6470237,200,0,386,0,0,929,2373
1840,2026-08-04T05:40:42Z,1785822042121322791,1847,6704,28012,4,20,12716,6471033,200,0,386,0,0,929,2374
1841,2026-08-04T05:40:43Z,1785822043125572621,1848,6696,28012,4,18,12724,6471828,200,0,386,0,0,929,2374
1842,2026-08-04T05:40:44Z,1785822044129711524,1849,6696,28012,4,18,12731,6472624,200,0,385,0,0,929,2375
1843,2026-08-04T05:40:45Z,1785822045134227012,1850,6696,28012,4,18,12738,6473419,200,0,385,0,0,929,2376
1844,2026-08-04T05:40:46Z,1785822046137105597,1851,6696,28012,4,18,12746,6474213,200,0,385,0,0,929,2377
1845,2026-08-04T05:40:47Z,1785822047141255918,1852,6696,28012,4,18,12754,6475009,200,0,385,0,0,929,2378
1846,2026-08-04T05:40:48Z,1785822048145046158,1853,6696,28012,4,18,12762,6475803,200,0,385,0,0,929,2379
1847,2026-08-04T05:40:49Z,1785822049148906653,1854,6696,28012,4,18,12769,6476598,200,0,385,0,0,929,2380
1848,2026-08-04T05:40:50Z,1785822050152970000,1855,6696,28012,4,18,12776,6477392,200,0,385,0,0,929,2381
1849,2026-08-04T05:40:51Z,1785822051157032122,1856,6696,28012,4,18,12783,6478190,200,0,385,0,0,929,2381
1850,2026-08-04T05:40:52Z,1785822052160823877,1857,6696,28012,4,18,12791,6478984,200,0,385,0,0,929,2381
1851,2026-08-04T05:40:53Z,1785822053164369415,1858,6696,28012,4,18,12799,6479781,200,0,385,0,0,929,2381
1852,2026-08-04T05:40:54Z,1785822054167915090,1859,6696,28012,4,18,12806,6480576,200,0,385,0,0,929,2382
1853,2026-08-04T05:40:55Z,1785822055171802242,1860,6696,28012,4,18,12813,6481370,200,0,385,0,0,929,2383
1854,2026-08-04T05:40:56Z,1785822056176101894,1861,6696,28012,4,18,12821,6482163,200,0,385,0,0,929,2384
1855,2026-08-04T05:40:57Z,1785822057178930973,1862,6696,28012,4,18,12828,6482958,200,0,385,0,0,929,2385
1856,2026-08-04T05:40:58Z,1785822058182870798,1863,6696,28012,4,18,12836,6483754,200,0,385,0,0,929,2386
1857,2026-08-04T05:40:59Z,1785822059187072347,1864,6696,28012,4,18,12843,6484550,200,0,385,0,0,929,2386
1858,2026-08-04T05:41:00Z,1785822060190870923,1865,6696,28012,4,18,12851,6485341,200,0,385,0,0,929,2386
1859,2026-08-04T05:41:01Z,1785822061195216802,1866,6696,28012,4,18,12859,6486137,200,0,385,0,0,929,2387
1860,2026-08-04T05:41:02Z,1785822062198977140,1867,6696,28012,4,18,12867,6486931,200,0,385,0,0,929,2388
1861,2026-08-04T05:41:03Z,1785822063203368528,1868,6696,28012,4,18,12874,6487724,200,0,385,0,0,929,2388
1862,2026-08-04T05:41:04Z,1785822064207457195,1869,6696,28012,4,18,12882,6488517,200,0,385,0,0,929,2388
1863,2026-08-04T05:41:05Z,1785822065211304241,1870,6696,28012,4,18,12889,6489313,200,0,385,0,0,929,2388
1864,2026-08-04T05:41:06Z,1785822066215625328,1871,6696,28012,4,18,12896,6490108,200,0,385,0,0,929,2389
1865,2026-08-04T05:41:07Z,1785822067219392549,1872,6696,28012,4,18,12904,6490901,200,0,385,0,0,929,2390
1866,2026-08-04T05:41:08Z,1785822068222860640,1873,6696,28012,4,18,12911,6491696,200,0,385,0,0,929,2391
1867,2026-08-04T05:41:09Z,1785822069226860683,1874,6696,28012,4,18,12918,6492489,200,0,385,0,0,929,2392
1868,2026-08-04T05:41:10Z,1785822070231291554,1875,6696,28012,4,18,12926,6493284,200,0,385,0,0,929,2392
1869,2026-08-04T05:41:11Z,1785822071234248964,1876,6696,28012,4,18,12933,6494081,200,0,385,0,0,929,2392
1870,2026-08-04T05:41:12Z,1785822072237932010,1877,6696,28012,4,18,12941,6494876,200,0,385,0,0,929,2392
1871,2026-08-04T05:41:13Z,1785822073242055101,1878,6696,28012,4,18,12948,6495670,200,0,385,0,0,929,2393
1872,2026-08-04T05:41:14Z,1785822074245602627,1879,6696,28012,4,18,12956,6496465,200,0,385,0,0,929,2394
1873,2026-08-04T05:41:15Z,1785822075250419514,1880,6696,28012,4,18,12963,6497262,200,0,385,0,0,929,2394
1874,2026-08-04T05:41:16Z,1785822076253561111,1881,6696,28012,4,18,12970,6498056,200,0,385,0,0,929,2394
1875,2026-08-04T05:41:17Z,1785822077258035423,1882,6696,28012,4,18,12978,6498850,200,0,385,0,0,929,2394
1876,2026-08-04T05:41:18Z,1785822078260974423,1883,6696,28012,4,18,12986,6499643,200,0,385,0,0,929,2395
1877,2026-08-04T05:41:19Z,1785822079265249055,1884,6696,28012,4,18,12994,6500438,200,0,385,0,0,929,2396
1878,2026-08-04T05:41:20Z,1785822080269245509,1885,6696,28012,4,18,13001,6501230,200,0,385,0,0,929,2397
1879,2026-08-04T05:41:21Z,1785822081273333307,1886,6696,28012,4,18,13008,6502027,200,0,385,0,0,929,2398
1880,2026-08-04T05:41:22Z,1785822082277203005,1887,6696,28012,4,18,13015,6502825,200,0,385,0,0,929,2399
1881,2026-08-04T05:41:23Z,1785822083280823395,1888,6696,28012,4,18,13023,6503619,200,0,385,0,0,929,2400
1882,2026-08-04T05:41:24Z,1785822084284309047,1889,6696,28012,4,18,13030,6504415,200,0,385,0,0,929,2401
1883,2026-08-04T05:41:25Z,1785822085288302164,1890,6696,28012,4,18,13038,6505211,200,0,385,0,0,929,2401
1884,2026-08-04T05:41:26Z,1785822086292415296,1891,6696,28012,4,18,13045,6506006,200,0,385,0,0,929,2402
1885,2026-08-04T05:41:27Z,1785822087296160975,1892,6696,28012,4,18,13053,6506799,200,0,385,0,0,929,2403
1886,2026-08-04T05:41:28Z,1785822088300333248,1893,6696,28012,4,18,13060,6507598,200,0,385,0,0,929,2403
1887,2026-08-04T05:41:29Z,1785822089303922413,1894,6696,28012,4,18,13067,6508395,200,0,385,0,0,929,2404
1888,2026-08-04T05:41:30Z,1785822090308302643,1895,6696,28012,4,18,13075,6509190,200,0,385,0,0,929,2404
1889,2026-08-04T05:41:31Z,1785822091312388486,1896,6696,28012,4,18,13083,6509983,200,0,385,0,0,929,2405
1890,2026-08-04T05:41:32Z,1785822092315580762,1897,6696,28012,4,18,13091,6510776,200,0,385,0,0,929,2406
1891,2026-08-04T05:41:33Z,1785822093319795653,1898,6696,28012,4,18,13099,6511571,200,0,385,0,0,929,2407
1892,2026-08-04T05:41:34Z,1785822094323398564,1899,6696,28012,4,18,13106,6512365,200,0,385,0,0,929,2407
1893,2026-08-04T05:41:35Z,1785822095327688454,1900,6696,28012,4,18,13113,6513160,200,0,385,0,0,929,2408
1894,2026-08-04T05:41:36Z,1785822096332107310,1901,6696,28012,4,18,13121,6513953,200,0,385,0,0,929,2409
1895,2026-08-04T05:41:37Z,1785822097335914573,1902,6696,28012,4,18,13129,6514751,200,0,385,0,0,929,2409
1896,2026-08-04T05:41:38Z,1785822098338857588,1903,6696,28012,4,18,13137,6515542,200,0,385,0,0,929,2410
1897,2026-08-04T05:41:39Z,1785822099343398340,1904,6696,28012,4,18,13144,6516335,200,0,385,0,0,929,2411
1898,2026-08-04T05:41:40Z,1785822100347511515,1905,6696,28012,4,18,13152,6517132,200,0,385,0,0,929,2412
1899,2026-08-04T05:41:41Z,1785822101351865510,1906,6696,28012,4,18,13159,6517929,200,0,385,0,0,929,2412
1900,2026-08-04T05:41:42Z,1785822102355446812,1907,6696,28012,4,18,13167,6518722,200,0,385,0,0,929,2413
1901,2026-08-04T05:41:43Z,1785822103358864145,1908,6696,28012,4,18,13174,6519514,200,0,385,0,0,929,2414
1902,2026-08-04T05:41:44Z,1785822104363214672,1909,6696,28012,4,18,13182,6520312,200,0,385,0,0,929,2414
1903,2026-08-04T05:41:45Z,1785822105367127929,1910,6696,28012,4,18,13190,6521104,200,0,385,0,0,929,2415
1904,2026-08-04T05:41:46Z,1785822106370425716,1911,6696,28012,4,18,13198,6521897,200,0,385,0,0,929,2415
1905,2026-08-04T05:41:47Z,1785822107374906767,1912,6696,28012,4,18,13206,6522692,200,0,385,0,0,929,2415
1906,2026-08-04T05:41:48Z,1785822108378627108,1913,6696,28012,4,18,13213,6523484,200,0,385,0,0,929,2416
1907,2026-08-04T05:41:49Z,1785822109381772330,1914,6696,28012,4,18,13221,6524277,200,0,385,0,0,929,2417
1908,2026-08-04T05:41:50Z,1785822110385665488,1915,6696,28012,4,18,13229,6525071,200,0,385,0,0,929,2418
1909,2026-08-04T05:41:51Z,1785822111390125191,1916,6696,28012,4,18,13236,6525866,200,0,385,0,0,929,2418
1910,2026-08-04T05:41:52Z,1785822112393036588,1917,6696,28012,4,18,13244,6526660,200,0,385,0,0,929,2418
1911,2026-08-04T05:41:53Z,1785822113397116137,1918,6696,28012,4,18,13251,6527452,200,0,385,0,0,929,2418
1912,2026-08-04T05:41:54Z,1785822114401099771,1919,6696,28012,4,18,13259,6528247,200,0,385,0,0,929,2419
1913,2026-08-04T05:41:55Z,1785822115405238016,1920,6696,28012,4,18,13267,6529044,200,0,385,0,0,929,2419
1914,2026-08-04T05:41:56Z,1785822116409312551,1921,6696,28012,4,18,13274,6529838,200,0,385,0,0,929,2419
1915,2026-08-04T05:41:57Z,1785822117412954713,1922,6696,28012,4,18,13281,6530634,200,0,385,0,0,929,2420
1916,2026-08-04T05:41:58Z,1785822118416946537,1923,6696,28012,4,18,13289,6531429,200,0,385,0,0,929,2420
1917,2026-08-04T05:41:59Z,1785822119421041428,1924,6696,28012,4,18,13296,6532227,200,0,385,0,0,929,2421
1918,2026-08-04T05:42:00Z,1785822120425438510,1925,6696,28012,4,18,13304,6533019,200,0,385,0,0,929,2422
1919,2026-08-04T05:42:01Z,1785822121429327625,1926,6696,28012,4,18,13311,6533815,200,0,385,0,0,929,2423
1920,2026-08-04T05:42:02Z,1785822122432344953,1927,6696,28012,4,18,13319,6534610,200,0,385,0,0,929,2423
1921,2026-08-04T05:42:03Z,1785822123436158862,1928,6696,28012,4,18,13327,6535404,200,0,385,0,0,929,2423
1922,2026-08-04T05:42:04Z,1785822124439948756,1929,6696,28012,4,18,13334,6536199,200,0,385,0,0,929,2424
1923,2026-08-04T05:42:05Z,1785822125444036600,1930,6696,28012,4,18,13342,6536995,200,0,385,0,0,929,2424
1924,2026-08-04T05:42:06Z,1785822126448041725,1931,6692,28012,4,17,13350,6537788,200,0,385,0,0,929,2425
1925,2026-08-04T05:42:07Z,1785822127451831702,1932,6688,28012,4,16,13356,6538585,200,0,385,0,0,929,2426
1926,2026-08-04T05:42:08Z,1785822128455086580,1933,6640,28012,4,14,13361,6539387,200,0,385,0,0,929,2427
1927,2026-08-04T05:42:09Z,1785822129458819966,1934,6632,28012,4,12,13363,6540188,200,0,385,0,0,929,2427
1928,2026-08-04T05:42:10Z,1785822130462327476,1935,6304,28012,4,10,13363,6540990,200,0,385,0,0,929,2427
1929,2026-08-04T05:42:11Z,1785822131465922345,1936,6304,28012,4,10,13363,6541793,200,0,385,0,0,929,2427
1930,2026-08-04T05:42:12Z,1785822132469512553,1937,6304,28012,4,10,13363,6542596,200,0,385,0,0,929,2427
1931,2026-08-04T05:42:13Z,1785822133473278206,1938,6304,28012,4,10,13363,6543399,200,0,385,0,0,929,2427
1932,2026-08-04T05:42:14Z,1785822134476852221,1939,6304,28012,4,10,13363,6544202,200,0,385,0,0,929,2427
1933,2026-08-04T05:42:15Z,1785822135481003447,1940,6304,28012,4,10,13363,6545003,200,0,385,0,0,929,2427
1934,2026-08-04T05:42:16Z,1785822136484696002,1941,6304,28012,4,10,13363,6545806,200,0,385,0,0,929,2427
1935,2026-08-04T05:42:17Z,1785822137488388065,1942,6304,28012,4,10,13363,6546609,200,0,385,0,0,929,2427
1936,2026-08-04T05:42:18Z,1785822138491977736,1943,6304,28012,4,10,13364,6547411,200,0,385,0,0,929,2427
1937,2026-08-04T05:42:19Z,1785822139495625247,1944,6304,28012,4,10,13364,6548214,200,0,385,0,0,929,2427
1938,2026-08-04T05:42:20Z,1785822140499352147,1945,6304,28012,4,10,13364,6549017,200,0,385,0,0,929,2427
1939,2026-08-04T05:42:21Z,1785822141502822198,1946,6304,28012,4,10,13364,6549819,200,0,385,0,0,929,2427
1940,2026-08-04T05:42:22Z,1785822142506519675,1947,6304,28012,4,10,13364,6550621,200,0,385,0,0,929,2427
1941,2026-08-04T05:42:23Z,1785822143509919016,1948,6304,28012,4,10,13364,6551423,200,0,385,0,0,929,2427
1942,2026-08-04T05:42:24Z,1785822144513367733,1949,6304,28012,4,10,13364,6552226,200,0,385,0,0,929,2427
1943,2026-08-04T05:42:25Z,1785822145516697079,1950,6304,28012,4,10,13364,6553029,200,0,385,0,0,929,2427
1944,2026-08-04T05:42:26Z,1785822146520562701,1951,6304,28012,4,10,13364,6553831,200,0,385,0,0,929,2427
1945,2026-08-04T05:42:27Z,1785822147524235035,1952,6304,28012,4,10,13364,6554633,200,0,385,0,0,929,2427
1946,2026-08-04T05:42:28Z,1785822148527774470,1953,6304,28012,4,10,13364,6555435,200,0,385,0,0,929,2427
1947,2026-08-04T05:42:29Z,1785822149532016745,1954,6304,28012,4,10,13364,6556238,200,0,385,0,0,929,2427
1948,2026-08-04T05:42:30Z,1785822150535012220,1955,6304,28012,4,10,13364,6557040,200,0,385,0,0,929,2427
1949,2026-08-04T05:42:31Z,1785822151539041207,1956,6304,28012,4,10,13364,6557842,200,0,385,0,0,929,2427
1950,2026-08-04T05:42:32Z,1785822152542632562,1957,6304,28012,4,10,13364,6558646,200,0,385,0,0,929,2427
1951,2026-08-04T05:42:33Z,1785822153546233255,1958,6304,28012,4,10,13364,6559449,200,0,385,0,0,929,2427
1952,2026-08-04T05:42:34Z,1785822154549750703,1959,6304,28012,4,10,13364,6560251,200,0,385,0,0,929,2427
1953,2026-08-04T05:42:35Z,1785822155553164902,1960,6304,28012,4,10,13364,6561053,200,0,385,0,0,929,2427
1954,2026-08-04T05:42:36Z,1785822156556586058,1961,6304,28012,4,10,13364,6561856,200,0,385,0,0,929,2427
1955,2026-08-04T05:42:37Z,1785822157560666931,1962,6304,28012,4,10,13364,6562658,200,0,385,0,0,929,2427
1956,2026-08-04T05:42:38Z,1785822158564308090,1963,6304,28012,4,10,13364,6563459,200,0,385,0,0,929,2427
1957,2026-08-04T05:42:39Z,1785822159567866366,1964,6304,28012,4,10,13364,6564262,200,0,385,0,0,929,2427
1958,2026-08-04T05:42:40Z,1785822160571475810,1965,6304,28012,4,10,13364,6565065,200,0,385,0,0,929,2427
1959,2026-08-04T05:42:41Z,1785822161575265188,1966,6304,28012,4,10,13364,6565867,200,0,385,0,0,929,2427
1960,2026-08-04T05:42:42Z,1785822162579524783,1967,6304,28012,4,10,13364,6566669,200,0,385,0,0,929,2427
1961,2026-08-04T05:42:43Z,1785822163582116761,1968,6304,28012,4,10,13364,6567472,200,0,385,0,0,929,2427
1962,2026-08-04T05:42:44Z,1785822164586245162,1969,6304,28012,4,10,13364,6568274,200,0,385,0,0,929,2427
