sample,utc,unix_nanos,elapsed_s,rss_kib,hwm_kib,threads,fds,proc_ticks,host_ticks,stats_http,listen_overflows,listen_drops,tcp_abort_on_close,tcp_retrans
0,2026-07-30T11:54:50Z,1785412490437282741,0,4160,4160,5,14,0,324691767,200,196,196,448255600,358142
1,2026-07-30T11:54:51Z,1785412491474372793,1,4192,4192,5,15,0,324692592,200,196,196,448255600,358142
2,2026-07-30T11:54:52Z,1785412492503032813,2,4572,4572,5,74,28,324693415,200,196,196,448255600,358142
3,2026-07-30T11:54:53Z,1785412493532248487,3,4684,4684,5,77,91,324694211,200,196,196,448255600,358142
4,2026-07-30T11:54:54Z,1785412494564735915,4,5632,5632,5,83,238,324694988,200,196,196,448255600,358142
5,2026-07-30T11:54:55Z,1785412495597233850,5,5956,5956,5,84,402,324695756,200,196,196,448255600,358142
6,2026-07-30T11:54:56Z,1785412496629875492,6,5968,5968,5,86,571,324696540,200,196,196,448255600,358152
7,2026-07-30T11:54:57Z,1785412497660968794,7,5968,6000,5,86,743,324697328,200,196,196,448255600,358157
8,2026-07-30T11:54:58Z,1785412498692860357,8,5996,5968,5,86,912,324698104,200,196,196,448255600,358166
9,2026-07-30T11:54:59Z,1785412499724842501,9,5968,5968,5,86,1082,324698886,200,196,196,448255600,358174
10,2026-07-30T11:55:00Z,1785412500757297282,10,5968,5968,5,86,1252,324699672,200,196,196,448255600,358182
11,2026-07-30T11:55:01Z,1785412501790627832,11,5968,5968,5,86,1423,324700453,200,196,196,448255600,358190
12,2026-07-30T11:55:02Z,1785412502823666022,12,5968,5968,5,86,1594,324701234,200,196,196,448255600,358195
13,2026-07-30T11:55:03Z,1785412503856823993,13,5972,5972,5,86,1764,324702018,200,196,196,448255600,358201
14,2026-07-30T11:55:04Z,1785412504888552413,14,5976,5976,5,86,1934,324702802,200,196,196,448255600,358205
15,2026-07-30T11:55:05Z,1785412505919862298,15,5976,5976,5,86,2103,324703587,200,196,196,448255600,358211
16,2026-07-30T11:55:06Z,1785412506953323860,16,5976,5976,5,87,2273,324704372,200,196,196,448255600,358220
17,2026-07-30T11:55:07Z,1785412507987134931,17,6004,6004,5,87,2442,324705166,200,196,196,448255600,358226
18,2026-07-30T11:55:09Z,1785412509017879942,19,6008,6008,5,88,2614,324705953,200,196,196,448255600,358232
19,2026-07-30T11:55:10Z,1785412510048184885,20,6008,6008,5,88,2784,324706740,200,196,196,448255600,358244
20,2026-07-30T11:55:11Z,1785412511081055213,21,6096,6096,5,93,2956,324707525,200,196,196,448255600,358249
21,2026-07-30T11:55:12Z,1785412512113878940,22,6100,6100,5,93,3127,324708317,200,196,196,448255600,358252
22,2026-07-30T11:55:13Z,1785412513146000858,23,6100,6100,5,93,3296,324709090,200,196,196,448255600,358258
23,2026-07-30T11:55:14Z,1785412514176991303,24,6100,6100,5,93,3466,324709879,200,196,196,448255600,358260
24,2026-07-30T11:55:15Z,1785412515210017526,25,6688,6688,5,174,3632,324710675,200,196,196,448255600,358264
25,2026-07-30T11:55:16Z,1785412516243086909,26,6688,6688,5,174,3794,324711463,200,196,196,448255600,358267
26,2026-07-30T11:55:17Z,1785412517274772882,27,6688,6708,5,174,3954,324712247,200,196,196,448255600,358269
27,2026-07-30T11:55:18Z,1785412518305855279,28,6708,6708,5,174,4118,324713028,200,196,196,448255600,358270
28,2026-07-30T11:55:19Z,1785412519338163756,29,6708,6708,5,174,4279,324713811,200,196,196,448255600,358272
29,2026-07-30T11:55:20Z,1785412520369877057,30,6708,6708,5,174,4442,324714589,200,196,196,448255600,358273
30,2026-07-30T11:55:21Z,1785412521401706288,31,6712,6712,5,174,4605,324715374,200,196,196,448255600,358276
31,2026-07-30T11:55:22Z,1785412522433751148,32,6712,6712,5,174,4763,324716154,200,196,196,448255600,358277
32,2026-07-30T11:55:23Z,1785412523465034621,33,6712,6712,5,174,4920,324716926,200,196,196,448255600,358277
33,2026-07-30T11:55:24Z,1785412524496312842,34,6712,6712,5,174,5080,324717695,200,196,196,448255600,358277
34,2026-07-30T11:55:25Z,1785412525526759660,35,6712,6712,5,174,5237,324718467,200,196,196,448255600,358277
35,2026-07-30T11:55:26Z,1785412526558274494,36,6712,6712,5,174,5396,324719240,200,196,196,448255600,358278
36,2026-07-30T11:55:27Z,1785412527590973331,37,6712,6712,5,174,5555,324720020,200,196,196,448255600,358284
37,2026-07-30T11:55:28Z,1785412528623089555,38,6712,6712,5,174,5718,324720811,200,196,196,448255600,358289
38,2026-07-30T11:55:29Z,1785412529654699521,39,6712,6712,5,174,5878,324721589,000,196,196,448255600,358292
39,2026-07-30T11:55:30Z,1785412530687823895,40,6712,6712,5,174,6038,324722367,200,196,196,448255600,358297
40,2026-07-30T11:55:31Z,1785412531719475805,41,6712,6712,5,174,6199,324723140,200,196,196,448255600,358298
41,2026-07-30T11:55:32Z,1785412532750644950,42,6712,6736,5,174,6362,324723923,200,196,196,448255600,358300
42,2026-07-30T11:55:33Z,1785412533780091693,43,6712,6712,5,174,6524,324724709,200,196,196,448255600,358305
43,2026-07-30T11:55:34Z,1785412534812616041,44,6712,6712,5,174,6687,324725502,200,196,196,448255600,358308
44,2026-07-30T11:55:35Z,1785412535844672759,45,6712,6712,5,174,6850,324726284,200,196,196,448255600,358315
45,2026-07-30T11:55:36Z,1785412536877449271,46,6712,6712,5,174,7011,324727067,200,196,196,448255600,358321
46,2026-07-30T11:55:37Z,1785412537909210060,47,6712,6712,5,174,7176,324727848,200,196,196,448255600,358323
47,2026-07-30T11:55:38Z,1785412538940604983,48,6712,6712,5,174,7332,324728630,200,196,196,448255600,358328
48,2026-07-30T11:55:39Z,1785412539971978921,49,6712,6712,5,174,7490,324729405,200,196,196,448255600,358336
49,2026-07-30T11:55:41Z,1785412541005327532,51,6684,6684,5,172,7645,324730178,200,196,196,448255600,358342
50,2026-07-30T11:55:42Z,1785412542036348831,52,6684,6684,5,172,7803,324730952,200,196,196,448255600,358351
51,2026-07-30T11:55:43Z,1785412543068537828,53,6684,6684,5,172,7962,324731728,200,196,196,448255600,358356
52,2026-07-30T11:55:44Z,1785412544101281461,54,6684,6684,5,172,8119,324732502,200,196,196,448255600,358367
53,2026-07-30T11:55:45Z,1785412545133559769,55,6536,6536,5,135,8279,324733280,200,196,196,448255600,358377
54,2026-07-30T11:55:46Z,1785412546167485275,56,6532,6532,5,134,8446,324734057,200,196,196,448255600,358383
55,2026-07-30T11:55:47Z,1785412547200298830,57,6532,6532,5,134,8614,324734840,200,196,196,448255600,358393
56,2026-07-30T11:55:48Z,1785412548233291149,58,6532,6532,5,134,8783,324735622,200,196,196,448255600,358403
57,2026-07-30T11:55:49Z,1785412549264404374,59,6532,6532,5,134,8952,324736405,200,196,196,448255600,358411
58,2026-07-30T11:55:50Z,1785412550297732284,60,6532,6532,5,134,9116,324737183,200,196,196,448255600,358418
59,2026-07-30T11:55:51Z,1785412551329758123,61,6532,6532,5,134,9281,324737967,200,196,196,448255600,358424
60,2026-07-30T11:55:52Z,1785412552363324819,62,6532,6532,5,134,9449,324738750,200,196,196,448255600,358435
61,2026-07-30T11:55:53Z,1785412553395048788,63,6532,6532,5,134,9616,324739524,200,196,196,448255600,358442
62,2026-07-30T11:55:54Z,1785412554428189439,64,6532,6532,5,134,9785,324740301,200,196,196,448255600,358446
63,2026-07-30T11:55:55Z,1785412555461440133,65,6532,6532,5,134,9954,324741078,200,196,196,448255600,358451
64,2026-07-30T11:55:56Z,1785412556492191932,66,6532,6532,5,134,10120,324741863,200,196,196,448255600,358454
65,2026-07-30T11:55:57Z,1785412557525265793,67,6532,6532,5,134,10281,324742632,200,196,196,448255600,358454
66,2026-07-30T11:55:58Z,1785412558556762426,68,6532,6532,5,134,10446,324743413,200,196,196,448255600,358455
67,2026-07-30T11:55:59Z,1785412559589206839,69,6532,6532,5,134,10614,324744197,200,196,196,448255600,358456
68,2026-07-30T11:56:00Z,1785412560634053614,70,6600,6600,5,139,10785,324744981,200,196,196,448255600,358458
69,2026-07-30T11:56:01Z,1785412561665180187,71,6600,6600,5,139,10944,324745760,200,196,196,448255600,358458
70,2026-07-30T11:56:02Z,1785412562698368814,72,6600,6600,5,139,11108,324746545,200,196,196,448255600,358458
71,2026-07-30T11:56:03Z,1785412563730993196,73,6600,6600,5,139,11270,324747329,200,196,196,448255600,358461
72,2026-07-30T11:56:04Z,1785412564762218562,74,6600,6600,5,139,11435,324748121,200,196,196,448255600,358463
73,2026-07-30T11:56:05Z,1785412565792919554,75,6600,6600,5,139,11596,324748907,200,196,196,448255600,358465
74,2026-07-30T11:56:06Z,1785412566824520846,76,6600,6600,5,139,11759,324749687,200,196,196,448255600,358467
75,2026-07-30T11:56:07Z,1785412567857716123,77,6552,6552,5,127,11922,324750474,200,196,196,448255600,358467
76,2026-07-30T11:56:08Z,1785412568889849058,78,6552,6552,5,127,12086,324751261,200,196,196,448255600,358469
77,2026-07-30T11:56:09Z,1785412569920115468,79,6552,6552,5,127,12251,324752042,200,196,196,448255600,358470
78,2026-07-30T11:56:10Z,1785412570952088772,80,6552,6552,5,127,12414,324752830,200,196,196,448255600,358470
79,2026-07-30T11:56:11Z,1785412571984348969,81,6552,6552,5,127,12576,324753619,200,196,196,448255600,358477
80,2026-07-30T11:56:13Z,1785412573013238749,83,6552,6552,5,127,12739,324754407,200,196,196,448255600,358479
81,2026-07-30T11:56:14Z,1785412574045227050,84,6552,6552,5,127,12904,324755195,200,196,196,448255600,358482
82,2026-07-30T11:56:15Z,1785412575077404866,85,6552,6552,5,127,13063,324755983,200,196,196,448255600,358484
83,2026-07-30T11:56:16Z,1785412576110785184,86,6552,6552,5,127,13226,324756770,200,196,196,448255600,358485
84,2026-07-30T11:56:17Z,1785412577145242645,87,6552,6552,5,127,13389,324757554,200,196,196,448255600,358487
85,2026-07-30T11:56:18Z,1785412578177681673,88,6552,6552,5,127,13553,324758344,200,196,196,448255600,358487
86,2026-07-30T11:56:19Z,1785412579208100705,89,6552,6552,5,127,13717,324759131,200,196,196,448255600,358489
87,2026-07-30T11:56:20Z,1785412580240651772,90,6552,6552,5,127,13877,324759906,200,196,196,448255600,358489
88,2026-07-30T11:56:21Z,1785412581274025251,91,6552,6552,5,127,14038,324760693,200,196,196,448255600,358492
89,2026-07-30T11:56:22Z,1785412582305245952,92,6552,6552,5,127,14197,324761475,200,196,196,448255600,358497
90,2026-07-30T11:56:23Z,1785412583337832735,93,6616,6552,5,127,14358,324762267,200,196,196,448255600,358503
91,2026-07-30T11:56:24Z,1785412584369213251,94,6772,6772,5,173,14531,324763055,000,196,196,448255600,358508
92,2026-07-30T11:56:25Z,1785412585400265803,95,6772,6772,5,173,14710,324763842,200,196,196,448255600,358510
93,2026-07-30T11:56:26Z,1785412586432464962,96,6772,6772,5,173,14887,324764625,200,196,196,448255600,358512
94,2026-07-30T11:56:27Z,1785412587464542636,97,6772,6832,5,173,15065,324765415,200,196,196,448255600,358513
95,2026-07-30T11:56:28Z,1785412588496561776,98,6772,6772,5,173,15238,324766204,200,196,196,448255600,358516
96,2026-07-30T11:56:29Z,1785412589529278645,99,6836,6820,5,173,15413,324766996,200,196,196,448255600,358517
97,2026-07-30T11:56:30Z,1785412590563602114,100,6772,6772,5,173,15587,324767788,200,196,196,448255600,358523
98,2026-07-30T11:56:31Z,1785412591595111290,101,6772,6772,5,173,15762,324768572,200,196,196,448255600,358530
99,2026-07-30T11:56:32Z,1785412592628710846,102,6772,6772,5,173,15934,324769360,200,196,196,448255600,358535
100,2026-07-30T11:56:33Z,1785412593660965646,103,6772,6772,5,173,16106,324770156,200,196,196,448255600,358539
101,2026-07-30T11:56:34Z,1785412594693464339,104,6772,6772,5,173,16279,324770945,200,196,196,448255600,358547
102,2026-07-30T11:56:35Z,1785412595725815981,105,6772,6772,5,173,16450,324771734,200,196,196,448255600,358548
103,2026-07-30T11:56:36Z,1785412596757263823,106,6772,6772,5,173,16621,324772527,200,196,196,448255600,358555
104,2026-07-30T11:56:37Z,1785412597788147064,107,6772,6772,5,173,16798,324773315,200,196,196,448255600,358565
105,2026-07-30T11:56:38Z,1785412598821175092,108,6772,6828,5,173,16970,324774092,200,196,196,448255600,358573
106,2026-07-30T11:56:39Z,1785412599853345763,109,6772,6772,5,173,17144,324774882,200,196,196,448255600,358589
107,2026-07-30T11:56:40Z,1785412600888306508,110,6772,6772,5,173,17320,324775668,200,196,196,448255600,358591
108,2026-07-30T11:56:41Z,1785412601921572723,111,6772,6836,5,173,17493,324776455,200,196,196,448255600,358599
109,2026-07-30T11:56:42Z,1785412602954886233,112,6772,6772,5,173,17670,324777255,200,196,196,448255600,358608
110,2026-07-30T11:56:43Z,1785412603987609299,113,6772,6772,5,173,17844,324778046,200,196,196,448255600,358614
111,2026-07-30T11:56:45Z,1785412605020095032,115,6772,6772,5,173,18019,324778834,200,196,196,448255600,358628
112,2026-07-30T11:56:46Z,1785412606053761384,116,6772,6772,5,173,18193,324779616,200,196,196,448255600,358632
113,2026-07-30T11:56:47Z,1785412607087685705,117,6836,6772,5,173,18378,324780398,200,196,196,448255600,358634
114,2026-07-30T11:56:48Z,1785412608118831473,118,6772,6772,5,173,18550,324781175,200,196,196,448255600,358641
115,2026-07-30T11:56:49Z,1785412609151702259,119,6772,6772,5,173,18722,324781969,200,196,196,448255600,358646
116,2026-07-30T11:56:50Z,1785412610183410438,120,6772,6772,5,173,18894,324782747,200,196,196,448255600,358652
117,2026-07-30T11:56:51Z,1785412611217165546,121,6772,6772,5,173,19060,324783541,200,196,196,448255600,358659
118,2026-07-30T11:56:52Z,1785412612248737913,122,6772,6772,5,173,19229,324784325,200,196,196,448255600,358664
119,2026-07-30T11:56:53Z,1785412613284198436,123,6816,6772,5,173,19401,324785115,200,196,196,448255600,358671
120,2026-07-30T11:56:54Z,1785412614315444766,124,6768,6768,5,167,19567,324785905,200,196,196,448255600,358680
121,2026-07-30T11:56:55Z,1785412615348551775,125,6776,6768,5,167,19735,324786692,200,196,196,448255600,358683
122,2026-07-30T11:56:56Z,1785412616380857558,126,6768,6768,5,167,19903,324787477,200,196,196,448255600,358690
123,2026-07-30T11:56:57Z,1785412617414859622,127,6768,6768,5,167,20082,324788269,200,196,196,448255600,358690
124,2026-07-30T11:56:58Z,1785412618445132074,128,6768,6832,5,167,20254,324789060,200,196,196,448255600,358690
125,2026-07-30T11:56:59Z,1785412619479188325,129,6828,6768,5,167,20424,324789845,200,196,196,448255600,358690
126,2026-07-30T11:57:00Z,1785412620513491482,130,6768,6768,5,167,20596,324790639,200,196,196,448255600,358691
127,2026-07-30T11:57:01Z,1785412621546551980,131,6768,6768,5,167,20770,324791432,200,196,196,448255600,358693
128,2026-07-30T11:57:02Z,1785412622579304771,132,6804,6832,5,167,20941,324792219,200,196,196,448255600,358694
129,2026-07-30T11:57:03Z,1785412623612402503,133,6768,6768,5,167,21116,324793003,200,196,196,448255600,358694
130,2026-07-30T11:57:04Z,1785412624646185142,134,6768,6768,5,167,21285,324793792,200,196,196,448255600,358695
131,2026-07-30T11:57:05Z,1785412625677039660,135,6768,6768,5,167,21455,324794584,200,196,196,448255600,358696
132,2026-07-30T11:57:06Z,1785412626707935355,136,6768,6768,5,167,21624,324795372,200,196,196,448255600,358699
133,2026-07-30T11:57:07Z,1785412627739112843,137,6768,6768,5,167,21797,324796162,200,196,196,448255600,358701
134,2026-07-30T11:57:08Z,1785412628770270556,138,6768,6768,5,167,21973,324796951,200,196,196,448255600,358705
135,2026-07-30T11:57:09Z,1785412629802049439,139,6768,6768,5,167,22153,324797744,200,196,196,448255600,358706
136,2026-07-30T11:57:10Z,1785412630834235643,140,6768,6784,5,167,22329,324798541,200,196,196,448255600,358712
137,2026-07-30T11:57:11Z,1785412631866325370,141,6768,6768,5,167,22507,324799337,200,196,196,448255600,358716
138,2026-07-30T11:57:12Z,1785412632897826152,142,6768,6768,5,167,22683,324800136,200,196,196,448255600,358722
139,2026-07-30T11:57:13Z,1785412633930262589,143,6820,6768,5,167,22860,324800923,200,196,196,448255600,358728
140,2026-07-30T11:57:14Z,1785412634962323608,144,6768,6768,5,167,23041,324801714,200,196,196,448255600,358733
141,2026-07-30T11:57:15Z,1785412635994514303,145,6748,6748,5,162,23215,324802503,200,196,196,448255600,358739
142,2026-07-30T11:57:17Z,1785412637028457504,147,6692,6628,5,132,23387,324803297,200,196,196,448255600,358742
143,2026-07-30T11:57:18Z,1785412638060564146,148,6628,6692,5,132,23559,324804083,200,196,196,448255600,358743
144,2026-07-30T11:57:19Z,1785412639093174232,149,6628,6628,5,132,23724,324804871,200,196,196,448255600,358749
145,2026-07-30T11:57:20Z,1785412640125097133,150,6628,6628,5,132,23889,324805650,200,196,196,448255600,358753
146,2026-07-30T11:57:21Z,1785412641158786655,151,6628,6628,5,132,24057,324806445,200,196,196,448255600,358757
147,2026-07-30T11:57:22Z,1785412642190148146,152,6628,6628,5,132,24224,324807235,200,196,196,448255600,358764
148,2026-07-30T11:57:23Z,1785412643222664916,153,6628,6628,5,132,24394,324808027,200,196,196,448255600,358768
149,2026-07-30T11:57:24Z,1785412644256038708,154,6628,6628,5,132,24561,324808806,200,196,196,448255600,358772
150,2026-07-30T11:57:25Z,1785412645289084112,155,6624,6624,5,131,24729,324809586,200,196,196,448255600,358773
151,2026-07-30T11:57:26Z,1785412646321801588,156,6624,6624,5,131,24899,324810380,200,196,196,448255600,358779
152,2026-07-30T11:57:27Z,1785412647354553790,157,6624,6624,5,131,25071,324811163,200,196,196,448255600,358783
153,2026-07-30T11:57:28Z,1785412648385908984,158,6688,6624,5,131,25239,324811955,200,196,196,448255600,358790
154,2026-07-30T11:57:29Z,1785412649416727609,159,6624,6624,5,131,25408,324812748,200,196,196,448255600,358794
155,2026-07-30T11:57:30Z,1785412650447935138,160,6624,6624,5,131,25575,324813535,200,196,196,448255600,358800
156,2026-07-30T11:57:31Z,1785412651480010330,161,6636,6636,5,134,25746,324814322,200,196,196,448255600,358802
157,2026-07-30T11:57:32Z,1785412652512482860,162,6636,6636,5,134,25914,324815104,200,196,196,448255600,358802
158,2026-07-30T11:57:33Z,1785412653547016243,163,6652,6652,5,138,26080,324815886,200,196,196,448255600,358803
159,2026-07-30T11:57:34Z,1785412654578886225,164,6652,6752,5,138,26241,324816651,200,196,196,448255600,358803
160,2026-07-30T11:57:35Z,1785412655613134485,165,6652,6752,5,138,26403,324817415,200,196,196,448255600,358803
161,2026-07-30T11:57:36Z,1785412656647691940,166,6652,6752,5,138,26565,324818184,200,196,196,448255600,358803
162,2026-07-30T11:57:37Z,1785412657680985109,167,6652,6752,5,138,26725,324818952,200,196,196,448255600,358803
163,2026-07-30T11:57:38Z,1785412658713749282,168,6656,6752,5,138,26889,324819730,200,196,196,448255600,358807
164,2026-07-30T11:57:39Z,1785412659745933461,169,6564,6752,5,121,27052,324820503,200,196,196,448255600,358809
165,2026-07-30T11:57:40Z,1785412660777106837,170,6564,6752,5,121,27211,324821266,200,196,196,448255600,358811
166,2026-07-30T11:57:41Z,1785412661808448283,171,6564,6752,5,121,27373,324822039,200,196,196,448255600,358811
167,2026-07-30T11:57:42Z,1785412662839448696,172,6564,6752,5,121,27533,324822810,200,196,196,448255600,358814
168,2026-07-30T11:57:43Z,1785412663872752488,173,6564,6752,5,121,27693,324823572,200,196,196,448255600,358814
169,2026-07-30T11:57:44Z,1785412664905182801,174,6564,6752,5,121,27858,324824347,200,196,196,448255600,358816
170,2026-07-30T11:57:45Z,1785412665938010713,175,6564,6752,5,121,28026,324825136,200,196,196,448255600,358817
171,2026-07-30T11:57:46Z,1785412666970265700,176,6564,6752,5,121,28189,324825917,200,196,196,448255600,358820
172,2026-07-30T11:57:48Z,1785412668002410633,178,6564,6752,5,121,28354,324826705,200,196,196,448255600,358820
173,2026-07-30T11:57:49Z,1785412669033146171,179,6564,6752,5,121,28522,324827490,200,196,196,448255600,358822
174,2026-07-30T11:57:50Z,1785412670065831992,180,6564,6752,5,121,28684,324828275,200,196,196,448255600,358822
175,2026-07-30T11:57:51Z,1785412671096838573,181,6564,6752,5,121,28847,324829054,200,196,196,448255600,358824
176,2026-07-30T11:57:52Z,1785412672129168456,182,6564,6752,5,121,29006,324829819,200,196,196,448255600,358824
177,2026-07-30T11:57:53Z,1785412673160834835,183,6564,6752,5,121,29166,324830587,200,196,196,448255600,358824
178,2026-07-30T11:57:54Z,1785412674194404814,184,6572,6752,5,123,29339,324831368,200,196,196,448255600,358827
179,2026-07-30T11:57:55Z,1785412675227756550,185,6572,6752,5,123,29511,324832162,200,196,196,448255600,358836
180,2026-07-30T11:57:56Z,1785412676260820918,186,6724,6752,5,161,29690,324832947,200,196,196,448255600,358838
181,2026-07-30T11:57:57Z,1785412677293972312,187,6724,6752,5,161,29875,324833739,200,196,196,448255600,358838
182,2026-07-30T11:57:58Z,1785412678325086335,188,6788,6752,5,161,30061,324834526,200,196,196,448255600,358838
183,2026-07-30T11:57:59Z,1785412679358785728,189,6724,6752,5,161,30247,324835305,000,196,196,448255600,358838
184,2026-07-30T11:58:00Z,1785412680390798495,190,6724,6752,5,161,30433,324836080,200,196,196,448255600,358838
185,2026-07-30T11:58:01Z,1785412681424273641,191,6724,6752,5,161,30620,324836863,200,196,196,448255600,358838
186,2026-07-30T11:58:02Z,1785412682458599075,192,6724,6752,5,161,30808,324837651,200,196,196,448255600,358838
187,2026-07-30T11:58:03Z,1785412683491763089,193,6724,6752,5,161,30994,324838439,200,196,196,448255600,358838
188,2026-07-30T11:58:04Z,1785412684523349511,194,6724,6752,5,161,31182,324839220,200,196,196,448255600,358838
189,2026-07-30T11:58:05Z,1785412685557817368,195,6760,6752,5,161,31368,324840003,200,196,196,448255600,358838
190,2026-07-30T11:58:06Z,1785412686588731474,196,6724,6752,5,161,31554,324840785,200,196,196,448255600,358838
191,2026-07-30T11:58:07Z,1785412687621496757,197,6724,6752,5,161,31739,324841565,200,196,196,448255600,358838
192,2026-07-30T11:58:08Z,1785412688654242630,198,6724,6752,5,161,31926,324842354,200,196,196,448255600,358838
193,2026-07-30T11:58:09Z,1785412689688336738,199,6724,6752,5,161,32111,324843142,200,196,196,448255600,358838
194,2026-07-30T11:58:10Z,1785412690719205295,200,6724,6752,5,161,32297,324843932,200,196,196,448255600,358839
195,2026-07-30T11:58:11Z,1785412691752825619,201,6724,6752,5,161,32482,324844714,200,196,196,448255600,358839
196,2026-07-30T11:58:12Z,1785412692785355256,202,6788,6752,5,161,32666,324845500,200,196,196,448255600,358839
197,2026-07-30T11:58:13Z,1785412693820804406,203,6724,6752,5,161,32850,324846286,200,196,196,448255600,358839
198,2026-07-30T11:58:14Z,1785412694853304030,204,6724,6752,5,161,33036,324847065,200,196,196,448255600,358839
199,2026-07-30T11:58:15Z,1785412695887656293,205,6724,6752,5,161,33223,324847854,200,196,196,448255600,358839
200,2026-07-30T11:58:16Z,1785412696920103335,206,6788,6752,5,161,33403,324848636,200,196,196,448255600,358840
201,2026-07-30T11:58:17Z,1785412697954389603,207,6724,6800,5,161,33585,324849426,200,196,196,448255600,358841
202,2026-07-30T11:58:18Z,1785412698987722000,208,6732,6752,5,163,33770,324850219,200,196,196,448255600,358842
203,2026-07-30T11:58:20Z,1785412700021406761,210,6732,6752,5,163,33958,324851000,200,196,196,448255600,358842
204,2026-07-30T11:58:21Z,1785412701053539274,211,6780,6752,5,163,34145,324851781,200,196,196,448255600,358843
205,2026-07-30T11:58:22Z,1785412702084674285,212,6732,6752,5,163,34333,324852564,200,196,196,448255600,358846
206,2026-07-30T11:58:23Z,1785412703117335045,213,6732,6752,5,163,34514,324853349,200,196,196,448255600,358851
207,2026-07-30T11:58:24Z,1785412704151624459,214,6796,6752,5,163,34696,324854137,200,196,196,448255600,358852
208,2026-07-30T11:58:25Z,1785412705182672097,215,6732,6752,5,163,34881,324854923,200,196,196,448255600,358852
209,2026-07-30T11:58:26Z,1785412706215529779,216,6780,6752,5,163,35068,324855712,200,196,196,448255600,358852
210,2026-07-30T11:58:27Z,1785412707249160871,217,6732,6752,5,163,35251,324856504,200,196,196,448255600,358852
211,2026-07-30T11:58:28Z,1785412708281245033,218,6732,6752,5,163,35438,324857286,200,196,196,448255600,358852
212,2026-07-30T11:58:29Z,1785412709312815578,219,6796,6752,5,163,35623,324858076,200,196,196,448255600,358852
213,2026-07-30T11:58:30Z,1785412710345972056,220,6748,6752,5,163,35808,324858863,200,196,196,448255600,358852
214,2026-07-30T11:58:31Z,1785412711378274563,221,6748,6752,5,163,35995,324859651,200,196,196,448255600,358852
215,2026-07-30T11:58:32Z,1785412712411024794,222,6660,6752,5,160,36183,324860435,200,196,196,448255600,358852
216,2026-07-30T11:58:33Z,1785412713443478344,223,6724,6752,5,160,36363,324861213,000,196,196,448255600,358861
217,2026-07-30T11:58:34Z,1785412714475859085,224,6660,6752,5,160,36545,324861998,200,196,196,448255600,358863
218,2026-07-30T11:58:35Z,1785412715507761922,225,6660,6752,5,160,36724,324862786,200,196,196,448255600,358873
219,2026-07-30T11:58:36Z,1785412716541650370,226,6660,6752,5,160,36909,324863572,200,196,196,448255600,358878
220,2026-07-30T11:58:37Z,1785412717572436387,227,6660,6752,5,160,37091,324864362,000,196,196,448255600,358883
221,2026-07-30T11:58:38Z,1785412718604533083,228,6660,6752,5,160,37269,324865156,200,196,196,448255600,358885
222,2026-07-30T11:58:39Z,1785412719637324278,229,6660,6752,5,160,37450,324865944,200,196,196,448255600,358889
223,2026-07-30T11:58:40Z,1785412720668729102,230,6676,6752,5,160,37631,324866726,200,196,196,448255600,358892
224,2026-07-30T11:58:41Z,1785412721700454840,231,6692,6752,5,168,37812,324867510,200,196,196,448255600,358896
225,2026-07-30T11:58:42Z,1785412722733870413,232,6692,6756,5,168,37989,324868309,200,196,196,448255600,358900
226,2026-07-30T11:58:43Z,1785412723767392265,233,6692,6752,5,168,38164,324869101,200,196,196,448255600,358903
227,2026-07-30T11:58:44Z,1785412724799312760,234,6692,6752,5,168,38339,324869899,200,196,196,448255600,358906
228,2026-07-30T11:58:45Z,1785412725834682067,235,6692,6752,5,168,38516,324870692,200,196,196,448255600,358910
229,2026-07-30T11:58:46Z,1785412726867891463,236,6692,6752,5,168,38693,324871493,200,196,196,448255600,358914
230,2026-07-30T11:58:47Z,1785412727899300497,237,6692,6752,5,168,38870,324872287,200,196,196,448255600,358919
231,2026-07-30T11:58:48Z,1785412728930661667,238,6692,6752,5,168,39046,324873081,200,196,196,448255600,358924
232,2026-07-30T11:58:49Z,1785412729962696463,239,6692,6752,5,168,39220,324873871,200,196,196,448255600,358932
233,2026-07-30T11:58:50Z,1785412730996533938,240,6740,6752,5,168,39396,324874666,200,196,196,448255600,358936
234,2026-07-30T11:58:52Z,1785412732027609032,242,6692,6752,5,168,39574,324875462,200,196,196,448255600,358938
235,2026-07-30T11:58:53Z,1785412733061973369,243,6716,6752,5,168,39751,324876258,200,196,196,448255600,358946
236,2026-07-30T11:58:54Z,1785412734094502875,244,6692,6752,5,168,39931,324877048,200,196,196,448255600,358951
237,2026-07-30T11:58:55Z,1785412735128624871,245,6692,6752,5,168,40112,324877838,000,196,196,448255601,358955
238,2026-07-30T11:58:56Z,1785412736161775191,246,6692,6752,5,168,40294,324878623,200,196,196,448255601,358957
239,2026-07-30T11:58:57Z,1785412737195962235,247,6692,6756,5,168,40478,324879407,200,196,196,448255601,358960
240,2026-07-30T11:58:58Z,1785412738229250350,248,6700,6752,5,168,40663,324880196,200,196,196,448255601,358961
241,2026-07-30T11:58:59Z,1785412739261680174,249,6744,6752,5,168,40847,324880978,200,196,196,448255601,358961
242,2026-07-30T11:59:00Z,1785412740295140624,250,6692,6752,5,168,41031,324881769,200,196,196,448255601,358962
243,2026-07-30T11:59:01Z,1785412741330395515,251,6756,6752,5,168,41214,324882556,200,196,196,448255601,358966
244,2026-07-30T11:59:02Z,1785412742363462216,252,6712,6756,5,168,41395,324883345,200,196,196,448255601,358972
245,2026-07-30T11:59:03Z,1785412743396867042,253,6692,6752,5,168,41580,324884125,000,196,196,448255601,358973
246,2026-07-30T11:59:04Z,1785412744429601241,254,6692,6752,5,168,41761,324884915,200,196,196,448255601,358978
247,2026-07-30T11:59:05Z,1785412745462936677,255,6696,6752,5,169,41948,324885707,200,196,196,448255601,358978
248,2026-07-30T11:59:06Z,1785412746493871914,256,6720,6804,5,169,42136,324886489,200,196,196,448255601,358978
249,2026-07-30T11:59:07Z,1785412747525413161,257,6696,6752,5,169,42321,324887273,200,196,196,448255601,358978
250,2026-07-30T11:59:08Z,1785412748557998934,258,6696,6752,5,169,42508,324888059,200,196,196,448255601,358978
251,2026-07-30T11:59:09Z,1785412749590640058,259,6728,6752,5,169,42695,324888851,200,196,196,448255601,358978
252,2026-07-30T11:59:10Z,1785412750623973713,260,6696,6752,5,169,42882,324889643,200,196,196,448255601,358979
253,2026-07-30T11:59:11Z,1785412751656311060,261,6688,6752,5,167,43064,324890435,200,196,196,448255601,358980
254,2026-07-30T11:59:12Z,1785412752688354866,262,6688,6752,5,167,43250,324891225,200,196,196,448255601,358982
255,2026-07-30T11:59:13Z,1785412753721370519,263,6732,6752,5,167,43437,324892016,200,196,196,448255601,358984
256,2026-07-30T11:59:14Z,1785412754755752799,264,6688,6752,5,167,43623,324892801,200,196,196,448255601,358985
257,2026-07-30T11:59:15Z,1785412755788808252,265,6688,6752,5,167,43812,324893588,200,196,196,448255601,358985
258,2026-07-30T11:59:16Z,1785412756822364803,266,6688,6752,5,167,43997,324894370,200,196,196,448255601,358987
259,2026-07-30T11:59:17Z,1785412757854493217,267,6688,6752,5,167,44187,324895148,200,196,196,448255601,358987
260,2026-07-30T11:59:18Z,1785412758887865236,268,6688,6752,5,167,44374,324895927,200,196,196,448255601,358987
261,2026-07-30T11:59:19Z,1785412759920490835,269,6756,6752,5,167,44562,324896710,200,196,196,448255601,358987
262,2026-07-30T11:59:20Z,1785412760955056264,270,6688,6752,5,167,44752,324897490,200,196,196,448255601,358987
263,2026-07-30T11:59:21Z,1785412761987447614,271,6688,6752,5,167,44938,324898275,200,196,196,448255601,358989
264,2026-07-30T11:59:23Z,1785412763020756219,273,6688,6752,5,167,45123,324899061,200,196,196,448255601,358990
265,2026-07-30T11:59:24Z,1785412764053165996,274,6708,6752,5,167,45308,324899848,200,196,196,448255601,358992
266,2026-07-30T11:59:25Z,1785412765085617336,275,6708,6752,5,167,45494,324900635,200,196,196,448255601,358992
267,2026-07-30T11:59:26Z,1785412766119541615,276,6708,6772,5,167,45680,324901423,200,196,196,448255601,358992
268,2026-07-30T11:59:27Z,1785412767151831935,277,6708,6752,5,167,45865,324902208,200,196,196,448255601,358992
269,2026-07-30T11:59:28Z,1785412768182898455,278,6732,6752,5,167,46053,324902992,200,196,196,448255601,358992
270,2026-07-30T11:59:29Z,1785412769217428831,279,6708,6752,5,167,46238,324903782,200,196,196,448255601,358992
271,2026-07-30T11:59:30Z,1785412770249035277,280,6708,6768,5,167,46425,324904567,200,196,196,448255601,358992
272,2026-07-30T11:59:31Z,1785412771284385723,281,6708,6772,5,167,46612,324905355,200,196,196,448255601,358992
273,2026-07-30T11:59:32Z,1785412772315708972,282,6708,6752,5,167,46797,324906152,200,196,196,448255601,358992
274,2026-07-30T11:59:33Z,1785412773352438635,283,6708,6772,5,167,46983,324906935,200,196,196,448255601,358992
275,2026-07-30T11:59:34Z,1785412774385287027,284,6708,6752,5,167,47170,324907724,200,196,196,448255601,358992
276,2026-07-30T11:59:35Z,1785412775418228315,285,6628,6752,5,147,47356,324908510,200,196,196,448255601,358992
277,2026-07-30T11:59:36Z,1785412776449356426,286,6628,6752,5,147,47541,324909294,200,196,196,448255601,358992
278,2026-07-30T11:59:37Z,1785412777483259327,287,6628,6752,5,147,47728,324910082,200,196,196,448255601,358992
279,2026-07-30T11:59:38Z,1785412778513929883,288,6628,6752,5,147,47914,324910878,200,196,196,448255601,358992
280,2026-07-30T11:59:39Z,1785412779546728055,289,6628,6752,5,147,48101,324911660,200,196,196,448255601,358992
281,2026-07-30T11:59:40Z,1785412780577422563,290,6628,6752,5,147,48284,324912453,200,196,196,448255601,358992
282,2026-07-30T11:59:41Z,1785412781610258597,291,6684,6752,5,147,48468,324913238,200,196,196,448255601,358992
283,2026-07-30T11:59:42Z,1785412782642406630,292,6756,6752,5,147,48655,324914027,200,196,196,448255601,358992
284,2026-07-30T11:59:43Z,1785412783674418114,293,6640,6752,5,147,48841,324914821,200,196,196,448255601,358992
285,2026-07-30T11:59:44Z,1785412784708225569,294,6628,6752,5,147,49028,324915606,200,196,196,448255601,358992
286,2026-07-30T11:59:45Z,1785412785742185545,295,6628,6752,5,147,49215,324916391,200,196,196,448255601,358992
287,2026-07-30T11:59:46Z,1785412786774127954,296,6652,6752,5,148,49402,324917176,200,196,196,448255601,358995
288,2026-07-30T11:59:47Z,1785412787807263765,297,6632,6752,5,148,49579,324917960,200,196,196,448255601,359001
289,2026-07-30T11:59:48Z,1785412788839813985,298,6632,6752,5,148,49759,324918744,200,196,196,448255601,359008
290,2026-07-30T11:59:49Z,1785412789871918645,299,6632,6752,5,148,49939,324919529,200,196,196,448255601,359011
291,2026-07-30T11:59:50Z,1785412790905012276,300,6632,6752,5,148,50124,324920317,200,196,196,448255601,359015
292,2026-07-30T11:59:51Z,1785412791936657279,301,6632,6752,5,148,50306,324921107,200,196,196,448255601,359019
293,2026-07-30T11:59:52Z,1785412792968418878,302,6632,6752,5,148,50485,324921896,200,196,196,448255601,359023
294,2026-07-30T11:59:53Z,1785412793998467510,303,6632,6752,5,148,50665,324922684,200,196,196,448255601,359028
295,2026-07-30T11:59:55Z,1785412795032569027,305,6696,6752,5,148,50852,324923465,200,196,196,448255601,359028
296,2026-07-30T11:59:56Z,1785412796064011644,306,6632,6752,5,148,51036,324924249,200,196,196,448255601,359028
297,2026-07-30T11:59:57Z,1785412797096768254,307,6632,6752,5,148,51222,324925039,200,196,196,448255601,359028
298,2026-07-30T11:59:58Z,1785412798128814786,308,6596,6752,5,123,51401,324925822,200,196,196,448255601,359031
299,2026-07-30T11:59:59Z,1785412799160397830,309,6532,6752,5,123,51582,324926612,200,196,196,448255601,359034
300,2026-07-30T12:00:00Z,1785412800192309761,310,6532,6752,5,123,51762,324927401,200,196,196,448255601,359038
301,2026-07-30T12:00:01Z,1785412801226230868,311,6532,6752,5,123,51941,324928189,200,196,196,448255601,359043
302,2026-07-30T12:00:02Z,1785412802260030821,312,6584,6752,5,123,52126,324928974,200,196,196,448255601,359045
303,2026-07-30T12:00:03Z,1785412803295688946,313,6532,6752,5,123,52311,324929764,200,196,196,448255601,359045
304,2026-07-30T12:00:04Z,1785412804327234913,314,6576,6752,5,123,52497,324930549,200,196,196,448255601,359045
305,2026-07-30T12:00:05Z,1785412805361412397,315,6532,6752,5,123,52682,324931335,200,196,196,448255601,359045
306,2026-07-30T12:00:06Z,1785412806395448178,316,6532,6752,5,123,52871,324932120,200,196,196,448255601,359045
307,2026-07-30T12:00:07Z,1785412807428316849,317,6532,6752,5,123,53061,324932907,200,196,196,448255601,359045
308,2026-07-30T12:00:08Z,1785412808461267965,318,6532,6752,5,123,53249,324933697,200,196,196,448255601,359045
309,2026-07-30T12:00:09Z,1785412809493143418,319,6532,6752,5,123,53434,324934483,200,196,196,448255601,359047
310,2026-07-30T12:00:10Z,1785412810527142855,320,6532,6752,5,123,53617,324935264,200,196,196,448255601,359053
311,2026-07-30T12:00:11Z,1785412811560268146,321,6532,6752,5,123,53799,324936050,200,196,196,448255601,359054
312,2026-07-30T12:00:12Z,1785412812591915035,322,6532,6752,5,123,53979,324936841,200,196,196,448255601,359062
313,2026-07-30T12:00:13Z,1785412813624376451,323,6664,6752,5,155,54162,324937632,200,196,196,448255601,359067
314,2026-07-30T12:00:14Z,1785412814653843851,324,6664,6752,5,155,54340,324938414,200,196,196,448255601,359070
315,2026-07-30T12:00:15Z,1785412815688335595,325,6664,6752,5,155,54519,324939211,200,196,196,448255601,359071
316,2026-07-30T12:00:16Z,1785412816718606935,326,6656,6752,5,153,54697,324940003,200,196,196,448255601,359073
317,2026-07-30T12:00:17Z,1785412817751781686,327,6656,6752,5,153,54874,324940791,200,196,196,448255601,359075
318,2026-07-30T12:00:18Z,1785412818783792824,328,6720,6752,5,153,55053,324941582,200,196,196,448255601,359077
319,2026-07-30T12:00:19Z,1785412819818294958,329,6656,6752,5,153,55235,324942380,200,196,196,448255601,359079
320,2026-07-30T12:00:20Z,1785412820850399653,330,6632,6752,5,152,55418,324943165,200,196,196,448255601,359079
321,2026-07-30T12:00:21Z,1785412821884646626,331,6632,6752,5,152,55605,324943942,200,196,196,448255601,359079
322,2026-07-30T12:00:22Z,1785412822917952563,332,6632,6752,5,152,55789,324944727,200,196,196,448255601,359079
323,2026-07-30T12:00:23Z,1785412823952121593,333,6632,6752,5,152,55974,324945513,200,196,196,448255601,359079
324,2026-07-30T12:00:24Z,1785412824983874103,334,6636,6752,5,152,56159,324946307,200,196,196,448255601,359079
325,2026-07-30T12:00:26Z,1785412826017308706,336,6752,6752,5,152,56344,324947088,200,196,196,448255601,359079
326,2026-07-30T12:00:27Z,1785412827048281195,337,6632,6752,5,152,56527,324947879,200,196,196,448255601,359079
327,2026-07-30T12:00:28Z,1785412828080004312,338,6632,6752,5,152,56712,324948668,200,196,196,448255601,359079
328,2026-07-30T12:00:29Z,1785412829111961372,339,6692,6752,5,152,56900,324949449,200,196,196,448255601,359079
329,2026-07-30T12:00:30Z,1785412830146382406,340,6632,6752,5,152,57086,324950232,200,196,196,448255601,359079
330,2026-07-30T12:00:31Z,1785412831179318794,341,6696,6752,5,152,57275,324951013,200,196,196,448255601,359079
331,2026-07-30T12:00:32Z,1785412832214478031,342,6636,6752,5,153,57461,324951804,200,196,196,448255601,359081
332,2026-07-30T12:00:33Z,1785412833245795368,343,6636,6752,5,153,57644,324952589,200,196,196,448255601,359083
333,2026-07-30T12:00:34Z,1785412834278391428,344,6700,6752,5,153,57825,324953382,200,196,196,448255601,359084
334,2026-07-30T12:00:35Z,1785412835311735625,345,6636,6752,5,153,58005,324954171,200,196,196,448255601,359087
335,2026-07-30T12:00:36Z,1785412836345404521,346,6684,6752,5,155,58184,324954963,200,196,196,448255601,359089
336,2026-07-30T12:00:37Z,1785412837377295847,347,6696,6752,5,158,58362,324955758,200,196,196,448255601,359095
337,2026-07-30T12:00:38Z,1785412838408836396,348,6696,6752,5,158,58538,324956547,200,196,196,448255601,359098
338,2026-07-30T12:00:39Z,1785412839439686563,349,6696,6760,5,158,58717,324957337,200,196,196,448255601,359100
339,2026-07-30T12:00:40Z,1785412840471178018,350,6696,6752,5,158,58893,324958132,200,196,196,448255601,359106
340,2026-07-30T12:00:41Z,1785412841504430470,351,6728,6752,5,158,59071,324958923,200,196,196,448255601,359106
341,2026-07-30T12:00:42Z,1785412842536150019,352,6696,6752,5,158,59244,324959717,200,196,196,448255601,359112
342,2026-07-30T12:00:43Z,1785412843568904041,353,6560,6752,5,124,59416,324960516,200,196,196,448255601,359119
343,2026-07-30T12:00:44Z,1785412844600584652,354,6560,6752,5,124,59587,324961316,200,196,196,448255601,359123
344,2026-07-30T12:00:45Z,1785412845633527576,355,6560,6752,5,124,59762,324962114,200,196,196,448255601,359129
345,2026-07-30T12:00:46Z,1785412846664917875,356,6560,6752,5,124,59938,324962906,200,196,196,448255601,359136
346,2026-07-30T12:00:47Z,1785412847696405058,357,6560,6752,5,124,60113,324963705,200,196,196,448255601,359138
347,2026-07-30T12:00:48Z,1785412848727649805,358,6560,6752,5,124,60290,324964500,200,196,196,448255601,359139
348,2026-07-30T12:00:49Z,1785412849760046002,359,6560,6752,5,124,60465,324965288,200,196,196,448255601,359144
349,2026-07-30T12:00:50Z,1785412850791589075,360,6560,6752,5,124,60638,324966085,200,196,196,448255601,359151
350,2026-07-30T12:00:51Z,1785412851823927874,361,6560,6752,5,124,60816,324966876,200,196,196,448255601,359157
351,2026-07-30T12:00:52Z,1785412852854531010,362,6560,6752,5,124,60990,324967669,200,196,196,448255601,359161
352,2026-07-30T12:00:53Z,1785412853888680149,363,6608,6752,5,126,61173,324968451,200,196,196,448255601,359165
353,2026-07-30T12:00:54Z,1785412854922043785,364,6616,6752,5,126,61358,324969240,200,196,196,448255601,359167
354,2026-07-30T12:00:55Z,1785412855955727712,365,6608,6752,5,126,61544,324970018,200,196,196,448255601,359167
355,2026-07-30T12:00:56Z,1785412856987731008,366,6608,6752,5,126,61725,324970812,200,196,196,448255601,359171
356,2026-07-30T12:00:58Z,1785412858020323258,368,6664,6752,5,126,61906,324971602,200,196,196,448255601,359177
357,2026-07-30T12:00:59Z,1785412859052125227,369,6608,6752,5,126,62086,324972394,200,196,196,448255601,359184
358,2026-07-30T12:01:00Z,1785412860085656684,370,6840,6904,5,174,62267,324973187,200,196,196,448255601,359186
359,2026-07-30T12:01:01Z,1785412861120051312,371,6840,6840,5,174,62450,324973981,200,196,196,448255601,359186
360,2026-07-30T12:01:02Z,1785412862153900152,372,6840,6840,5,174,62633,324974765,200,196,196,448255601,359186
361,2026-07-30T12:01:03Z,1785412863185272461,373,6904,6840,5,174,62816,324975552,200,196,196,448255601,359186
362,2026-07-30T12:01:04Z,1785412864218086741,374,6892,6904,5,174,62995,324976342,200,196,196,448255601,359189
363,2026-07-30T12:01:05Z,1785412865250286412,375,6840,6840,5,174,63172,324977140,200,196,196,448255601,359193
364,2026-07-30T12:01:06Z,1785412866282411396,376,6884,6864,5,174,63352,324977929,200,196,196,448255601,359193
365,2026-07-30T12:01:07Z,1785412867314052461,377,6840,6904,5,174,63535,324978706,200,196,196,448255601,359195
366,2026-07-30T12:01:08Z,1785412868346650325,378,6840,6840,5,174,63722,324979492,200,196,196,448255601,359195
367,2026-07-30T12:01:09Z,1785412869378298980,379,6840,6904,5,174,63904,324980280,200,196,196,448255601,359200
368,2026-07-30T12:01:10Z,1785412870411551239,380,6840,6840,5,174,64088,324981064,200,196,196,448255601,359202
369,2026-07-30T12:01:11Z,1785412871442959646,381,6840,6840,5,174,64264,324981846,200,196,196,448255601,359205
370,2026-07-30T12:01:12Z,1785412872475122227,382,6840,6840,5,174,64442,324982632,200,196,196,448255601,359210
371,2026-07-30T12:01:13Z,1785412873506850975,383,6892,6840,5,174,64617,324983422,200,196,196,448255601,359216
372,2026-07-30T12:01:14Z,1785412874538351334,384,6840,6840,5,174,64794,324984208,200,196,196,448255601,359221
373,2026-07-30T12:01:15Z,1785412875572596613,385,6840,6840,5,174,64973,324984994,200,196,196,448255601,359224
374,2026-07-30T12:01:16Z,1785412876606286886,386,6840,6900,5,174,65153,324985782,200,196,196,448255601,359228
375,2026-07-30T12:01:17Z,1785412877639448265,387,6840,6840,5,174,65336,324986567,200,196,196,448255601,359230
376,2026-07-30T12:01:18Z,1785412878672084658,388,6840,6896,5,174,65523,324987354,200,196,196,448255601,359230
377,2026-07-30T12:01:19Z,1785412879704596096,389,6904,6840,5,174,65706,324988139,200,196,196,448255601,359235
378,2026-07-30T12:01:20Z,1785412880738391026,390,6840,6840,5,174,65890,324988927,200,196,196,448255601,359235
379,2026-07-30T12:01:21Z,1785412881772158083,391,6840,6840,5,174,66076,324989710,200,196,196,448255601,359235
380,2026-07-30T12:01:22Z,1785412882805043249,392,6840,6840,5,174,66263,324990494,200,196,196,448255601,359235
381,2026-07-30T12:01:23Z,1785412883837787499,393,6840,6840,5,174,66450,324991288,200,196,196,448255601,359235
382,2026-07-30T12:01:24Z,1785412884870926237,394,6844,6840,5,174,66638,324992070,200,196,196,448255601,359235
383,2026-07-30T12:01:25Z,1785412885903001035,395,6840,6852,5,174,66825,324992850,200,196,196,448255601,359235
384,2026-07-30T12:01:26Z,1785412886933562134,396,6840,6840,5,174,67012,324993636,200,196,196,448255601,359235
385,2026-07-30T12:01:27Z,1785412887966988941,397,6860,6840,5,174,67202,324994417,200,196,196,448255601,359235
386,2026-07-30T12:01:28Z,1785412889000267720,399,6840,6844,5,174,67393,324995202,200,196,196,448255601,359235
387,2026-07-30T12:01:30Z,1785412890034287632,400,6776,6776,5,163,67583,324995983,200,196,196,448255601,359235
388,2026-07-30T12:01:31Z,1785412891066180702,401,6776,6840,5,163,67774,324996766,200,196,196,448255601,359235
389,2026-07-30T12:01:32Z,1785412892099989532,402,6776,6776,5,163,67959,324997558,200,196,196,448255601,359235
390,2026-07-30T12:01:33Z,1785412893130671643,403,6776,6776,5,163,68142,324998346,200,196,196,448255601,359235
391,2026-07-30T12:01:34Z,1785412894163149639,404,6776,6776,5,163,68327,324999140,200,196,196,448255601,359235
392,2026-07-30T12:01:35Z,1785412895194528032,405,6776,6776,5,163,68510,324999928,200,196,196,448255601,359235
393,2026-07-30T12:01:36Z,1785412896226047947,406,6828,6776,5,163,68698,325000709,200,196,196,448255601,359235
394,2026-07-30T12:01:37Z,1785412897258556159,407,6896,6820,5,163,68883,325001500,200,196,196,448255601,359235
395,2026-07-30T12:01:38Z,1785412898291126180,408,6776,6776,5,163,69069,325002278,000,196,196,448255601,359235
396,2026-07-30T12:01:39Z,1785412899323561433,409,6776,6776,5,163,69257,325003053,200,196,196,448255601,359235
397,2026-07-30T12:01:40Z,1785412900355935870,410,6832,6776,5,163,69446,325003843,200,196,196,448255601,359235
398,2026-07-30T12:01:41Z,1785412901388842774,411,6776,6812,5,163,69632,325004622,200,196,196,448255601,359235
399,2026-07-30T12:01:42Z,1785412902421324626,412,6776,6776,5,163,69818,325005411,200,196,196,448255601,359235
400,2026-07-30T12:01:43Z,1785412903452900556,413,6776,6776,5,163,70005,325006189,200,196,196,448255601,359235
401,2026-07-30T12:01:44Z,1785412904486677734,414,6776,6776,5,163,70192,325006984,200,196,196,448255601,359235
402,2026-07-30T12:01:45Z,1785412905523412061,415,6776,6776,5,163,70384,325007771,200,196,196,448255601,359235
403,2026-07-30T12:01:46Z,1785412906557866275,416,6776,6808,5,163,70572,325008559,200,196,196,448255601,359242
404,2026-07-30T12:01:47Z,1785412907589829316,417,6776,6808,5,163,70753,325009344,000,196,196,448255601,359246
405,2026-07-30T12:01:48Z,1785412908623691333,418,6776,6808,5,163,70932,325010127,200,196,196,448255601,359254
406,2026-07-30T12:01:49Z,1785412909656513284,419,6776,6808,5,163,71111,325010908,200,196,196,448255601,359260
407,2026-07-30T12:01:50Z,1785412910688776280,420,6776,6808,5,163,71291,325011694,200,196,196,448255601,359265
408,2026-07-30T12:01:51Z,1785412911722476413,421,6776,6808,5,163,71471,325012477,200,196,196,448255601,359271
409,2026-07-30T12:01:52Z,1785412912753811699,422,6624,6808,5,123,71651,325013257,200,196,196,448255601,359275
410,2026-07-30T12:01:53Z,1785412913785989050,423,6616,6808,5,123,71831,325014041,000,196,196,448255601,359279
411,2026-07-30T12:01:54Z,1785412914818579202,424,6616,6808,5,123,72011,325014814,200,196,196,448255601,359284
412,2026-07-30T12:01:55Z,1785412915850622579,425,6616,6808,5,123,72189,325015603,200,196,196,448255601,359289
413,2026-07-30T12:01:56Z,1785412916882603442,426,6616,6808,5,123,72367,325016379,200,196,196,448255601,359294
414,2026-07-30T12:01:57Z,1785412917912388725,427,6544,6808,5,120,72545,325017167,200,196,196,448255601,359301
415,2026-07-30T12:01:58Z,1785412918943943248,428,6544,6808,5,120,72725,325017945,200,196,196,448255601,359305
416,2026-07-30T12:01:59Z,1785412919975341005,429,6544,6808,5,120,72904,325018730,200,196,196,448255601,359311
417,2026-07-30T12:02:01Z,1785412921009148741,431,6544,6808,5,120,73085,325019517,200,196,196,448255601,359314
418,2026-07-30T12:02:02Z,1785412922040911763,432,6544,6808,5,120,73266,325020301,200,196,196,448255601,359320
419,2026-07-30T12:02:03Z,1785412923072230997,433,6544,6808,5,120,73444,325021089,200,196,196,448255601,359323
420,2026-07-30T12:02:04Z,1785412924103809476,434,6544,6808,5,120,73621,325021877,200,196,196,448255601,359328
421,2026-07-30T12:02:05Z,1785412925136292028,435,6544,6808,5,120,73799,325022665,200,196,196,448255601,359333
422,2026-07-30T12:02:06Z,1785412926167851999,436,6544,6808,5,120,73980,325023445,200,196,196,448255601,359336
423,2026-07-30T12:02:07Z,1785412927200741171,437,6584,6808,5,120,74158,325024229,200,196,196,448255601,359339
424,2026-07-30T12:02:08Z,1785412928232656198,438,6552,6808,5,120,74337,325025014,200,196,196,448255601,359345
425,2026-07-30T12:02:09Z,1785412929263923542,439,6560,6808,5,124,74515,325025798,200,196,196,448255601,359354
426,2026-07-30T12:02:10Z,1785412930295634709,440,6560,6808,5,124,74692,325026581,200,196,196,448255601,359364
427,2026-07-30T12:02:11Z,1785412931327742250,441,6560,6808,5,124,74866,325027366,200,196,196,448255601,359374
428,2026-07-30T12:02:12Z,1785412932358298989,442,6560,6808,5,124,75040,325028144,200,196,196,448255601,359380
429,2026-07-30T12:02:13Z,1785412933389553366,443,6560,6808,5,124,75213,325028928,200,196,196,448255601,359392
430,2026-07-30T12:02:14Z,1785412934421911248,444,6560,6808,5,124,75386,325029708,200,196,196,448255601,359400
431,2026-07-30T12:02:15Z,1785412935453383860,445,6624,6808,5,124,75558,325030490,200,196,196,448255601,359408
432,2026-07-30T12:02:16Z,1785412936484777737,446,6536,6808,5,122,75730,325031279,200,196,196,448255601,359418
433,2026-07-30T12:02:17Z,1785412937516188336,447,6532,6808,5,122,75905,325032065,200,196,196,448255601,359429
434,2026-07-30T12:02:18Z,1785412938548106157,448,6532,6808,5,122,76082,325032852,200,196,196,448255601,359435
435,2026-07-30T12:02:19Z,1785412939581957423,449,6532,6808,5,122,76257,325033643,200,196,196,448255601,359438
436,2026-07-30T12:02:20Z,1785412940612744942,450,6596,6808,5,122,76433,325034425,200,196,196,448255601,359443
437,2026-07-30T12:02:21Z,1785412941642995977,451,6532,6808,5,122,76609,325035216,200,196,196,448255601,359453
438,2026-07-30T12:02:22Z,1785412942674435846,452,6532,6808,5,122,76787,325036002,200,196,196,448255601,359459
439,2026-07-30T12:02:23Z,1785412943707651050,453,6532,6808,5,122,76962,325036788,200,196,196,448255601,359464
440,2026-07-30T12:02:24Z,1785412944739188629,454,6548,6808,5,122,77136,325037570,200,196,196,448255601,359468
441,2026-07-30T12:02:25Z,1785412945771229358,455,6532,6808,5,122,77310,325038356,200,196,196,448255601,359478
442,2026-07-30T12:02:26Z,1785412946802204300,456,6532,6808,5,122,77483,325039136,200,196,196,448255601,359487
443,2026-07-30T12:02:27Z,1785412947833996457,457,6532,6808,5,122,77655,325039926,200,196,196,448255601,359498
444,2026-07-30T12:02:28Z,1785412948866284683,458,6540,6808,5,122,77828,325040710,200,196,196,448255601,359508
445,2026-07-30T12:02:29Z,1785412949898943329,459,6532,6808,5,122,78002,325041502,200,196,196,448255601,359515
446,2026-07-30T12:02:30Z,1785412950930506866,460,6532,6808,5,122,78176,325042289,200,196,196,448255601,359523
447,2026-07-30T12:02:31Z,1785412951963911634,461,6532,6808,5,122,78359,325043075,200,196,196,448255601,359525
448,2026-07-30T12:02:32Z,1785412952994900357,462,6508,6808,5,121,78541,325043865,200,196,196,448255601,359526
449,2026-07-30T12:02:34Z,1785412954026332531,464,6572,6808,5,121,78720,325044649,200,196,196,448255601,359526
450,2026-07-30T12:02:35Z,1785412955058493444,465,6508,6808,5,121,78901,325045446,200,196,196,448255601,359526
451,2026-07-30T12:02:36Z,1785412956092730712,466,6508,6808,5,121,79086,325046235,200,196,196,448255601,359527
452,2026-07-30T12:02:37Z,1785412957125631588,467,6508,6808,5,121,79269,325047020,000,196,196,448255601,359529
453,2026-07-30T12:02:38Z,1785412958157721545,468,6508,6808,5,121,79452,325047807,200,196,196,448255601,359531
454,2026-07-30T12:02:39Z,1785412959187834862,469,6444,6808,5,105,79632,325048590,200,196,196,448255601,359535
455,2026-07-30T12:02:40Z,1785412960218582888,470,6444,6808,5,105,79811,325049373,200,196,196,448255601,359538
456,2026-07-30T12:02:41Z,1785412961249233645,471,6444,6808,5,105,79992,325050168,200,196,196,448255601,359538
457,2026-07-30T12:02:42Z,1785412962282057920,472,6444,6808,5,105,80172,325050960,200,196,196,448255601,359539
458,2026-07-30T12:02:43Z,1785412963314155942,473,6508,6808,5,105,80358,325051737,200,196,196,448255601,359539
459,2026-07-30T12:02:44Z,1785412964344710649,474,6444,6808,5,105,80545,325052519,200,196,196,448255601,359539
460,2026-07-30T12:02:45Z,1785412965376450461,475,6444,6808,5,105,80729,325053300,200,196,196,448255601,359539
461,2026-07-30T12:02:46Z,1785412966408584227,476,6444,6808,5,105,80912,325054087,200,196,196,448255601,359539
462,2026-07-30T12:02:47Z,1785412967440521803,477,6444,6808,5,105,81092,325054873,200,196,196,448255601,359549
463,2026-07-30T12:02:48Z,1785412968473362077,478,6452,6808,5,105,81266,325055655,200,196,196,448255601,359563
464,2026-07-30T12:02:49Z,1785412969504901157,479,6444,6808,5,105,81441,325056429,200,196,196,448255601,359574
465,2026-07-30T12:02:50Z,1785412970538658128,480,6444,6808,5,105,81616,325057220,200,196,196,448255601,359590
466,2026-07-30T12:02:51Z,1785412971568868885,481,6444,6808,5,105,81790,325057997,200,196,196,448255601,359605
467,2026-07-30T12:02:52Z,1785412972600548076,482,6444,6808,5,105,81964,325058775,200,196,196,448255601,359616
468,2026-07-30T12:02:53Z,1785412973633533474,483,6492,6808,5,107,82142,325059556,200,196,196,448255601,359625
469,2026-07-30T12:02:54Z,1785412974666269900,484,6824,6808,5,172,82327,325060332,200,196,196,448255601,359629
470,2026-07-30T12:02:55Z,1785412975699274806,485,6760,6808,5,172,82508,325061126,200,196,196,448255601,359635
471,2026-07-30T12:02:56Z,1785412976732637630,486,6760,6808,5,172,82693,325061913,200,196,196,448255601,359642
472,2026-07-30T12:02:57Z,1785412977765733735,487,6760,6808,5,172,82875,325062689,200,196,196,448255601,359655
473,2026-07-30T12:02:58Z,1785412978798490797,488,6760,6808,5,172,83057,325063474,200,196,196,448255601,359664
474,2026-07-30T12:02:59Z,1785412979831567629,489,6760,6824,5,172,83241,325064259,200,196,196,448255601,359671
475,2026-07-30T12:03:00Z,1785412980866090812,490,6760,6808,5,172,83425,325065044,200,196,196,448255601,359677
476,2026-07-30T12:03:01Z,1785412981899232297,491,6760,6808,5,172,83610,325065832,200,196,196,448255601,359683
477,2026-07-30T12:03:02Z,1785412982933363401,492,6760,6824,5,172,83794,325066618,200,196,196,448255601,359688
478,2026-07-30T12:03:03Z,1785412983965406507,493,6792,6808,5,172,83979,325067404,200,196,196,448255601,359694
479,2026-07-30T12:03:04Z,1785412984996277496,494,6760,6808,5,172,84162,325068188,200,196,196,448255601,359699
480,2026-07-30T12:03:06Z,1785412986028646270,496,6748,6808,5,169,84344,325068980,200,196,196,448255601,359705
481,2026-07-30T12:03:07Z,1785412987061965548,497,6748,6808,5,169,84525,325069764,200,196,196,448255601,359713
482,2026-07-30T12:03:08Z,1785412988093457321,498,6748,6808,5,169,84706,325070559,200,196,196,448255601,359721
483,2026-07-30T12:03:09Z,1785412989125793018,499,6748,6812,5,169,84888,325071343,200,196,196,448255601,359731
484,2026-07-30T12:03:10Z,1785412990159170973,500,6748,6808,5,169,85073,325072127,200,196,196,448255601,359740
485,2026-07-30T12:03:11Z,1785412991191186447,501,6748,6808,5,169,85253,325072915,200,196,196,448255601,359751
486,2026-07-30T12:03:12Z,1785412992223866043,502,6748,6808,5,169,85436,325073703,200,196,196,448255601,359762
487,2026-07-30T12:03:13Z,1785412993256571146,503,6748,6808,5,169,85616,325074491,200,196,196,448255601,359769
488,2026-07-30T12:03:14Z,1785412994290312215,504,6748,6808,5,169,85798,325075272,200,196,196,448255601,359780
489,2026-07-30T12:03:15Z,1785412995322427000,505,6748,6808,5,169,85980,325076058,000,196,196,448255601,359791
490,2026-07-30T12:03:16Z,1785412996354880986,506,6748,6808,5,169,86163,325076841,200,196,196,448255601,359795
491,2026-07-30T12:03:17Z,1785412997385951998,507,6748,6808,5,169,86346,325077627,200,196,196,448255601,359807
492,2026-07-30T12:03:18Z,1785412998416905693,508,6768,6808,5,170,86530,325078414,200,196,196,448255601,359811
493,2026-07-30T12:03:19Z,1785412999450394795,509,6752,6808,5,170,86710,325079198,200,196,196,448255601,359817
494,2026-07-30T12:03:20Z,1785413000481564279,510,6752,6808,5,170,86888,325079981,200,196,196,448255601,359830
495,2026-07-30T12:03:21Z,1785413001512545966,511,6752,6808,5,170,87067,325080768,200,196,196,448255601,359838
496,2026-07-30T12:03:22Z,1785413002546903845,512,6752,6808,5,170,87245,325081565,200,196,196,448255601,359842
497,2026-07-30T12:03:23Z,1785413003580235214,513,6752,6808,5,170,87423,325082354,000,196,196,448255601,359857
498,2026-07-30T12:03:24Z,1785413004614153992,514,6752,6808,5,170,87602,325083135,200,196,196,448255601,359865
499,2026-07-30T12:03:25Z,1785413005646320804,515,6752,6808,5,170,87782,325083912,200,196,196,448255601,359878
500,2026-07-30T12:03:26Z,1785413006677416939,516,6752,6808,5,170,87961,325084694,200,196,196,448255601,359889
501,2026-07-30T12:03:27Z,1785413007711041938,517,6776,6808,5,174,88142,325085487,200,196,196,448255601,359899
502,2026-07-30T12:03:28Z,1785413008744311013,518,6840,6808,5,174,88323,325086267,200,196,196,448255601,359906
503,2026-07-30T12:03:29Z,1785413009777846367,519,6776,6808,5,174,88506,325087057,200,196,196,448255601,359917
504,2026-07-30T12:03:30Z,1785413010811283819,520,6776,6808,5,174,88691,325087849,200,196,196,448255601,359923
505,2026-07-30T12:03:31Z,1785413011847735369,521,6776,6808,5,174,88874,325088636,200,196,196,448255601,359929
506,2026-07-30T12:03:32Z,1785413012879955536,522,6776,6808,5,174,89056,325089420,200,196,196,448255601,359938
507,2026-07-30T12:03:33Z,1785413013911912486,523,6776,6808,5,174,89236,325090205,200,196,196,448255601,359949
508,2026-07-30T12:03:34Z,1785413014942874021,524,6776,6812,5,174,89417,325090991,200,196,196,448255601,359958
509,2026-07-30T12:03:35Z,1785413015976230189,525,6776,6808,5,174,89597,325091779,200,196,196,448255601,359966
510,2026-07-30T12:03:37Z,1785413017008969925,527,6776,6808,5,174,89781,325092563,200,196,196,448255601,359976
511,2026-07-30T12:03:38Z,1785413018039242449,528,6776,6808,5,174,89962,325093346,200,196,196,448255601,359984
512,2026-07-30T12:03:39Z,1785413019072810138,529,6776,6808,5,174,90142,325094126,200,196,196,448255601,359991
513,2026-07-30T12:03:40Z,1785413020106378228,530,6776,6812,5,174,90323,325094907,200,196,196,448255601,359996
514,2026-07-30T12:03:41Z,1785413021137469356,531,6780,6808,5,175,90504,325095693,200,196,196,448255601,360008
515,2026-07-30T12:03:42Z,1785413022169267800,532,6780,6808,5,175,90682,325096477,200,196,196,448255601,360016
516,2026-07-30T12:03:43Z,1785413023202007921,533,6780,6808,5,175,90858,325097265,200,196,196,448255601,360024
517,2026-07-30T12:03:44Z,1785413024232955629,534,6780,6808,5,175,91035,325098056,200,196,196,448255601,360040
518,2026-07-30T12:03:45Z,1785413025265730528,535,6780,6808,5,175,91209,325098846,200,196,196,448255601,360051
519,2026-07-30T12:03:46Z,1785413026296818058,536,6780,6808,5,175,91387,325099630,200,196,196,448255601,360064
520,2026-07-30T12:03:47Z,1785413027329020529,537,6844,6840,5,175,91566,325100423,200,196,196,448255601,360076
521,2026-07-30T12:03:48Z,1785413028360443645,538,6772,6808,5,173,91741,325101207,200,196,196,448255601,360089
522,2026-07-30T12:03:49Z,1785413029393247064,539,6772,6808,5,173,91917,325101989,200,196,196,448255601,360095
523,2026-07-30T12:03:50Z,1785413030424435103,540,6772,6808,5,173,92093,325102778,200,196,196,448255601,360101
524,2026-07-30T12:03:51Z,1785413031457179101,541,6772,6808,5,173,92269,325103568,200,196,196,448255601,360114
525,2026-07-30T12:03:52Z,1785413032487432183,542,6772,6808,5,173,92446,325104352,200,196,196,448255601,360123
526,2026-07-30T12:03:53Z,1785413033520162436,543,6772,6808,5,173,92622,325105138,200,196,196,448255601,360133
527,2026-07-30T12:03:54Z,1785413034553772653,544,6772,6808,5,173,92799,325105929,200,196,196,448255601,360142
528,2026-07-30T12:03:55Z,1785413035584404776,545,6772,6808,5,173,92975,325106720,200,196,196,448255601,360159
529,2026-07-30T12:03:56Z,1785413036617507637,546,6836,6808,5,173,93150,325107514,200,196,196,448255601,360171
530,2026-07-30T12:03:57Z,1785413037647422279,547,6772,6808,5,173,93319,325108308,200,196,196,448255601,360183
531,2026-07-30T12:03:58Z,1785413038679542594,548,6772,6808,5,173,93496,325109105,200,196,196,448255601,360196
532,2026-07-30T12:03:59Z,1785413039709883983,549,6772,6808,5,173,93668,325109892,200,196,196,448255601,360204
533,2026-07-30T12:04:00Z,1785413040742291889,550,6772,6808,5,173,93844,325110682,200,196,196,448255601,360214
534,2026-07-30T12:04:01Z,1785413041774361348,551,6772,6808,5,173,94021,325111473,200,196,196,448255601,360223
535,2026-07-30T12:04:02Z,1785413042805213815,552,6836,6808,5,173,94197,325112256,200,196,196,448255601,360236
536,2026-07-30T12:04:03Z,1785413043836753317,553,6772,6808,5,173,94374,325113051,200,196,196,448255601,360248
537,2026-07-30T12:04:04Z,1785413044867826229,554,6772,6808,5,173,94549,325113840,200,196,196,448255601,360259
538,2026-07-30T12:04:05Z,1785413045900010327,555,6772,6808,5,173,94721,325114639,200,196,196,448255601,360278
539,2026-07-30T12:04:06Z,1785413046933250838,556,6772,6808,5,173,94898,325115431,200,196,196,448255601,360292
540,2026-07-30T12:04:07Z,1785413047963669056,557,6772,6808,5,173,95073,325116221,200,196,196,448255601,360300
541,2026-07-30T12:04:08Z,1785413048995918498,558,6772,6808,5,173,95248,325117007,200,196,196,448255601,360304
542,2026-07-30T12:04:10Z,1785413050026916775,560,6772,6808,5,173,95421,325117795,200,196,196,448255601,360313
543,2026-07-30T12:04:11Z,1785413051058315460,561,6804,6808,5,171,95596,325118587,200,196,196,448255601,360324
544,2026-07-30T12:04:12Z,1785413052092150432,562,6764,6808,5,171,95771,325119378,200,196,196,448255601,360335
545,2026-07-30T12:04:13Z,1785413053123572051,563,6800,6808,5,171,95950,325120162,200,196,196,448255601,360342
546,2026-07-30T12:04:14Z,1785413054156784831,564,6764,6808,5,171,96125,325120955,200,196,196,448255601,360356
547,2026-07-30T12:04:15Z,1785413055189130202,565,6764,6808,5,171,96301,325121736,200,196,196,448255601,360369
548,2026-07-30T12:04:16Z,1785413056220966044,566,6764,6808,5,171,96479,325122522,200,196,196,448255601,360378
549,2026-07-30T12:04:17Z,1785413057253362914,567,6764,6808,5,171,96655,325123311,200,196,196,448255601,360388
550,2026-07-30T12:04:18Z,1785413058285816515,568,6788,6808,5,172,96832,325124101,200,196,196,448255601,360404
551,2026-07-30T12:04:19Z,1785413059318740225,569,6788,6808,5,172,97009,325124899,200,196,196,448255601,360413
552,2026-07-30T12:04:20Z,1785413060351313369,570,6788,6808,5,172,97185,325125688,200,196,196,448255601,360417
553,2026-07-30T12:04:21Z,1785413061382857336,571,6788,6808,5,172,97361,325126478,200,196,196,448255601,360420
554,2026-07-30T12:04:22Z,1785413062414555670,572,6788,6808,5,172,97538,325127263,200,196,196,448255601,360423
555,2026-07-30T12:04:23Z,1785413063446521242,573,6788,6808,5,172,97722,325128045,200,196,196,448255601,360423
556,2026-07-30T12:04:24Z,1785413064480461861,574,6788,6808,5,172,97906,325128836,200,196,196,448255601,360423
557,2026-07-30T12:04:25Z,1785413065512120903,575,6788,6808,5,172,98078,325129618,200,196,196,448255601,360431
558,2026-07-30T12:04:26Z,1785413066545986095,576,6788,6808,5,172,98256,325130408,200,196,196,448255601,360434
559,2026-07-30T12:04:27Z,1785413067578608767,577,6788,6808,5,172,98430,325131193,000,196,196,448255601,360439
560,2026-07-30T12:04:28Z,1785413068610467176,578,6852,6808,5,172,98607,325131987,200,196,196,448255601,360440
561,2026-07-30T12:04:29Z,1785413069642995502,579,6788,6808,5,172,98783,325132765,200,196,196,448255601,360449
562,2026-07-30T12:04:30Z,1785413070676306017,580,6852,6856,5,172,98959,325133544,200,196,196,448255601,360455
563,2026-07-30T12:04:31Z,1785413071708774046,581,6788,6808,5,172,99138,325134328,200,196,196,448255601,360464
564,2026-07-30T12:04:32Z,1785413072742212241,582,6788,6808,5,172,99315,325135108,200,196,196,448255601,360471
565,2026-07-30T12:04:33Z,1785413073772654062,583,6712,6808,5,153,99493,325135892,200,196,196,448255601,360475
566,2026-07-30T12:04:34Z,1785413074803902457,584,6712,6808,5,153,99669,325136679,200,196,196,448255601,360480
567,2026-07-30T12:04:35Z,1785413075836507535,585,6712,6808,5,153,99848,325137466,200,196,196,448255601,360490
568,2026-07-30T12:04:36Z,1785413076869281760,586,6712,6808,5,153,100028,325138251,200,196,196,448255601,360493
569,2026-07-30T12:04:37Z,1785413077900108613,587,6712,6808,5,153,100207,325139036,200,196,196,448255601,360496
570,2026-07-30T12:04:38Z,1785413078931694546,588,6764,6808,5,153,100386,325139818,200,196,196,448255601,360500
571,2026-07-30T12:04:39Z,1785413079963048358,589,6712,6808,5,153,100567,325140607,200,196,196,448255601,360501
572,2026-07-30T12:04:40Z,1785413080993038747,590,6712,6808,5,153,100745,325141391,200,196,196,448255601,360501
573,2026-07-30T12:04:42Z,1785413082025186497,592,6776,6808,5,153,100921,325142175,200,196,196,448255601,360504
574,2026-07-30T12:04:43Z,1785413083056325198,593,6712,6808,5,153,101096,325142962,200,196,196,448255601,360504
575,2026-07-30T12:04:44Z,1785413084086451513,594,6712,6808,5,153,101273,325143753,200,196,196,448255601,360504
576,2026-07-30T12:04:45Z,1785413085117208715,595,6712,6808,5,153,101450,325144544,200,196,196,448255601,360507
577,2026-07-30T12:04:46Z,1785413086150129246,596,6748,6808,5,153,101627,325145337,200,196,196,448255601,360510
578,2026-07-30T12:04:47Z,1785413087181171094,597,6712,6808,5,153,101805,325146118,200,196,196,448255601,360512
579,2026-07-30T12:04:48Z,1785413088212542433,598,6688,6808,5,152,101981,325146907,200,196,196,448255601,360514
580,2026-07-30T12:04:49Z,1785413089242904493,599,6688,6808,5,152,102156,325147692,200,196,196,448255601,360517
581,2026-07-30T12:04:50Z,1785413090274748882,600,6816,6808,5,172,102337,325148478,200,196,196,448255601,360529
582,2026-07-30T12:04:51Z,1785413091306455780,601,6768,6808,5,172,102515,325149272,200,196,196,448255601,360544
583,2026-07-30T12:04:52Z,1785413092338684741,602,6776,6808,5,172,102691,325150062,200,196,196,448255601,360554
584,2026-07-30T12:04:53Z,1785413093371264269,603,6776,6808,5,172,102876,325150847,200,196,196,448255601,360560
585,2026-07-30T12:04:54Z,1785413094405493397,604,6776,6808,5,172,103063,325151638,200,196,196,448255601,360560
586,2026-07-30T12:04:55Z,1785413095437745490,605,6776,6808,5,172,103250,325152424,200,196,196,448255601,360562
587,2026-07-30T12:04:56Z,1785413096471144132,606,6776,6808,5,172,103430,325153210,200,196,196,448255601,360568
588,2026-07-30T12:04:57Z,1785413097502915092,607,6732,6808,5,166,103610,325153996,200,196,196,448255601,360574
589,2026-07-30T12:04:58Z,1785413098535173397,608,6732,6808,5,166,103792,325154784,200,196,196,448255601,360575
590,2026-07-30T12:04:59Z,1785413099566498187,609,6736,6808,5,166,103974,325155569,200,196,196,448255601,360579
591,2026-07-30T12:05:00Z,1785413100598578581,610,6736,6808,5,166,104158,325156356,200,196,196,448255601,360581
592,2026-07-30T12:05:01Z,1785413101632361059,611,6732,6808,5,166,104343,325157136,200,196,196,448255601,360584
593,2026-07-30T12:05:02Z,1785413102665205763,612,6760,6808,5,166,104525,325157924,200,196,196,448255601,360587
594,2026-07-30T12:05:03Z,1785413103697108985,613,6736,6808,5,167,104704,325158704,200,196,196,448255601,360594
595,2026-07-30T12:05:04Z,1785413104729479230,614,6736,6808,5,167,104882,325159496,200,196,196,448255601,360600
596,2026-07-30T12:05:05Z,1785413105764333445,615,6736,6808,5,167,105062,325160284,200,196,196,448255601,360606
597,2026-07-30T12:05:06Z,1785413106795497933,616,6736,6808,5,167,105242,325161073,200,196,196,448255601,360613
598,2026-07-30T12:05:07Z,1785413107827556976,617,6736,6808,5,167,105421,325161863,200,196,196,448255601,360621
599,2026-07-30T12:05:08Z,1785413108860291646,618,6736,6808,5,167,105598,325162656,200,196,196,448255601,360630
600,2026-07-30T12:05:09Z,1785413109890380928,619,6736,6808,5,167,105776,325163440,200,196,196,448255601,360636
601,2026-07-30T12:05:10Z,1785413110923275012,620,6736,6808,5,167,105954,325164234,200,196,196,448255601,360642
602,2026-07-30T12:05:11Z,1785413111956809483,621,6736,6808,5,167,106135,325165020,200,196,196,448255601,360650
603,2026-07-30T12:05:12Z,1785413112988453651,622,6744,6808,5,169,106318,325165812,200,196,196,448255601,360656
604,2026-07-30T12:05:14Z,1785413114021357285,624,6744,6808,5,169,106501,325166594,200,196,196,448255601,360660
605,2026-07-30T12:05:15Z,1785413115054107410,625,6744,6808,5,169,106682,325167387,000,196,196,448255602,360663
606,2026-07-30T12:05:16Z,1785413116087565712,626,6744,6808,5,169,106867,325168175,200,196,196,448255602,360666
607,2026-07-30T12:05:17Z,1785413117121954766,627,6744,6844,5,169,107054,325168962,200,196,196,448255602,360668
608,2026-07-30T12:05:18Z,1785413118155000864,628,6744,6808,5,169,107236,325169744,200,196,196,448255602,360677
609,2026-07-30T12:05:19Z,1785413119187860917,629,6744,6808,5,169,107420,325170530,200,196,196,448255602,360681
610,2026-07-30T12:05:20Z,1785413120219762664,630,6744,6808,5,169,107601,325171319,200,196,196,448255602,360686
611,2026-07-30T12:05:21Z,1785413121252163126,631,6744,6808,5,169,107787,325172094,200,196,196,448255602,360689
612,2026-07-30T12:05:22Z,1785413122285224934,632,6800,6808,5,169,107967,325172881,200,196,196,448255602,360694
613,2026-07-30T12:05:23Z,1785413123316912135,633,6800,6808,5,169,108148,325173664,200,196,196,448255602,360699
614,2026-07-30T12:05:24Z,1785413124348944446,634,6744,6808,5,169,108329,325174457,200,196,196,448255602,360705
615,2026-07-30T12:05:25Z,1785413125380082371,635,6744,6808,5,169,108510,325175239,200,196,196,448255602,360714
616,2026-07-30T12:05:26Z,1785413126412990239,636,6748,6816,5,170,108688,325176027,200,196,196,448255602,360721
617,2026-07-30T12:05:27Z,1785413127444278749,637,6748,6808,5,170,108866,325176813,200,196,196,448255602,360728
618,2026-07-30T12:05:28Z,1785413128477056895,638,6748,6808,5,170,109044,325177603,200,196,196,448255602,360738
619,2026-07-30T12:05:29Z,1785413129510378133,639,6748,6808,5,170,109223,325178393,200,196,196,448255602,360746
620,2026-07-30T12:05:30Z,1785413130544022813,640,6748,6808,5,170,109400,325179177,200,196,196,448255602,360758
621,2026-07-30T12:05:31Z,1785413131580214059,641,6748,6808,5,170,109581,325179971,200,196,196,448255602,360772
622,2026-07-30T12:05:32Z,1785413132613717456,642,6748,6808,5,170,109760,325180759,200,196,196,448255602,360787
623,2026-07-30T12:05:33Z,1785413133644783314,643,6812,6808,5,170,109939,325181551,200,196,196,448255602,360796
624,2026-07-30T12:05:34Z,1785413134675493854,644,6816,6808,5,170,110115,325182340,200,196,196,448255602,360802
625,2026-07-30T12:05:35Z,1785413135709253672,645,6828,6808,5,173,110295,325183127,200,196,196,448255602,360814
626,2026-07-30T12:05:36Z,1785413136744312622,646,6760,6808,5,173,110475,325183912,200,196,196,448255602,360822
627,2026-07-30T12:05:37Z,1785413137778929814,647,6760,6808,5,173,110656,325184699,200,196,196,448255602,360833
628,2026-07-30T12:05:38Z,1785413138811647291,648,6788,6808,5,173,110836,325185493,200,196,196,448255602,360838
629,2026-07-30T12:05:39Z,1785413139844087724,649,6760,6828,5,173,111016,325186281,200,196,196,448255602,360848
630,2026-07-30T12:05:40Z,1785413140876571185,650,6760,6808,5,173,111197,325187064,200,196,196,448255602,360853
631,2026-07-30T12:05:41Z,1785413141912871960,651,6760,6808,5,173,111379,325187849,200,196,196,448255602,360861
632,2026-07-30T12:05:42Z,1785413142943615373,652,6564,6808,5,124,111560,325188638,200,196,196,448255602,360867
633,2026-07-30T12:05:43Z,1785413143981044229,653,6564,6808,5,124,111741,325189429,200,196,196,448255602,360880
634,2026-07-30T12:05:45Z,1785413145013020365,655,6576,6808,5,124,111920,325190218,200,196,196,448255602,360887
635,2026-07-30T12:05:46Z,1785413146045640570,656,6576,6808,5,124,112098,325191006,200,196,196,448255602,360895
636,2026-07-30T12:05:47Z,1785413147079464586,657,6576,6808,5,124,112278,325191799,200,196,196,448255602,360902
637,2026-07-30T12:05:48Z,1785413148112903564,658,6576,6808,5,124,112458,325192589,200,196,196,448255602,360908
638,2026-07-30T12:05:49Z,1785413149145234469,659,6576,6808,5,124,112632,325193383,200,196,196,448255602,360915
639,2026-07-30T12:05:50Z,1785413150175967987,660,6576,6808,5,124,112804,325194176,000,196,196,448255602,360921
640,2026-07-30T12:05:51Z,1785413151207613796,661,6576,6808,5,124,112976,325194971,200,196,196,448255602,360927
641,2026-07-30T12:05:52Z,1785413152239874867,662,6576,6808,5,124,113149,325195752,200,196,196,448255602,360940
642,2026-07-30T12:05:53Z,1785413153272012599,663,6588,6808,5,124,113323,325196531,200,196,196,448255602,360949
643,2026-07-30T12:05:54Z,1785413154304228222,664,6576,6808,5,124,113500,325197309,200,196,196,448255602,360964
644,2026-07-30T12:05:55Z,1785413155335956505,665,6576,6808,5,124,113674,325198101,200,196,196,448255602,360975
645,2026-07-30T12:05:56Z,1785413156367305479,666,6576,6808,5,124,113849,325198890,200,196,196,448255602,360987
646,2026-07-30T12:05:57Z,1785413157399715045,667,6576,6808,5,124,114021,325199682,200,196,196,448255602,360998
647,2026-07-30T12:05:58Z,1785413158432885452,668,6576,6808,5,124,114196,325200476,200,196,196,448255602,361008
648,2026-07-30T12:05:59Z,1785413159466784389,669,6748,6808,5,167,114379,325201250,200,196,196,448255602,361020
649,2026-07-30T12:06:00Z,1785413160499927294,670,6748,6808,5,167,114557,325202035,200,196,196,448255602,361027
650,2026-07-30T12:06:01Z,1785413161532950367,671,6748,6808,5,167,114738,325202826,200,196,196,448255602,361035
651,2026-07-30T12:06:02Z,1785413162567425935,672,6748,6808,5,167,114917,325203607,200,196,196,448255602,361041
652,2026-07-30T12:06:03Z,1785413163599851427,673,6752,6808,5,167,115094,325204395,200,196,196,448255602,361047
653,2026-07-30T12:06:04Z,1785413164630407552,674,6748,6808,5,167,115271,325205179,200,196,196,448255602,361055
654,2026-07-30T12:06:05Z,1785413165662356464,675,6708,6808,5,162,115449,325205964,200,196,196,448255602,361064
655,2026-07-30T12:06:06Z,1785413166695297374,676,6708,6808,5,162,115625,325206750,200,196,196,448255602,361072
656,2026-07-30T12:06:07Z,1785413167727450787,677,6708,6808,5,162,115800,325207543,200,196,196,448255602,361087
657,2026-07-30T12:06:08Z,1785413168756684091,678,6708,6808,5,162,115974,325208332,200,196,196,448255602,361102
658,2026-07-30T12:06:09Z,1785413169789217735,679,6708,6808,5,162,116150,325209118,200,196,196,448255602,361112
659,2026-07-30T12:06:10Z,1785413170821485518,680,6708,6808,5,162,116331,325209904,200,196,196,448255602,361125
660,2026-07-30T12:06:11Z,1785413171853977592,681,6776,6808,5,163,116514,325210688,200,196,196,448255602,361127
661,2026-07-30T12:06:12Z,1785413172886790997,682,6732,6808,5,163,116699,325211466,200,196,196,448255602,361129
662,2026-07-30T12:06:13Z,1785413173920600307,683,6732,6808,5,163,116883,325212252,200,196,196,448255602,361129
663,2026-07-30T12:06:14Z,1785413174952541996,684,6732,6808,5,163,117071,325213041,200,196,196,448255602,361129
664,2026-07-30T12:06:15Z,1785413175985759161,685,6732,6808,5,163,117259,325213823,200,196,196,448255602,361129
665,2026-07-30T12:06:17Z,1785413177020843693,687,6732,6808,5,163,117447,325214607,200,196,196,448255602,361129
666,2026-07-30T12:06:18Z,1785413178053200096,688,6732,6808,5,163,117633,325215389,200,196,196,448255602,361129
667,2026-07-30T12:06:19Z,1785413179086450592,689,6732,6808,5,163,117816,325216174,200,196,196,448255602,361131
668,2026-07-30T12:06:20Z,1785413180117382253,690,6792,6808,5,163,117994,325216961,200,196,196,448255602,361135
669,2026-07-30T12:06:21Z,1785413181150626955,691,6732,6808,5,163,118172,325217746,200,196,196,448255602,361139
670,2026-07-30T12:06:22Z,1785413182182852381,692,6780,6808,5,170,118355,325218541,200,196,196,448255602,361143
671,2026-07-30T12:06:23Z,1785413183214737533,693,6780,6808,5,170,118536,325219331,200,196,196,448255602,361144
672,2026-07-30T12:06:24Z,1785413184245232592,694,6780,6808,5,170,118719,325220116,200,196,196,448255602,361145
673,2026-07-30T12:06:25Z,1785413185277481230,695,6780,6844,5,170,118900,325220899,200,196,196,448255602,361146
674,2026-07-30T12:06:26Z,1785413186309515457,696,6780,6808,5,170,119082,325221686,200,196,196,448255602,361147
675,2026-07-30T12:06:27Z,1785413187341358986,697,6780,6808,5,170,119263,325222476,200,196,196,448255602,361148
676,2026-07-30T12:06:28Z,1785413188372451673,698,6808,6808,5,170,119442,325223262,200,196,196,448255602,361151
677,2026-07-30T12:06:29Z,1785413189403982211,699,6780,6808,5,170,119623,325224053,200,196,196,448255602,361152
678,2026-07-30T12:06:30Z,1785413190436099930,700,6780,6808,5,170,119804,325224835,200,196,196,448255602,361156
679,2026-07-30T12:06:31Z,1785413191469525010,701,6780,6808,5,170,119985,325225633,200,196,196,448255602,361158
680,2026-07-30T12:06:32Z,1785413192501318562,702,6780,6808,5,170,120166,325226418,200,196,196,448255602,361162
681,2026-07-30T12:06:33Z,1785413193533524196,703,6780,6808,5,170,120345,325227208,200,196,196,448255602,361163
682,2026-07-30T12:06:34Z,1785413194564971037,704,6780,6840,5,170,120526,325228000,200,196,196,448255602,361163
683,2026-07-30T12:06:35Z,1785413195597227789,705,6780,6808,5,170,120706,325228794,200,196,196,448255602,361163
684,2026-07-30T12:06:36Z,1785413196629156620,706,6844,6808,5,170,120891,325229581,200,196,196,448255602,361163
685,2026-07-30T12:06:37Z,1785413197661206998,707,6780,6808,5,170,121075,325230370,200,196,196,448255602,361163
686,2026-07-30T12:06:38Z,1785413198695008154,708,6824,6808,5,170,121261,325231156,200,196,196,448255602,361163
687,2026-07-30T12:06:39Z,1785413199725611567,709,6780,6808,5,170,121445,325231939,200,196,196,448255602,361163
688,2026-07-30T12:06:40Z,1785413200758909697,710,6780,6808,5,170,121630,325232723,200,196,196,448255602,361164
689,2026-07-30T12:06:41Z,1785413201789447343,711,6780,6824,5,170,121809,325233508,200,196,196,448255602,361169
690,2026-07-30T12:06:42Z,1785413202820409361,712,6780,6808,5,170,121987,325234300,200,196,196,448255602,361172
691,2026-07-30T12:06:43Z,1785413203851164817,713,6780,6808,5,170,122166,325235088,200,196,196,448255602,361174
692,2026-07-30T12:06:44Z,1785413204882785752,714,6792,6820,5,173,122349,325235874,200,196,196,448255602,361177
693,2026-07-30T12:06:45Z,1785413205915402775,715,6792,6808,5,173,122531,325236663,200,196,196,448255602,361177
694,2026-07-30T12:06:46Z,1785413206948258598,716,6792,6808,5,173,122716,325237454,200,196,196,448255602,361177
695,2026-07-30T12:06:47Z,1785413207979915520,717,6792,6808,5,173,122901,325238241,200,196,196,448255602,361177
696,2026-07-30T12:06:49Z,1785413209012117178,719,6792,6856,5,173,123084,325239026,200,196,196,448255602,361177
697,2026-07-30T12:06:50Z,1785413210043190100,720,6792,6808,5,173,123267,325239814,200,196,196,448255602,361177
698,2026-07-30T12:06:51Z,1785413211073511626,721,6792,6808,5,173,123447,325240601,200,196,196,448255602,361177
699,2026-07-30T12:06:52Z,1785413212105004556,722,6768,6808,5,172,123630,325241394,200,196,196,448255602,361177
700,2026-07-30T12:06:53Z,1785413213137750846,723,6768,6808,5,172,123811,325242187,200,196,196,448255602,361185
701,2026-07-30T12:06:54Z,1785413214171562036,724,6780,6808,5,172,123989,325242975,200,196,196,448255602,361192
702,2026-07-30T12:06:55Z,1785413215204138802,725,6780,6808,5,172,124167,325243771,200,196,196,448255602,361197
703,2026-07-30T12:06:56Z,1785413216237198198,726,6780,6808,5,172,124343,325244560,200,196,196,448255602,361204
704,2026-07-30T12:06:57Z,1785413217269683331,727,6780,6808,5,172,124518,325245352,200,196,196,448255602,361210
705,2026-07-30T12:06:58Z,1785413218301424251,728,6780,6808,5,172,124693,325246142,200,196,196,448255602,361219
706,2026-07-30T12:06:59Z,1785413219333529046,729,6780,6808,5,172,124870,325246935,200,196,196,448255602,361232
707,2026-07-30T12:07:00Z,1785413220365438569,730,6780,6808,5,172,125044,325247725,200,196,196,448255602,361245
708,2026-07-30T12:07:01Z,1785413221398618594,731,6780,6808,5,172,125220,325248511,200,196,196,448255602,361252
709,2026-07-30T12:07:02Z,1785413222429964427,732,6780,6840,5,172,125397,325249302,200,196,196,448255602,361261
710,2026-07-30T12:07:03Z,1785413223459514392,733,6780,6808,5,172,125571,325250089,200,196,196,448255602,361270
711,2026-07-30T12:07:04Z,1785413224492340773,734,6780,6808,5,172,125744,325250879,200,196,196,448255602,361279
712,2026-07-30T12:07:05Z,1785413225524174505,735,6780,6808,5,172,125918,325251670,200,196,196,448255602,361288
713,2026-07-30T12:07:06Z,1785413226556362199,736,6780,6820,5,172,126089,325252453,200,196,196,448255602,361302
714,2026-07-30T12:07:07Z,1785413227588950308,737,6800,6808,5,175,126263,325253235,200,196,196,448255602,361312
715,2026-07-30T12:07:08Z,1785413228621480917,738,6800,6864,5,175,126446,325254023,200,196,196,448255602,361320
716,2026-07-30T12:07:09Z,1785413229653485874,739,6856,6808,5,175,126631,325254794,000,196,196,448255602,361330
717,2026-07-30T12:07:10Z,1785413230684764450,740,6800,6808,5,175,126810,325255586,200,196,196,448255602,361337
718,2026-07-30T12:07:11Z,1785413231715421510,741,6800,6808,5,175,126989,325256376,200,196,196,448255602,361348
719,2026-07-30T12:07:12Z,1785413232748196476,742,6800,6808,5,175,127167,325257156,200,196,196,448255602,361356
720,2026-07-30T12:07:13Z,1785413233779377536,743,6800,6808,5,175,127344,325257951,200,196,196,448255602,361367
721,2026-07-30T12:07:14Z,1785413234810771883,744,6812,6808,5,175,127524,325258740,200,196,196,448255602,361374
722,2026-07-30T12:07:15Z,1785413235844539875,745,6800,6864,5,175,127703,325259524,200,196,196,448255602,361381
723,2026-07-30T12:07:16Z,1785413236877362102,746,6864,6808,5,175,127882,325260315,200,196,196,448255602,361390
724,2026-07-30T12:07:17Z,1785413237909119637,747,6800,6808,5,175,128059,325261102,200,196,196,448255602,361402
725,2026-07-30T12:07:18Z,1785413238940693442,748,6800,6856,5,175,128239,325261892,200,196,196,448255602,361409
726,2026-07-30T12:07:19Z,1785413239972416593,749,6828,6844,5,175,128427,325262670,200,196,196,448255602,361409
727,2026-07-30T12:07:21Z,1785413241003977949,751,6800,6808,5,175,128614,325263448,200,196,196,448255602,361409
728,2026-07-30T12:07:22Z,1785413242035486825,752,6800,6808,5,175,128794,325264235,200,196,196,448255602,361410
729,2026-07-30T12:07:23Z,1785413243067968493,753,6800,6808,5,175,128979,325265015,200,196,196,448255602,361411
730,2026-07-30T12:07:24Z,1785413244099882396,754,6800,6808,5,175,129166,325265796,200,196,196,448255602,361411
731,2026-07-30T12:07:25Z,1785413245132208277,755,6800,6808,5,175,129352,325266576,200,196,196,448255602,361413
732,2026-07-30T12:07:26Z,1785413246166327228,756,6800,6808,5,175,129537,325267363,200,196,196,448255602,361416
733,2026-07-30T12:07:27Z,1785413247198824555,757,6800,6808,5,175,129719,325268145,200,196,196,448255602,361417
734,2026-07-30T12:07:28Z,1785413248230334604,758,6844,6824,5,175,129904,325268927,200,196,196,448255602,361417
735,2026-07-30T12:07:29Z,1785413249262951087,759,6800,6808,5,175,130092,325269708,200,196,196,448255602,361417
736,2026-07-30T12:07:30Z,1785413250294532326,760,6800,6808,5,175,130273,325270490,200,196,196,448255602,361420
737,2026-07-30T12:07:31Z,1785413251327024332,761,6808,6808,5,175,130455,325271272,200,196,196,448255602,361425
738,2026-07-30T12:07:32Z,1785413252358784065,762,6808,6808,5,175,130634,325272067,200,196,196,448255602,361433
739,2026-07-30T12:07:33Z,1785413253389434162,763,6808,6808,5,175,130813,325272852,200,196,196,448255602,361446
740,2026-07-30T12:07:34Z,1785413254423584370,764,6828,6808,5,175,130990,325273639,200,196,196,448255602,361458
741,2026-07-30T12:07:35Z,1785413255455174606,765,6808,6808,5,175,131167,325274431,200,196,196,448255602,361474
742,2026-07-30T12:07:36Z,1785413256486538771,766,6812,6808,5,175,131345,325275220,200,196,196,448255602,361486
743,2026-07-30T12:07:37Z,1785413257517682534,767,6792,6808,5,171,131522,325276011,200,196,196,448255602,361498
744,2026-07-30T12:07:38Z,1785413258549720986,768,6792,6808,5,171,131701,325276798,200,196,196,448255602,361505
745,2026-07-30T12:07:39Z,1785413259583154697,769,6792,6808,5,171,131878,325277583,200,196,196,448255602,361516
746,2026-07-30T12:07:40Z,1785413260615266112,770,6792,6808,5,171,132054,325278369,200,196,196,448255602,361524
747,2026-07-30T12:07:41Z,1785413261647650959,771,6856,6816,5,171,132234,325279160,200,196,196,448255602,361538
748,2026-07-30T12:07:42Z,1785413262679538760,772,6792,6808,5,171,132412,325279943,200,196,196,448255602,361546
749,2026-07-30T12:07:43Z,1785413263711568860,773,6792,6808,5,171,132591,325280731,200,196,196,448255602,361560
750,2026-07-30T12:07:44Z,1785413264743842704,774,6804,6840,5,171,132769,325281517,200,196,196,448255602,361568
751,2026-07-30T12:07:45Z,1785413265776021059,775,6792,6808,5,171,132948,325282305,200,196,196,448255602,361573
752,2026-07-30T12:07:46Z,1785413266810338227,776,6888,6808,5,171,133128,325283098,200,196,196,448255602,361584
753,2026-07-30T12:07:47Z,1785413267843715572,777,6792,6808,5,171,133303,325283885,200,196,196,448255602,361601
754,2026-07-30T12:07:48Z,1785413268876465264,778,6792,6808,5,171,133482,325284676,200,196,196,448255602,361606
755,2026-07-30T12:07:49Z,1785413269907886659,779,6800,6808,5,171,133659,325285462,200,196,196,448255602,361619
756,2026-07-30T12:07:50Z,1785413270939509564,780,6792,6808,5,171,133837,325286252,200,196,196,448255602,361631
757,2026-07-30T12:07:51Z,1785413271970582177,781,6792,6808,5,171,134015,325287035,200,196,196,448255602,361643
758,2026-07-30T12:07:53Z,1785413273002438411,783,6792,6824,5,171,134192,325287823,200,196,196,448255602,361652
759,2026-07-30T12:07:54Z,1785413274033559729,784,6796,6808,5,172,134371,325288617,200,196,196,448255602,361658
760,2026-07-30T12:07:55Z,1785413275065835948,785,6796,6808,5,172,134546,325289405,200,196,196,448255602,361664
761,2026-07-30T12:07:56Z,1785413276096170149,786,6796,6808,5,172,134721,325290196,200,196,196,448255602,361673
762,2026-07-30T12:07:57Z,1785413277127557028,787,6796,6808,5,172,134896,325290984,200,196,196,448255602,361679
763,2026-07-30T12:07:58Z,1785413278160689034,788,6796,6808,5,172,135077,325291773,200,196,196,448255602,361680
764,2026-07-30T12:07:59Z,1785413279193992571,789,6796,6808,5,172,135256,325292559,200,196,196,448255602,361687
765,2026-07-30T12:08:00Z,1785413280224758680,790,6796,6808,5,172,135432,325293356,200,196,196,448255602,361698
766,2026-07-30T12:08:01Z,1785413281257249219,791,6772,6808,5,169,135609,325294155,200,196,196,448255602,361703
767,2026-07-30T12:08:02Z,1785413282289388425,792,6772,6808,5,169,135786,325294946,200,196,196,448255602,361712
768,2026-07-30T12:08:03Z,1785413283321209307,793,6772,6836,5,169,135965,325295743,200,196,196,448255602,361715
769,2026-07-30T12:08:04Z,1785413284352320300,794,6772,6808,5,169,136143,325296531,200,196,196,448255602,361718
770,2026-07-30T12:08:05Z,1785413285383285973,795,6772,6836,5,169,136321,325297318,200,196,196,448255602,361728
771,2026-07-30T12:08:06Z,1785413286414912983,796,6772,6808,5,169,136499,325298111,200,196,196,448255602,361735
772,2026-07-30T12:08:07Z,1785413287447453335,797,6772,6808,5,169,136677,325298899,200,196,196,448255602,361744
773,2026-07-30T12:08:08Z,1785413288479594220,798,6800,6808,5,169,136855,325299686,200,196,196,448255602,361750
774,2026-07-30T12:08:09Z,1785413289511039061,799,6836,6808,5,169,137029,325300474,200,196,196,448255602,361761
775,2026-07-30T12:08:10Z,1785413290542279946,800,6828,6808,5,169,137207,325301265,200,196,196,448255602,361768
776,2026-07-30T12:08:11Z,1785413291574184661,801,6836,6808,5,169,137384,325302050,200,196,196,448255602,361771
777,2026-07-30T12:08:12Z,1785413292607353109,802,6772,6808,5,169,137563,325302841,200,196,196,448255602,361778
778,2026-07-30T12:08:13Z,1785413293640263456,803,6772,6808,5,169,137748,325303619,200,196,196,448255602,361778
779,2026-07-30T12:08:14Z,1785413294671771821,804,6772,6808,5,169,137931,325304402,200,196,196,448255602,361778
780,2026-07-30T12:08:15Z,1785413295704696511,805,6772,6808,5,169,138112,325305189,200,196,196,448255602,361785
781,2026-07-30T12:08:16Z,1785413296737241571,806,6772,6808,5,169,138294,325305979,200,196,196,448255602,361790
782,2026-07-30T12:08:17Z,1785413297769489196,807,6772,6808,5,169,138471,325306764,200,196,196,448255602,361804
783,2026-07-30T12:08:18Z,1785413298799891042,808,6772,6808,5,169,138648,325307550,200,196,196,448255602,361816
784,2026-07-30T12:08:19Z,1785413299832123221,809,6772,6808,5,169,138825,325308338,200,196,196,448255602,361827
785,2026-07-30T12:08:20Z,1785413300865538685,810,6772,6808,5,169,138999,325309132,200,196,196,448255602,361837
786,2026-07-30T12:08:21Z,1785413301897867278,811,6784,6808,5,169,139176,325309921,200,196,196,448255602,361847
787,2026-07-30T12:08:22Z,1785413302930887259,812,6772,6808,5,169,139354,325310706,200,196,196,448255602,361862
788,2026-07-30T12:08:23Z,1785413303962459892,813,6540,6808,5,111,139531,325311500,200,196,196,448255602,361869
789,2026-07-30T12:08:24Z,1785413304994209998,814,6540,6808,5,111,139705,325312300,200,196,196,448255602,361880
790,2026-07-30T12:08:26Z,1785413306026099566,816,6540,6808,5,111,139881,325313090,200,196,196,448255602,361891
791,2026-07-30T12:08:27Z,1785413307056235428,817,6568,6808,5,113,140055,325313881,200,196,196,448255602,361906
792,2026-07-30T12:08:28Z,1785413308089514508,818,6600,6808,5,113,140233,325314664,200,196,196,448255602,361909
793,2026-07-30T12:08:29Z,1785413309120798375,819,6568,6808,5,113,140411,325315453,200,196,196,448255602,361926
794,2026-07-30T12:08:30Z,1785413310154962943,820,6596,6808,5,113,140587,325316243,200,196,196,448255602,361940
795,2026-07-30T12:08:31Z,1785413311188110834,821,6568,6808,5,113,140763,325317040,200,196,196,448255602,361948
796,2026-07-30T12:08:32Z,1785413312218794582,822,6568,6808,5,113,140940,325317829,200,196,196,448255602,361965
797,2026-07-30T12:08:33Z,1785413313251454752,823,6576,6808,5,113,141116,325318619,200,196,196,448255602,361969
798,2026-07-30T12:08:34Z,1785413314285734229,824,6568,6808,5,113,141292,325319405,200,196,196,448255602,361979
799,2026-07-30T12:08:35Z,1785413315317990998,825,6568,6808,5,113,141470,325320194,200,196,196,448255602,361989
800,2026-07-30T12:08:36Z,1785413316349766620,826,6568,6808,5,113,141645,325320979,200,196,196,448255602,362004
801,2026-07-30T12:08:37Z,1785413317380191341,827,6568,6808,5,113,141818,325321766,200,196,196,448255602,362023
802,2026-07-30T12:08:38Z,1785413318411716424,828,6568,6808,5,113,141989,325322541,200,196,196,448255602,362037
803,2026-07-30T12:08:39Z,1785413319442725629,829,6568,6808,5,113,142163,325323327,200,196,196,448255602,362048
804,2026-07-30T12:08:40Z,1785413320473418341,830,6772,6808,5,164,142347,325324109,200,196,196,448255602,362053
805,2026-07-30T12:08:41Z,1785413321504724649,831,6772,6808,5,164,142526,325324898,200,196,196,448255602,362062
806,2026-07-30T12:08:42Z,1785413322536302529,832,6772,6808,5,164,142704,325325689,200,196,196,448255602,362065
807,2026-07-30T12:08:43Z,1785413323568663777,833,6772,6808,5,164,142883,325326485,200,196,196,448255602,362073
808,2026-07-30T12:08:44Z,1785413324601727951,834,6800,6836,5,164,143069,325327279,200,196,196,448255602,362073
809,2026-07-30T12:08:45Z,1785413325636099031,835,6836,6808,5,164,143249,325328064,200,196,196,448255602,362079
810,2026-07-30T12:08:46Z,1785413326668593483,836,6772,6808,5,164,143432,325328845,200,196,196,448255602,362086
811,2026-07-30T12:08:47Z,1785413327701416939,837,6772,6808,5,164,143613,325329628,200,196,196,448255602,362091
812,2026-07-30T12:08:48Z,1785413328733591962,838,6772,6808,5,164,143793,325330413,200,196,196,448255602,362095
813,2026-07-30T12:08:49Z,1785413329765277209,839,6820,6820,5,166,143972,325331205,200,196,196,448255602,362101
814,2026-07-30T12:08:50Z,1785413330800978600,840,6884,6820,5,166,144152,325331995,200,196,196,448255602,362112
815,2026-07-30T12:08:51Z,1785413331831126912,841,6820,6820,5,166,144333,325332775,200,196,196,448255602,362124
816,2026-07-30T12:08:52Z,1785413332862159650,842,6820,6832,5,166,144508,325333566,200,196,196,448255602,362137
817,2026-07-30T12:08:53Z,1785413333894363723,843,6820,6820,5,166,144682,325334365,200,196,196,448255602,362144
818,2026-07-30T12:08:54Z,1785413334923756047,844,6820,6820,5,166,144853,325335163,200,196,196,448255602,362153
819,2026-07-30T12:08:55Z,1785413335954764272,845,6820,6872,5,166,145026,325335956,200,196,196,448255602,362167
820,2026-07-30T12:08:56Z,1785413336985893359,846,6820,6844,5,166,145199,325336757,200,196,196,448255602,362178
821,2026-07-30T12:08:58Z,1785413338017828685,848,6820,6820,5,166,145373,325337549,200,196,196,448255602,362187
822,2026-07-30T12:08:59Z,1785413339049583453,849,6820,6820,5,166,145547,325338334,200,196,196,448255602,362197
823,2026-07-30T12:09:00Z,1785413340080123947,850,6832,6820,5,166,145723,325339122,200,196,196,448255602,362203
824,2026-07-30T12:09:01Z,1785413341111509615,851,6820,6820,5,166,145901,325339908,200,196,196,448255602,362204
825,2026-07-30T12:09:02Z,1785413342142743719,852,6820,6824,5,166,146074,325340704,200,196,196,448255602,362208
826,2026-07-30T12:09:03Z,1785413343174565332,853,6844,6844,5,172,146251,325341491,200,196,196,448255602,362217
827,2026-07-30T12:09:04Z,1785413344207416746,854,6844,6844,5,172,146425,325342280,200,196,196,448255602,362225
828,2026-07-30T12:09:05Z,1785413345238767282,855,6844,6844,5,172,146601,325343077,200,196,196,448255602,362243
829,2026-07-30T12:09:06Z,1785413346271054416,856,6844,6844,5,172,146774,325343875,200,196,196,448255602,362255
830,2026-07-30T12:09:07Z,1785413347302655332,857,6844,6844,5,172,146947,325344669,200,196,196,448255602,362265
831,2026-07-30T12:09:08Z,1785413348334941693,858,6844,6844,5,172,147121,325345464,200,196,196,448255602,362275
832,2026-07-30T12:09:09Z,1785413349365082056,859,6844,6844,5,172,147296,325346259,200,196,196,448255602,362286
833,2026-07-30T12:09:10Z,1785413350396224327,860,6904,6944,5,171,147475,325347047,200,196,196,448255602,362290
834,2026-07-30T12:09:11Z,1785413351427718550,861,6840,6840,5,171,147652,325347830,200,196,196,448255602,362292
835,2026-07-30T12:09:12Z,1785413352459142149,862,6840,6840,5,171,147828,325348615,200,196,196,448255602,362294
836,2026-07-30T12:09:13Z,1785413353491698649,863,6840,6840,5,171,148003,325349403,200,196,196,448255602,362299
837,2026-07-30T12:09:14Z,1785413354522499261,864,6840,6840,5,171,148176,325350183,200,196,196,448255602,362302
838,2026-07-30T12:09:15Z,1785413355555202091,865,6840,6840,5,171,148353,325350976,200,196,196,448255602,362303
839,2026-07-30T12:09:16Z,1785413356585790899,866,6872,6840,5,171,148529,325351766,200,196,196,448255602,362310
840,2026-07-30T12:09:17Z,1785413357618585964,867,6840,6840,5,171,148708,325352555,200,196,196,448255602,362315
841,2026-07-30T12:09:18Z,1785413358649909115,868,6904,6840,5,171,148890,325353342,200,196,196,448255602,362315
842,2026-07-30T12:09:19Z,1785413359681501812,869,6840,6840,5,171,149068,325354132,200,196,196,448255602,362316
843,2026-07-30T12:09:20Z,1785413360712041440,870,6840,6840,5,171,149243,325354919,200,196,196,448255602,362320
844,2026-07-30T12:09:21Z,1785413361743301326,871,6840,6840,5,171,149419,325355710,200,196,196,448255602,362322
845,2026-07-30T12:09:22Z,1785413362775501312,872,6904,6840,5,171,149593,325356497,200,196,196,448255602,362330
846,2026-07-30T12:09:23Z,1785413363809927131,873,6840,6840,5,171,149771,325357286,200,196,196,448255602,362334
847,2026-07-30T12:09:24Z,1785413364841491445,874,6840,6840,5,171,149949,325358074,200,196,196,448255602,362340
848,2026-07-30T12:09:25Z,1785413365873896797,875,6876,6840,5,171,150128,325358861,200,196,196,448255602,362349
849,2026-07-30T12:09:26Z,1785413366906319836,876,6860,6860,5,176,150305,325359657,200,196,196,448255602,362360
850,2026-07-30T12:09:27Z,1785413367939770122,877,6860,6860,5,176,150481,325360452,200,196,196,448255602,362367
851,2026-07-30T12:09:28Z,1785413368971448967,878,6860,6860,5,176,150657,325361238,200,196,196,448255602,362378
852,2026-07-30T12:09:30Z,1785413370003572305,880,6860,6860,5,176,150832,325362026,200,196,196,448255602,362395
853,2026-07-30T12:09:31Z,1785413371035304003,881,6860,6860,5,176,151008,325362818,200,196,196,448255602,362402
854,2026-07-30T12:09:32Z,1785413372067579873,882,6860,6860,5,176,151186,325363606,200,196,196,448255602,362414
855,2026-07-30T12:09:33Z,1785413373100588629,883,6860,6860,5,176,151361,325364397,200,196,196,448255602,362418
856,2026-07-30T12:09:34Z,1785413374132077652,884,6860,6860,5,176,151538,325365183,200,196,196,448255602,362436
857,2026-07-30T12:09:35Z,1785413375165522620,885,6912,6912,5,179,151716,325365979,200,196,196,448255602,362445
858,2026-07-30T12:09:36Z,1785413376197937959,886,6912,6916,5,179,151892,325366764,000,196,196,448255603,362464
859,2026-07-30T12:09:37Z,1785413377230074686,887,6912,6912,5,179,152070,325367561,200,196,196,448255603,362473
860,2026-07-30T12:09:38Z,1785413378261225383,888,6976,6976,5,179,152249,325368342,200,196,196,448255603,362481
861,2026-07-30T12:09:39Z,1785413379293645791,889,6912,6912,5,179,152427,325369127,200,196,196,448255603,362493
862,2026-07-30T12:09:40Z,1785413380326507150,890,6912,6952,5,179,152604,325369913,200,196,196,448255603,362499
863,2026-07-30T12:09:41Z,1785413381357946741,891,6912,6912,5,179,152776,325370691,200,196,196,448255603,362513
864,2026-07-30T12:09:42Z,1785413382389011600,892,6912,6912,5,179,152950,325371477,200,196,196,448255603,362525
865,2026-07-30T12:09:43Z,1785413383421767794,893,6912,6912,5,179,153125,325372267,200,196,196,448255603,362536
866,2026-07-30T12:09:44Z,1785413384451458669,894,6912,6912,5,179,153299,325373057,200,196,196,448255603,362545
867,2026-07-30T12:09:45Z,1785413385482610442,895,6976,6912,5,179,153472,325373842,200,196,196,448255603,362555
868,2026-07-30T12:09:46Z,1785413386514215337,896,6912,6912,5,179,153645,325374634,200,196,196,448255603,362572
869,2026-07-30T12:09:47Z,1785413387546024574,897,6912,6940,5,179,153818,325375435,200,196,196,448255603,362579
870,2026-07-30T12:09:48Z,1785413388578094538,898,6912,6912,5,179,153992,325376231,200,196,196,448255603,362589
871,2026-07-30T12:09:49Z,1785413389611196088,899,6912,6912,5,179,154173,325377013,200,196,196,448255603,362595
872,2026-07-30T12:09:50Z,1785413390648628937,900,6976,6916,5,179,154350,325377806,200,196,196,448255603,362603
873,2026-07-30T12:09:51Z,1785413391681452120,901,6908,6908,5,178,154529,325378592,200,196,196,448255603,362614
874,2026-07-30T12:09:52Z,1785413392712980811,902,6908,6908,5,178,154673,325379391,200,196,196,448255603,362622
875,2026-07-30T12:09:53Z,1785413393743695774,903,6908,6908,5,178,154773,325380196,200,196,196,448255603,362627
876,2026-07-30T12:09:54Z,1785413394780496423,904,6908,6908,5,178,154777,325381023,200,196,196,448255603,362627
877,2026-07-30T12:09:55Z,1785413395808672567,905,6284,6808,5,162,154778,325381845,200,196,196,448255603,362627
878,2026-07-30T12:09:56Z,1785413396836723619,906,6256,6808,5,157,154778,325382667,200,196,196,448255603,362627
879,2026-07-30T12:09:57Z,1785413397864498999,907,6256,6808,5,157,154779,325383488,200,196,196,448255603,362627
880,2026-07-30T12:09:58Z,1785413398897820941,908,6256,6808,5,157,154779,325384306,200,196,196,448255603,362627
881,2026-07-30T12:09:59Z,1785413399925204223,909,6256,6808,5,157,154779,325385132,200,196,196,448255603,362627
882,2026-07-30T12:10:00Z,1785413400953434746,910,6256,6808,5,157,154779,325385951,200,196,196,448255603,362627
883,2026-07-30T12:10:01Z,1785413401981597029,911,6160,6808,5,140,154779,325386771,200,196,196,448255603,362627
884,2026-07-30T12:10:03Z,1785413403008415281,913,6076,6808,5,140,154779,325387594,200,196,196,448255603,362627
885,2026-07-30T12:10:04Z,1785413404035747311,914,6116,6808,5,140,154779,325388415,200,196,196,448255603,362627
886,2026-07-30T12:10:05Z,1785413405062846204,915,6116,6808,5,140,154779,325389235,200,196,196,448255603,362627
887,2026-07-30T12:10:06Z,1785413406089456697,916,6116,6808,5,140,154779,325390056,200,196,196,448255603,362627
888,2026-07-30T12:10:07Z,1785413407116382706,917,6116,6808,5,140,154779,325390876,200,196,196,448255603,362627
889,2026-07-30T12:10:08Z,1785413408142773127,918,6116,6808,5,140,154779,325391696,200,196,196,448255603,362627
890,2026-07-30T12:10:09Z,1785413409169795885,919,6116,6808,5,140,154779,325392516,200,196,196,448255603,362627
891,2026-07-30T12:10:10Z,1785413410196600001,920,6116,6808,5,140,154779,325393337,200,196,196,448255603,362627
892,2026-07-30T12:10:11Z,1785413411223563922,921,6116,6808,5,140,154779,325394156,200,196,196,448255603,362627
893,2026-07-30T12:10:12Z,1785413412250516159,922,5612,6808,5,14,154780,325394977,200,196,196,448255603,362627
894,2026-07-30T12:10:13Z,1785413413277795255,923,5612,6808,5,14,154780,325395798,200,196,196,448255603,362627
895,2026-07-30T12:10:14Z,1785413414304980854,924,5612,6808,5,14,154780,325396619,200,196,196,448255603,362627
896,2026-07-30T12:10:15Z,1785413415332208340,925,5612,6808,5,14,154780,325397441,200,196,196,448255603,362627
897,2026-07-30T12:10:16Z,1785413416359575037,926,5612,6808,5,14,154780,325398261,200,196,196,448255603,362627
898,2026-07-30T12:10:17Z,1785413417387198614,927,5612,6808,5,14,154780,325399083,200,196,196,448255603,362627
899,2026-07-30T12:10:18Z,1785413418414122529,928,5612,6808,5,14,154780,325399905,200,196,196,448255603,362627
900,2026-07-30T12:10:19Z,1785413419440977804,929,5612,6808,5,14,154780,325400725,200,196,196,448255603,362627
901,2026-07-30T12:10:20Z,1785413420467976994,930,5612,6808,5,14,154780,325401546,200,196,196,448255603,362627
902,2026-07-30T12:10:21Z,1785413421494673610,931,5612,6808,5,14,154780,325402368,200,196,196,448255603,362627
903,2026-07-30T12:10:22Z,1785413422521225842,932,5612,6808,5,14,154780,325403189,200,196,196,448255603,362627
904,2026-07-30T12:10:23Z,1785413423547979910,933,5612,6808,5,14,154780,325404009,200,196,196,448255603,362627
905,2026-07-30T12:10:24Z,1785413424575016546,934,5612,6808,5,14,154780,325404830,200,196,196,448255603,362627
906,2026-07-30T12:10:25Z,1785413425601528044,935,5612,6808,5,14,154781,325405652,200,196,196,448255603,362627
907,2026-07-30T12:10:26Z,1785413426628496382,936,5612,6808,5,14,154781,325406473,200,196,196,448255603,362627
908,2026-07-30T12:10:27Z,1785413427655123705,937,5612,6808,5,14,154781,325407293,200,196,196,448255603,362627
909,2026-07-30T12:10:28Z,1785413428681720933,938,5612,6808,5,14,154781,325408115,200,196,196,448255603,362627
910,2026-07-30T12:10:29Z,1785413429708244866,939,5612,6808,5,14,154781,325408936,200,196,196,448255603,362627
911,2026-07-30T12:10:30Z,1785413430735712257,940,5612,6808,5,14,154782,325409757,200,196,196,448255603,362627
912,2026-07-30T12:10:31Z,1785413431762052102,941,5612,6808,5,14,154782,325410577,200,196,196,448255603,362627
913,2026-07-30T12:10:32Z,1785413432788822303,942,5612,6808,5,14,154782,325411398,200,196,196,448255603,362627
914,2026-07-30T12:10:33Z,1785413433815200326,943,5612,6808,5,14,154782,325412219,200,196,196,448255603,362627
915,2026-07-30T12:10:34Z,1785413434842187710,944,5612,6808,5,14,154782,325413040,200,196,196,448255603,362627
916,2026-07-30T12:10:35Z,1785413435869659268,945,5612,6808,5,14,154782,325413861,200,196,196,448255603,362627
917,2026-07-30T12:10:36Z,1785413436896235283,946,5612,6808,5,14,154782,325414683,200,196,196,448255603,362627
918,2026-07-30T12:10:37Z,1785413437923218245,947,5612,6808,5,14,154782,325415504,200,196,196,448255603,362627
919,2026-07-30T12:10:38Z,1785413438949852024,948,5612,6808,5,14,154782,325416326,200,196,196,448255603,362627
920,2026-07-30T12:10:39Z,1785413439976488869,949,5612,6808,5,14,154782,325417147,200,196,196,448255603,362627
921,2026-07-30T12:10:41Z,1785413441003833286,951,5612,6808,5,14,154782,325417967,200,196,196,448255603,362627
922,2026-07-30T12:10:42Z,1785413442030547956,952,5612,6808,5,14,154782,325418788,200,196,196,448255603,362627
923,2026-07-30T12:10:43Z,1785413443057280045,953,5612,6808,5,14,154782,325419609,200,196,196,448255603,362627
924,2026-07-30T12:10:44Z,1785413444084176327,954,5612,6808,5,14,154782,325420429,200,196,196,448255603,362627
925,2026-07-30T12:10:45Z,1785413445111171904,955,5612,6808,5,14,154782,325421251,200,196,196,448255603,362627
926,2026-07-30T12:10:46Z,1785413446138619795,956,5612,6808,5,14,154782,325422074,200,196,196,448255603,362627
