sample,utc,unix_nanos,elapsed_s,rss_kib,hwm_kib,threads,fds,proc_ticks,host_ticks,stats_http,listen_overflows,listen_drops,tcp_abort_on_close,tcp_retrans
0,2026-07-30T11:06:16Z,1785409576345770003,0,4156,4156,5,14,0,322504884,200,196,196,448255594,353798
1,2026-07-30T11:06:17Z,1785409577382520952,1,4188,4188,5,15,0,322505710,200,196,196,448255594,353798
2,2026-07-30T11:06:18Z,1785409578411136711,2,4436,4436,5,51,27,322506519,200,196,196,448255594,353798
3,2026-07-30T11:06:19Z,1785409579442845791,3,4544,4544,5,54,91,322507327,200,196,196,448255594,353798
4,2026-07-30T11:06:20Z,1785409580474400374,4,5584,5584,5,63,217,322508116,200,196,196,448255594,353798
5,2026-07-30T11:06:21Z,1785409581505895678,5,5924,5924,5,68,388,322508884,200,196,196,448255594,353798
6,2026-07-30T11:06:22Z,1785409582537965567,6,5924,5924,5,68,564,322509649,200,196,196,448255594,353798
7,2026-07-30T11:06:23Z,1785409583569954706,7,5924,5924,5,68,737,322510422,200,196,196,448255594,353798
8,2026-07-30T11:06:24Z,1785409584602253927,8,5924,5924,5,68,910,322511195,200,196,196,448255594,353798
9,2026-07-30T11:06:25Z,1785409585634310392,9,5924,5924,5,68,1084,322511963,200,196,196,448255594,353798
10,2026-07-30T11:06:26Z,1785409586666864282,10,5924,5924,5,68,1255,322512736,200,196,196,448255594,353798
11,2026-07-30T11:06:27Z,1785409587699370851,11,5924,5924,5,68,1428,322513504,200,196,196,448255594,353798
12,2026-07-30T11:06:28Z,1785409588732002877,12,5924,5924,5,68,1602,322514270,200,196,196,448255594,353798
13,2026-07-30T11:06:29Z,1785409589765396378,13,5924,5924,5,68,1772,322515041,200,196,196,448255594,353798
14,2026-07-30T11:06:30Z,1785409590797900676,14,5924,5924,5,68,1940,322515816,200,196,196,448255594,353798
15,2026-07-30T11:06:31Z,1785409591830892167,15,5924,5924,5,68,2113,322516588,200,196,196,448255594,353798
16,2026-07-30T11:06:32Z,1785409592864270659,16,5924,5924,5,68,2283,322517360,200,196,196,448255594,353798
17,2026-07-30T11:06:33Z,1785409593898016895,17,5924,5924,5,68,2453,322518134,200,196,196,448255594,353798
18,2026-07-30T11:06:34Z,1785409594929252500,18,5924,5924,5,68,2624,322518901,200,196,196,448255594,353798
19,2026-07-30T11:06:35Z,1785409595962032105,19,5924,5924,5,68,2796,322519671,200,196,196,448255594,353798
20,2026-07-30T11:06:36Z,1785409596995715353,20,5948,5948,5,69,2967,322520447,200,196,196,448255594,353798
21,2026-07-30T11:06:38Z,1785409598027424585,22,5948,5948,5,69,3134,322521225,200,196,196,448255594,353798
22,2026-07-30T11:06:39Z,1785409599058845385,23,5948,5948,5,69,3300,322522002,200,196,196,448255594,353798
23,2026-07-30T11:06:40Z,1785409600092886747,24,5948,5948,5,69,3468,322522782,200,196,196,448255594,353798
24,2026-07-30T11:06:41Z,1785409601125627262,25,6600,6600,5,162,3636,322523574,200,196,196,448255594,353798
25,2026-07-30T11:06:42Z,1785409602158001347,26,6600,6600,5,162,3800,322524343,200,196,196,448255594,353798
26,2026-07-30T11:06:43Z,1785409603191132184,27,6600,6600,5,162,3965,322525113,200,196,196,448255594,353798
27,2026-07-30T11:06:44Z,1785409604222908367,28,6600,6600,5,162,4131,322525891,200,196,196,448255594,353798
28,2026-07-30T11:06:45Z,1785409605254167411,29,6600,6600,5,162,4295,322526666,200,196,196,448255594,353798
29,2026-07-30T11:06:46Z,1785409606286625383,30,6600,6600,5,162,4460,322527449,200,196,196,448255594,353798
30,2026-07-30T11:06:47Z,1785409607319255544,31,6600,6600,5,162,4627,322528225,200,196,196,448255594,353798
31,2026-07-30T11:06:48Z,1785409608351397956,32,6600,6600,5,162,4793,322529012,200,196,196,448255594,353798
32,2026-07-30T11:06:49Z,1785409609383534110,33,6600,6600,5,162,4958,322529789,200,196,196,448255594,353798
33,2026-07-30T11:06:50Z,1785409610416398059,34,6600,6600,5,162,5124,322530564,200,196,196,448255594,353798
34,2026-07-30T11:06:51Z,1785409611449942974,35,6600,6600,5,162,5290,322531346,200,196,196,448255594,353798
35,2026-07-30T11:06:52Z,1785409612482456114,36,6600,6600,5,162,5454,322532129,200,196,196,448255594,353798
36,2026-07-30T11:06:53Z,1785409613514433379,37,6600,6600,5,162,5619,322532910,200,196,196,448255594,353798
37,2026-07-30T11:06:54Z,1785409614546782817,38,6600,6600,5,162,5787,322533685,200,196,196,448255594,353798
38,2026-07-30T11:06:55Z,1785409615579102782,39,6600,6600,5,162,5959,322534450,200,196,196,448255594,353798
39,2026-07-30T11:06:56Z,1785409616610866378,40,6600,6600,5,162,6131,322535215,200,196,196,448255594,353798
40,2026-07-30T11:06:57Z,1785409617641786069,41,6600,6600,5,162,6300,322535987,200,196,196,448255594,353798
41,2026-07-30T11:06:58Z,1785409618673606002,42,6600,6600,5,162,6472,322536744,200,196,196,448255594,353798
42,2026-07-30T11:06:59Z,1785409619704745455,43,6600,6600,5,162,6642,322537522,200,196,196,448255594,353798
43,2026-07-30T11:07:00Z,1785409620738785927,44,6600,6600,5,162,6817,322538279,200,196,196,448255594,353798
44,2026-07-30T11:07:01Z,1785409621771839648,45,6600,6600,5,162,6989,322539053,200,196,196,448255594,353798
45,2026-07-30T11:07:02Z,1785409622804788513,46,6600,6600,5,162,7162,322539820,200,196,196,448255594,353798
46,2026-07-30T11:07:03Z,1785409623837164100,47,6668,6668,5,171,7337,322540583,200,196,196,448255594,353798
47,2026-07-30T11:07:04Z,1785409624870095613,48,6668,6668,5,171,7512,322541350,200,196,196,448255594,353798
48,2026-07-30T11:07:05Z,1785409625902710368,49,6668,6672,5,171,7686,322542115,200,196,196,448255594,353798
49,2026-07-30T11:07:06Z,1785409626934506899,50,6668,6668,5,171,7849,322542906,200,196,196,448255594,353798
50,2026-07-30T11:07:07Z,1785409627966856483,51,6620,6620,5,169,8013,322543691,200,196,196,448255594,353798
51,2026-07-30T11:07:08Z,1785409628998960984,52,6620,6620,5,169,8185,322544463,200,196,196,448255594,353798
52,2026-07-30T11:07:10Z,1785409630032167713,54,6620,6620,5,169,8357,322545227,200,196,196,448255594,353798
53,2026-07-30T11:07:11Z,1785409631063424254,55,6620,6620,5,169,8522,322546014,200,196,196,448255594,353798
54,2026-07-30T11:07:12Z,1785409632094800463,56,6644,6644,5,170,8695,322546782,200,196,196,448255594,353798
55,2026-07-30T11:07:13Z,1785409633128470738,57,6644,6644,5,170,8864,322547550,200,196,196,448255594,353798
56,2026-07-30T11:07:14Z,1785409634160889490,58,6644,6644,5,170,9035,322548318,200,196,196,448255594,353798
57,2026-07-30T11:07:15Z,1785409635192999408,59,6672,6644,5,170,9204,322549087,200,196,196,448255594,353798
58,2026-07-30T11:07:16Z,1785409636225963111,60,6644,6644,5,170,9376,322549848,200,196,196,448255594,353798
59,2026-07-30T11:07:17Z,1785409637259451806,61,6644,6644,5,170,9548,322550610,200,196,196,448255594,353798
60,2026-07-30T11:07:18Z,1785409638291906074,62,6644,6644,5,170,9717,322551376,200,196,196,448255594,353798
61,2026-07-30T11:07:19Z,1785409639324159309,63,6700,6644,5,170,9890,322552141,200,196,196,448255594,353798
62,2026-07-30T11:07:20Z,1785409640356441516,64,6644,6644,5,170,10060,322552911,200,196,196,448255594,353798
63,2026-07-30T11:07:21Z,1785409641388824092,65,6644,6644,5,170,10233,322553669,200,196,196,448255594,353798
64,2026-07-30T11:07:22Z,1785409642421606643,66,6644,6644,5,170,10403,322554439,200,196,196,448255594,353798
65,2026-07-30T11:07:23Z,1785409643451732586,67,6644,6644,5,170,10571,322555199,200,196,196,448255594,353798
66,2026-07-30T11:07:24Z,1785409644483512128,68,6644,6644,5,170,10734,322555970,200,196,196,448255594,353798
67,2026-07-30T11:07:25Z,1785409645515601657,69,6708,6644,5,170,10905,322556739,200,196,196,448255594,353798
68,2026-07-30T11:07:26Z,1785409646552031161,70,6644,6644,5,170,11078,322557501,200,196,196,448255594,353798
69,2026-07-30T11:07:27Z,1785409647585045697,71,6704,6704,5,171,11256,322558275,200,196,196,448255594,353798
70,2026-07-30T11:07:28Z,1785409648617121464,72,6704,6704,5,171,11433,322559038,200,196,196,448255594,353798
71,2026-07-30T11:07:29Z,1785409649649724182,73,6704,6704,5,171,11607,322559796,200,196,196,448255594,353798
72,2026-07-30T11:07:30Z,1785409650682406351,74,6704,6704,5,171,11782,322560566,200,196,196,448255594,353798
73,2026-07-30T11:07:31Z,1785409651715305966,75,6704,6704,5,171,11956,322561335,200,196,196,448255594,353798
74,2026-07-30T11:07:32Z,1785409652747939605,76,6704,6708,5,171,12130,322562097,200,196,196,448255594,353798
75,2026-07-30T11:07:33Z,1785409653779285243,77,6680,6680,5,165,12304,322562857,200,196,196,448255594,353798
76,2026-07-30T11:07:34Z,1785409654811035499,78,6680,6680,5,165,12478,322563620,200,196,196,448255594,353798
77,2026-07-30T11:07:35Z,1785409655841925390,79,6680,6680,5,165,12652,322564381,200,196,196,448255594,353798
78,2026-07-30T11:07:36Z,1785409656873614249,80,6680,6680,5,165,12827,322565149,200,196,196,448255594,353798
79,2026-07-30T11:07:37Z,1785409657905983403,81,6680,6680,5,165,12999,322565914,200,196,196,448255594,353798
80,2026-07-30T11:07:38Z,1785409658937562092,82,6680,6680,5,165,13174,322566678,200,196,196,448255594,353798
81,2026-07-30T11:07:39Z,1785409659968950562,83,6680,6680,5,165,13349,322567440,200,196,196,448255594,353798
82,2026-07-30T11:07:41Z,1785409661001715151,85,6744,6680,5,165,13527,322568208,200,196,196,448255594,353798
83,2026-07-30T11:07:42Z,1785409662033944398,86,6680,6680,5,165,13704,322568971,200,196,196,448255594,353798
84,2026-07-30T11:07:43Z,1785409663065294246,87,6680,6680,5,165,13880,322569739,200,196,196,448255594,353798
85,2026-07-30T11:07:44Z,1785409664097871620,88,6680,6680,5,165,14056,322570504,200,196,196,448255594,353798
86,2026-07-30T11:07:45Z,1785409665130941389,89,6744,6680,5,165,14232,322571268,200,196,196,448255594,353798
87,2026-07-30T11:07:46Z,1785409666164696507,90,6680,6680,5,165,14408,322572037,200,196,196,448255594,353798
88,2026-07-30T11:07:47Z,1785409667197243440,91,6680,6680,5,165,14582,322572807,200,196,196,448255594,353798
89,2026-07-30T11:07:48Z,1785409668229393088,92,6680,6680,5,165,14754,322573568,200,196,196,448255594,353798
90,2026-07-30T11:07:49Z,1785409669260839339,93,6680,6680,5,165,14927,322574332,200,196,196,448255594,353798
91,2026-07-30T11:07:50Z,1785409670292841572,94,6680,6680,5,165,15097,322575106,200,196,196,448255594,353798
92,2026-07-30T11:07:51Z,1785409671323404134,95,6680,6680,5,165,15270,322575868,200,196,196,448255594,353798
93,2026-07-30T11:07:52Z,1785409672353046678,96,6680,6680,5,165,15439,322576637,200,196,196,448255594,353798
94,2026-07-30T11:07:53Z,1785409673384846035,97,6680,6680,5,165,15608,322577403,200,196,196,448255594,353798
95,2026-07-30T11:07:54Z,1785409674417223091,98,6680,6680,5,165,15775,322578184,200,196,196,448255594,353798
96,2026-07-30T11:07:55Z,1785409675448091831,99,6680,6680,5,165,15946,322578951,200,196,196,448255594,353798
97,2026-07-30T11:07:56Z,1785409676480296710,100,6680,6680,5,165,16120,322579715,200,196,196,448255594,353798
98,2026-07-30T11:07:57Z,1785409677512468018,101,6404,6636,5,101,16292,322580481,200,196,196,448255594,353798
99,2026-07-30T11:07:58Z,1785409678544680358,102,6404,6636,5,101,16464,322581244,200,196,196,448255594,353798
100,2026-07-30T11:07:59Z,1785409679576420425,103,6404,6636,5,101,16634,322582018,200,196,196,448255594,353798
101,2026-07-30T11:08:00Z,1785409680609854495,104,6404,6636,5,101,16798,322582803,200,196,196,448255594,353798
102,2026-07-30T11:08:01Z,1785409681641289787,105,6404,6636,5,101,16965,322583584,200,196,196,448255594,353798
103,2026-07-30T11:08:02Z,1785409682673228370,106,6412,6636,5,103,17138,322584351,200,196,196,448255594,353798
104,2026-07-30T11:08:03Z,1785409683705456662,107,6412,6636,5,103,17309,322585121,200,196,196,448255594,353798
105,2026-07-30T11:08:04Z,1785409684738048101,108,6412,6636,5,103,17480,322585897,200,196,196,448255594,353798
106,2026-07-30T11:08:05Z,1785409685770903734,109,6412,6636,5,103,17655,322586657,200,196,196,448255594,353798
107,2026-07-30T11:08:06Z,1785409686803026798,110,6412,6636,5,103,17827,322587423,200,196,196,448255594,353798
108,2026-07-30T11:08:07Z,1785409687836158619,111,6412,6636,5,103,17997,322588197,200,196,196,448255594,353798
109,2026-07-30T11:08:08Z,1785409688868793623,112,6412,6636,5,103,18165,322588967,200,196,196,448255594,353798
110,2026-07-30T11:08:09Z,1785409689899406938,113,6412,6636,5,103,18335,322589734,200,196,196,448255594,353798
111,2026-07-30T11:08:10Z,1785409690931394445,114,6412,6636,5,103,18507,322590501,200,196,196,448255594,353798
112,2026-07-30T11:08:11Z,1785409691963858412,115,6412,6636,5,103,18680,322591268,200,196,196,448255594,353798
113,2026-07-30T11:08:12Z,1785409692995951999,116,6472,6636,5,118,18854,322592039,200,196,196,448255594,353798
114,2026-07-30T11:08:14Z,1785409694028775278,118,6472,6636,5,118,19027,322592805,200,196,196,448255594,353798
115,2026-07-30T11:08:15Z,1785409695060086564,119,6472,6636,5,118,19201,322593570,200,196,196,448255594,353798
116,2026-07-30T11:08:16Z,1785409696093097002,120,6472,6636,5,118,19375,322594338,200,196,196,448255594,353798
117,2026-07-30T11:08:17Z,1785409697125246602,121,6472,6636,5,118,19548,322595100,200,196,196,448255594,353798
118,2026-07-30T11:08:18Z,1785409698157282419,122,6472,6636,5,118,19722,322595870,200,196,196,448255594,353798
119,2026-07-30T11:08:19Z,1785409699188024610,123,6472,6636,5,118,19894,322596640,200,196,196,448255594,353798
120,2026-07-30T11:08:20Z,1785409700219019509,124,6544,6636,5,121,20068,322597408,200,196,196,448255594,353798
121,2026-07-30T11:08:21Z,1785409701249839498,125,6544,6636,5,121,20241,322598168,200,196,196,448255594,353798
122,2026-07-30T11:08:22Z,1785409702281557844,126,6544,6636,5,121,20415,322598923,200,196,196,448255594,353798
123,2026-07-30T11:08:23Z,1785409703313822606,127,6572,6636,5,121,20589,322599687,200,196,196,448255594,353798
124,2026-07-30T11:08:24Z,1785409704346927576,128,6544,6636,5,121,20764,322600449,200,196,196,448255594,353798
125,2026-07-30T11:08:25Z,1785409705377691060,129,6544,6636,5,121,20938,322601215,200,196,196,448255594,353798
126,2026-07-30T11:08:26Z,1785409706410983063,130,6544,6636,5,121,21114,322601976,200,196,196,448255594,353798
127,2026-07-30T11:08:27Z,1785409707442850172,131,6604,6636,5,121,21290,322602740,200,196,196,448255594,353798
128,2026-07-30T11:08:28Z,1785409708474162707,132,6544,6636,5,121,21464,322603512,200,196,196,448255594,353798
129,2026-07-30T11:08:29Z,1785409709506261052,133,6544,6636,5,121,21636,322604276,200,196,196,448255594,353798
130,2026-07-30T11:08:30Z,1785409710537658935,134,6544,6636,5,121,21813,322605045,200,196,196,448255594,353798
131,2026-07-30T11:08:31Z,1785409711569118308,135,6544,6636,5,121,21989,322605803,200,196,196,448255594,353798
132,2026-07-30T11:08:32Z,1785409712600834330,136,6544,6636,5,121,22162,322606566,200,196,196,448255594,353798
133,2026-07-30T11:08:33Z,1785409713632773850,137,6544,6636,5,121,22335,322607326,200,196,196,448255594,353798
134,2026-07-30T11:08:34Z,1785409714665830012,138,6544,6636,5,121,22510,322608085,200,196,196,448255594,353798
135,2026-07-30T11:08:35Z,1785409715704456602,139,6696,6696,5,159,22687,322608853,200,196,196,448255594,353798
136,2026-07-30T11:08:36Z,1785409716736937656,140,6696,6696,5,159,22861,322609610,200,196,196,448255594,353798
137,2026-07-30T11:08:37Z,1785409717769036215,141,6696,6696,5,159,23032,322610378,200,196,196,448255594,353798
138,2026-07-30T11:08:38Z,1785409718800708440,142,6696,6696,5,159,23194,322611166,200,196,196,448255594,353798
139,2026-07-30T11:08:39Z,1785409719832492131,143,6696,6696,5,159,23354,322611957,200,196,196,448255594,353798
140,2026-07-30T11:08:40Z,1785409720864786732,144,6696,6696,5,159,23524,322612722,200,196,196,448255594,353798
141,2026-07-30T11:08:41Z,1785409721896670341,145,6696,6696,5,159,23693,322613485,200,196,196,448255594,353798
142,2026-07-30T11:08:42Z,1785409722931557846,146,6696,6696,5,159,23864,322614246,200,196,196,448255594,353798
143,2026-07-30T11:08:43Z,1785409723966508015,147,6696,6696,5,159,24029,322615034,200,196,196,448255594,353798
144,2026-07-30T11:08:44Z,1785409724998868097,148,6696,6696,5,159,24198,322615801,200,196,196,448255594,353798
145,2026-07-30T11:08:46Z,1785409726032290148,150,6696,6696,5,159,24368,322616576,200,196,196,448255594,353798
146,2026-07-30T11:08:47Z,1785409727066192677,151,6696,6696,5,159,24536,322617358,200,196,196,448255594,353798
147,2026-07-30T11:08:48Z,1785409728096889076,152,6696,6696,5,159,24705,322618120,200,196,196,448255594,353798
148,2026-07-30T11:08:49Z,1785409729129394437,153,6696,6696,5,159,24869,322618896,200,196,196,448255594,353798
149,2026-07-30T11:08:50Z,1785409730162237040,154,6600,6636,5,155,25035,322619670,200,196,196,448255594,353798
150,2026-07-30T11:08:51Z,1785409731193535789,155,6600,6636,5,155,25193,322620461,200,196,196,448255594,353798
151,2026-07-30T11:08:52Z,1785409732225628027,156,6600,6636,5,155,25360,322621231,200,196,196,448255594,353798
152,2026-07-30T11:08:53Z,1785409733256587556,157,6600,6636,5,155,25525,322622000,200,196,196,448255594,353798
153,2026-07-30T11:08:54Z,1785409734287917596,158,6676,6740,5,159,25688,322622781,200,196,196,448255594,353798
154,2026-07-30T11:08:55Z,1785409735318944135,159,6676,6676,5,159,25853,322623559,200,196,196,448255594,353798
155,2026-07-30T11:08:56Z,1785409736351359009,160,6676,6676,5,159,26018,322624335,200,196,196,448255594,353798
156,2026-07-30T11:08:57Z,1785409737383049315,161,6688,6676,5,159,26184,322625113,200,196,196,448255594,353798
157,2026-07-30T11:08:58Z,1785409738413957464,162,6676,6676,5,159,26345,322625896,200,196,196,448255594,353798
158,2026-07-30T11:08:59Z,1785409739445028641,163,6680,6680,5,160,26511,322626666,200,196,196,448255594,353798
159,2026-07-30T11:09:00Z,1785409740476216998,164,6680,6680,5,160,26676,322627432,200,196,196,448255594,353798
160,2026-07-30T11:09:01Z,1785409741508231303,165,6680,6680,5,160,26849,322628202,200,196,196,448255594,353798
161,2026-07-30T11:09:02Z,1785409742541171838,166,6680,6680,5,160,27022,322628974,200,196,196,448255594,353798
162,2026-07-30T11:09:03Z,1785409743574996561,167,6680,6680,5,160,27190,322629753,200,196,196,448255594,353798
163,2026-07-30T11:09:04Z,1785409744607531716,168,6680,6680,5,160,27364,322630519,200,196,196,448255594,353798
164,2026-07-30T11:09:05Z,1785409745640039340,169,6680,6680,5,160,27536,322631283,200,196,196,448255594,353798
165,2026-07-30T11:09:06Z,1785409746671672695,170,6676,6676,5,159,27707,322632047,200,196,196,448255594,353798
166,2026-07-30T11:09:07Z,1785409747703335417,171,6676,6676,5,159,27881,322632809,200,196,196,448255594,353798
167,2026-07-30T11:09:08Z,1785409748736109193,172,6676,6676,5,159,28053,322633571,200,196,196,448255594,353798
168,2026-07-30T11:09:09Z,1785409749768459257,173,6676,6676,5,159,28227,322634334,200,196,196,448255594,353798
169,2026-07-30T11:09:10Z,1785409750800340533,174,6676,6676,5,159,28401,322635101,200,196,196,448255594,353798
170,2026-07-30T11:09:11Z,1785409751830526665,175,6700,6676,5,159,28576,322635868,200,196,196,448255594,353798
171,2026-07-30T11:09:12Z,1785409752861523639,176,6676,6676,5,159,28746,322636639,200,196,196,448255594,353798
172,2026-07-30T11:09:13Z,1785409753894044549,177,6676,6676,5,159,28918,322637408,200,196,196,448255594,353798
173,2026-07-30T11:09:14Z,1785409754925857989,178,6676,6676,5,159,29090,322638181,200,196,196,448255594,353798
174,2026-07-30T11:09:15Z,1785409755959985128,179,6676,6676,5,159,29265,322638950,200,196,196,448255594,353798
175,2026-07-30T11:09:16Z,1785409756991885939,180,6676,6676,5,159,29439,322639723,200,196,196,448255594,353798
176,2026-07-30T11:09:18Z,1785409758024597404,182,6676,6676,5,159,29611,322640489,200,196,196,448255594,353798
177,2026-07-30T11:09:19Z,1785409759058358361,183,6676,6684,5,159,29784,322641261,200,196,196,448255594,353798
178,2026-07-30T11:09:20Z,1785409760091669022,184,6676,6676,5,159,29952,322642030,200,196,196,448255594,353798
179,2026-07-30T11:09:21Z,1785409761124177122,185,6676,6676,5,159,30117,322642807,200,196,196,448255594,353798
180,2026-07-30T11:09:22Z,1785409762154353961,186,6676,6676,5,159,30286,322643578,200,196,196,448255594,353798
181,2026-07-30T11:09:23Z,1785409763184627378,187,6676,6676,5,159,30451,322644346,200,196,196,448255594,353798
182,2026-07-30T11:09:24Z,1785409764216267520,188,6648,6648,5,157,30617,322645118,200,196,196,448255594,353798
183,2026-07-30T11:09:25Z,1785409765246578767,189,6648,6648,5,157,30782,322645884,200,196,196,448255594,353798
184,2026-07-30T11:09:26Z,1785409766277939452,190,6648,6648,5,157,30948,322646653,200,196,196,448255594,353798
185,2026-07-30T11:09:27Z,1785409767309970154,191,6648,6648,5,157,31111,322647423,200,196,196,448255594,353798
186,2026-07-30T11:09:28Z,1785409768340053936,192,6700,6700,5,160,31279,322648201,200,196,196,448255594,353798
187,2026-07-30T11:09:29Z,1785409769370316961,193,6512,6636,5,113,31453,322648971,200,196,196,448255594,353798
188,2026-07-30T11:09:30Z,1785409770402104220,194,6512,6636,5,113,31629,322649742,200,196,196,448255594,353798
189,2026-07-30T11:09:31Z,1785409771434561475,195,6512,6636,5,113,31806,322650512,200,196,196,448255594,353798
190,2026-07-30T11:09:32Z,1785409772463857871,196,6512,6636,5,113,31982,322651282,200,196,196,448255594,353798
191,2026-07-30T11:09:33Z,1785409773496933887,197,6512,6636,5,113,32156,322652048,200,196,196,448255594,353798
192,2026-07-30T11:09:34Z,1785409774528722168,198,6552,6636,5,113,32330,322652820,200,196,196,448255594,353798
193,2026-07-30T11:09:35Z,1785409775560706773,199,6576,6636,5,113,32504,322653589,200,196,196,448255594,353798
194,2026-07-30T11:09:36Z,1785409776592835629,200,6512,6636,5,113,32680,322654361,200,196,196,448255594,353798
195,2026-07-30T11:09:37Z,1785409777624502321,201,6512,6636,5,113,32852,322655129,200,196,196,448255594,353798
196,2026-07-30T11:09:38Z,1785409778655499499,202,6512,6636,5,113,33025,322655902,200,196,196,448255594,353798
197,2026-07-30T11:09:39Z,1785409779686680245,203,6512,6636,5,113,33199,322656664,200,196,196,448255594,353798
198,2026-07-30T11:09:40Z,1785409780718703421,204,6512,6636,5,113,33371,322657422,200,196,196,448255594,353798
199,2026-07-30T11:09:41Z,1785409781749547163,205,6512,6636,5,113,33546,322658193,200,196,196,448255594,353798
200,2026-07-30T11:09:42Z,1785409782780664870,206,6512,6636,5,113,33722,322658955,200,196,196,448255594,353798
201,2026-07-30T11:09:43Z,1785409783812207703,207,6576,6636,5,113,33904,322659723,200,196,196,448255594,353798
202,2026-07-30T11:09:44Z,1785409784843557560,208,6752,6752,5,171,34087,322660491,200,196,196,448255594,353798
203,2026-07-30T11:09:45Z,1785409785876692634,209,6752,6756,5,171,34256,322661271,200,196,196,448255594,353798
204,2026-07-30T11:09:46Z,1785409786909097949,210,6752,6752,5,171,34430,322662042,200,196,196,448255594,353798
205,2026-07-30T11:09:47Z,1785409787940029876,211,6752,6752,5,171,34603,322662805,200,196,196,448255594,353798
206,2026-07-30T11:09:48Z,1785409788971800528,212,6764,6752,5,171,34777,322663571,200,196,196,448255594,353798
207,2026-07-30T11:09:50Z,1785409790004039091,214,6752,6752,5,171,34952,322664340,200,196,196,448255594,353798
208,2026-07-30T11:09:51Z,1785409791035901815,215,6752,6752,5,171,35127,322665109,200,196,196,448255594,353798
209,2026-07-30T11:09:52Z,1785409792069594423,216,6752,6752,5,171,35300,322665876,200,196,196,448255594,353798
210,2026-07-30T11:09:53Z,1785409793101191900,217,6752,6752,5,171,35472,322666652,200,196,196,448255594,353798
211,2026-07-30T11:09:54Z,1785409794131740181,218,6752,6752,5,171,35648,322667419,200,196,196,448255594,353798
212,2026-07-30T11:09:55Z,1785409795162393860,219,6752,6816,5,171,35826,322668187,200,196,196,448255594,353798
213,2026-07-30T11:09:56Z,1785409796193811113,220,6752,6752,5,171,35999,322668951,200,196,196,448255594,353798
214,2026-07-30T11:09:57Z,1785409797225492844,221,6752,6752,5,171,36175,322669714,200,196,196,448255594,353798
215,2026-07-30T11:09:58Z,1785409798259646660,222,6700,6700,5,168,36348,322670478,200,196,196,448255594,353798
216,2026-07-30T11:09:59Z,1785409799291780819,223,6700,6700,5,168,36521,322671251,200,196,196,448255594,353798
217,2026-07-30T11:10:00Z,1785409800322664934,224,6724,6700,5,168,36696,322672016,200,196,196,448255594,353798
218,2026-07-30T11:10:01Z,1785409801354365155,225,6700,6700,5,168,36870,322672786,200,196,196,448255594,353798
219,2026-07-30T11:10:02Z,1785409802384217707,226,6700,6700,5,168,37044,322673548,200,196,196,448255594,353798
220,2026-07-30T11:10:03Z,1785409803416572096,227,6700,6700,5,168,37219,322674310,200,196,196,448255594,353798
221,2026-07-30T11:10:04Z,1785409804448057072,228,6700,6760,5,168,37393,322675083,200,196,196,448255594,353798
222,2026-07-30T11:10:05Z,1785409805479635189,229,6700,6700,5,168,37567,322675856,200,196,196,448255594,353798
223,2026-07-30T11:10:06Z,1785409806509003711,230,6700,6700,5,168,37740,322676620,200,196,196,448255594,353798
224,2026-07-30T11:10:07Z,1785409807540735541,231,6700,6700,5,168,37913,322677393,200,196,196,448255594,353798
225,2026-07-30T11:10:08Z,1785409808571669574,232,6704,6700,5,168,38094,322678161,200,196,196,448255594,353798
226,2026-07-30T11:10:09Z,1785409809603163696,233,6700,6700,5,168,38273,322678938,200,196,196,448255594,353798
227,2026-07-30T11:10:10Z,1785409810634104479,234,6712,6700,5,168,38453,322679714,200,196,196,448255594,353798
228,2026-07-30T11:10:11Z,1785409811663039877,235,6700,6776,5,168,38631,322680490,200,196,196,448255594,353798
229,2026-07-30T11:10:12Z,1785409812695189846,236,6700,6700,5,168,38811,322681256,200,196,196,448255594,353798
230,2026-07-30T11:10:13Z,1785409813726747563,237,6744,6700,5,168,38990,322682032,200,196,196,448255594,353798
231,2026-07-30T11:10:14Z,1785409814757191783,238,6356,6636,5,82,39169,322682799,200,196,196,448255594,353798
232,2026-07-30T11:10:15Z,1785409815790915554,239,6336,6636,5,77,39351,322683571,200,196,196,448255594,353798
233,2026-07-30T11:10:16Z,1785409816824748677,240,6336,6636,5,77,39540,322684340,200,196,196,448255594,353798
234,2026-07-30T11:10:17Z,1785409817855478964,241,6336,6636,5,77,39724,322685107,200,196,196,448255594,353798
235,2026-07-30T11:10:18Z,1785409818888527638,242,6336,6636,5,77,39908,322685873,200,196,196,448255594,353798
236,2026-07-30T11:10:19Z,1785409819921663707,243,6336,6636,5,77,40094,322686648,200,196,196,448255594,353798
237,2026-07-30T11:10:20Z,1785409820953322692,244,6336,6636,5,77,40276,322687414,200,196,196,448255594,353798
238,2026-07-30T11:10:21Z,1785409821987081826,245,6336,6636,5,77,40454,322688179,200,196,196,448255594,353798
239,2026-07-30T11:10:23Z,1785409823018110563,247,6336,6636,5,77,40632,322688936,200,196,196,448255594,353798
240,2026-07-30T11:10:24Z,1785409824048880898,248,6336,6636,5,77,40808,322689691,200,196,196,448255594,353798
241,2026-07-30T11:10:25Z,1785409825081887976,249,6336,6636,5,77,40989,322690455,200,196,196,448255594,353798
242,2026-07-30T11:10:26Z,1785409826114109358,250,6400,6636,5,77,41171,322691219,200,196,196,448255594,353798
243,2026-07-30T11:10:27Z,1785409827144735672,251,6336,6636,5,77,41356,322691986,200,196,196,448255594,353798
244,2026-07-30T11:10:28Z,1785409828175859440,252,6384,6636,5,77,41540,322692753,200,196,196,448255594,353798
245,2026-07-30T11:10:29Z,1785409829208434241,253,6336,6636,5,77,41725,322693518,200,196,196,448255594,353798
246,2026-07-30T11:10:30Z,1785409830241715435,254,6336,6636,5,77,41908,322694285,200,196,196,448255594,353798
247,2026-07-30T11:10:31Z,1785409831274214753,255,6680,6680,5,163,42093,322695061,200,196,196,448255594,353798
248,2026-07-30T11:10:32Z,1785409832305655909,256,6680,6680,5,163,42274,322695828,200,196,196,448255594,353798
249,2026-07-30T11:10:33Z,1785409833337014717,257,6632,6636,5,161,42456,322696601,200,196,196,448255594,353798
250,2026-07-30T11:10:34Z,1785409834368677541,258,6632,6636,5,161,42639,322697373,200,196,196,448255594,353798
251,2026-07-30T11:10:35Z,1785409835400179274,259,6632,6636,5,161,42820,322698145,200,196,196,448255594,353798
252,2026-07-30T11:10:36Z,1785409836433090110,260,6632,6636,5,161,43002,322698910,200,196,196,448255594,353798
253,2026-07-30T11:10:37Z,1785409837465997251,261,6632,6696,5,161,43190,322699684,200,196,196,448255594,353798
254,2026-07-30T11:10:38Z,1785409838499737136,262,6632,6636,5,161,43379,322700445,200,196,196,448255594,353798
255,2026-07-30T11:10:39Z,1785409839532395554,263,6632,6636,5,161,43567,322701214,200,196,196,448255594,353798
256,2026-07-30T11:10:40Z,1785409840565438589,264,6696,6660,5,161,43757,322701982,200,196,196,448255594,353798
257,2026-07-30T11:10:41Z,1785409841598136745,265,6632,6636,5,161,43948,322702749,200,196,196,448255594,353798
258,2026-07-30T11:10:42Z,1785409842631449464,266,6632,6636,5,161,44139,322703516,200,196,196,448255594,353798
259,2026-07-30T11:10:43Z,1785409843663797732,267,6632,6688,5,161,44328,322704282,200,196,196,448255594,353798
260,2026-07-30T11:10:44Z,1785409844697261816,268,6632,6636,5,161,44518,322705045,200,196,196,448255594,353798
261,2026-07-30T11:10:45Z,1785409845730493702,269,6632,6636,5,161,44709,322705811,200,196,196,448255594,353798
262,2026-07-30T11:10:46Z,1785409846762997388,270,6632,6636,5,161,44903,322706571,200,196,196,448255594,353798
263,2026-07-30T11:10:47Z,1785409847796303037,271,6632,6696,5,161,45095,322707326,200,196,196,448255594,353798
264,2026-07-30T11:10:48Z,1785409848836985337,272,6632,6692,5,161,45287,322708098,200,196,196,448255594,353798
265,2026-07-30T11:10:49Z,1785409849868930518,273,6708,6708,5,165,45473,322708868,200,196,196,448255594,353799
266,2026-07-30T11:10:50Z,1785409850900971641,274,6708,6708,5,165,45656,322709635,200,196,196,448255594,353799
267,2026-07-30T11:10:51Z,1785409851932351997,275,6708,6708,5,165,45843,322710403,200,196,196,448255594,353799
268,2026-07-30T11:10:52Z,1785409852964981677,276,6708,6708,5,165,46030,322711170,200,196,196,448255594,353799
269,2026-07-30T11:10:53Z,1785409853998653669,277,6708,6708,5,165,46220,322711935,200,196,196,448255594,353799
270,2026-07-30T11:10:55Z,1785409855032791526,279,6708,6708,5,165,46407,322712705,200,196,196,448255594,353799
271,2026-07-30T11:10:56Z,1785409856065426219,280,6708,6708,5,165,46594,322713471,200,196,196,448255594,353799
272,2026-07-30T11:10:57Z,1785409857097596451,281,6708,6708,5,165,46777,322714239,200,196,196,448255594,353799
273,2026-07-30T11:10:58Z,1785409858129630925,282,6708,6708,5,165,46965,322715005,200,196,196,448255594,353799
274,2026-07-30T11:10:59Z,1785409859162317440,283,6708,6772,5,165,47151,322715771,200,196,196,448255594,353799
275,2026-07-30T11:11:00Z,1785409860195535121,284,6812,6836,5,165,47337,322716542,200,196,196,448255594,353799
276,2026-07-30T11:11:01Z,1785409861228469921,285,6708,6708,5,165,47512,322717306,200,196,196,448255594,353799
277,2026-07-30T11:11:02Z,1785409862260251131,286,6708,6708,5,165,47680,322718078,200,196,196,448255594,353799
278,2026-07-30T11:11:03Z,1785409863292649795,287,6708,6708,5,165,47840,322718870,200,196,196,448255594,353799
279,2026-07-30T11:11:04Z,1785409864325504441,288,6708,6708,5,165,48004,322719656,200,196,196,448255594,353799
280,2026-07-30T11:11:05Z,1785409865358027930,289,6708,6708,5,165,48176,322720429,200,196,196,448255594,353799
281,2026-07-30T11:11:06Z,1785409866390462806,290,6708,6708,5,165,48343,322721203,000,196,196,448255594,353799
282,2026-07-30T11:11:07Z,1785409867420943170,291,6708,6708,5,165,48517,322721968,200,196,196,448255594,353799
283,2026-07-30T11:11:08Z,1785409868454449163,292,6708,6708,5,165,48694,322722736,200,196,196,448255594,353799
284,2026-07-30T11:11:09Z,1785409869487165555,293,6708,6708,5,165,48871,322723508,200,196,196,448255594,353799
285,2026-07-30T11:11:10Z,1785409870519008828,294,6708,6708,5,165,49051,322724270,200,196,196,448255594,353799
286,2026-07-30T11:11:11Z,1785409871552495378,295,6748,6712,5,165,49235,322725038,200,196,196,448255594,353799
287,2026-07-30T11:11:12Z,1785409872584665845,296,6708,6708,5,165,49415,322725801,200,196,196,448255594,353800
288,2026-07-30T11:11:13Z,1785409873618313350,297,6708,6804,5,165,49601,322726566,200,196,196,448255594,353800
289,2026-07-30T11:11:14Z,1785409874650798421,298,6708,6804,5,165,49786,322727334,200,196,196,448255594,353800
290,2026-07-30T11:11:15Z,1785409875683434473,299,6772,6804,5,165,49973,322728106,200,196,196,448255594,353800
291,2026-07-30T11:11:16Z,1785409876726084261,300,6772,6804,5,165,50163,322728882,200,196,196,448255594,353800
292,2026-07-30T11:11:17Z,1785409877756871198,301,6732,6804,5,166,50341,322729651,200,196,196,448255594,353800
293,2026-07-30T11:11:18Z,1785409878788262352,302,6732,6804,5,166,50526,322730419,200,196,196,448255594,353800
294,2026-07-30T11:11:19Z,1785409879820879291,303,6732,6804,5,166,50711,322731175,200,196,196,448255594,353800
295,2026-07-30T11:11:20Z,1785409880851931728,304,6748,6804,5,166,50895,322731939,200,196,196,448255594,353800
296,2026-07-30T11:11:21Z,1785409881884763839,305,6796,6804,5,166,51076,322732703,200,196,196,448255594,353800
297,2026-07-30T11:11:22Z,1785409882917369743,306,6732,6804,5,166,51260,322733471,200,196,196,448255594,353800
298,2026-07-30T11:11:23Z,1785409883948332395,307,6580,6804,5,128,51447,322734234,200,196,196,448255594,353800
299,2026-07-30T11:11:24Z,1785409884981577592,308,6584,6804,5,128,51630,322735001,200,196,196,448255594,353801
300,2026-07-30T11:11:26Z,1785409886012373712,310,6596,6804,5,128,51817,322735768,200,196,196,448255594,353801
301,2026-07-30T11:11:27Z,1785409887044053557,311,6580,6804,5,128,52003,322736540,200,196,196,448255594,353801
302,2026-07-30T11:11:28Z,1785409888076477599,312,6644,6804,5,128,52187,322737305,200,196,196,448255594,353801
303,2026-07-30T11:11:29Z,1785409889109215237,313,6580,6804,5,128,52366,322738078,200,196,196,448255594,353801
304,2026-07-30T11:11:30Z,1785409890142416214,314,6580,6804,5,128,52546,322738848,200,196,196,448255594,353801
305,2026-07-30T11:11:31Z,1785409891175480347,315,6580,6804,5,128,52730,322739615,200,196,196,448255594,353801
306,2026-07-30T11:11:32Z,1785409892207930119,316,6580,6804,5,128,52917,322740382,200,196,196,448255594,353801
307,2026-07-30T11:11:33Z,1785409893239550668,317,6580,6804,5,128,53103,322741150,200,196,196,448255594,353801
308,2026-07-30T11:11:34Z,1785409894272227536,318,6644,6804,5,128,53289,322741915,200,196,196,448255594,353801
309,2026-07-30T11:11:35Z,1785409895305459172,319,6580,6804,5,128,53474,322742687,200,196,196,448255594,353801
310,2026-07-30T11:11:36Z,1785409896337818098,320,6580,6804,5,128,53660,322743454,200,196,196,448255594,353801
311,2026-07-30T11:11:37Z,1785409897369872247,321,6580,6804,5,128,53848,322744213,200,196,196,448255594,353801
312,2026-07-30T11:11:38Z,1785409898401331516,322,6580,6804,5,128,54038,322744981,200,196,196,448255594,353801
313,2026-07-30T11:11:39Z,1785409899433288316,323,6580,6804,5,128,54226,322745748,200,196,196,448255594,353801
314,2026-07-30T11:11:40Z,1785409900465110558,324,6748,6804,5,170,54411,322746516,200,196,196,448255594,353801
315,2026-07-30T11:11:41Z,1785409901498676651,325,6756,6804,5,170,54589,322747282,200,196,196,448255594,353801
316,2026-07-30T11:11:42Z,1785409902530009916,326,6752,6804,5,170,54768,322748052,200,196,196,448255594,353801
317,2026-07-30T11:11:43Z,1785409903561146732,327,6752,6804,5,170,54947,322748820,200,196,196,448255594,353801
318,2026-07-30T11:11:44Z,1785409904594593972,328,6752,6804,5,170,55125,322749585,200,196,196,448255594,353801
319,2026-07-30T11:11:45Z,1785409905627710539,329,6752,6804,5,170,55304,322750354,200,196,196,448255594,353801
320,2026-07-30T11:11:46Z,1785409906660560684,330,6752,6804,5,170,55466,322751134,200,196,196,448255594,353801
321,2026-07-30T11:11:47Z,1785409907692896273,331,6680,6804,5,167,55631,322751907,200,196,196,448255594,353801
322,2026-07-30T11:11:48Z,1785409908725282823,332,6680,6804,5,167,55796,322752677,200,196,196,448255594,353801
323,2026-07-30T11:11:49Z,1785409909755637082,333,6680,6804,5,167,55974,322753450,200,196,196,448255594,353801
324,2026-07-30T11:11:50Z,1785409910788161153,334,6720,6804,5,167,56150,322754222,200,196,196,448255594,353801
325,2026-07-30T11:11:51Z,1785409911817868127,335,6680,6804,5,167,56326,322754995,200,196,196,448255594,353801
326,2026-07-30T11:11:52Z,1785409912849115651,336,6680,6804,5,167,56503,322755769,200,196,196,448255594,353801
327,2026-07-30T11:11:53Z,1785409913879532889,337,6680,6804,5,167,56678,322756542,200,196,196,448255594,353801
328,2026-07-30T11:11:54Z,1785409914910042375,338,6684,6804,5,167,56855,322757313,200,196,196,448255594,353801
329,2026-07-30T11:11:55Z,1785409915941414361,339,6680,6804,5,167,57030,322758086,200,196,196,448255594,353801
330,2026-07-30T11:11:56Z,1785409916973525252,340,6680,6804,5,167,57206,322758870,200,196,196,448255594,353801
331,2026-07-30T11:11:58Z,1785409918003845472,342,6680,6804,5,167,57384,322759647,200,196,196,448255594,353801
332,2026-07-30T11:11:59Z,1785409919032914695,343,6680,6804,5,167,57559,322760415,200,196,196,448255594,353801
333,2026-07-30T11:12:00Z,1785409920062906101,344,6684,6804,5,167,57735,322761185,200,196,196,448255594,353801
334,2026-07-30T11:12:01Z,1785409921092733927,345,6720,6804,5,167,57909,322761963,200,196,196,448255594,353801
335,2026-07-30T11:12:02Z,1785409922121787611,346,6680,6804,5,167,58085,322762734,200,196,196,448255594,353801
336,2026-07-30T11:12:03Z,1785409923152496526,347,6804,6804,5,173,58265,322763511,200,196,196,448255594,353801
337,2026-07-30T11:12:04Z,1785409924183309911,348,6804,6804,5,173,58445,322764273,200,196,196,448255594,353801
338,2026-07-30T11:12:05Z,1785409925215336293,349,6868,6804,5,173,58626,322765040,200,196,196,448255594,353801
339,2026-07-30T11:12:06Z,1785409926246267274,350,6804,6868,5,173,58811,322765809,200,196,196,448255594,353801
340,2026-07-30T11:12:07Z,1785409927278625034,351,6856,6804,5,173,58997,322766581,200,196,196,448255594,353801
341,2026-07-30T11:12:08Z,1785409928312008314,352,6804,6804,5,173,59183,322767352,200,196,196,448255594,353801
342,2026-07-30T11:12:09Z,1785409929343218390,353,6804,6804,5,173,59370,322768119,200,196,196,448255594,353801
343,2026-07-30T11:12:10Z,1785409930375055755,354,6624,6804,5,128,59557,322768894,200,196,196,448255594,353801
344,2026-07-30T11:12:11Z,1785409931406609012,355,6680,6804,5,128,59743,322769659,200,196,196,448255594,353801
345,2026-07-30T11:12:12Z,1785409932437843280,356,6624,6804,5,128,59923,322770428,200,196,196,448255594,353801
346,2026-07-30T11:12:13Z,1785409933471025200,357,6624,6804,5,128,60097,322771194,200,196,196,448255594,353801
347,2026-07-30T11:12:14Z,1785409934503533529,358,6688,6804,5,128,60285,322771963,200,196,196,448255594,353801
348,2026-07-30T11:12:15Z,1785409935538247787,359,6624,6804,5,128,60471,322772735,200,196,196,448255594,353801
349,2026-07-30T11:12:16Z,1785409936571612212,360,6624,6804,5,128,60656,322773505,200,196,196,448255594,353801
350,2026-07-30T11:12:17Z,1785409937605186642,361,6624,6804,5,128,60838,322774268,200,196,196,448255594,353801
351,2026-07-30T11:12:18Z,1785409938636854669,362,6624,6804,5,128,61013,322775037,200,196,196,448255594,353801
352,2026-07-30T11:12:19Z,1785409939668653752,363,6624,6804,5,128,61194,322775806,200,196,196,448255594,353801
353,2026-07-30T11:12:20Z,1785409940700690658,364,6624,6804,5,128,61378,322776570,200,196,196,448255594,353802
354,2026-07-30T11:12:21Z,1785409941733164016,365,6624,6804,5,128,61563,322777333,200,196,196,448255594,353802
355,2026-07-30T11:12:22Z,1785409942765671934,366,6624,6804,5,128,61748,322778100,200,196,196,448255594,353802
356,2026-07-30T11:12:23Z,1785409943798795370,367,6624,6804,5,128,61931,322778866,200,196,196,448255594,353803
357,2026-07-30T11:12:24Z,1785409944831666284,368,6624,6804,5,128,62116,322779638,200,196,196,448255594,353803
358,2026-07-30T11:12:25Z,1785409945864019404,369,6784,6804,5,168,62301,322780412,200,196,196,448255594,353803
359,2026-07-30T11:12:26Z,1785409946895966933,370,6784,6804,5,168,62485,322781180,200,196,196,448255594,353803
360,2026-07-30T11:12:27Z,1785409947928605256,371,6784,6804,5,168,62674,322781944,200,196,196,448255594,353803
361,2026-07-30T11:12:28Z,1785409948961729463,372,6848,6804,5,168,62861,322782713,200,196,196,448255594,353803
362,2026-07-30T11:12:29Z,1785409949996240506,373,6848,6804,5,168,63052,322783475,200,196,196,448255594,353803
363,2026-07-30T11:12:31Z,1785409951031438589,375,6784,6804,5,168,63241,322784243,200,196,196,448255594,353803
364,2026-07-30T11:12:32Z,1785409952064465539,376,6784,6804,5,168,63431,322785005,200,196,196,448255594,353803
365,2026-07-30T11:12:33Z,1785409953096285776,377,6704,6804,5,163,63619,322785769,200,196,196,448255594,353803
366,2026-07-30T11:12:34Z,1785409954128818574,378,6704,6804,5,163,63807,322786526,200,196,196,448255594,353803
367,2026-07-30T11:12:35Z,1785409955161634477,379,6704,6804,5,163,63993,322787299,200,196,196,448255594,353803
368,2026-07-30T11:12:36Z,1785409956192809755,380,6704,6804,5,163,64181,322788068,200,196,196,448255594,353803
369,2026-07-30T11:12:37Z,1785409957226421938,381,6704,6804,5,163,64359,322788845,200,196,196,448255594,353803
370,2026-07-30T11:12:38Z,1785409958259197660,382,6768,6804,5,163,64547,322789612,200,196,196,448255594,353803
371,2026-07-30T11:12:39Z,1785409959290676395,383,6704,6804,5,163,64731,322790372,200,196,196,448255594,353803
372,2026-07-30T11:12:40Z,1785409960323362939,384,6704,6804,5,163,64917,322791138,200,196,196,448255594,353803
373,2026-07-30T11:12:41Z,1785409961356457123,385,6704,6804,5,163,65094,322791903,200,196,196,448255594,353804
374,2026-07-30T11:12:42Z,1785409962389114364,386,6704,6804,5,163,65266,322792678,200,196,196,448255594,353804
375,2026-07-30T11:12:43Z,1785409963422028255,387,6704,6804,5,163,65443,322793442,200,196,196,448255594,353804
376,2026-07-30T11:12:44Z,1785409964452908589,388,6704,6804,5,163,65631,322794217,200,196,196,448255594,353804
377,2026-07-30T11:12:45Z,1785409965486443112,389,6704,6804,5,163,65816,322794979,200,196,196,448255594,353804
378,2026-07-30T11:12:46Z,1785409966519155444,390,6752,6804,5,163,66005,322795746,200,196,196,448255594,353804
379,2026-07-30T11:12:47Z,1785409967551154300,391,6704,6804,5,163,66192,322796519,200,196,196,448255594,353804
380,2026-07-30T11:12:48Z,1785409968583321126,392,6740,6804,5,163,66376,322797282,200,196,196,448255594,353804
381,2026-07-30T11:12:49Z,1785409969615993580,393,6704,6804,5,163,66569,322798050,200,196,196,448255594,353804
382,2026-07-30T11:12:50Z,1785409970647828700,394,6704,6804,5,163,66758,322798815,200,196,196,448255594,353804
383,2026-07-30T11:12:51Z,1785409971680473258,395,6704,6804,5,163,66948,322799586,200,196,196,448255594,353804
384,2026-07-30T11:12:52Z,1785409972712358324,396,6704,6804,5,163,67139,322800351,200,196,196,448255594,353804
385,2026-07-30T11:12:53Z,1785409973744214732,397,6728,6804,5,163,67331,322801125,200,196,196,448255594,353804
386,2026-07-30T11:12:54Z,1785409974776243812,398,6708,6804,5,163,67517,322801891,200,196,196,448255594,353804
387,2026-07-30T11:12:55Z,1785409975806942139,399,6492,6804,5,120,67701,322802665,200,196,196,448255594,353804
388,2026-07-30T11:12:56Z,1785409976838485785,400,6492,6804,5,120,67886,322803431,200,196,196,448255594,353804
389,2026-07-30T11:12:57Z,1785409977870568901,401,6492,6804,5,120,68069,322804195,200,196,196,448255594,353804
390,2026-07-30T11:12:58Z,1785409978902291111,402,6492,6804,5,120,68252,322804964,200,196,196,448255594,353804
391,2026-07-30T11:12:59Z,1785409979935158870,403,6492,6804,5,120,68439,322805735,200,196,196,448255594,353804
392,2026-07-30T11:13:00Z,1785409980967991150,404,6492,6804,5,120,68624,322806503,200,196,196,448255594,353804
393,2026-07-30T11:13:01Z,1785409982001196710,406,6492,6804,5,120,68809,322807270,200,196,196,448255594,353804
394,2026-07-30T11:13:03Z,1785409983032712947,407,6492,6804,5,120,68993,322808032,200,196,196,448255594,353804
395,2026-07-30T11:13:04Z,1785409984063965736,408,6492,6804,5,120,69179,322808797,200,196,196,448255594,353804
396,2026-07-30T11:13:05Z,1785409985094758768,409,6492,6804,5,120,69362,322809569,200,196,196,448255594,353804
397,2026-07-30T11:13:06Z,1785409986125818446,410,6492,6804,5,120,69547,322810334,200,196,196,448255594,353804
398,2026-07-30T11:13:07Z,1785409987158226885,411,6492,6804,5,120,69734,322811104,200,196,196,448255594,353804
399,2026-07-30T11:13:08Z,1785409988190143110,412,6492,6804,5,120,69923,322811870,200,196,196,448255594,353804
400,2026-07-30T11:13:09Z,1785409989221952578,413,6552,6804,5,120,70111,322812636,200,196,196,448255594,353804
401,2026-07-30T11:13:10Z,1785409990253477532,414,6492,6804,5,120,70300,322813408,200,196,196,448255594,353804
402,2026-07-30T11:13:11Z,1785409991285254670,415,6492,6804,5,120,70489,322814175,200,196,196,448255594,353804
403,2026-07-30T11:13:12Z,1785409992316610969,416,6680,6804,5,162,70678,322814943,200,196,196,448255598,353804
404,2026-07-30T11:13:13Z,1785409993348169831,417,6680,6804,5,162,70857,322815706,200,196,196,448255598,353804
405,2026-07-30T11:13:14Z,1785409994379560460,418,6680,6804,5,162,71036,322816475,200,196,196,448255598,353804
406,2026-07-30T11:13:15Z,1785409995410955146,419,6680,6804,5,162,71218,322817244,200,196,196,448255598,353804
407,2026-07-30T11:13:16Z,1785409996442138872,420,6680,6804,5,162,71400,322818017,200,196,196,448255598,353804
408,2026-07-30T11:13:17Z,1785409997473584681,421,6680,6804,5,162,71578,322818776,200,196,196,448255598,353804
409,2026-07-30T11:13:18Z,1785409998506585144,422,6680,6804,5,162,71755,322819541,200,196,196,448255598,353804
410,2026-07-30T11:13:19Z,1785409999537676857,423,6744,6804,5,162,71934,322820306,200,196,196,448255598,353804
411,2026-07-30T11:13:20Z,1785410000568927542,424,6680,6804,5,162,72116,322821078,200,196,196,448255598,353804
412,2026-07-30T11:13:21Z,1785410001599532652,425,6680,6804,5,162,72298,322821843,200,196,196,448255598,353804
413,2026-07-30T11:13:22Z,1785410002630218387,426,6680,6804,5,162,72477,322822605,200,196,196,448255598,353804
414,2026-07-30T11:13:23Z,1785410003661862765,427,6680,6804,5,162,72654,322823376,200,196,196,448255598,353804
415,2026-07-30T11:13:24Z,1785410004694915942,428,6680,6804,5,162,72838,322824144,200,196,196,448255598,353804
416,2026-07-30T11:13:25Z,1785410005728205503,429,6680,6804,5,162,73024,322824906,200,196,196,448255598,353804
417,2026-07-30T11:13:26Z,1785410006759145261,430,6680,6804,5,162,73213,322825671,200,196,196,448255598,353804
418,2026-07-30T11:13:27Z,1785410007793655319,431,6680,6804,5,162,73398,322826434,200,196,196,448255598,353804
419,2026-07-30T11:13:28Z,1785410008825315946,432,6692,6804,5,165,73589,322827198,200,196,196,448255598,353804
420,2026-07-30T11:13:29Z,1785410009858908875,433,6692,6804,5,165,73779,322827974,200,196,196,448255598,353804
421,2026-07-30T11:13:30Z,1785410010894194864,434,6692,6804,5,165,73968,322828748,200,196,196,448255598,353804
422,2026-07-30T11:13:31Z,1785410011928161339,435,6692,6804,5,165,74161,322829516,200,196,196,448255598,353804
423,2026-07-30T11:13:32Z,1785410012961976449,436,6692,6804,5,165,74352,322830290,200,196,196,448255598,353804
424,2026-07-30T11:13:33Z,1785410013994792043,437,6692,6804,5,165,74542,322831061,200,196,196,448255598,353804
425,2026-07-30T11:13:35Z,1785410015028337497,439,6732,6804,5,165,74736,322831829,200,196,196,448255598,353805
426,2026-07-30T11:13:36Z,1785410016061352655,440,6692,6804,5,165,74928,322832589,200,196,196,448255598,353805
427,2026-07-30T11:13:37Z,1785410017093992550,441,6692,6804,5,165,75119,322833357,200,196,196,448255598,353805
428,2026-07-30T11:13:38Z,1785410018125847373,442,6708,6804,5,165,75309,322834117,200,196,196,448255598,353805
429,2026-07-30T11:13:39Z,1785410019157312936,443,6712,6804,5,165,75499,322834887,200,196,196,448255598,353805
430,2026-07-30T11:13:40Z,1785410020189696104,444,6756,6804,5,165,75688,322835654,200,196,196,448255598,353805
431,2026-07-30T11:13:41Z,1785410021222188380,445,6692,6804,5,165,75879,322836413,200,196,196,448255598,353805
432,2026-07-30T11:13:42Z,1785410022254884099,446,6552,6804,5,140,76070,322837180,200,196,196,448255598,353805
433,2026-07-30T11:13:43Z,1785410023287696339,447,6552,6804,5,140,76251,322837939,200,196,196,448255598,353805
434,2026-07-30T11:13:44Z,1785410024319943658,448,6552,6804,5,140,76432,322838712,200,196,196,448255598,353805
435,2026-07-30T11:13:45Z,1785410025353693186,449,6560,6804,5,140,76616,322839489,200,196,196,448255598,353805
436,2026-07-30T11:13:46Z,1785410026387671842,450,6552,6804,5,140,76805,322840258,200,196,196,448255598,353805
437,2026-07-30T11:13:47Z,1785410027421598080,451,6552,6804,5,140,76993,322841029,200,196,196,448255598,353805
438,2026-07-30T11:13:48Z,1785410028453862268,452,6552,6804,5,140,77182,322841791,200,196,196,448255598,353805
439,2026-07-30T11:13:49Z,1785410029486621311,453,6552,6804,5,140,77369,322842560,200,196,196,448255598,353805
440,2026-07-30T11:13:50Z,1785410030518851594,454,6552,6804,5,140,77556,322843328,200,196,196,448255598,353805
441,2026-07-30T11:13:51Z,1785410031550034466,455,6616,6804,5,140,77735,322844092,200,196,196,448255598,353806
442,2026-07-30T11:13:52Z,1785410032582288629,456,6552,6804,5,140,77924,322844855,200,196,196,448255598,353806
443,2026-07-30T11:13:53Z,1785410033613661046,457,6616,6804,5,140,78113,322845611,200,196,196,448255598,353806
444,2026-07-30T11:13:54Z,1785410034645900843,458,6552,6804,5,140,78302,322846380,200,196,196,448255598,353806
445,2026-07-30T11:13:55Z,1785410035677412177,459,6552,6804,5,140,78485,322847147,200,196,196,448255598,353806
446,2026-07-30T11:13:56Z,1785410036710452839,460,6552,6804,5,140,78672,322847915,200,196,196,448255598,353806
447,2026-07-30T11:13:57Z,1785410037751506199,461,6648,6804,5,143,78862,322848685,200,196,196,448255598,353806
448,2026-07-30T11:13:58Z,1785410038784583593,462,6696,6804,5,171,79050,322849456,200,196,196,448255598,353806
449,2026-07-30T11:13:59Z,1785410039817137644,463,6724,6804,5,171,79235,322850213,200,196,196,448255598,353806
450,2026-07-30T11:14:00Z,1785410040850281000,464,6696,6804,5,171,79423,322850978,200,196,196,448255598,353806
451,2026-07-30T11:14:01Z,1785410041883985975,465,6696,6804,5,171,79614,322851747,200,196,196,448255598,353806
452,2026-07-30T11:14:02Z,1785410042914540665,466,6696,6804,5,171,79799,322852519,200,196,196,448255598,353806
453,2026-07-30T11:14:03Z,1785410043947791666,467,6696,6804,5,171,79982,322853288,200,196,196,448255598,353806
454,2026-07-30T11:14:04Z,1785410044980033778,468,6696,6804,5,171,80165,322854060,200,196,196,448255598,353806
455,2026-07-30T11:14:06Z,1785410046012171177,470,6696,6804,5,171,80348,322854829,200,196,196,448255598,353806
456,2026-07-30T11:14:07Z,1785410047043407432,471,6696,6804,5,171,80530,322855603,200,196,196,448255598,353806
457,2026-07-30T11:14:08Z,1785410048074999483,472,6696,6804,5,171,80712,322856375,200,196,196,448255598,353806
458,2026-07-30T11:14:09Z,1785410049106490727,473,6696,6804,5,171,80893,322857151,200,196,196,448255598,353806
459,2026-07-30T11:14:10Z,1785410050138844685,474,6760,6804,5,171,81076,322857918,200,196,196,448255598,353806
460,2026-07-30T11:14:11Z,1785410051170866642,475,6728,6804,5,171,81258,322858686,200,196,196,448255598,353806
461,2026-07-30T11:14:12Z,1785410052203549565,476,6696,6804,5,171,81440,322859455,200,196,196,448255598,353806
462,2026-07-30T11:14:13Z,1785410053235399131,477,6696,6804,5,171,81620,322860218,200,196,196,448255598,353806
463,2026-07-30T11:14:14Z,1785410054267917779,478,6696,6804,5,171,81808,322860986,200,196,196,448255598,353806
464,2026-07-30T11:14:15Z,1785410055301205686,479,6696,6804,5,171,81993,322861758,200,196,196,448255598,353806
465,2026-07-30T11:14:16Z,1785410056335111855,480,6696,6804,5,171,82184,322862530,200,196,196,448255598,353806
466,2026-07-30T11:14:17Z,1785410057367986651,481,6696,6804,5,171,82371,322863302,200,196,196,448255598,353806
467,2026-07-30T11:14:18Z,1785410058399583911,482,6696,6804,5,171,82556,322864066,200,196,196,448255598,353806
468,2026-07-30T11:14:19Z,1785410059440390110,483,6696,6804,5,171,82744,322864842,200,196,196,448255598,353806
469,2026-07-30T11:14:20Z,1785410060472353127,484,6696,6804,5,171,82929,322865612,200,196,196,448255598,353806
470,2026-07-30T11:14:21Z,1785410061504601437,485,6716,6804,5,176,83119,322866382,200,196,196,448255598,353806
471,2026-07-30T11:14:22Z,1785410062536997017,486,6716,6804,5,176,83305,322867143,200,196,196,448255598,353806
472,2026-07-30T11:14:23Z,1785410063568173639,487,6716,6804,5,176,83494,322867907,200,196,196,448255598,353806
473,2026-07-30T11:14:24Z,1785410064601353723,488,6716,6804,5,176,83684,322868674,200,196,196,448255598,353806
474,2026-07-30T11:14:25Z,1785410065634342645,489,6716,6804,5,176,83873,322869439,200,196,196,448255598,353806
475,2026-07-30T11:14:26Z,1785410066667242518,490,6716,6804,5,176,84060,322870209,200,196,196,448255598,353806
476,2026-07-30T11:14:27Z,1785410067700502840,491,6752,6804,5,176,84246,322870980,200,196,196,448255598,353806
477,2026-07-30T11:14:28Z,1785410068733056802,492,6556,6804,5,136,84436,322871749,200,196,196,448255598,353806
478,2026-07-30T11:14:29Z,1785410069765631997,493,6556,6804,5,136,84622,322872515,200,196,196,448255598,353806
479,2026-07-30T11:14:30Z,1785410070797668579,494,6588,6804,5,136,84810,322873278,200,196,196,448255598,353806
480,2026-07-30T11:14:31Z,1785410071832550121,495,6556,6804,5,136,85004,322874044,200,196,196,448255598,353806
481,2026-07-30T11:14:32Z,1785410072865044007,496,6556,6804,5,136,85194,322874815,200,196,196,448255598,353806
482,2026-07-30T11:14:33Z,1785410073896373260,497,6568,6804,5,136,85382,322875581,200,196,196,448255598,353806
483,2026-07-30T11:14:34Z,1785410074929104474,498,6556,6804,5,136,85568,322876348,200,196,196,448255598,353806
484,2026-07-30T11:14:35Z,1785410075962083478,499,6604,6804,5,138,85757,322877110,200,196,196,448255598,353806
485,2026-07-30T11:14:36Z,1785410076994815144,500,6604,6804,5,138,85945,322877881,200,196,196,448255598,353806
486,2026-07-30T11:14:38Z,1785410078026704334,502,6604,6804,5,138,86133,322878646,200,196,196,448255598,353806
487,2026-07-30T11:14:39Z,1785410079058743218,503,6604,6804,5,138,86320,322879411,200,196,196,448255598,353806
488,2026-07-30T11:14:40Z,1785410080089765124,504,6604,6804,5,138,86506,322880181,200,196,196,448255598,353806
489,2026-07-30T11:14:41Z,1785410081121191407,505,6604,6804,5,138,86691,322880939,200,196,196,448255598,353806
490,2026-07-30T11:14:42Z,1785410082151531647,506,6604,6804,5,138,86877,322881708,200,196,196,448255598,353806
491,2026-07-30T11:14:43Z,1785410083183417790,507,6604,6804,5,138,87063,322882472,200,196,196,448255598,353806
492,2026-07-30T11:14:44Z,1785410084216766644,508,6764,6804,5,178,87253,322883246,200,196,196,448255598,353806
493,2026-07-30T11:14:45Z,1785410085246902246,509,6764,6824,5,178,87440,322884005,200,196,196,448255598,353806
494,2026-07-30T11:14:46Z,1785410086278929157,510,6764,6804,5,178,87627,322884768,200,196,196,448255598,353806
495,2026-07-30T11:14:47Z,1785410087309680803,511,6764,6804,5,178,87815,322885536,200,196,196,448255598,353806
496,2026-07-30T11:14:48Z,1785410088342850077,512,6764,6804,5,178,88004,322886309,200,196,196,448255598,353806
497,2026-07-30T11:14:49Z,1785410089375424775,513,6764,6804,5,178,88196,322887069,200,196,196,448255598,353806
498,2026-07-30T11:14:50Z,1785410090409235542,514,6764,6804,5,178,88388,322887836,200,196,196,448255598,353806
499,2026-07-30T11:14:51Z,1785410091442939299,515,6724,6804,5,168,88578,322888601,200,196,196,448255598,353806
500,2026-07-30T11:14:52Z,1785410092475085491,516,6756,6804,5,168,88768,322889369,200,196,196,448255598,353806
501,2026-07-30T11:14:53Z,1785410093508363380,517,6764,6804,5,168,88959,322890138,200,196,196,448255598,353806
502,2026-07-30T11:14:54Z,1785410094543417896,518,6724,6804,5,168,89148,322890909,200,196,196,448255598,353806
503,2026-07-30T11:14:55Z,1785410095576376929,519,6756,6804,5,168,89333,322891685,200,196,196,448255598,353806
504,2026-07-30T11:14:56Z,1785410096608861540,520,6724,6804,5,168,89521,322892450,200,196,196,448255598,353806
505,2026-07-30T11:14:57Z,1785410097639386147,521,6724,6804,5,168,89708,322893220,200,196,196,448255598,353806
506,2026-07-30T11:14:58Z,1785410098670091779,522,6728,6804,5,169,89895,322893991,200,196,196,448255598,353806
507,2026-07-30T11:14:59Z,1785410099701300238,523,6728,6804,5,169,90079,322894763,200,196,196,448255598,353806
508,2026-07-30T11:15:00Z,1785410100733206683,524,6792,6804,5,169,90262,322895533,200,196,196,448255598,353806
509,2026-07-30T11:15:01Z,1785410101765216800,525,6740,6804,5,169,90447,322896305,200,196,196,448255598,353806
510,2026-07-30T11:15:02Z,1785410102798235177,526,6728,6804,5,169,90634,322897077,200,196,196,448255598,353806
511,2026-07-30T11:15:03Z,1785410103830846588,527,6728,6804,5,169,90822,322897845,200,196,196,448255598,353806
512,2026-07-30T11:15:04Z,1785410104864422410,528,6728,6804,5,169,91011,322898610,200,196,196,448255598,353806
513,2026-07-30T11:15:05Z,1785410105896561603,529,6736,6804,5,169,91200,322899371,200,196,196,448255598,353806
514,2026-07-30T11:15:06Z,1785410106927153412,530,6684,6804,5,168,91390,322900138,200,196,196,448255598,353806
515,2026-07-30T11:15:07Z,1785410107959728042,531,6748,6804,5,168,91578,322900903,200,196,196,448255598,353806
516,2026-07-30T11:15:08Z,1785410108992525026,532,6684,6804,5,168,91768,322901675,200,196,196,448255598,353806
517,2026-07-30T11:15:10Z,1785410110024621966,534,6684,6804,5,168,91959,322902438,200,196,196,448255598,353806
518,2026-07-30T11:15:11Z,1785410111055591042,535,6684,6804,5,168,92148,322903205,200,196,196,448255598,353806
519,2026-07-30T11:15:12Z,1785410112086298445,536,6684,6804,5,168,92332,322903974,200,196,196,448255598,353806
520,2026-07-30T11:15:13Z,1785410113118725431,537,6684,6804,5,168,92518,322904738,200,196,196,448255598,353806
521,2026-07-30T11:15:14Z,1785410114151715024,538,6684,6804,5,168,92704,322905505,200,196,196,448255598,353806
522,2026-07-30T11:15:15Z,1785410115183024592,539,6684,6804,5,168,92890,322906273,200,196,196,448255598,353806
523,2026-07-30T11:15:16Z,1785410116216195500,540,6684,6804,5,168,93076,322907043,200,196,196,448255598,353806
524,2026-07-30T11:15:17Z,1785410117247997980,541,6684,6804,5,168,93265,322907809,200,196,196,448255598,353806
525,2026-07-30T11:15:18Z,1785410118280419674,542,6684,6804,5,168,93452,322908578,200,196,196,448255598,353806
526,2026-07-30T11:15:19Z,1785410119312112818,543,6684,6804,5,168,93639,322909344,200,196,196,448255598,353806
527,2026-07-30T11:15:20Z,1785410120344341404,544,6684,6804,5,168,93826,322910113,200,196,196,448255598,353806
528,2026-07-30T11:15:21Z,1785410121377738135,545,6704,6856,5,168,94015,322910880,200,196,196,448255598,353806
529,2026-07-30T11:15:22Z,1785410122411112560,546,6704,6856,5,168,94204,322911646,200,196,196,448255598,353806
530,2026-07-30T11:15:23Z,1785410123441954245,547,6704,6856,5,168,94392,322912412,200,196,196,448255598,353806
531,2026-07-30T11:15:24Z,1785410124474713545,548,6704,6856,5,168,94581,322913179,200,196,196,448255598,353806
532,2026-07-30T11:15:25Z,1785410125506768575,549,6704,6856,5,168,94768,322913953,200,196,196,448255598,353806
533,2026-07-30T11:15:26Z,1785410126538675756,550,6704,6856,5,168,94958,322914724,200,196,196,448255598,353806
534,2026-07-30T11:15:27Z,1785410127571562299,551,6704,6856,5,168,95148,322915495,200,196,196,448255598,353806
535,2026-07-30T11:15:28Z,1785410128603185584,552,6704,6856,5,168,95337,322916260,200,196,196,448255598,353806
536,2026-07-30T11:15:29Z,1785410129636410256,553,6704,6856,5,168,95522,322917027,200,196,196,448255598,353806
537,2026-07-30T11:15:30Z,1785410130668898796,554,6732,6856,5,170,95709,322917803,200,196,196,448255598,353806
538,2026-07-30T11:15:31Z,1785410131702563759,555,6732,6856,5,170,95899,322918563,200,196,196,448255598,353806
539,2026-07-30T11:15:32Z,1785410132734817507,556,6732,6856,5,170,96087,322919332,200,196,196,448255598,353806
540,2026-07-30T11:15:33Z,1785410133767708610,557,6732,6856,5,170,96274,322920105,200,196,196,448255598,353806
541,2026-07-30T11:15:34Z,1785410134799891208,558,6732,6856,5,170,96462,322920871,200,196,196,448255598,353806
542,2026-07-30T11:15:35Z,1785410135831890033,559,6732,6856,5,170,96647,322921633,200,196,196,448255598,353806
543,2026-07-30T11:15:36Z,1785410136864619975,560,6728,6856,5,169,96832,322922400,200,196,196,448255598,353806
544,2026-07-30T11:15:37Z,1785410137897255472,561,6728,6856,5,169,97016,322923172,200,196,196,448255598,353806
545,2026-07-30T11:15:38Z,1785410138928421436,562,6728,6856,5,169,97200,322923945,200,196,196,448255598,353806
546,2026-07-30T11:15:39Z,1785410139959272721,563,6780,6856,5,169,97385,322924711,200,196,196,448255598,353806
547,2026-07-30T11:15:40Z,1785410140990741712,564,6728,6856,5,169,97569,322925487,200,196,196,448255598,353806
548,2026-07-30T11:15:42Z,1785410142022678912,566,6728,6856,5,169,97753,322926256,200,196,196,448255598,353806
549,2026-07-30T11:15:43Z,1785410143056012235,567,6728,6856,5,169,97941,322927022,200,196,196,448255598,353806
550,2026-07-30T11:15:44Z,1785410144087625392,568,6728,6856,5,169,98126,322927790,200,196,196,448255598,353806
551,2026-07-30T11:15:45Z,1785410145116809999,569,6728,6856,5,169,98310,322928558,200,196,196,448255598,353806
552,2026-07-30T11:15:46Z,1785410146149172492,570,6792,6856,5,169,98492,322929332,200,196,196,448255598,353806
553,2026-07-30T11:15:47Z,1785410147182567199,571,6728,6856,5,169,98676,322930096,200,196,196,448255598,353806
554,2026-07-30T11:15:48Z,1785410148213853707,572,6728,6856,5,169,98860,322930867,200,196,196,448255598,353806
555,2026-07-30T11:15:49Z,1785410149244861091,573,6792,6856,5,169,99044,322931632,200,196,196,448255598,353806
556,2026-07-30T11:15:50Z,1785410150275609772,574,6728,6856,5,169,99223,322932407,200,196,196,448255598,353806
557,2026-07-30T11:15:51Z,1785410151306145392,575,6672,6856,5,166,99401,322933180,200,196,196,448255598,353806
558,2026-07-30T11:15:52Z,1785410152337809717,576,6672,6856,5,166,99582,322933950,200,196,196,448255598,353806
559,2026-07-30T11:15:53Z,1785410153368943673,577,6728,6856,5,166,99766,322934726,200,196,196,448255598,353806
560,2026-07-30T11:15:54Z,1785410154400654854,578,6672,6856,5,166,99948,322935493,200,196,196,448255598,353806
561,2026-07-30T11:15:55Z,1785410155432250644,579,6736,6856,5,166,100129,322936262,200,196,196,448255598,353806
562,2026-07-30T11:15:56Z,1785410156462785275,580,6672,6856,5,166,100311,322937027,200,196,196,448255598,353806
563,2026-07-30T11:15:57Z,1785410157494238122,581,6672,6856,5,166,100492,322937792,200,196,196,448255598,353806
564,2026-07-30T11:15:58Z,1785410158524554714,582,6732,6856,5,166,100674,322938557,200,196,196,448255598,353806
565,2026-07-30T11:15:59Z,1785410159555034856,583,6672,6856,5,166,100855,322939315,200,196,196,448255598,353806
566,2026-07-30T11:16:00Z,1785410160587958528,584,6672,6856,5,166,101037,322940085,200,196,196,448255598,353806
567,2026-07-30T11:16:01Z,1785410161620221151,585,6672,6856,5,166,101220,322940855,200,196,196,448255598,353806
568,2026-07-30T11:16:02Z,1785410162653280004,586,6672,6856,5,166,101405,322941622,200,196,196,448255598,353807
569,2026-07-30T11:16:03Z,1785410163684963606,587,6672,6856,5,166,101590,322942393,200,196,196,448255598,353807
570,2026-07-30T11:16:04Z,1785410164716157584,588,6688,6856,5,166,101776,322943157,200,196,196,448255598,353807
571,2026-07-30T11:16:05Z,1785410165749158556,589,6672,6856,5,166,101957,322943924,200,196,196,448255598,353807
572,2026-07-30T11:16:06Z,1785410166779604289,590,6680,6856,5,168,102142,322944694,200,196,196,448255598,353807
573,2026-07-30T11:16:07Z,1785410167812458107,591,6684,6856,5,168,102326,322945462,200,196,196,448255598,353807
574,2026-07-30T11:16:08Z,1785410168843852372,592,6680,6856,5,168,102513,322946232,200,196,196,448255598,353807
575,2026-07-30T11:16:09Z,1785410169875775402,593,6680,6856,5,168,102698,322947003,200,196,196,448255598,353807
576,2026-07-30T11:16:10Z,1785410170906785372,594,6680,6856,5,168,102884,322947767,200,196,196,448255598,353807
577,2026-07-30T11:16:11Z,1785410171938244364,595,6744,6856,5,168,103070,322948534,200,196,196,448255598,353807
578,2026-07-30T11:16:12Z,1785410172970808767,596,6680,6856,5,168,103257,322949305,200,196,196,448255598,353807
579,2026-07-30T11:16:14Z,1785410174003698451,598,6740,6856,5,168,103444,322950070,200,196,196,448255598,353807
580,2026-07-30T11:16:15Z,1785410175036025215,599,6680,6856,5,168,103635,322950834,200,196,196,448255598,353807
581,2026-07-30T11:16:16Z,1785410176068704898,600,6680,6856,5,168,103825,322951604,200,196,196,448255598,353807
582,2026-07-30T11:16:17Z,1785410177102741631,601,6680,6856,5,168,104011,322952373,200,196,196,448255598,353807
583,2026-07-30T11:16:18Z,1785410178134558290,602,6680,6856,5,168,104195,322953144,200,196,196,448255598,353807
584,2026-07-30T11:16:19Z,1785410179166824631,603,6680,6856,5,168,104380,322953913,200,196,196,448255598,353807
585,2026-07-30T11:16:20Z,1785410180197838653,604,6680,6856,5,168,104566,322954674,200,196,196,448255598,353807
586,2026-07-30T11:16:21Z,1785410181230347935,605,6680,6856,5,168,104750,322955441,200,196,196,448255598,353807
587,2026-07-30T11:16:22Z,1785410182262036934,606,6680,6856,5,168,104932,322956208,200,196,196,448255598,353807
588,2026-07-30T11:16:23Z,1785410183294222117,607,6656,6856,5,162,105117,322956978,200,196,196,448255598,353810
589,2026-07-30T11:16:24Z,1785410184326182803,608,6656,6856,5,162,105301,322957740,200,196,196,448255598,353810
590,2026-07-30T11:16:25Z,1785410185359056298,609,6656,6856,5,162,105487,322958511,200,196,196,448255598,353810
591,2026-07-30T11:16:26Z,1785410186391157205,610,6680,6856,5,162,105674,322959278,200,196,196,448255598,353810
592,2026-07-30T11:16:27Z,1785410187422211059,611,6732,6856,5,162,105863,322960041,200,196,196,448255598,353810
593,2026-07-30T11:16:28Z,1785410188454425634,612,6656,6856,5,162,106049,322960813,200,196,196,448255598,353810
594,2026-07-30T11:16:29Z,1785410189486967956,613,6656,6856,5,162,106232,322961580,200,196,196,448255598,353810
595,2026-07-30T11:16:30Z,1785410190520757000,614,6656,6856,5,162,106415,322962354,200,196,196,448255598,353810
596,2026-07-30T11:16:31Z,1785410191554222829,615,6656,6856,5,162,106601,322963125,200,196,196,448255598,353810
597,2026-07-30T11:16:32Z,1785410192587266808,616,6656,6856,5,162,106785,322963891,200,196,196,448255598,353810
598,2026-07-30T11:16:33Z,1785410193618556282,617,6656,6856,5,162,106972,322964659,200,196,196,448255598,353810
599,2026-07-30T11:16:34Z,1785410194650784028,618,6656,6856,5,162,107157,322965432,200,196,196,448255598,353810
600,2026-07-30T11:16:35Z,1785410195684056689,619,6656,6856,5,162,107341,322966199,200,196,196,448255598,353810
601,2026-07-30T11:16:36Z,1785410196715932321,620,6632,6856,5,161,107528,322966966,200,196,196,448255598,353810
602,2026-07-30T11:16:37Z,1785410197747505621,621,6696,6856,5,161,107714,322967732,200,196,196,448255598,353810
603,2026-07-30T11:16:38Z,1785410198779701917,622,6760,6856,5,161,107900,322968504,200,196,196,448255598,353810
604,2026-07-30T11:16:39Z,1785410199811343501,623,6632,6856,5,161,108080,322969277,200,196,196,448255598,353810
605,2026-07-30T11:16:40Z,1785410200844335995,624,6632,6856,5,161,108259,322970050,200,196,196,448255598,353810
606,2026-07-30T11:16:41Z,1785410201875686097,625,6736,6856,5,161,108443,322970817,200,196,196,448255598,353810
607,2026-07-30T11:16:42Z,1785410202907791365,626,6632,6856,5,161,108623,322971583,200,196,196,448255598,353810
608,2026-07-30T11:16:43Z,1785410203940583926,627,6692,6856,5,161,108805,322972357,200,196,196,448255598,353810
609,2026-07-30T11:16:44Z,1785410204972471785,628,6632,6856,5,161,108987,322973123,200,196,196,448255598,353810
610,2026-07-30T11:16:46Z,1785410206004918593,630,6612,6856,5,140,109167,322973898,200,196,196,448255598,353810
611,2026-07-30T11:16:47Z,1785410207036426275,631,6548,6856,5,140,109350,322974671,200,196,196,448255598,353810
612,2026-07-30T11:16:48Z,1785410208068421220,632,6548,6856,5,140,109531,322975437,200,196,196,448255598,353810
613,2026-07-30T11:16:49Z,1785410209100042914,633,6612,6856,5,140,109714,322976210,200,196,196,448255598,353810
614,2026-07-30T11:16:50Z,1785410210132776211,634,6612,6856,5,140,109895,322976981,200,196,196,448255598,353810
615,2026-07-30T11:16:51Z,1785410211163452413,635,6548,6856,5,140,110077,322977755,200,196,196,448255598,353810
616,2026-07-30T11:16:52Z,1785410212195463460,636,6548,6856,5,140,110259,322978527,200,196,196,448255598,353811
617,2026-07-30T11:16:53Z,1785410213225571132,637,6548,6856,5,140,110437,322979297,200,196,196,448255598,353811
618,2026-07-30T11:16:54Z,1785410214256878399,638,6624,6856,5,142,110620,322980065,200,196,196,448255598,353812
619,2026-07-30T11:16:55Z,1785410215289397743,639,6576,6856,5,142,110806,322980833,200,196,196,448255598,353812
620,2026-07-30T11:16:56Z,1785410216322795770,640,6576,6856,5,142,110991,322981604,200,196,196,448255598,353812
621,2026-07-30T11:16:57Z,1785410217354183278,641,6576,6856,5,142,111178,322982375,200,196,196,448255598,353812
622,2026-07-30T11:16:58Z,1785410218385049701,642,6576,6856,5,142,111363,322983148,200,196,196,448255598,353812
623,2026-07-30T11:16:59Z,1785410219416173935,643,6576,6856,5,142,111547,322983920,200,196,196,448255598,353812
624,2026-07-30T11:17:00Z,1785410220447977639,644,6576,6856,5,142,111731,322984692,200,196,196,448255598,353812
625,2026-07-30T11:17:01Z,1785410221480572110,645,6576,6856,5,142,111917,322985467,200,196,196,448255598,353812
626,2026-07-30T11:17:02Z,1785410222512712406,646,6708,6856,5,175,112102,322986240,200,196,196,448255598,353812
627,2026-07-30T11:17:03Z,1785410223544731688,647,6708,6856,5,175,112281,322987013,200,196,196,448255598,353812
628,2026-07-30T11:17:04Z,1785410224577003729,648,6708,6856,5,175,112459,322987781,200,196,196,448255598,353812
629,2026-07-30T11:17:05Z,1785410225609496885,649,6708,6856,5,175,112638,322988550,200,196,196,448255598,353812
630,2026-07-30T11:17:06Z,1785410226640600337,650,6708,6856,5,175,112817,322989322,200,196,196,448255598,353812
631,2026-07-30T11:17:07Z,1785410227672075703,651,6708,6856,5,175,112996,322990092,200,196,196,448255598,353812
632,2026-07-30T11:17:08Z,1785410228703371324,652,6708,6856,5,175,113176,322990862,200,196,196,448255598,353812
633,2026-07-30T11:17:09Z,1785410229735420595,653,6708,6856,5,175,113356,322991624,200,196,196,448255598,353812
634,2026-07-30T11:17:10Z,1785410230767437365,654,6708,6856,5,175,113538,322992392,200,196,196,448255598,353812
635,2026-07-30T11:17:11Z,1785410231800651921,655,6740,6856,5,175,113727,322993158,200,196,196,448255598,353812
636,2026-07-30T11:17:12Z,1785410232833483580,656,6708,6856,5,175,113917,322993917,200,196,196,448255598,353813
637,2026-07-30T11:17:13Z,1785410233867197185,657,6708,6856,5,175,114105,322994681,200,196,196,448255598,353813
638,2026-07-30T11:17:14Z,1785410234898606983,658,6800,6856,5,175,114290,322995448,200,196,196,448255598,353813
639,2026-07-30T11:17:15Z,1785410235931574621,659,6736,6856,5,175,114474,322996211,200,196,196,448255598,353813
640,2026-07-30T11:17:16Z,1785410236964859232,660,6736,6856,5,175,114661,322996977,200,196,196,448255598,353813
641,2026-07-30T11:17:17Z,1785410237996449509,661,6772,6856,5,175,114848,322997741,200,196,196,448255598,353813
642,2026-07-30T11:17:19Z,1785410239029020912,663,6736,6856,5,175,115035,322998510,200,196,196,448255598,353813
643,2026-07-30T11:17:20Z,1785410240060930111,664,6736,6856,5,175,115222,322999279,200,196,196,448255598,353813
644,2026-07-30T11:17:21Z,1785410241093689659,665,6736,6856,5,175,115410,323000042,200,196,196,448255598,353813
645,2026-07-30T11:17:22Z,1785410242125614627,666,6736,6856,5,175,115597,323000817,200,196,196,448255598,353813
646,2026-07-30T11:17:23Z,1785410243158736133,667,6736,6856,5,175,115785,323001582,200,196,196,448255598,353813
647,2026-07-30T11:17:24Z,1785410244191983502,668,6740,6856,5,175,115972,323002345,200,196,196,448255598,353813
648,2026-07-30T11:17:25Z,1785410245223381760,669,6772,6856,5,176,116159,323003120,200,196,196,448255598,353813
649,2026-07-30T11:17:26Z,1785410246256092721,670,6804,6856,5,176,116345,323003888,200,196,196,448255598,353813
650,2026-07-30T11:17:27Z,1785410247289721029,671,6788,6856,5,176,116530,323004665,200,196,196,448255598,353813
651,2026-07-30T11:17:28Z,1785410248319946060,672,6752,6856,5,177,116715,323005432,200,196,196,448255598,353813
652,2026-07-30T11:17:29Z,1785410249350117166,673,6812,6856,5,177,116898,323006195,200,196,196,448255598,353813
653,2026-07-30T11:17:30Z,1785410250382507685,674,6752,6856,5,177,117081,323006967,200,196,196,448255598,353813
654,2026-07-30T11:17:31Z,1785410251414227159,675,6752,6856,5,177,117266,323007730,200,196,196,448255598,353813
655,2026-07-30T11:17:32Z,1785410252446918161,676,6720,6856,5,169,117451,323008491,200,196,196,448255598,353813
656,2026-07-30T11:17:33Z,1785410253482238084,677,6720,6856,5,169,117636,323009259,200,196,196,448255598,353813
657,2026-07-30T11:17:34Z,1785410254514080505,678,6784,6856,5,169,117824,323010023,200,196,196,448255598,353813
658,2026-07-30T11:17:35Z,1785410255547286694,679,6720,6856,5,169,118008,323010793,200,196,196,448255598,353813
659,2026-07-30T11:17:36Z,1785410256579640164,680,6720,6856,5,169,118189,323011564,200,196,196,448255598,353813
660,2026-07-30T11:17:37Z,1785410257610603183,681,6720,6856,5,169,118376,323012337,200,196,196,448255598,353813
661,2026-07-30T11:17:38Z,1785410258642219797,682,6720,6856,5,169,118563,323013100,200,196,196,448255598,353813
662,2026-07-30T11:17:39Z,1785410259675719169,683,6720,6856,5,169,118751,323013865,200,196,196,448255598,353813
663,2026-07-30T11:17:40Z,1785410260705810423,684,6720,6856,5,169,118937,323014628,200,196,196,448255598,353813
664,2026-07-30T11:17:41Z,1785410261737669123,685,6720,6856,5,169,119118,323015401,200,196,196,448255598,353813
665,2026-07-30T11:17:42Z,1785410262770703360,686,6720,6856,5,169,119305,323016163,200,196,196,448255598,353813
666,2026-07-30T11:17:43Z,1785410263803261392,687,6784,6856,5,169,119493,323016925,200,196,196,448255598,353813
667,2026-07-30T11:17:44Z,1785410264835831731,688,6752,6856,5,168,119681,323017691,200,196,196,448255598,353813
668,2026-07-30T11:17:45Z,1785410265868504638,689,6752,6856,5,168,119870,323018465,200,196,196,448255598,353813
669,2026-07-30T11:17:46Z,1785410266901968783,690,6716,6856,5,168,120061,323019234,200,196,196,448255598,353813
670,2026-07-30T11:17:47Z,1785410267933341613,691,6720,6856,5,169,120250,323020002,200,196,196,448255598,353813
671,2026-07-30T11:17:48Z,1785410268964424676,692,6720,6856,5,169,120425,323020776,200,196,196,448255598,353813
672,2026-07-30T11:17:49Z,1785410269995665302,693,6720,6856,5,169,120599,323021554,200,196,196,448255598,353813
673,2026-07-30T11:17:51Z,1785410271026423845,695,6720,6856,5,169,120776,323022325,200,196,196,448255598,353813
674,2026-07-30T11:17:52Z,1785410272057123923,696,6720,6856,5,169,120954,323023099,200,196,196,448255598,353813
675,2026-07-30T11:17:53Z,1785410273087923373,697,6720,6856,5,169,121130,323023874,200,196,196,448255598,353813
676,2026-07-30T11:17:54Z,1785410274119683763,698,6720,6856,5,169,121306,323024649,200,196,196,448255598,353813
677,2026-07-30T11:17:55Z,1785410275149020291,699,6612,6856,5,142,121482,323025426,200,196,196,448255598,353813
678,2026-07-30T11:17:56Z,1785410276180846147,700,6612,6856,5,142,121656,323026202,200,196,196,448255598,353813
679,2026-07-30T11:17:57Z,1785410277213492082,701,6612,6856,5,142,121832,323026975,200,196,196,448255598,353813
680,2026-07-30T11:17:58Z,1785410278243857804,702,6612,6856,5,139,122010,323027748,200,196,196,448255598,353813
681,2026-07-30T11:17:59Z,1785410279276625438,703,6560,6856,5,139,122183,323028525,200,196,196,448255598,353813
682,2026-07-30T11:18:00Z,1785410280307258830,704,6560,6856,5,139,122367,323029298,200,196,196,448255598,353813
683,2026-07-30T11:18:01Z,1785410281338132044,705,6560,6856,5,139,122552,323030070,200,196,196,448255598,353813
684,2026-07-30T11:18:02Z,1785410282368669375,706,6608,6856,5,141,122737,323030840,200,196,196,448255598,353813
685,2026-07-30T11:18:03Z,1785410283401309344,707,6672,6856,5,141,122926,323031599,200,196,196,448255598,353813
686,2026-07-30T11:18:04Z,1785410284432738286,708,6608,6856,5,141,123117,323032361,200,196,196,448255598,353813
687,2026-07-30T11:18:05Z,1785410285466435506,709,6612,6856,5,141,123305,323033125,200,196,196,448255598,353813
688,2026-07-30T11:18:06Z,1785410286498468178,710,6612,6856,5,141,123494,323033889,200,196,196,448255598,353813
689,2026-07-30T11:18:07Z,1785410287531372940,711,6608,6856,5,141,123680,323034655,200,196,196,448255598,353813
690,2026-07-30T11:18:08Z,1785410288565022991,712,6608,6856,5,141,123869,323035424,200,196,196,448255598,353813
691,2026-07-30T11:18:09Z,1785410289595679064,713,6672,6856,5,141,124059,323036192,200,196,196,448255598,353813
692,2026-07-30T11:18:10Z,1785410290629229966,714,6608,6856,5,141,124247,323036961,200,196,196,448255598,353813
693,2026-07-30T11:18:11Z,1785410291659278641,715,6800,6856,5,169,124431,323037732,200,196,196,448255598,353813
694,2026-07-30T11:18:12Z,1785410292691480686,716,6720,6856,5,169,124615,323038501,200,196,196,448255598,353813
695,2026-07-30T11:18:13Z,1785410293722120565,717,6724,6856,5,169,124796,323039264,200,196,196,448255598,353813
696,2026-07-30T11:18:14Z,1785410294755830278,718,6720,6856,5,169,124979,323040034,200,196,196,448255598,353813
697,2026-07-30T11:18:15Z,1785410295788621332,719,6720,6856,5,169,125161,323040802,200,196,196,448255598,353813
698,2026-07-30T11:18:16Z,1785410296819645554,720,6720,6856,5,169,125345,323041574,200,196,196,448255598,353813
699,2026-07-30T11:18:17Z,1785410297850768035,721,6708,6856,5,166,125528,323042340,200,196,196,448255598,353813
700,2026-07-30T11:18:18Z,1785410298884246493,722,6708,6856,5,166,125710,323043114,200,196,196,448255598,353813
701,2026-07-30T11:18:19Z,1785410299916631023,723,6708,6856,5,166,125891,323043889,200,196,196,448255598,353813
702,2026-07-30T11:18:20Z,1785410300946417064,724,6708,6856,5,166,126072,323044657,200,196,196,448255598,353813
703,2026-07-30T11:18:21Z,1785410301977513614,725,6708,6856,5,166,126252,323045432,200,196,196,448255598,353813
704,2026-07-30T11:18:23Z,1785410303009263064,727,6712,6856,5,167,126433,323046197,200,196,196,448255598,353813
705,2026-07-30T11:18:24Z,1785410304040291185,728,6712,6856,5,167,126614,323046960,200,196,196,448255598,353813
706,2026-07-30T11:18:25Z,1785410305071837120,729,6712,6856,5,167,126796,323047734,200,196,196,448255598,353813
707,2026-07-30T11:18:26Z,1785410306102209577,730,6712,6856,5,167,126979,323048497,200,196,196,448255598,353813
708,2026-07-30T11:18:27Z,1785410307133432500,731,6712,6856,5,167,127162,323049265,200,196,196,448255598,353813
709,2026-07-30T11:18:28Z,1785410308165422303,732,6712,6856,5,167,127344,323050035,200,196,196,448255598,353813
710,2026-07-30T11:18:29Z,1785410309197208941,733,6712,6856,5,167,127526,323050811,200,196,196,448255598,353813
711,2026-07-30T11:18:30Z,1785410310227640069,734,6736,6856,5,167,127708,323051583,200,196,196,448255598,353813
712,2026-07-30T11:18:31Z,1785410311260131853,735,6712,6856,5,167,127889,323052347,200,196,196,448255598,353813
713,2026-07-30T11:18:32Z,1785410312291584075,736,6664,6856,5,165,128074,323053110,200,196,196,448255598,353813
714,2026-07-30T11:18:33Z,1785410313322892601,737,6728,6856,5,165,128258,323053874,200,196,196,448255598,353813
715,2026-07-30T11:18:34Z,1785410314355589161,738,6728,6856,5,165,128447,323054636,200,196,196,448255598,353813
716,2026-07-30T11:18:35Z,1785410315389094734,739,6664,6856,5,165,128634,323055403,200,196,196,448255598,353813
717,2026-07-30T11:18:36Z,1785410316422312062,740,6664,6856,5,165,128825,323056167,200,196,196,448255598,353813
718,2026-07-30T11:18:37Z,1785410317454931125,741,6664,6856,5,165,129011,323056930,200,196,196,448255598,353813
719,2026-07-30T11:18:38Z,1785410318487013968,742,6700,6856,5,165,129198,323057692,200,196,196,448255598,353813
720,2026-07-30T11:18:39Z,1785410319518269288,743,6712,6856,5,165,129385,323058452,200,196,196,448255598,353813
721,2026-07-30T11:18:40Z,1785410320551390427,744,6688,6856,5,165,129572,323059215,200,196,196,448255598,353813
722,2026-07-30T11:18:41Z,1785410321582193939,745,6632,6856,5,162,129760,323059976,200,196,196,448255598,353813
723,2026-07-30T11:18:42Z,1785410322615400041,746,6632,6856,5,162,129946,323060743,200,196,196,448255598,353813
724,2026-07-30T11:18:43Z,1785410323647414058,747,6632,6856,5,162,130135,323061505,200,196,196,448255598,353813
725,2026-07-30T11:18:44Z,1785410324680333957,748,6632,6856,5,162,130322,323062271,200,196,196,448255598,353813
726,2026-07-30T11:18:45Z,1785410325713013985,749,6668,6856,5,166,130511,323063040,200,196,196,448255598,353813
727,2026-07-30T11:18:46Z,1785410326746027912,750,6668,6856,5,166,130700,323063803,200,196,196,448255598,353813
728,2026-07-30T11:18:47Z,1785410327777639457,751,6676,6856,5,166,130888,323064573,200,196,196,448255598,353813
729,2026-07-30T11:18:48Z,1785410328810312359,752,6668,6856,5,166,131075,323065340,200,196,196,448255598,353813
730,2026-07-30T11:18:49Z,1785410329841779619,753,6668,6856,5,166,131264,323066104,200,196,196,448255598,353813
731,2026-07-30T11:18:50Z,1785410330875368003,754,6668,6856,5,166,131450,323066869,200,196,196,448255598,353813
732,2026-07-30T11:18:51Z,1785410331906865818,755,6668,6856,5,166,131638,323067633,200,196,196,448255598,353813
733,2026-07-30T11:18:52Z,1785410332938952974,756,6668,6856,5,166,131826,323068396,200,196,196,448255598,353813
734,2026-07-30T11:18:53Z,1785410333971481675,757,6668,6856,5,166,132009,323069164,200,196,196,448255598,353813
735,2026-07-30T11:18:55Z,1785410335001613219,759,6668,6856,5,166,132187,323069935,200,196,196,448255598,353813
736,2026-07-30T11:18:56Z,1785410336032303775,760,6668,6856,5,166,132365,323070706,200,196,196,448255598,353813
737,2026-07-30T11:18:57Z,1785410337065501341,761,6680,6856,5,168,132551,323071483,200,196,196,448255598,353813
738,2026-07-30T11:18:58Z,1785410338098278518,762,6676,6856,5,168,132739,323072244,200,196,196,448255598,353813
739,2026-07-30T11:18:59Z,1785410339130324525,763,6676,6856,5,168,132926,323073017,200,196,196,448255598,353813
740,2026-07-30T11:19:00Z,1785410340163883959,764,6676,6856,5,168,133114,323073786,200,196,196,448255598,353813
741,2026-07-30T11:19:01Z,1785410341197578013,765,6676,6856,5,168,133306,323074549,200,196,196,448255598,353813
742,2026-07-30T11:19:02Z,1785410342230078342,766,6728,6856,5,168,133498,323075311,200,196,196,448255598,353813
743,2026-07-30T11:19:03Z,1785410343262117595,767,6676,6856,5,168,133690,323076075,200,196,196,448255598,353813
744,2026-07-30T11:19:04Z,1785410344295601945,768,6676,6856,5,168,133881,323076843,200,196,196,448255598,353813
745,2026-07-30T11:19:05Z,1785410345326975065,769,6676,6856,5,168,134069,323077610,200,196,196,448255598,353813
746,2026-07-30T11:19:06Z,1785410346359095572,770,6716,6856,5,168,134257,323078372,200,196,196,448255598,353813
747,2026-07-30T11:19:07Z,1785410347393200985,771,6676,6856,5,168,134444,323079140,200,196,196,448255598,353813
748,2026-07-30T11:19:08Z,1785410348425322559,772,6676,6856,5,168,134621,323079906,200,196,196,448255598,353813
749,2026-07-30T11:19:09Z,1785410349458399165,773,6676,6856,5,168,134796,323080671,200,196,196,448255598,353813
750,2026-07-30T11:19:10Z,1785410350489774731,774,6676,6856,5,168,134977,323081433,200,196,196,448255598,353813
751,2026-07-30T11:19:11Z,1785410351522014973,775,6676,6856,5,168,135159,323082202,200,196,196,448255598,353813
752,2026-07-30T11:19:12Z,1785410352554284811,776,6676,6856,5,168,135337,323082969,200,196,196,448255598,353813
753,2026-07-30T11:19:13Z,1785410353585760350,777,6676,6856,5,168,135514,323083736,200,196,196,448255598,353813
754,2026-07-30T11:19:14Z,1785410354617910811,778,6676,6856,5,168,135691,323084502,200,196,196,448255598,353813
755,2026-07-30T11:19:15Z,1785410355651457965,779,6644,6856,5,165,135876,323085264,200,196,196,448255598,353813
756,2026-07-30T11:19:16Z,1785410356684649963,780,6644,6856,5,165,136061,323086035,200,196,196,448255598,353813
757,2026-07-30T11:19:17Z,1785410357716466616,781,6644,6856,5,165,136246,323086801,200,196,196,448255598,353813
758,2026-07-30T11:19:18Z,1785410358748105631,782,6644,6856,5,165,136430,323087571,200,196,196,448255598,353813
759,2026-07-30T11:19:19Z,1785410359789259453,783,6644,6856,5,165,136616,323088344,200,196,196,448255598,353813
760,2026-07-30T11:19:20Z,1785410360822079443,784,6644,6856,5,165,136803,323089109,200,196,196,448255598,353814
761,2026-07-30T11:19:21Z,1785410361854678400,785,6644,6856,5,165,136991,323089877,200,196,196,448255598,353814
762,2026-07-30T11:19:22Z,1785410362887386665,786,6644,6856,5,165,137180,323090643,200,196,196,448255598,353814
763,2026-07-30T11:19:23Z,1785410363919366281,787,6644,6856,5,165,137367,323091412,200,196,196,448255598,353814
764,2026-07-30T11:19:24Z,1785410364950025796,788,6644,6856,5,165,137554,323092174,200,196,196,448255598,353814
765,2026-07-30T11:19:25Z,1785410365982280784,789,6644,6856,5,165,137742,323092939,200,196,196,448255598,353814
766,2026-07-30T11:19:27Z,1785410367015620295,791,6512,6856,5,116,137932,323093706,200,196,196,448255598,353814
767,2026-07-30T11:19:28Z,1785410368049145514,792,6448,6856,5,116,138122,323094475,200,196,196,448255598,353814
768,2026-07-30T11:19:29Z,1785410369082017431,793,6448,6856,5,116,138308,323095238,200,196,196,448255598,353814
769,2026-07-30T11:19:30Z,1785410370113406512,794,6472,6856,5,117,138496,323096005,200,196,196,448255598,353814
770,2026-07-30T11:19:31Z,1785410371146528054,795,6472,6856,5,117,138678,323096766,200,196,196,448255598,353814
771,2026-07-30T11:19:32Z,1785410372178491214,796,6496,6856,5,117,138857,323097543,200,196,196,448255598,353814
772,2026-07-30T11:19:33Z,1785410373210564447,797,6508,6856,5,117,139039,323098312,200,196,196,448255598,353814
773,2026-07-30T11:19:34Z,1785410374241345069,798,6472,6856,5,117,139219,323099084,200,196,196,448255598,353814
774,2026-07-30T11:19:35Z,1785410375273897903,799,6472,6856,5,117,139399,323099857,200,196,196,448255598,353814
775,2026-07-30T11:19:36Z,1785410376304669801,800,6472,6856,5,117,139579,323100626,200,196,196,448255598,353814
776,2026-07-30T11:19:37Z,1785410377336925213,801,6468,6856,5,116,139761,323101396,200,196,196,448255598,353814
777,2026-07-30T11:19:38Z,1785410378368227733,802,6468,6856,5,116,139941,323102172,200,196,196,448255598,353814
778,2026-07-30T11:19:39Z,1785410379400411136,803,6468,6856,5,116,140123,323102944,200,196,196,448255598,353814
779,2026-07-30T11:19:40Z,1785410380431397216,804,6468,6856,5,116,140302,323103717,200,196,196,448255598,353814
780,2026-07-30T11:19:41Z,1785410381462787951,805,6468,6856,5,116,140483,323104485,200,196,196,448255598,353814
781,2026-07-30T11:19:42Z,1785410382494997164,806,6468,6856,5,116,140663,323105260,200,196,196,448255598,353814
782,2026-07-30T11:19:43Z,1785410383528684091,807,6516,6856,5,118,140850,323106029,200,196,196,448255598,353814
783,2026-07-30T11:19:44Z,1785410384560376553,808,6484,6856,5,118,141035,323106790,200,196,196,448255598,353814
784,2026-07-30T11:19:45Z,1785410385593743780,809,6484,6856,5,118,141221,323107557,200,196,196,448255598,353814
785,2026-07-30T11:19:46Z,1785410386625336581,810,6488,6856,5,118,141408,323108320,200,196,196,448255598,353814
786,2026-07-30T11:19:47Z,1785410387658219950,811,6484,6856,5,118,141594,323109092,200,196,196,448255598,353814
787,2026-07-30T11:19:48Z,1785410388689481597,812,6548,6856,5,118,141782,323109863,200,196,196,448255598,353814
788,2026-07-30T11:19:49Z,1785410389721905552,813,6484,6856,5,118,141967,323110630,200,196,196,448255598,353814
789,2026-07-30T11:19:50Z,1785410390752674620,814,6444,6856,5,108,142151,323111398,200,196,196,448255598,353814
790,2026-07-30T11:19:51Z,1785410391786476664,815,6444,6856,5,108,142335,323112163,200,196,196,448255598,353814
791,2026-07-30T11:19:52Z,1785410392818267143,816,6512,6856,5,120,142521,323112926,200,196,196,448255598,353814
792,2026-07-30T11:19:53Z,1785410393850372667,817,6512,6856,5,120,142708,323113693,200,196,196,448255598,353814
793,2026-07-30T11:19:54Z,1785410394882276616,818,6576,6856,5,120,142896,323114458,200,196,196,448255598,353814
794,2026-07-30T11:19:55Z,1785410395913686373,819,6532,6856,5,120,143085,323115217,200,196,196,448255598,353814
795,2026-07-30T11:19:56Z,1785410396946483644,820,6512,6856,5,120,143272,323115984,200,196,196,448255598,353814
796,2026-07-30T11:19:57Z,1785410397980388391,821,6516,6856,5,120,143459,323116747,200,196,196,448255598,353814
797,2026-07-30T11:19:59Z,1785410399013614711,823,6512,6856,5,120,143648,323117512,200,196,196,448255598,353814
798,2026-07-30T11:20:00Z,1785410400045405820,824,6564,6856,5,120,143835,323118280,200,196,196,448255598,353814
799,2026-07-30T11:20:01Z,1785410401078165789,825,6512,6856,5,120,144021,323119046,200,196,196,448255598,353814
800,2026-07-30T11:20:02Z,1785410402109626323,826,6512,6856,5,120,144206,323119820,200,196,196,448255598,353814
801,2026-07-30T11:20:03Z,1785410403142448431,827,6512,6856,5,120,144393,323120580,200,196,196,448255598,353814
802,2026-07-30T11:20:04Z,1785410404173921839,828,6512,6856,5,120,144580,323121344,200,196,196,448255598,353814
803,2026-07-30T11:20:05Z,1785410405206845124,829,6512,6856,5,120,144767,323122106,200,196,196,448255598,353814
804,2026-07-30T11:20:06Z,1785410406237444707,830,6644,6856,5,148,144953,323122882,200,196,196,448255598,353814
805,2026-07-30T11:20:07Z,1785410407268045984,831,6636,6856,5,148,145135,323123650,200,196,196,448255598,353814
806,2026-07-30T11:20:08Z,1785410408300127262,832,6680,6856,5,148,145322,323124422,200,196,196,448255598,353814
807,2026-07-30T11:20:09Z,1785410409330458620,833,6636,6856,5,148,145509,323125187,200,196,196,448255598,353814
808,2026-07-30T11:20:10Z,1785410410361137640,834,6636,6856,5,148,145696,323125951,200,196,196,448255598,353814
809,2026-07-30T11:20:11Z,1785410411392494412,835,6636,6856,5,148,145881,323126720,200,196,196,448255598,353814
810,2026-07-30T11:20:12Z,1785410412423565786,836,6636,6856,5,148,146068,323127487,200,196,196,448255598,353814
811,2026-07-30T11:20:13Z,1785410413454999798,837,6636,6856,5,148,146255,323128255,200,196,196,448255598,353814
812,2026-07-30T11:20:14Z,1785410414488340763,838,6656,6856,5,148,146444,323129023,200,196,196,448255598,353814
813,2026-07-30T11:20:15Z,1785410415522207747,839,6684,6856,5,148,146633,323129785,200,196,196,448255598,353814
814,2026-07-30T11:20:16Z,1785410416555970181,840,6636,6856,5,148,146824,323130552,200,196,196,448255598,353814
815,2026-07-30T11:20:17Z,1785410417589136995,841,6636,6856,5,148,147014,323131319,200,196,196,448255598,353814
816,2026-07-30T11:20:18Z,1785410418622573516,842,6676,6856,5,148,147204,323132080,200,196,196,448255598,353814
817,2026-07-30T11:20:19Z,1785410419656133487,843,6836,6856,5,169,147392,323132852,200,196,196,448255598,353814
818,2026-07-30T11:20:20Z,1785410420688378047,844,6836,6856,5,169,147581,323133612,200,196,196,448255598,353814
819,2026-07-30T11:20:21Z,1785410421720787271,845,6836,6856,5,169,147771,323134375,200,196,196,448255598,353814
820,2026-07-30T11:20:22Z,1785410422753143004,846,6812,6856,5,168,147958,323135145,200,196,196,448255598,353814
821,2026-07-30T11:20:23Z,1785410423785785193,847,6812,6856,5,168,148147,323135910,200,196,196,448255598,353814
822,2026-07-30T11:20:24Z,1785410424819337136,848,6812,6856,5,168,148336,323136671,200,196,196,448255598,353814
823,2026-07-30T11:20:25Z,1785410425853013343,849,6812,6856,5,168,148524,323137445,200,196,196,448255598,353814
824,2026-07-30T11:20:26Z,1785410426885945618,850,6812,6856,5,168,148712,323138218,200,196,196,448255598,353814
825,2026-07-30T11:20:27Z,1785410427917290142,851,6812,6856,5,168,148901,323138982,200,196,196,448255598,353814
826,2026-07-30T11:20:28Z,1785410428950604969,852,6812,6856,5,168,149089,323139753,200,196,196,448255598,353814
827,2026-07-30T11:20:29Z,1785410429981723775,853,6812,6856,5,168,149271,323140519,200,196,196,448255598,353814
828,2026-07-30T11:20:31Z,1785410431015547822,855,6812,6856,5,168,149454,323141288,200,196,196,448255598,353814
829,2026-07-30T11:20:32Z,1785410432049006212,856,6876,6876,5,168,149641,323142057,200,196,196,448255598,353814
830,2026-07-30T11:20:33Z,1785410433081981028,857,6812,6856,5,168,149829,323142829,200,196,196,448255598,353814
831,2026-07-30T11:20:34Z,1785410434114139343,858,6812,6856,5,168,150015,323143597,200,196,196,448255598,353814
832,2026-07-30T11:20:35Z,1785410435148277347,859,6812,6856,5,168,150203,323144363,200,196,196,448255598,353814
833,2026-07-30T11:20:36Z,1785410436179409800,860,6672,6856,5,126,150389,323145133,200,196,196,448255598,353814
834,2026-07-30T11:20:37Z,1785410437210806364,861,6624,6856,5,126,150576,323145906,200,196,196,448255598,353814
835,2026-07-30T11:20:38Z,1785410438245967832,862,6672,6856,5,128,150760,323146682,200,196,196,448255598,353814
836,2026-07-30T11:20:39Z,1785410439277936035,863,6672,6856,5,128,150951,323147450,200,196,196,448255598,353814
837,2026-07-30T11:20:40Z,1785410440310327401,864,6672,6856,5,128,151140,323148217,200,196,196,448255598,353814
838,2026-07-30T11:20:41Z,1785410441342285669,865,6672,6856,5,128,151331,323148989,200,196,196,448255598,353814
839,2026-07-30T11:20:42Z,1785410442374653118,866,6672,6856,5,128,151519,323149750,200,196,196,448255598,353814
840,2026-07-30T11:20:43Z,1785410443407711442,867,6672,6856,5,128,151711,323150516,200,196,196,448255598,353814
841,2026-07-30T11:20:44Z,1785410444441387150,868,6672,6856,5,128,151900,323151289,200,196,196,448255598,353814
842,2026-07-30T11:20:45Z,1785410445475020201,869,6672,6856,5,128,152088,323152052,200,196,196,448255598,353814
843,2026-07-30T11:20:46Z,1785410446508839523,870,6672,6856,5,128,152278,323152812,200,196,196,448255598,353814
844,2026-07-30T11:20:47Z,1785410447541679510,871,6672,6856,5,128,152469,323153578,200,196,196,448255598,353814
845,2026-07-30T11:20:48Z,1785410448573679528,872,6736,6856,5,128,152657,323154344,200,196,196,448255598,353814
846,2026-07-30T11:20:49Z,1785410449606241699,873,6540,6856,5,97,152842,323155105,200,196,196,448255598,353814
847,2026-07-30T11:20:50Z,1785410450638207435,874,6540,6856,5,97,153025,323155868,200,196,196,448255598,353814
848,2026-07-30T11:20:51Z,1785410451670515304,875,6540,6856,5,97,153199,323156632,200,196,196,448255598,353814
849,2026-07-30T11:20:52Z,1785410452703045591,876,6784,6856,5,137,153384,323157412,200,196,196,448255598,353814
850,2026-07-30T11:20:53Z,1785410453734740495,877,6744,6856,5,138,153569,323158184,200,196,196,448255598,353814
851,2026-07-30T11:20:54Z,1785410454766426086,878,6748,6856,5,138,153758,323158949,200,196,196,448255598,353814
852,2026-07-30T11:20:55Z,1785410455797000767,879,6744,6856,5,138,153947,323159717,200,196,196,448255598,353814
853,2026-07-30T11:20:56Z,1785410456829589886,880,6872,6856,5,138,154133,323160489,200,196,196,448255598,353814
854,2026-07-30T11:20:57Z,1785410457861212078,881,6744,6856,5,138,154321,323161257,200,196,196,448255598,353814
855,2026-07-30T11:20:58Z,1785410458892446564,882,6744,6856,5,138,154510,323162025,200,196,196,448255598,353814
856,2026-07-30T11:20:59Z,1785410459923249115,883,6744,6856,5,138,154698,323162794,200,196,196,448255598,353814
857,2026-07-30T11:21:00Z,1785410460955697777,884,6748,6856,5,139,154883,323163555,200,196,196,448255598,353814
858,2026-07-30T11:21:01Z,1785410461988162552,885,6748,6856,5,139,155069,323164331,200,196,196,448255598,353814
859,2026-07-30T11:21:03Z,1785410463021100471,887,6748,6856,5,139,155249,323165099,200,196,196,448255598,353814
860,2026-07-30T11:21:04Z,1785410464052022511,888,6748,6856,5,139,155432,323165870,200,196,196,448255598,353814
861,2026-07-30T11:21:05Z,1785410465083854504,889,6748,6856,5,139,155614,323166633,200,196,196,448255598,353814
862,2026-07-30T11:21:06Z,1785410466115320483,890,6748,6856,5,139,155796,323167401,200,196,196,448255598,353814
863,2026-07-30T11:21:07Z,1785410467147594455,891,6748,6856,5,139,155977,323168171,200,196,196,448255598,353814
864,2026-07-30T11:21:08Z,1785410468178813938,892,6740,6856,5,137,156163,323168944,200,196,196,448255598,353814
865,2026-07-30T11:21:09Z,1785410469211101615,893,6740,6856,5,137,156348,323169711,200,196,196,448255598,353814
866,2026-07-30T11:21:10Z,1785410470243346915,894,6740,6856,5,137,156531,323170482,200,196,196,448255598,353814
867,2026-07-30T11:21:11Z,1785410471274309685,895,6744,6856,5,137,156709,323171247,200,196,196,448255598,353814
868,2026-07-30T11:21:12Z,1785410472304640370,896,6740,6856,5,137,156883,323172009,200,196,196,448255598,353814
869,2026-07-30T11:21:13Z,1785410473336855480,897,6740,6856,5,137,157064,323172776,200,196,196,448255598,353814
870,2026-07-30T11:21:14Z,1785410474368810795,898,6740,6856,5,137,157244,323173546,200,196,196,448255598,353814
871,2026-07-30T11:21:15Z,1785410475401906379,899,6856,6856,5,166,157416,323174334,200,196,196,448255598,353814
872,2026-07-30T11:21:16Z,1785410476434359314,900,6856,6856,5,166,157576,323175136,200,196,196,448255598,353814
873,2026-07-30T11:21:17Z,1785410477466408252,901,6852,6856,5,165,157737,323175935,200,196,196,448255598,353814
874,2026-07-30T11:21:18Z,1785410478497791944,902,6852,6856,5,165,157871,323176727,200,196,196,448255598,353814
875,2026-07-30T11:21:19Z,1785410479527514248,903,6852,6856,5,165,157976,323177519,200,196,196,448255598,353814
876,2026-07-30T11:21:20Z,1785410480556934218,904,6852,6856,5,165,158019,323178327,200,196,196,448255598,353814
877,2026-07-30T11:21:21Z,1785410481586547651,905,6528,6856,5,164,158019,323179148,200,196,196,448255598,353814
878,2026-07-30T11:21:22Z,1785410482614016187,906,6308,6856,5,154,158019,323179970,200,196,196,448255598,353814
879,2026-07-30T11:21:23Z,1785410483641399921,907,6308,6856,5,154,158019,323180790,200,196,196,448255598,353814
880,2026-07-30T11:21:24Z,1785410484668541218,908,6308,6856,5,154,158019,323181611,200,196,196,448255598,353814
881,2026-07-30T11:21:25Z,1785410485695997560,909,6308,6856,5,154,158019,323182430,200,196,196,448255598,353814
882,2026-07-30T11:21:26Z,1785410486723484222,910,6308,6856,5,154,158019,323183250,200,196,196,448255598,353814
883,2026-07-30T11:21:27Z,1785410487750745347,911,6308,6856,5,154,158019,323184069,200,196,196,448255598,353814
884,2026-07-30T11:21:28Z,1785410488777879955,912,6080,6856,5,138,158019,323184891,200,196,196,448255598,353814
885,2026-07-30T11:21:29Z,1785410489804276354,913,6080,6856,5,138,158019,323185711,200,196,196,448255598,353814
886,2026-07-30T11:21:30Z,1785410490830767818,914,6080,6856,5,138,158019,323186530,200,196,196,448255598,353814
887,2026-07-30T11:21:31Z,1785410491859027727,915,6080,6856,5,138,158019,323187350,200,196,196,448255598,353814
888,2026-07-30T11:21:32Z,1785410492885850174,916,6080,6856,5,138,158019,323188172,200,196,196,448255598,353814
889,2026-07-30T11:21:33Z,1785410493912404743,917,6080,6856,5,138,158019,323188995,200,196,196,448255598,353814
890,2026-07-30T11:21:34Z,1785410494938888693,918,6080,6856,5,138,158019,323189814,200,196,196,448255598,353814
891,2026-07-30T11:21:35Z,1785410495965578429,919,6080,6856,5,138,158020,323190635,200,196,196,448255598,353814
892,2026-07-30T11:21:36Z,1785410496992876003,920,6080,6856,5,138,158020,323191455,200,196,196,448255598,353814
893,2026-07-30T11:21:38Z,1785410498019313534,922,5584,6856,5,14,158021,323192276,200,196,196,448255598,353814
894,2026-07-30T11:21:39Z,1785410499046009407,923,5584,6856,5,14,158021,323193096,200,196,196,448255598,353814
895,2026-07-30T11:21:40Z,1785410500072581611,924,5584,6856,5,14,158021,323193917,200,196,196,448255598,353814
896,2026-07-30T11:21:41Z,1785410501098848233,925,5584,6856,5,14,158021,323194737,200,196,196,448255598,353814
897,2026-07-30T11:21:42Z,1785410502125888853,926,5584,6856,5,14,158021,323195557,200,196,196,448255598,353814
898,2026-07-30T11:21:43Z,1785410503152646027,927,5584,6856,5,14,158021,323196379,200,196,196,448255598,353814
899,2026-07-30T11:21:44Z,1785410504179451099,928,5584,6856,5,14,158021,323197201,200,196,196,448255598,353814
900,2026-07-30T11:21:45Z,1785410505206052405,929,5584,6856,5,14,158021,323198021,200,196,196,448255598,353814
901,2026-07-30T11:21:46Z,1785410506232718446,930,5584,6856,5,14,158021,323198842,200,196,196,448255598,353814
902,2026-07-30T11:21:47Z,1785410507259755025,931,5584,6856,5,14,158021,323199663,200,196,196,448255598,353814
903,2026-07-30T11:21:48Z,1785410508285919933,932,5584,6856,5,14,158021,323200483,200,196,196,448255598,353814
904,2026-07-30T11:21:49Z,1785410509312104586,933,5584,6856,5,14,158021,323201304,200,196,196,448255598,353814
905,2026-07-30T11:21:50Z,1785410510338830205,934,5584,6856,5,14,158022,323202125,200,196,196,448255598,353814
906,2026-07-30T11:21:51Z,1785410511364962518,935,5584,6856,5,14,158022,323202946,200,196,196,448255598,353814
907,2026-07-30T11:21:52Z,1785410512391554779,936,5584,6856,5,14,158022,323203767,200,196,196,448255598,353814
908,2026-07-30T11:21:53Z,1785410513418116660,937,5584,6856,5,14,158022,323204587,200,196,196,448255598,353814
909,2026-07-30T11:21:54Z,1785410514444603848,938,5584,6856,5,14,158022,323205408,200,196,196,448255598,353814
910,2026-07-30T11:21:55Z,1785410515471560263,939,5584,6856,5,14,158022,323206229,200,196,196,448255598,353814
911,2026-07-30T11:21:56Z,1785410516498234654,940,5584,6856,5,14,158022,323207051,200,196,196,448255598,353814
912,2026-07-30T11:21:57Z,1785410517524888588,941,5584,6856,5,14,158022,323207871,200,196,196,448255598,353814
913,2026-07-30T11:21:58Z,1785410518551241081,942,5584,6856,5,14,158022,323208691,200,196,196,448255598,353814
914,2026-07-30T11:21:59Z,1785410519577712702,943,5584,6856,5,14,158022,323209513,200,196,196,448255598,353814
915,2026-07-30T11:22:00Z,1785410520604643139,944,5584,6856,5,14,158022,323210334,200,196,196,448255598,353814
916,2026-07-30T11:22:01Z,1785410521632395703,945,5584,6856,5,14,158022,323211153,200,196,196,448255598,353814
917,2026-07-30T11:22:02Z,1785410522659351542,946,5584,6856,5,14,158023,323211976,200,196,196,448255598,353814
918,2026-07-30T11:22:03Z,1785410523685795967,947,5584,6856,5,14,158023,323212797,200,196,196,448255598,353814
919,2026-07-30T11:22:04Z,1785410524712509224,948,5584,6856,5,14,158023,323213619,200,196,196,448255598,353814
920,2026-07-30T11:22:05Z,1785410525739179170,949,5584,6856,5,14,158023,323214438,200,196,196,448255598,353814
921,2026-07-30T11:22:06Z,1785410526765689058,950,5584,6856,5,14,158023,323215260,200,196,196,448255598,353814
922,2026-07-30T11:22:07Z,1785410527792008192,951,5584,6856,5,14,158023,323216080,200,196,196,448255598,353814
923,2026-07-30T11:22:08Z,1785410528818639897,952,5584,6856,5,14,158023,323216901,200,196,196,448255598,353814
924,2026-07-30T11:22:09Z,1785410529845630738,953,5584,6856,5,14,158023,323217722,200,196,196,448255598,353814
925,2026-07-30T11:22:10Z,1785410530872167879,954,5584,6856,5,14,158023,323218543,200,196,196,448255598,353814
926,2026-07-30T11:22:11Z,1785410531898767396,955,5584,6856,5,14,158023,323219364,200,196,196,448255598,353814
