sample,utc,unix_nanos,elapsed_s,rss_kib,hwm_kib,threads,fds,proc_ticks,host_ticks,stats_http,listen_overflows,listen_drops,tcp_abort_on_close,tcp_retrans
0,2026-07-30T10:33:53Z,1785407633476661449,0,4156,4156,5,14,0,321061556,200,196,196,448255591,348787
1,2026-07-30T10:33:54Z,1785407634513583203,1,4188,4188,5,15,0,321062381,200,196,196,448255591,348787
2,2026-07-30T10:33:55Z,1785407635542112973,2,4372,4372,5,43,27,321063192,200,196,196,448255591,348787
3,2026-07-30T10:33:56Z,1785407636570847987,3,4704,4704,5,68,91,321063986,200,196,196,448255591,348787
4,2026-07-30T10:33:57Z,1785407637604164642,4,5652,5652,5,74,246,321064757,200,196,196,448255591,348787
5,2026-07-30T10:33:58Z,1785407638635504463,5,5976,5984,5,75,420,321065530,200,196,196,448255591,348787
6,2026-07-30T10:33:59Z,1785407639666534730,6,5984,5984,5,77,588,321066294,200,196,196,448255591,348797
7,2026-07-30T10:34:00Z,1785407640699057122,7,5988,5988,5,78,753,321067065,200,196,196,448255591,348801
8,2026-07-30T10:34:01Z,1785407641731748198,8,5988,5988,5,78,921,321067824,200,196,196,448255591,348804
9,2026-07-30T10:34:02Z,1785407642762343355,9,5988,5988,5,78,1088,321068580,200,196,196,448255591,348804
10,2026-07-30T10:34:03Z,1785407643795159847,10,5988,5988,5,78,1254,321069347,200,196,196,448255591,348809
11,2026-07-30T10:34:04Z,1785407644827259405,11,5988,5988,5,78,1420,321070124,200,196,196,448255591,348812
12,2026-07-30T10:34:05Z,1785407645860161670,12,5988,5988,5,78,1590,321070887,200,196,196,448255591,348820
13,2026-07-30T10:34:06Z,1785407646893125835,13,5988,5988,5,78,1758,321071654,200,196,196,448255591,348824
14,2026-07-30T10:34:07Z,1785407647923876927,14,5988,5988,5,78,1925,321072423,200,196,196,448255591,348828
15,2026-07-30T10:34:08Z,1785407648955853285,15,5988,5988,5,78,2093,321073198,200,196,196,448255591,348840
16,2026-07-30T10:34:09Z,1785407649987500247,16,5988,5988,5,78,2263,321073972,200,196,196,448255591,348849
17,2026-07-30T10:34:11Z,1785407651018722858,18,5988,5988,5,78,2430,321074746,200,196,196,448255591,348857
18,2026-07-30T10:34:12Z,1785407652049121058,19,5988,5988,5,78,2598,321075510,200,196,196,448255591,348862
19,2026-07-30T10:34:13Z,1785407653082347137,20,5988,5988,5,78,2766,321076277,200,196,196,448255591,348872
20,2026-07-30T10:34:14Z,1785407654115379447,21,6096,6096,5,96,2935,321077053,200,196,196,448255591,348876
21,2026-07-30T10:34:15Z,1785407655145824392,22,6096,6096,5,96,3101,321077802,200,196,196,448255591,348880
22,2026-07-30T10:34:16Z,1785407656178124858,23,6096,6096,5,96,3266,321078554,200,196,196,448255591,348881
23,2026-07-30T10:34:17Z,1785407657209479328,24,6096,6096,5,96,3431,321079301,200,196,196,448255591,348885
24,2026-07-30T10:34:18Z,1785407658241570930,25,6508,6508,5,145,3597,321080063,200,196,196,448255591,348886
25,2026-07-30T10:34:19Z,1785407659272664851,26,6508,6508,5,145,3759,321080830,200,196,196,448255591,348892
26,2026-07-30T10:34:20Z,1785407660304299172,27,6508,6508,5,145,3922,321081590,200,196,196,448255591,348894
27,2026-07-30T10:34:21Z,1785407661336122303,28,6508,6508,5,145,4085,321082362,200,196,196,448255591,348900
28,2026-07-30T10:34:22Z,1785407662368248447,29,6508,6508,5,145,4248,321083133,200,196,196,448255591,348905
29,2026-07-30T10:34:23Z,1785407663399041062,30,6508,6508,5,145,4409,321083898,200,196,196,448255591,348910
30,2026-07-30T10:34:24Z,1785407664429015753,31,6508,6508,5,145,4572,321084664,200,196,196,448255591,348917
31,2026-07-30T10:34:25Z,1785407665461398002,32,6508,6508,5,145,4734,321085435,200,196,196,448255591,348920
32,2026-07-30T10:34:26Z,1785407666492217510,33,6508,6508,5,145,4894,321086203,200,196,196,448255591,348921
33,2026-07-30T10:34:27Z,1785407667523254790,34,6508,6508,5,145,5055,321086958,200,196,196,448255591,348923
34,2026-07-30T10:34:28Z,1785407668554596084,35,6508,6508,5,145,5215,321087703,200,196,196,448255591,348923
35,2026-07-30T10:34:29Z,1785407669586403834,36,6508,6508,5,145,5377,321088468,200,196,196,448255591,348927
36,2026-07-30T10:34:30Z,1785407670618673171,37,6508,6508,5,145,5539,321089254,200,196,196,448255591,348932
37,2026-07-30T10:34:31Z,1785407671649867834,38,6508,6508,5,145,5703,321090036,200,196,196,448255591,348933
38,2026-07-30T10:34:32Z,1785407672681589651,39,6508,6508,5,145,5863,321090815,200,196,196,448255591,348937
39,2026-07-30T10:34:33Z,1785407673711723095,40,6508,6508,5,145,6024,321091599,200,196,196,448255591,348941
40,2026-07-30T10:34:34Z,1785407674742473177,41,6508,6508,5,145,6184,321092373,200,196,196,448255591,348948
41,2026-07-30T10:34:35Z,1785407675772492918,42,6508,6508,5,145,6346,321093150,200,196,196,448255591,348954
42,2026-07-30T10:34:36Z,1785407676803130154,43,6508,6508,5,145,6506,321093901,200,196,196,448255591,348957
43,2026-07-30T10:34:37Z,1785407677835327333,44,6508,6508,5,145,6665,321094659,200,196,196,448255591,348958
44,2026-07-30T10:34:38Z,1785407678867170379,45,6508,6508,5,145,6826,321095419,200,196,196,448255591,348964
45,2026-07-30T10:34:39Z,1785407679898161816,46,6508,6508,5,145,6984,321096183,200,196,196,448255591,348965
46,2026-07-30T10:34:40Z,1785407680929921122,47,6620,6580,5,163,7148,321096944,200,196,196,448255591,348968
47,2026-07-30T10:34:41Z,1785407681960914476,48,6580,6612,5,163,7311,321097715,200,196,196,448255591,348972
48,2026-07-30T10:34:42Z,1785407682991726156,49,6580,6612,5,163,7478,321098486,200,196,196,448255591,348973
49,2026-07-30T10:34:44Z,1785407684022585179,51,6556,6612,5,162,7647,321099261,200,196,196,448255591,348976
50,2026-07-30T10:34:45Z,1785407685053354916,52,6556,6616,5,162,7815,321100040,200,196,196,448255591,348978
51,2026-07-30T10:34:46Z,1785407686083970692,53,6556,6612,5,162,7983,321100817,200,196,196,448255591,348980
52,2026-07-30T10:34:47Z,1785407687115678634,54,6556,6612,5,162,8153,321101600,200,196,196,448255591,348981
53,2026-07-30T10:34:48Z,1785407688145568038,55,6556,6612,5,162,8322,321102373,200,196,196,448255591,348984
54,2026-07-30T10:34:49Z,1785407689175272224,56,6556,6612,5,162,8486,321103142,200,196,196,448255591,348985
55,2026-07-30T10:34:50Z,1785407690205020513,57,6556,6612,5,162,8657,321103924,200,196,196,448255591,348988
56,2026-07-30T10:34:51Z,1785407691235931994,58,6604,6612,5,162,8827,321104703,200,196,196,448255591,348991
57,2026-07-30T10:34:52Z,1785407692266694969,59,6556,6612,5,162,8996,321105479,200,196,196,448255591,348992
58,2026-07-30T10:34:53Z,1785407693297097500,60,6556,6612,5,162,9164,321106257,200,196,196,448255591,348994
59,2026-07-30T10:34:54Z,1785407694328100101,61,6556,6612,5,162,9334,321107038,200,196,196,448255591,348998
60,2026-07-30T10:34:55Z,1785407695359223233,62,6556,6612,5,162,9504,321107816,200,196,196,448255591,349000
61,2026-07-30T10:34:56Z,1785407696390546373,63,6556,6612,5,162,9675,321108596,200,196,196,448255591,349001
62,2026-07-30T10:34:57Z,1785407697419808999,64,6556,6612,5,162,9843,321109371,200,196,196,448255591,349002
63,2026-07-30T10:34:58Z,1785407698450503610,65,6556,6612,5,162,10013,321110136,200,196,196,448255591,349004
64,2026-07-30T10:34:59Z,1785407699480545474,66,6556,6620,5,162,10178,321110910,200,196,196,448255591,349006
65,2026-07-30T10:35:00Z,1785407700513124641,67,6556,6612,5,162,10344,321111685,200,196,196,448255591,349008
66,2026-07-30T10:35:01Z,1785407701543570066,68,6556,6612,5,162,10513,321112462,200,196,196,448255591,349009
67,2026-07-30T10:35:02Z,1785407702573275381,69,6556,6612,5,162,10683,321113240,200,196,196,448255591,349009
68,2026-07-30T10:35:03Z,1785407703604271386,70,6556,6612,5,162,10855,321114016,200,196,196,448255591,349011
69,2026-07-30T10:35:04Z,1785407704637447038,71,6576,6612,5,167,11019,321114780,200,196,196,448255591,349014
70,2026-07-30T10:35:05Z,1785407705667795588,72,6648,6740,5,170,11185,321115554,200,196,196,448255591,349018
71,2026-07-30T10:35:06Z,1785407706698892889,73,6648,6740,5,170,11356,321116336,200,196,196,448255591,349022
72,2026-07-30T10:35:07Z,1785407707729666074,74,6648,6740,5,170,11525,321117113,200,196,196,448255591,349022
73,2026-07-30T10:35:08Z,1785407708760921755,75,6648,6740,5,170,11695,321117889,200,196,196,448255591,349027
74,2026-07-30T10:35:09Z,1785407709792686180,76,6648,6740,5,170,11867,321118671,200,196,196,448255591,349030
75,2026-07-30T10:35:10Z,1785407710823823362,77,6568,6740,5,148,12035,321119445,200,196,196,448255591,349032
76,2026-07-30T10:35:11Z,1785407711856199826,78,6520,6740,5,136,12204,321120217,200,196,196,448255591,349034
77,2026-07-30T10:35:12Z,1785407712887878337,79,6520,6740,5,136,12374,321121001,200,196,196,448255591,349034
78,2026-07-30T10:35:13Z,1785407713920174630,80,6520,6740,5,136,12543,321121777,200,196,196,448255591,349036
79,2026-07-30T10:35:14Z,1785407714951836589,81,6520,6740,5,136,12712,321122550,200,196,196,448255591,349037
80,2026-07-30T10:35:15Z,1785407715983850632,82,6520,6740,5,136,12883,321123333,200,196,196,448255591,349042
81,2026-07-30T10:35:17Z,1785407717015751122,84,6520,6740,5,136,13056,321124100,200,196,196,448255591,349042
82,2026-07-30T10:35:18Z,1785407718046969274,85,6520,6740,5,136,13225,321124866,200,196,196,448255591,349046
83,2026-07-30T10:35:19Z,1785407719079081602,86,6520,6740,5,136,13397,321125633,200,196,196,448255591,349051
84,2026-07-30T10:35:20Z,1785407720111248237,87,6520,6740,5,136,13567,321126405,200,196,196,448255591,349051
85,2026-07-30T10:35:21Z,1785407721142430266,88,6520,6740,5,136,13737,321127176,200,196,196,448255591,349052
86,2026-07-30T10:35:22Z,1785407722177149447,89,6520,6740,5,136,13906,321127949,200,196,196,448255591,349053
87,2026-07-30T10:35:23Z,1785407723208124509,90,6520,6740,5,136,14074,321128717,200,196,196,448255591,349056
88,2026-07-30T10:35:24Z,1785407724239001820,91,6520,6740,5,136,14244,321129481,200,196,196,448255591,349059
89,2026-07-30T10:35:25Z,1785407725271204721,92,6520,6740,5,136,14406,321130242,200,196,196,448255591,349059
90,2026-07-30T10:35:26Z,1785407726301804742,93,6520,6740,5,136,14574,321131013,200,196,196,448255591,349064
91,2026-07-30T10:35:27Z,1785407727333943752,94,6660,6740,5,170,14753,321131786,200,196,196,448255591,349068
92,2026-07-30T10:35:28Z,1785407728366481673,95,6664,6740,5,170,14937,321132563,200,196,196,448255591,349071
93,2026-07-30T10:35:29Z,1785407729398140235,96,6660,6740,5,170,15120,321133342,200,196,196,448255591,349076
94,2026-07-30T10:35:30Z,1785407730428893984,97,6660,6740,5,170,15302,321134116,200,196,196,448255591,349081
95,2026-07-30T10:35:31Z,1785407731460148147,98,6660,6740,5,170,15485,321134892,200,196,196,448255591,349086
96,2026-07-30T10:35:32Z,1785407732489736267,99,6660,6740,5,170,15669,321135665,200,196,196,448255591,349092
97,2026-07-30T10:35:33Z,1785407733521838353,100,6660,6740,5,170,15852,321136442,200,196,196,448255591,349095
98,2026-07-30T10:35:34Z,1785407734554243276,101,6656,6740,5,169,16035,321137222,200,196,196,448255591,349098
99,2026-07-30T10:35:35Z,1785407735583666581,102,6688,6740,5,169,16220,321137993,200,196,196,448255591,349105
100,2026-07-30T10:35:36Z,1785407736615149954,103,6656,6740,5,169,16402,321138763,200,196,196,448255591,349112
101,2026-07-30T10:35:37Z,1785407737646527749,104,6656,6740,5,169,16584,321139543,200,196,196,448255591,349117
102,2026-07-30T10:35:38Z,1785407738677083369,105,6656,6740,5,169,16765,321140313,200,196,196,448255591,349123
103,2026-07-30T10:35:39Z,1785407739709857206,106,6712,6740,5,169,16950,321141090,200,196,196,448255591,349124
104,2026-07-30T10:35:40Z,1785407740741307391,107,6720,6740,5,169,17132,321141864,200,196,196,448255591,349131
105,2026-07-30T10:35:41Z,1785407741771586378,108,6656,6740,5,169,17314,321142637,200,196,196,448255591,349139
106,2026-07-30T10:35:42Z,1785407742802944726,109,6656,6740,5,169,17496,321143411,200,196,196,448255591,349143
107,2026-07-30T10:35:43Z,1785407743833894811,110,6656,6740,5,169,17678,321144182,200,196,196,448255591,349149
108,2026-07-30T10:35:44Z,1785407744863834465,111,6656,6740,5,169,17862,321144956,200,196,196,448255591,349153
109,2026-07-30T10:35:45Z,1785407745897733454,112,6656,6740,5,169,18045,321145722,200,196,196,448255591,349157
110,2026-07-30T10:35:46Z,1785407746930265692,113,6664,6740,5,169,18232,321146501,200,196,196,448255591,349160
111,2026-07-30T10:35:47Z,1785407747963778223,114,6776,6740,5,169,18415,321147279,200,196,196,448255591,349160
112,2026-07-30T10:35:48Z,1785407748996236188,115,6668,6740,5,172,18597,321148056,200,196,196,448255591,349169
113,2026-07-30T10:35:50Z,1785407750028154630,117,6692,6740,5,173,18782,321148837,200,196,196,448255591,349171
114,2026-07-30T10:35:51Z,1785407751059845541,118,6692,6740,5,173,18966,321149612,200,196,196,448255591,349171
115,2026-07-30T10:35:52Z,1785407752089427597,119,6692,6740,5,173,19151,321150377,200,196,196,448255591,349171
116,2026-07-30T10:35:53Z,1785407753121625608,120,6692,6740,5,173,19335,321151151,200,196,196,448255591,349171
117,2026-07-30T10:35:54Z,1785407754152556594,121,6692,6756,5,173,19520,321151918,200,196,196,448255591,349171
118,2026-07-30T10:35:55Z,1785407755184763708,122,6692,6740,5,173,19705,321152692,200,196,196,448255591,349171
119,2026-07-30T10:35:56Z,1785407756214845515,123,6692,6740,5,173,19890,321153464,000,196,196,448255591,349171
120,2026-07-30T10:35:57Z,1785407757247195308,124,6640,6740,5,160,20073,321154234,200,196,196,448255591,349171
121,2026-07-30T10:35:58Z,1785407758278084639,125,6692,6740,5,160,20255,321155006,200,196,196,448255591,349171
122,2026-07-30T10:35:59Z,1785407759311317056,126,6640,6740,5,160,20437,321155777,200,196,196,448255591,349171
123,2026-07-30T10:36:00Z,1785407760342895952,127,6640,6740,5,160,20623,321156559,200,196,196,448255591,349171
124,2026-07-30T10:36:01Z,1785407761374820156,128,6684,6740,5,160,20808,321157323,200,196,196,448255591,349171
125,2026-07-30T10:36:02Z,1785407762405831387,129,6640,6740,5,160,20992,321158105,200,196,196,448255591,349171
126,2026-07-30T10:36:03Z,1785407763437954355,130,6640,6740,5,160,21176,321158871,200,196,196,448255591,349171
127,2026-07-30T10:36:04Z,1785407764469990512,131,6640,6740,5,160,21361,321159644,200,196,196,448255591,349171
128,2026-07-30T10:36:05Z,1785407765501707692,132,6680,6740,5,160,21545,321160413,200,196,196,448255591,349171
129,2026-07-30T10:36:06Z,1785407766533806737,133,6652,6740,5,160,21729,321161185,200,196,196,448255591,349171
130,2026-07-30T10:36:07Z,1785407767565532157,134,6640,6740,5,160,21914,321161956,200,196,196,448255591,349171
131,2026-07-30T10:36:08Z,1785407768596995051,135,6640,6740,5,160,22098,321162723,200,196,196,448255591,349171
132,2026-07-30T10:36:09Z,1785407769629018768,136,6688,6740,5,160,22283,321163498,200,196,196,448255591,349171
133,2026-07-30T10:36:10Z,1785407770662333893,137,6688,6740,5,160,22465,321164275,200,196,196,448255591,349171
134,2026-07-30T10:36:11Z,1785407771694249729,138,6640,6740,5,160,22648,321165045,200,196,196,448255591,349171
135,2026-07-30T10:36:12Z,1785407772732384557,139,6680,6740,5,170,22832,321165829,200,196,196,448255591,349171
136,2026-07-30T10:36:13Z,1785407773764490169,140,6696,6740,5,170,23016,321166605,200,196,196,448255591,349174
137,2026-07-30T10:36:14Z,1785407774795034791,141,6680,6740,5,170,23195,321167381,200,196,196,448255591,349176
138,2026-07-30T10:36:15Z,1785407775831322354,142,6680,6740,5,170,23378,321168162,200,196,196,448255591,349179
139,2026-07-30T10:36:16Z,1785407776863951382,143,6744,6740,5,170,23562,321168940,200,196,196,448255591,349179
140,2026-07-30T10:36:17Z,1785407777895257445,144,6680,6740,5,170,23743,321169719,200,196,196,448255591,349181
141,2026-07-30T10:36:18Z,1785407778926753812,145,6664,6740,5,166,23926,321170500,200,196,196,448255591,349186
142,2026-07-30T10:36:19Z,1785407779957912565,146,6592,6740,5,163,24107,321171273,200,196,196,448255591,349193
143,2026-07-30T10:36:20Z,1785407780989933547,147,6592,6740,5,163,24290,321172047,200,196,196,448255591,349198
144,2026-07-30T10:36:22Z,1785407782021761204,149,6620,6740,5,163,24474,321172821,200,196,196,448255591,349203
145,2026-07-30T10:36:23Z,1785407783052482814,150,6592,6740,5,163,24657,321173598,200,196,196,448255591,349204
146,2026-07-30T10:36:24Z,1785407784083863476,151,6592,6740,5,163,24833,321174370,200,196,196,448255591,349209
147,2026-07-30T10:36:25Z,1785407785115614992,152,6592,6740,5,163,25014,321175152,200,196,196,448255591,349215
148,2026-07-30T10:36:26Z,1785407786147452021,153,6592,6740,5,163,25197,321175926,200,196,196,448255591,349220
149,2026-07-30T10:36:27Z,1785407787179419196,154,6592,6740,5,163,25379,321176702,200,196,196,448255591,349222
150,2026-07-30T10:36:28Z,1785407788212969467,155,6592,6740,5,163,25561,321177479,200,196,196,448255591,349225
151,2026-07-30T10:36:29Z,1785407789245633028,156,6592,6740,5,163,25735,321178260,200,196,196,448255591,349232
152,2026-07-30T10:36:30Z,1785407790276328348,157,6612,6740,5,163,25912,321179043,200,196,196,448255591,349235
153,2026-07-30T10:36:31Z,1785407791308997271,158,6592,6740,5,163,26087,321179827,200,196,196,448255591,349238
154,2026-07-30T10:36:32Z,1785407792339893245,159,6592,6740,5,163,26267,321180610,200,196,196,448255591,349243
155,2026-07-30T10:36:33Z,1785407793371489897,160,6592,6740,5,163,26449,321181387,200,196,196,448255591,349243
156,2026-07-30T10:36:34Z,1785407794402613239,161,6592,6740,5,163,26627,321182160,200,196,196,448255591,349243
157,2026-07-30T10:36:35Z,1785407795435516818,162,6604,6740,5,163,26804,321182935,200,196,196,448255591,349245
158,2026-07-30T10:36:36Z,1785407796467718822,163,6756,6756,5,177,26990,321183722,200,196,196,448255591,349250
159,2026-07-30T10:36:37Z,1785407797500739781,164,6756,6820,5,177,27173,321184499,200,196,196,448255591,349254
160,2026-07-30T10:36:38Z,1785407798531952909,165,6756,6756,5,177,27356,321185274,200,196,196,448255591,349255
161,2026-07-30T10:36:39Z,1785407799564044215,166,6756,6808,5,177,27541,321186046,200,196,196,448255591,349257
162,2026-07-30T10:36:40Z,1785407800595122572,167,6756,6756,5,177,27726,321186822,200,196,196,448255591,349261
163,2026-07-30T10:36:41Z,1785407801626645080,168,6756,6756,5,177,27910,321187593,200,196,196,448255591,349262
164,2026-07-30T10:36:42Z,1785407802658231427,169,6756,6768,5,177,28095,321188371,200,196,196,448255591,349264
165,2026-07-30T10:36:43Z,1785407803687908397,170,6756,6808,5,177,28278,321189147,200,196,196,448255591,349264
166,2026-07-30T10:36:44Z,1785407804721039925,171,6756,6756,5,177,28463,321189920,200,196,196,448255591,349267
167,2026-07-30T10:36:45Z,1785407805753752255,172,6756,6756,5,177,28650,321190689,200,196,196,448255591,349268
168,2026-07-30T10:36:46Z,1785407806787109341,173,6756,6756,5,177,28837,321191460,200,196,196,448255591,349270
169,2026-07-30T10:36:47Z,1785407807818548854,174,6756,6756,5,177,29023,321192240,200,196,196,448255591,349270
170,2026-07-30T10:36:48Z,1785407808850618703,175,6756,6756,5,177,29208,321193009,200,196,196,448255591,349271
171,2026-07-30T10:36:49Z,1785407809882216769,176,6784,6756,5,177,29389,321193789,200,196,196,448255591,349275
172,2026-07-30T10:36:50Z,1785407810912773959,177,6756,6796,5,177,29573,321194560,200,196,196,448255591,349280
173,2026-07-30T10:36:51Z,1785407811944930643,178,6816,6756,5,177,29756,321195336,200,196,196,448255591,349283
174,2026-07-30T10:36:52Z,1785407812976454516,179,6772,6756,5,177,29939,321196111,200,196,196,448255591,349285
175,2026-07-30T10:36:54Z,1785407814008658851,181,6756,6756,5,177,30122,321196886,200,196,196,448255591,349287
176,2026-07-30T10:36:55Z,1785407815039507829,182,6756,6756,5,177,30303,321197664,200,196,196,448255591,349290
177,2026-07-30T10:36:56Z,1785407816071197486,183,6756,6756,5,177,30486,321198438,200,196,196,448255591,349292
178,2026-07-30T10:36:57Z,1785407817102672612,184,6756,6756,5,177,30666,321199217,200,196,196,448255591,349295
179,2026-07-30T10:36:58Z,1785407818134843810,185,6756,6784,5,177,30846,321199989,200,196,196,448255591,349297
180,2026-07-30T10:36:59Z,1785407819166451657,186,6812,6764,5,177,31029,321200765,200,196,196,448255591,349309
181,2026-07-30T10:37:00Z,1785407820196892042,187,6764,6764,5,177,31209,321201551,200,196,196,448255591,349316
182,2026-07-30T10:37:01Z,1785407821228012707,188,6764,6764,5,177,31390,321202327,200,196,196,448255591,349327
183,2026-07-30T10:37:02Z,1785407822260739939,189,6764,6804,5,177,31569,321203106,200,196,196,448255591,349337
184,2026-07-30T10:37:03Z,1785407823291199745,190,6812,6788,5,177,31750,321203881,200,196,196,448255591,349343
185,2026-07-30T10:37:04Z,1785407824323412287,191,6764,6764,5,177,31931,321204654,200,196,196,448255591,349354
186,2026-07-30T10:37:05Z,1785407825354371829,192,6764,6812,5,177,32111,321205427,200,196,196,448255591,349363
187,2026-07-30T10:37:06Z,1785407826386295727,193,6316,6740,5,95,32285,321206208,200,196,196,448255591,349373
188,2026-07-30T10:37:07Z,1785407827417543842,194,6316,6740,5,95,32458,321206977,200,196,196,448255591,349386
189,2026-07-30T10:37:08Z,1785407828449266482,195,6316,6740,5,95,32630,321207760,200,196,196,448255591,349390
190,2026-07-30T10:37:09Z,1785407829479683703,196,6336,6740,5,95,32802,321208541,200,196,196,448255591,349403
191,2026-07-30T10:37:10Z,1785407830510883421,197,6316,6740,5,95,32975,321209311,200,196,196,448255591,349419
192,2026-07-30T10:37:11Z,1785407831541217295,198,6380,6740,5,95,33149,321210093,200,196,196,448255591,349428
193,2026-07-30T10:37:12Z,1785407832573556636,199,6316,6740,5,95,33321,321210868,200,196,196,448255591,349436
194,2026-07-30T10:37:13Z,1785407833604327000,200,6316,6740,5,95,33493,321211647,200,196,196,448255591,349448
195,2026-07-30T10:37:14Z,1785407834636688044,201,6316,6740,5,95,33668,321212424,200,196,196,448255591,349459
196,2026-07-30T10:37:15Z,1785407835669049339,202,6320,6740,5,95,33840,321213201,200,196,196,448255591,349469
197,2026-07-30T10:37:16Z,1785407836701895082,203,6316,6740,5,95,34015,321213969,200,196,196,448255591,349482
198,2026-07-30T10:37:17Z,1785407837732307478,204,6316,6740,5,95,34189,321214746,200,196,196,448255591,349491
199,2026-07-30T10:37:18Z,1785407838764953651,205,6288,6740,5,88,34362,321215525,200,196,196,448255591,349501
200,2026-07-30T10:37:19Z,1785407839795196318,206,6300,6740,5,91,34536,321216303,200,196,196,448255591,349510
201,2026-07-30T10:37:20Z,1785407840825203589,207,6364,6740,5,91,34710,321217077,200,196,196,448255591,349518
202,2026-07-30T10:37:21Z,1785407841858860490,208,6676,6740,5,169,34887,321217857,200,196,196,448255591,349533
203,2026-07-30T10:37:22Z,1785407842891152809,209,6676,6740,5,169,35060,321218635,200,196,196,448255591,349549
204,2026-07-30T10:37:23Z,1785407843922862460,210,6676,6740,5,169,35234,321219412,200,196,196,448255591,349563
205,2026-07-30T10:37:24Z,1785407844953711938,211,6676,6740,5,169,35405,321220192,200,196,196,448255591,349575
206,2026-07-30T10:37:25Z,1785407845984261245,212,6676,6740,5,169,35576,321220970,200,196,196,448255591,349583
207,2026-07-30T10:37:27Z,1785407847016254882,214,6676,6740,5,169,35748,321221746,200,196,196,448255591,349597
208,2026-07-30T10:37:28Z,1785407848047585491,215,6676,6740,5,169,35920,321222521,200,196,196,448255591,349604
209,2026-07-30T10:37:29Z,1785407849079867449,216,6676,6740,5,169,36090,321223293,200,196,196,448255591,349613
210,2026-07-30T10:37:30Z,1785407850111781438,217,6676,6740,5,169,36262,321224070,200,196,196,448255591,349617
211,2026-07-30T10:37:31Z,1785407851145212240,218,6676,6740,5,169,36434,321224852,200,196,196,448255591,349635
212,2026-07-30T10:37:32Z,1785407852178199154,219,6704,6740,5,169,36608,321225632,200,196,196,448255591,349646
213,2026-07-30T10:37:33Z,1785407853210005186,220,6676,6740,5,169,36779,321226411,200,196,196,448255591,349653
214,2026-07-30T10:37:34Z,1785407854241639207,221,6676,6740,5,169,36950,321227188,200,196,196,448255591,349662
215,2026-07-30T10:37:35Z,1785407855273491704,222,6676,6740,5,169,37123,321227964,200,196,196,448255591,349669
216,2026-07-30T10:37:36Z,1785407856306196640,223,6676,6740,5,169,37294,321228741,200,196,196,448255591,349678
217,2026-07-30T10:37:37Z,1785407857338273785,224,6676,6740,5,169,37464,321229525,200,196,196,448255591,349689
218,2026-07-30T10:37:38Z,1785407858370211529,225,6676,6740,5,169,37637,321230296,200,196,196,448255591,349699
219,2026-07-30T10:37:39Z,1785407859403166085,226,6676,6740,5,169,37809,321231069,200,196,196,448255591,349713
220,2026-07-30T10:37:40Z,1785407860434777728,227,6676,6740,5,169,37981,321231849,200,196,196,448255591,349725
221,2026-07-30T10:37:41Z,1785407861465626872,228,6740,6740,5,169,38149,321232626,000,196,196,448255591,349733
222,2026-07-30T10:37:42Z,1785407862495217372,229,6676,6740,5,169,38320,321233405,200,196,196,448255591,349745
223,2026-07-30T10:37:43Z,1785407863527372908,230,6676,6740,5,169,38492,321234179,200,196,196,448255591,349753
224,2026-07-30T10:37:44Z,1785407864559089661,231,6676,6740,5,169,38662,321234958,200,196,196,448255591,349768
225,2026-07-30T10:37:45Z,1785407865591880280,232,6692,6740,5,173,38837,321235729,200,196,196,448255591,349779
226,2026-07-30T10:37:46Z,1785407866625993226,233,6712,6740,5,173,39008,321236513,200,196,196,448255591,349788
227,2026-07-30T10:37:47Z,1785407867658187259,234,6692,6740,5,173,39183,321237290,200,196,196,448255591,349801
228,2026-07-30T10:37:48Z,1785407868688969524,235,6692,6740,5,173,39356,321238061,200,196,196,448255591,349810
229,2026-07-30T10:37:49Z,1785407869720461776,236,6692,6740,5,173,39525,321238849,200,196,196,448255591,349824
230,2026-07-30T10:37:50Z,1785407870750611122,237,6692,6740,5,173,39696,321239626,200,196,196,448255591,349838
231,2026-07-30T10:37:51Z,1785407871780722990,238,6692,6740,5,173,39867,321240406,200,196,196,448255591,349847
232,2026-07-30T10:37:52Z,1785407872812728208,239,6668,6740,5,172,40037,321241189,200,196,196,448255591,349861
233,2026-07-30T10:37:53Z,1785407873844592346,240,6668,6740,5,172,40209,321241969,200,196,196,448255591,349872
234,2026-07-30T10:37:54Z,1785407874877193491,241,6668,6740,5,172,40381,321242751,200,196,196,448255591,349881
235,2026-07-30T10:37:55Z,1785407875910207842,242,6668,6740,5,172,40552,321243533,200,196,196,448255591,349897
236,2026-07-30T10:37:56Z,1785407876944031705,243,6732,6740,5,172,40724,321244319,200,196,196,448255591,349909
237,2026-07-30T10:37:57Z,1785407877975324869,244,6668,6740,5,172,40893,321245096,200,196,196,448255591,349918
238,2026-07-30T10:37:59Z,1785407879006027188,246,6684,6740,5,172,41058,321245875,200,196,196,448255591,349927
239,2026-07-30T10:38:00Z,1785407880038204008,247,6668,6740,5,172,41225,321246654,200,196,196,448255591,349939
240,2026-07-30T10:38:01Z,1785407881070867968,248,6668,6740,5,172,41395,321247439,200,196,196,448255591,349948
241,2026-07-30T10:38:02Z,1785407882104971782,249,6684,6740,5,172,41565,321248214,200,196,196,448255591,349962
242,2026-07-30T10:38:03Z,1785407883136497268,250,6668,6740,5,172,41732,321248990,200,196,196,448255591,349971
243,2026-07-30T10:38:04Z,1785407884167643106,251,6668,6740,5,172,41898,321249768,200,196,196,448255591,349982
244,2026-07-30T10:38:05Z,1785407885198742358,252,6672,6740,5,173,42067,321250551,200,196,196,448255591,349991
245,2026-07-30T10:38:06Z,1785407886231405173,253,6672,6740,5,173,42238,321251321,200,196,196,448255591,350001
246,2026-07-30T10:38:07Z,1785407887262400661,254,6672,6740,5,173,42407,321252104,200,196,196,448255591,350009
247,2026-07-30T10:38:08Z,1785407888293964074,255,6696,6848,5,174,42579,321252892,200,196,196,448255591,350020
248,2026-07-30T10:38:09Z,1785407889324529974,256,6696,6848,5,174,42752,321253674,200,196,196,448255591,350028
249,2026-07-30T10:38:10Z,1785407890355653519,257,6696,6848,5,174,42925,321254446,200,196,196,448255591,350035
250,2026-07-30T10:38:11Z,1785407891386920681,258,6696,6848,5,174,43096,321255225,200,196,196,448255591,350039
251,2026-07-30T10:38:12Z,1785407892416916769,259,6696,6848,5,174,43267,321255997,200,196,196,448255591,350048
252,2026-07-30T10:38:13Z,1785407893447025416,260,6756,6848,5,178,43437,321256766,200,196,196,448255591,350054
253,2026-07-30T10:38:14Z,1785407894477940260,261,6756,6848,5,178,43609,321257544,200,196,196,448255591,350061
254,2026-07-30T10:38:15Z,1785407895510674024,262,6744,6848,5,175,43780,321258319,200,196,196,448255591,350073
255,2026-07-30T10:38:16Z,1785407896541694433,263,6744,6848,5,175,43952,321259098,200,196,196,448255591,350079
256,2026-07-30T10:38:17Z,1785407897574049892,264,6744,6848,5,175,44125,321259872,200,196,196,448255591,350084
257,2026-07-30T10:38:18Z,1785407898603948659,265,6744,6848,5,175,44296,321260645,200,196,196,448255591,350092
258,2026-07-30T10:38:19Z,1785407899637372112,266,6744,6848,5,175,44467,321261419,200,196,196,448255591,350098
259,2026-07-30T10:38:20Z,1785407900669190395,267,6764,6848,5,175,44640,321262194,200,196,196,448255591,350104
260,2026-07-30T10:38:21Z,1785407901700687468,268,6744,6848,5,175,44814,321262964,200,196,196,448255591,350108
261,2026-07-30T10:38:22Z,1785407902732279711,269,6744,6848,5,175,44987,321263732,200,196,196,448255591,350118
262,2026-07-30T10:38:23Z,1785407903764640151,270,6744,6848,5,175,45161,321264512,200,196,196,448255591,350126
263,2026-07-30T10:38:24Z,1785407904796899943,271,6744,6848,5,175,45333,321265292,200,196,196,448255591,350129
264,2026-07-30T10:38:25Z,1785407905829357051,272,6744,6848,5,175,45506,321266071,200,196,196,448255591,350136
265,2026-07-30T10:38:26Z,1785407906860310664,273,6744,6848,5,175,45679,321266852,200,196,196,448255591,350142
266,2026-07-30T10:38:27Z,1785407907890693897,274,6744,6848,5,175,45848,321267627,200,196,196,448255591,350156
267,2026-07-30T10:38:28Z,1785407908922363920,275,6744,6848,5,175,46016,321268398,200,196,196,448255591,350167
268,2026-07-30T10:38:29Z,1785407909953439231,276,6744,6848,5,175,46183,321269176,200,196,196,448255591,350178
269,2026-07-30T10:38:30Z,1785407910984916270,277,6744,6848,5,175,46356,321269957,200,196,196,448255591,350187
270,2026-07-30T10:38:32Z,1785407912015958162,279,6744,6848,5,175,46527,321270739,200,196,196,448255591,350203
271,2026-07-30T10:38:33Z,1785407913047470723,280,6744,6848,5,175,46697,321271519,200,196,196,448255591,350215
272,2026-07-30T10:38:34Z,1785407914077886074,281,6744,6848,5,175,46866,321272298,200,196,196,448255591,350224
273,2026-07-30T10:38:35Z,1785407915109825148,282,6732,6848,5,172,47037,321273072,200,196,196,448255591,350235
274,2026-07-30T10:38:36Z,1785407916142441547,283,6732,6848,5,172,47205,321273848,200,196,196,448255591,350243
275,2026-07-30T10:38:37Z,1785407917174136136,284,6732,6848,5,172,47377,321274630,200,196,196,448255591,350249
276,2026-07-30T10:38:38Z,1785407918205721296,285,6532,6848,5,122,47544,321275416,200,196,196,448255591,350258
277,2026-07-30T10:38:39Z,1785407919237578346,286,6532,6848,5,122,47713,321276189,200,196,196,448255591,350258
278,2026-07-30T10:38:40Z,1785407920269253935,287,6532,6848,5,122,47883,321276964,200,196,196,448255591,350258
279,2026-07-30T10:38:41Z,1785407921301846319,288,6532,6848,5,122,48051,321277733,200,196,196,448255591,350258
280,2026-07-30T10:38:42Z,1785407922333756559,289,6532,6848,5,122,48220,321278511,200,196,196,448255591,350264
281,2026-07-30T10:38:43Z,1785407923364840811,290,6500,6848,5,119,48389,321279297,200,196,196,448255591,350268
282,2026-07-30T10:38:44Z,1785407924396277695,291,6500,6848,5,119,48558,321280080,200,196,196,448255591,350269
283,2026-07-30T10:38:45Z,1785407925426004004,292,6500,6848,5,119,48727,321280862,200,196,196,448255591,350276
284,2026-07-30T10:38:46Z,1785407926458680846,293,6500,6848,5,119,48899,321281645,200,196,196,448255591,350286
285,2026-07-30T10:38:47Z,1785407927488749343,294,6528,6848,5,119,49068,321282421,200,196,196,448255591,350295
286,2026-07-30T10:38:48Z,1785407928519682323,295,6500,6848,5,119,49237,321283203,200,196,196,448255591,350306
287,2026-07-30T10:38:49Z,1785407929551379459,296,6500,6848,5,119,49406,321283983,200,196,196,448255591,350316
288,2026-07-30T10:38:50Z,1785407930582480812,297,6500,6848,5,119,49575,321284763,200,196,196,448255591,350320
289,2026-07-30T10:38:51Z,1785407931614471371,298,6500,6848,5,119,49744,321285544,200,196,196,448255591,350326
290,2026-07-30T10:38:52Z,1785407932643574807,299,6500,6848,5,119,49914,321286326,200,196,196,448255591,350333
291,2026-07-30T10:38:53Z,1785407933672944987,300,6500,6848,5,119,50082,321287100,200,196,196,448255591,350343
292,2026-07-30T10:38:54Z,1785407934703829646,301,6800,6848,5,170,50267,321287868,200,196,196,448255591,350343
293,2026-07-30T10:38:55Z,1785407935736399445,302,6808,6848,5,170,50453,321288644,200,196,196,448255591,350343
294,2026-07-30T10:38:56Z,1785407936767397322,303,6724,6848,5,170,50637,321289413,200,196,196,448255591,350343
295,2026-07-30T10:38:57Z,1785407937798544243,304,6724,6848,5,170,50823,321290176,200,196,196,448255591,350343
296,2026-07-30T10:38:58Z,1785407938830510544,305,6724,6848,5,170,51009,321290955,200,196,196,448255591,350343
297,2026-07-30T10:38:59Z,1785407939862175503,306,6724,6848,5,170,51194,321291729,200,196,196,448255591,350343
298,2026-07-30T10:39:00Z,1785407940894380337,307,6724,6848,5,170,51379,321292504,200,196,196,448255591,350343
299,2026-07-30T10:39:01Z,1785407941926790334,308,6728,6848,5,170,51566,321293278,200,196,196,448255591,350343
300,2026-07-30T10:39:02Z,1785407942959134757,309,6784,6848,5,170,51751,321294049,200,196,196,448255591,350343
301,2026-07-30T10:39:03Z,1785407943991250570,310,6724,6848,5,170,51937,321294824,200,196,196,448255591,350343
302,2026-07-30T10:39:05Z,1785407945021761312,312,6788,6848,5,170,52121,321295603,200,196,196,448255591,350343
303,2026-07-30T10:39:06Z,1785407946054446077,313,6776,6848,5,170,52302,321296380,200,196,196,448255591,350343
304,2026-07-30T10:39:07Z,1785407947083996054,314,6780,6848,5,170,52482,321297147,200,196,196,448255591,350343
305,2026-07-30T10:39:08Z,1785407948115013555,315,6792,6848,5,170,52663,321297923,200,196,196,448255591,350343
306,2026-07-30T10:39:09Z,1785407949146079309,316,6752,6848,5,170,52843,321298699,200,196,196,448255591,350343
307,2026-07-30T10:39:10Z,1785407950177600883,317,6728,6848,5,170,53024,321299473,200,196,196,448255591,350343
308,2026-07-30T10:39:11Z,1785407951207259012,318,6792,6848,5,170,53207,321300258,200,196,196,448255591,350343
309,2026-07-30T10:39:12Z,1785407952238880949,319,6728,6848,5,170,53390,321301025,200,196,196,448255591,350343
310,2026-07-30T10:39:13Z,1785407953269761029,320,6728,6848,5,170,53569,321301798,200,196,196,448255591,350347
311,2026-07-30T10:39:14Z,1785407954299660108,321,6728,6848,5,170,53747,321302572,200,196,196,448255591,350353
312,2026-07-30T10:39:15Z,1785407955331720604,322,6792,6848,5,170,53926,321303346,200,196,196,448255591,350358
313,2026-07-30T10:39:16Z,1785407956363580443,323,6728,6848,5,170,54105,321304120,200,196,196,448255591,350369
314,2026-07-30T10:39:17Z,1785407957437949532,324,6748,6848,5,175,54288,321304902,200,196,196,448255591,350376
315,2026-07-30T10:39:18Z,1785407958470572629,325,6748,6848,5,175,54471,321305710,200,196,196,448255591,350383
316,2026-07-30T10:39:19Z,1785407959500354131,326,6748,6848,5,175,54648,321306481,200,196,196,448255591,350394
317,2026-07-30T10:39:20Z,1785407960533404107,327,6748,6848,5,175,54824,321307258,200,196,196,448255591,350405
318,2026-07-30T10:39:21Z,1785407961565699576,328,6748,6848,5,175,55003,321308040,200,196,196,448255591,350413
319,2026-07-30T10:39:22Z,1785407962597771805,329,6752,6848,5,176,55180,321308820,200,196,196,448255591,350416
320,2026-07-30T10:39:23Z,1785407963628935453,330,6812,6848,5,176,55356,321309599,200,196,196,448255591,350419
321,2026-07-30T10:39:24Z,1785407964659721976,331,6612,6848,5,141,55532,321310382,200,196,196,448255591,350420
322,2026-07-30T10:39:25Z,1785407965691402277,332,6612,6848,5,141,55700,321311163,200,196,196,448255591,350428
323,2026-07-30T10:39:26Z,1785407966723643774,333,6612,6848,5,141,55871,321311940,200,196,196,448255591,350434
324,2026-07-30T10:39:27Z,1785407967754705012,334,6612,6848,5,141,56047,321312718,200,196,196,448255591,350437
325,2026-07-30T10:39:28Z,1785407968785615618,335,6656,6848,5,141,56219,321313490,200,196,196,448255591,350441
326,2026-07-30T10:39:29Z,1785407969816637010,336,6612,6848,5,141,56396,321314267,200,196,196,448255591,350450
327,2026-07-30T10:39:30Z,1785407970848387398,337,6612,6848,5,141,56572,321315050,200,196,196,448255591,350455
328,2026-07-30T10:39:31Z,1785407971879994082,338,6612,6848,5,141,56748,321315831,200,196,196,448255591,350459
329,2026-07-30T10:39:32Z,1785407972913349184,339,6612,6848,5,141,56925,321316608,200,196,196,448255591,350465
330,2026-07-30T10:39:33Z,1785407973944464318,340,6612,6848,5,141,57102,321317391,200,196,196,448255591,350471
331,2026-07-30T10:39:34Z,1785407974976130778,341,6612,6848,5,141,57276,321318166,200,196,196,448255591,350474
332,2026-07-30T10:39:36Z,1785407976008273158,343,6612,6848,5,141,57456,321318940,200,196,196,448255591,350477
333,2026-07-30T10:39:37Z,1785407977037923346,344,6612,6848,5,141,57633,321319726,200,196,196,448255591,350477
334,2026-07-30T10:39:38Z,1785407978069099950,345,6612,6848,5,141,57809,321320494,200,196,196,448255591,350481
335,2026-07-30T10:39:39Z,1785407979100517807,346,6632,6848,5,141,57986,321321272,200,196,196,448255591,350482
336,2026-07-30T10:39:40Z,1785407980131828241,347,6720,6848,5,161,58165,321322052,200,196,196,448255591,350490
337,2026-07-30T10:39:41Z,1785407981165536721,348,6720,6848,5,161,58350,321322819,200,196,196,448255591,350493
338,2026-07-30T10:39:42Z,1785407982196888116,349,6720,6848,5,161,58535,321323584,200,196,196,448255591,350497
339,2026-07-30T10:39:43Z,1785407983227459334,350,6720,6848,5,161,58720,321324352,200,196,196,448255591,350502
340,2026-07-30T10:39:44Z,1785407984259859586,351,6720,6848,5,161,58906,321325118,200,196,196,448255591,350505
341,2026-07-30T10:39:45Z,1785407985291452047,352,6720,6848,5,161,59090,321325895,200,196,196,448255591,350509
342,2026-07-30T10:39:46Z,1785407986324285720,353,6720,6848,5,161,59276,321326664,200,196,196,448255591,350513
343,2026-07-30T10:39:47Z,1785407987357280898,354,6708,6848,5,158,59463,321327437,200,196,196,448255591,350516
344,2026-07-30T10:39:48Z,1785407988389877355,355,6708,6848,5,158,59648,321328210,200,196,196,448255591,350518
345,2026-07-30T10:39:49Z,1785407989422160889,356,6708,6848,5,158,59833,321328988,200,196,196,448255591,350520
346,2026-07-30T10:39:50Z,1785407990456050290,357,6732,6848,5,158,60019,321329767,200,196,196,448255591,350520
347,2026-07-30T10:39:51Z,1785407991487532831,358,6740,6848,5,158,60206,321330541,200,196,196,448255591,350522
348,2026-07-30T10:39:52Z,1785407992520010912,359,6692,6848,5,154,60390,321331313,200,196,196,448255591,350523
349,2026-07-30T10:39:53Z,1785407993552597864,360,6692,6848,5,154,60576,321332090,200,196,196,448255591,350525
350,2026-07-30T10:39:54Z,1785407994583781558,361,6692,6848,5,154,60761,321332855,200,196,196,448255591,350528
351,2026-07-30T10:39:55Z,1785407995616462622,362,6692,6848,5,154,60945,321333633,200,196,196,448255591,350532
352,2026-07-30T10:39:56Z,1785407996648627668,363,6692,6848,5,154,61132,321334399,200,196,196,448255591,350533
353,2026-07-30T10:39:57Z,1785407997679475453,364,6716,6848,5,155,61317,321335173,200,196,196,448255591,350538
354,2026-07-30T10:39:58Z,1785407998711124170,365,6716,6848,5,155,61492,321335951,200,196,196,448255591,350546
355,2026-07-30T10:39:59Z,1785407999743899570,366,6716,6848,5,155,61666,321336727,200,196,196,448255591,350554
356,2026-07-30T10:40:00Z,1785408000774879730,367,6716,6848,5,155,61844,321337506,200,196,196,448255591,350564
357,2026-07-30T10:40:01Z,1785408001808612896,368,6716,6848,5,155,62019,321338286,200,196,196,448255591,350576
358,2026-07-30T10:40:02Z,1785408002843045863,369,6756,6848,5,165,62199,321339059,200,196,196,448255591,350589
359,2026-07-30T10:40:03Z,1785408003873788653,370,6756,6848,5,165,62371,321339841,200,196,196,448255591,350609
360,2026-07-30T10:40:04Z,1785408004904677494,371,6756,6848,5,165,62539,321340621,200,196,196,448255591,350617
361,2026-07-30T10:40:05Z,1785408005934772671,372,6756,6848,5,165,62707,321341401,200,196,196,448255591,350634
362,2026-07-30T10:40:06Z,1785408006966426440,373,6756,6848,5,165,62873,321342176,200,196,196,448255591,350647
363,2026-07-30T10:40:07Z,1785408007995968707,374,6756,6848,5,165,63040,321342958,200,196,196,448255591,350663
364,2026-07-30T10:40:09Z,1785408009026730101,376,6756,6848,5,165,63206,321343733,200,196,196,448255591,350673
365,2026-07-30T10:40:10Z,1785408010058629007,377,6804,6848,5,165,63372,321344511,200,196,196,448255591,350678
366,2026-07-30T10:40:11Z,1785408011088442545,378,6760,6848,5,165,63537,321345280,200,196,196,448255591,350684
367,2026-07-30T10:40:12Z,1785408012118875751,379,6756,6848,5,165,63704,321346057,200,196,196,448255591,350693
368,2026-07-30T10:40:13Z,1785408013153412722,380,6756,6848,5,165,63873,321346833,200,196,196,448255591,350706
369,2026-07-30T10:40:14Z,1785408014184560051,381,6756,6848,5,165,64042,321347611,200,196,196,448255591,350718
370,2026-07-30T10:40:15Z,1785408015216379859,382,6756,6848,5,165,64205,321348389,200,196,196,448255591,350726
371,2026-07-30T10:40:16Z,1785408016248978149,383,6756,6848,5,165,64373,321349166,200,196,196,448255591,350729
372,2026-07-30T10:40:17Z,1785408017280136404,384,6756,6848,5,165,64541,321349944,200,196,196,448255591,350735
373,2026-07-30T10:40:18Z,1785408018311161828,385,6776,6848,5,165,64709,321350724,200,196,196,448255591,350741
374,2026-07-30T10:40:19Z,1785408019342578820,386,6756,6848,5,165,64874,321351497,200,196,196,448255591,350745
375,2026-07-30T10:40:20Z,1785408020371499408,387,6756,6848,5,165,65042,321352280,200,196,196,448255591,350753
376,2026-07-30T10:40:21Z,1785408021402357828,388,6756,6848,5,165,65210,321353066,200,196,196,448255591,350764
377,2026-07-30T10:40:22Z,1785408022434508210,389,6756,6848,5,165,65376,321353842,200,196,196,448255591,350767
378,2026-07-30T10:40:23Z,1785408023465813735,390,6784,6848,5,165,65543,321354617,200,196,196,448255591,350772
379,2026-07-30T10:40:24Z,1785408024497981676,391,6756,6848,5,165,65712,321355397,200,196,196,448255591,350779
380,2026-07-30T10:40:25Z,1785408025527489747,392,6820,6848,5,165,65882,321356174,200,196,196,448255591,350784
381,2026-07-30T10:40:26Z,1785408026560003227,393,6764,6848,5,167,66062,321356948,200,196,196,448255591,350788
382,2026-07-30T10:40:27Z,1785408027592501510,394,6716,6848,5,165,66243,321357724,200,196,196,448255591,350788
383,2026-07-30T10:40:28Z,1785408028622043361,395,6716,6848,5,165,66422,321358495,200,196,196,448255591,350788
384,2026-07-30T10:40:29Z,1785408029653527719,396,6716,6848,5,165,66602,321359273,200,196,196,448255591,350788
385,2026-07-30T10:40:30Z,1785408030686166182,397,6716,6848,5,165,66782,321360049,200,196,196,448255591,350788
386,2026-07-30T10:40:31Z,1785408031718395561,398,6716,6848,5,165,66962,321360820,200,196,196,448255591,350789
387,2026-07-30T10:40:32Z,1785408032748503189,399,6716,6848,5,165,67142,321361600,200,196,196,448255591,350795
388,2026-07-30T10:40:33Z,1785408033780042743,400,6716,6848,5,165,67323,321362371,200,196,196,448255591,350796
389,2026-07-30T10:40:34Z,1785408034811963198,401,6716,6848,5,165,67503,321363145,200,196,196,448255591,350796
390,2026-07-30T10:40:35Z,1785408035845014247,402,6716,6848,5,165,67682,321363924,200,196,196,448255591,350799
391,2026-07-30T10:40:36Z,1785408036876134776,403,6716,6848,5,165,67862,321364703,200,196,196,448255591,350801
392,2026-07-30T10:40:37Z,1785408037907046867,404,6716,6848,5,165,68042,321365479,200,196,196,448255591,350801
393,2026-07-30T10:40:38Z,1785408038937011215,405,6716,6848,5,165,68221,321366254,200,196,196,448255591,350801
394,2026-07-30T10:40:39Z,1785408039965905466,406,6716,6848,5,165,68399,321367022,200,196,196,448255591,350803
395,2026-07-30T10:40:40Z,1785408040998303333,407,6716,6848,5,165,68579,321367795,200,196,196,448255591,350803
396,2026-07-30T10:40:42Z,1785408042031204396,409,6716,6848,5,165,68758,321368573,200,196,196,448255591,350803
397,2026-07-30T10:40:43Z,1785408043061353472,410,6720,6848,5,165,68936,321369351,200,196,196,448255591,350808
398,2026-07-30T10:40:44Z,1785408044093318671,411,6716,6848,5,165,69113,321370135,200,196,196,448255591,350817
399,2026-07-30T10:40:45Z,1785408045125112227,412,6716,6848,5,165,69290,321370914,200,196,196,448255591,350823
400,2026-07-30T10:40:46Z,1785408046156858198,413,6716,6848,5,165,69464,321371697,200,196,196,448255591,350834
401,2026-07-30T10:40:47Z,1785408047187940014,414,6780,6848,5,165,69641,321372481,200,196,196,448255591,350842
402,2026-07-30T10:40:48Z,1785408048219660496,415,6716,6848,5,165,69819,321373258,200,196,196,448255591,350855
403,2026-07-30T10:40:49Z,1785408049250856966,416,6732,6848,5,169,69998,321374037,200,196,196,448255591,350861
404,2026-07-30T10:40:50Z,1785408050282362416,417,6732,6848,5,169,70168,321374823,200,196,196,448255591,350865
405,2026-07-30T10:40:51Z,1785408051312348328,418,6732,6848,5,169,70342,321375603,200,196,196,448255591,350871
406,2026-07-30T10:40:52Z,1785408052344630924,419,6732,6848,5,169,70520,321376380,200,196,196,448255591,350879
407,2026-07-30T10:40:53Z,1785408053374766802,420,6732,6848,5,169,70697,321377161,200,196,196,448255591,350882
408,2026-07-30T10:40:54Z,1785408054405588140,421,6732,6848,5,169,70876,321377948,200,196,196,448255591,350888
409,2026-07-30T10:40:55Z,1785408055435851748,422,6732,6848,5,169,71052,321378729,200,196,196,448255591,350894
410,2026-07-30T10:40:56Z,1785408056467452528,423,6740,6848,5,169,71230,321379510,200,196,196,448255591,350905
411,2026-07-30T10:40:57Z,1785408057498654733,424,6732,6848,5,169,71409,321380294,200,196,196,448255591,350908
412,2026-07-30T10:40:58Z,1785408058529852315,425,6736,6848,5,169,71585,321381073,200,196,196,448255591,350912
413,2026-07-30T10:40:59Z,1785408059560615383,426,6732,6848,5,169,71763,321381854,200,196,196,448255591,350915
414,2026-07-30T10:41:00Z,1785408060592307041,427,6732,6848,5,169,71941,321382630,200,196,196,448255591,350915
415,2026-07-30T10:41:01Z,1785408061624115893,428,6732,6848,5,169,72121,321383414,200,196,196,448255591,350919
416,2026-07-30T10:41:02Z,1785408062657104718,429,6732,6848,5,169,72299,321384197,200,196,196,448255591,350923
417,2026-07-30T10:41:03Z,1785408063687557476,430,6784,6848,5,169,72477,321384975,200,196,196,448255591,350933
418,2026-07-30T10:41:04Z,1785408064720878892,431,6732,6848,5,169,72656,321385753,200,196,196,448255591,350936
419,2026-07-30T10:41:05Z,1785408065751366323,432,6744,6848,5,172,72836,321386532,200,196,196,448255591,350938
420,2026-07-30T10:41:06Z,1785408066780967555,433,6784,6848,5,172,73013,321387311,200,196,196,448255591,350946
421,2026-07-30T10:41:07Z,1785408067812322531,434,6744,6848,5,172,73190,321388093,200,196,196,448255591,350957
422,2026-07-30T10:41:08Z,1785408068842995715,435,6744,6848,5,172,73368,321388879,200,196,196,448255591,350968
423,2026-07-30T10:41:09Z,1785408069873855089,436,6744,6848,5,172,73548,321389658,200,196,196,448255591,350970
424,2026-07-30T10:41:10Z,1785408070905153091,437,6744,6848,5,172,73725,321390439,200,196,196,448255591,350975
425,2026-07-30T10:41:11Z,1785408071938755291,438,6748,6848,5,173,73908,321391214,200,196,196,448255591,350979
426,2026-07-30T10:41:12Z,1785408072968278715,439,6796,6848,5,173,74084,321391994,200,196,196,448255591,350984
427,2026-07-30T10:41:13Z,1785408073998927152,440,6748,6848,5,173,74264,321392767,200,196,196,448255591,350992
428,2026-07-30T10:41:15Z,1785408075028425967,442,6748,6848,5,173,74442,321393546,200,196,196,448255591,351006
429,2026-07-30T10:41:16Z,1785408076061542235,443,6748,6848,5,173,74621,321394323,200,196,196,448255591,351015
430,2026-07-30T10:41:17Z,1785408077094943180,444,6812,6848,5,173,74800,321395103,200,196,196,448255591,351026
431,2026-07-30T10:41:18Z,1785408078125582054,445,6748,6848,5,173,74980,321395877,200,196,196,448255591,351037
432,2026-07-30T10:41:19Z,1785408079156563680,446,6748,6848,5,173,75160,321396655,200,196,196,448255591,351042
433,2026-07-30T10:41:20Z,1785408080188416387,447,6748,6848,5,173,75340,321397430,200,196,196,448255591,351042
434,2026-07-30T10:41:21Z,1785408081219654689,448,6748,6848,5,173,75519,321398202,200,196,196,448255591,351050
435,2026-07-30T10:41:22Z,1785408082250128478,449,6748,6848,5,173,75701,321398980,200,196,196,448255591,351058
436,2026-07-30T10:41:23Z,1785408083282618826,450,6748,6848,5,173,75882,321399754,000,196,196,448255592,351061
437,2026-07-30T10:41:24Z,1785408084315669063,451,6748,6848,5,173,76065,321400535,200,196,196,448255592,351062
438,2026-07-30T10:41:25Z,1785408085346238687,452,6748,6848,5,173,76246,321401307,200,196,196,448255592,351071
439,2026-07-30T10:41:26Z,1785408086377991477,453,6748,6848,5,173,76426,321402082,200,196,196,448255592,351079
440,2026-07-30T10:41:27Z,1785408087408886459,454,6748,6848,5,173,76604,321402864,200,196,196,448255592,351087
441,2026-07-30T10:41:28Z,1785408088440686744,455,6748,6848,5,173,76782,321403644,200,196,196,448255592,351094
442,2026-07-30T10:41:29Z,1785408089470761094,456,6812,6848,5,173,76959,321404422,200,196,196,448255592,351106
443,2026-07-30T10:41:30Z,1785408090503982821,457,6748,6848,5,173,77134,321405203,200,196,196,448255592,351114
444,2026-07-30T10:41:31Z,1785408091535507807,458,6748,6848,5,173,77312,321405987,200,196,196,448255592,351129
445,2026-07-30T10:41:32Z,1785408092567611420,459,6748,6848,5,173,77490,321406769,200,196,196,448255592,351134
446,2026-07-30T10:41:33Z,1785408093597469355,460,6748,6848,5,173,77666,321407552,000,196,196,448255592,351148
447,2026-07-30T10:41:34Z,1785408094627685017,461,6748,6848,5,173,77842,321408330,200,196,196,448255592,351155
448,2026-07-30T10:41:35Z,1785408095659473491,462,6744,6848,5,172,78020,321409112,200,196,196,448255592,351164
449,2026-07-30T10:41:36Z,1785408096691737145,463,6796,6848,5,172,78196,321409897,200,196,196,448255592,351177
450,2026-07-30T10:41:37Z,1785408097722245782,464,6744,6848,5,172,78373,321410678,200,196,196,448255592,351189
451,2026-07-30T10:41:38Z,1785408098754871628,465,6744,6848,5,172,78552,321411457,200,196,196,448255592,351195
452,2026-07-30T10:41:39Z,1785408099787050436,466,6744,6848,5,172,78729,321412235,200,196,196,448255592,351205
453,2026-07-30T10:41:40Z,1785408100817880026,467,6744,6848,5,172,78906,321413020,200,196,196,448255592,351215
454,2026-07-30T10:41:41Z,1785408101849249917,468,6744,6848,5,171,79083,321413801,200,196,196,448255592,351229
455,2026-07-30T10:41:42Z,1785408102879901086,469,6576,6848,5,135,79259,321414583,200,196,196,448255592,351237
456,2026-07-30T10:41:43Z,1785408103912975390,470,6684,6848,5,135,79436,321415360,200,196,196,448255592,351247
457,2026-07-30T10:41:44Z,1785408104942792538,471,6576,6848,5,135,79615,321416136,200,196,196,448255592,351256
458,2026-07-30T10:41:45Z,1785408105974599452,472,6576,6848,5,135,79791,321416907,200,196,196,448255592,351264
459,2026-07-30T10:41:47Z,1785408107006203523,474,6576,6848,5,135,79970,321417690,200,196,196,448255592,351273
460,2026-07-30T10:41:48Z,1785408108036356478,475,6576,6848,5,135,80148,321418468,200,196,196,448255592,351281
461,2026-07-30T10:41:49Z,1785408109068686786,476,6576,6848,5,135,80327,321419243,200,196,196,448255592,351287
462,2026-07-30T10:41:50Z,1785408110100778808,477,6576,6848,5,135,80506,321420016,200,196,196,448255592,351287
463,2026-07-30T10:41:51Z,1785408111130508557,478,6624,6848,5,135,80687,321420792,200,196,196,448255592,351287
464,2026-07-30T10:41:52Z,1785408112161031355,479,6576,6848,5,135,80863,321421568,200,196,196,448255592,351293
465,2026-07-30T10:41:53Z,1785408113192906068,480,6576,6848,5,135,81040,321422349,200,196,196,448255592,351293
466,2026-07-30T10:41:54Z,1785408114223550635,481,6576,6848,5,135,81217,321423129,200,196,196,448255592,351296
467,2026-07-30T10:41:55Z,1785408115255045564,482,6636,6848,5,135,81397,321423911,200,196,196,448255592,351298
468,2026-07-30T10:41:56Z,1785408116286611202,483,6576,6848,5,135,81575,321424696,200,196,196,448255592,351301
469,2026-07-30T10:41:57Z,1785408117316517020,484,6612,6848,5,135,81752,321425480,200,196,196,448255592,351303
470,2026-07-30T10:41:58Z,1785408118347470683,485,6576,6848,5,135,81934,321426263,200,196,196,448255592,351307
471,2026-07-30T10:41:59Z,1785408119378578211,486,6576,6848,5,135,82115,321427041,200,196,196,448255592,351315
472,2026-07-30T10:42:00Z,1785408120408478286,487,6596,6848,5,135,82293,321427818,200,196,196,448255592,351315
473,2026-07-30T10:42:01Z,1785408121439184727,488,6576,6848,5,135,82471,321428595,200,196,196,448255592,351319
474,2026-07-30T10:42:02Z,1785408122472117471,489,6640,6848,5,135,82655,321429366,200,196,196,448255592,351321
475,2026-07-30T10:42:03Z,1785408123502449798,490,6576,6848,5,135,82838,321430144,200,196,196,448255592,351329
476,2026-07-30T10:42:04Z,1785408124534126676,491,6576,6848,5,135,83021,321430916,200,196,196,448255592,351331
477,2026-07-30T10:42:05Z,1785408125564412240,492,6460,6848,5,106,83204,321431688,000,196,196,448255592,351335
478,2026-07-30T10:42:06Z,1785408126594950604,493,6460,6848,5,106,83383,321432462,200,196,196,448255592,351340
479,2026-07-30T10:42:07Z,1785408127626431583,494,6516,6848,5,106,83563,321433239,000,196,196,448255592,351341
480,2026-07-30T10:42:08Z,1785408128656039054,495,6460,6848,5,106,83744,321434016,200,196,196,448255592,351346
481,2026-07-30T10:42:09Z,1785408129687675337,496,6508,6848,5,106,83924,321434791,200,196,196,448255592,351351
482,2026-07-30T10:42:10Z,1785408130718168907,497,6460,6848,5,106,84103,321435571,200,196,196,448255592,351352
483,2026-07-30T10:42:11Z,1785408131749918947,498,6460,6848,5,106,84282,321436357,200,196,196,448255592,351353
484,2026-07-30T10:42:12Z,1785408132782562706,499,6460,6848,5,106,84464,321437135,200,196,196,448255592,351358
485,2026-07-30T10:42:13Z,1785408133815961039,500,6524,6848,5,106,84647,321437914,200,196,196,448255592,351359
486,2026-07-30T10:42:14Z,1785408134847317996,501,6520,6848,5,106,84829,321438692,200,196,196,448255592,351359
487,2026-07-30T10:42:15Z,1785408135878747889,502,6460,6848,5,106,85011,321439471,200,196,196,448255592,351361
488,2026-07-30T10:42:16Z,1785408136912570489,503,6460,6848,5,106,85193,321440244,200,196,196,448255592,351368
489,2026-07-30T10:42:17Z,1785408137943464570,504,6460,6848,5,106,85376,321441016,200,196,196,448255592,351374
490,2026-07-30T10:42:18Z,1785408138974697780,505,6524,6848,5,106,85558,321441793,200,196,196,448255592,351376
491,2026-07-30T10:42:20Z,1785408140006461336,507,6520,6848,5,106,85741,321442565,200,196,196,448255592,351376
492,2026-07-30T10:42:21Z,1785408141038956338,508,7056,7056,5,175,85926,321443344,200,196,196,448255592,351379
493,2026-07-30T10:42:22Z,1785408142070330919,509,7056,7056,5,175,86107,321444124,200,196,196,448255592,351381
494,2026-07-30T10:42:23Z,1785408143102408314,510,7056,7056,5,175,86286,321444907,200,196,196,448255592,351385
495,2026-07-30T10:42:24Z,1785408144134148534,511,7056,7056,5,175,86469,321445679,200,196,196,448255592,351385
496,2026-07-30T10:42:25Z,1785408145165252345,512,7056,7056,5,175,86650,321446447,200,196,196,448255592,351389
497,2026-07-30T10:42:26Z,1785408146195655184,513,7056,7056,5,175,86829,321447232,200,196,196,448255592,351394
498,2026-07-30T10:42:27Z,1785408147226636427,514,7056,7056,5,175,87005,321448014,200,196,196,448255592,351400
499,2026-07-30T10:42:28Z,1785408148259775720,515,7072,7120,5,175,87186,321448798,200,196,196,448255592,351403
500,2026-07-30T10:42:29Z,1785408149292407920,516,7056,7056,5,175,87366,321449573,200,196,196,448255592,351405
501,2026-07-30T10:42:30Z,1785408150325162009,517,7064,7056,5,175,87550,321450346,200,196,196,448255592,351406
502,2026-07-30T10:42:31Z,1785408151357567816,518,7056,7056,5,175,87737,321451118,200,196,196,448255592,351410
503,2026-07-30T10:42:32Z,1785408152389431278,519,7056,7056,5,175,87921,321451893,200,196,196,448255592,351413
504,2026-07-30T10:42:33Z,1785408153419379279,520,7056,7056,5,175,88106,321452662,200,196,196,448255592,351416
505,2026-07-30T10:42:34Z,1785408154452275646,521,7056,7056,5,175,88292,321453434,200,196,196,448255592,351417
506,2026-07-30T10:42:35Z,1785408155482629958,522,7056,7056,5,175,88477,321454205,200,196,196,448255592,351418
507,2026-07-30T10:42:36Z,1785408156514150007,523,7080,7132,5,176,88660,321454987,200,196,196,448255592,351421
508,2026-07-30T10:42:37Z,1785408157545120102,524,7080,7080,5,176,88844,321455765,200,196,196,448255592,351422
509,2026-07-30T10:42:38Z,1785408158577999142,525,7200,7080,5,176,89026,321456540,200,196,196,448255592,351430
510,2026-07-30T10:42:39Z,1785408159608843031,526,7080,7080,5,176,89210,321457315,200,196,196,448255592,351434
511,2026-07-30T10:42:40Z,1785408160640396009,527,7080,7080,5,176,89393,321458091,200,196,196,448255592,351443
512,2026-07-30T10:42:41Z,1785408161671939278,528,7080,7132,5,176,89578,321458855,200,196,196,448255592,351443
513,2026-07-30T10:42:42Z,1785408162703902351,529,7084,7144,5,176,89763,321459617,200,196,196,448255592,351443
514,2026-07-30T10:42:43Z,1785408163736737167,530,7080,7080,5,176,89946,321460392,200,196,196,448255592,351446
515,2026-07-30T10:42:44Z,1785408164765910071,531,7152,7152,5,179,90129,321461167,200,196,196,448255592,351452
516,2026-07-30T10:42:45Z,1785408165797313515,532,7204,7204,5,179,90309,321461949,200,196,196,448255592,351456
517,2026-07-30T10:42:46Z,1785408166828584185,533,7152,7180,5,179,90490,321462721,200,196,196,448255592,351460
518,2026-07-30T10:42:47Z,1785408167860095315,534,7220,7152,5,179,90673,321463499,200,196,196,448255592,351463
519,2026-07-30T10:42:48Z,1785408168892037874,535,7152,7152,5,179,90854,321464276,200,196,196,448255592,351466
520,2026-07-30T10:42:49Z,1785408169923418670,536,7176,7196,5,179,91037,321465042,200,196,196,448255592,351466
521,2026-07-30T10:42:50Z,1785408170953789313,537,6792,6968,5,122,91219,321465816,200,196,196,448255592,351466
522,2026-07-30T10:42:51Z,1785408171984244155,538,6604,6968,5,122,91386,321466591,200,196,196,448255592,351469
523,2026-07-30T10:42:53Z,1785408173016033123,540,6604,6968,5,122,91555,321467376,200,196,196,448255592,351472
524,2026-07-30T10:42:54Z,1785408174046832632,541,6604,6968,5,122,91726,321468157,200,196,196,448255592,351476
525,2026-07-30T10:42:55Z,1785408175076999960,542,6604,6968,5,122,91894,321468930,200,196,196,448255592,351478
526,2026-07-30T10:42:56Z,1785408176109030173,543,6604,6968,5,122,92064,321469706,200,196,196,448255592,351481
527,2026-07-30T10:42:57Z,1785408177140353783,544,6604,6968,5,122,92232,321470483,200,196,196,448255592,351485
528,2026-07-30T10:42:58Z,1785408178172604624,545,6604,6968,5,122,92402,321471258,200,196,196,448255592,351488
529,2026-07-30T10:42:59Z,1785408179202327758,546,6608,6968,5,123,92582,321472038,200,196,196,448255592,351491
530,2026-07-30T10:43:00Z,1785408180235251555,547,6596,6968,5,104,92764,321472813,000,196,196,448255592,351494
531,2026-07-30T10:43:01Z,1785408181267961459,548,6532,6968,5,104,92947,321473584,200,196,196,448255592,351496
532,2026-07-30T10:43:02Z,1785408182300609003,549,6548,6968,5,104,93132,321474353,200,196,196,448255592,351497
533,2026-07-30T10:43:03Z,1785408183332696510,550,6532,6968,5,104,93314,321475123,200,196,196,448255592,351503
534,2026-07-30T10:43:04Z,1785408184371642640,551,6532,6968,5,104,93497,321475904,200,196,196,448255592,351510
535,2026-07-30T10:43:05Z,1785408185402192757,552,6532,6968,5,104,93680,321476688,200,196,196,448255592,351514
536,2026-07-30T10:43:06Z,1785408186433474144,553,6596,6968,5,104,93859,321477455,200,196,196,448255592,351517
537,2026-07-30T10:43:07Z,1785408187465340456,554,6620,6968,5,126,94043,321478238,200,196,196,448255592,351522
538,2026-07-30T10:43:08Z,1785408188495268418,555,6620,6968,5,126,94224,321479021,200,196,196,448255592,351526
539,2026-07-30T10:43:09Z,1785408189526243162,556,6628,6968,5,126,94400,321479800,200,196,196,448255592,351534
540,2026-07-30T10:43:10Z,1785408190557522406,557,6620,6968,5,126,94562,321480564,200,196,196,448255592,351537
541,2026-07-30T10:43:11Z,1785408191588574287,558,6620,6968,5,126,94728,321481327,200,196,196,448255592,351538
542,2026-07-30T10:43:12Z,1785408192621496902,559,6620,6968,5,126,94896,321482107,200,196,196,448255592,351541
543,2026-07-30T10:43:13Z,1785408193652849198,560,6620,6968,5,126,95067,321482889,200,196,196,448255592,351546
544,2026-07-30T10:43:14Z,1785408194682483229,561,6572,6968,5,124,95234,321483661,200,196,196,448255592,351546
545,2026-07-30T10:43:15Z,1785408195714518497,562,6572,6968,5,124,95400,321484432,200,196,196,448255592,351546
546,2026-07-30T10:43:16Z,1785408196747213035,563,6572,6968,5,124,95570,321485211,200,196,196,448255592,351546
547,2026-07-30T10:43:17Z,1785408197778828125,564,6572,6968,5,124,95733,321485976,200,196,196,448255592,351546
548,2026-07-30T10:43:18Z,1785408198810518021,565,6572,6968,5,124,95900,321486745,200,196,196,448255592,351546
549,2026-07-30T10:43:19Z,1785408199842708360,566,6572,6968,5,124,96070,321487508,200,196,196,448255592,351546
550,2026-07-30T10:43:20Z,1785408200874517421,567,6584,6968,5,124,96238,321488279,200,196,196,448255592,351546
551,2026-07-30T10:43:21Z,1785408201904985464,568,6596,6968,5,125,96406,321489061,200,196,196,448255592,351547
552,2026-07-30T10:43:22Z,1785408202935583614,569,6596,6968,5,125,96569,321489826,200,196,196,448255592,351548
553,2026-07-30T10:43:23Z,1785408203968244763,570,6596,6968,5,125,96728,321490591,200,196,196,448255592,351551
554,2026-07-30T10:43:24Z,1785408204999991159,572,6596,6968,5,125,96889,321491361,200,196,196,448255592,351551
555,2026-07-30T10:43:26Z,1785408206031300078,573,6596,6968,5,125,97050,321492128,200,196,196,448255592,351555
556,2026-07-30T10:43:27Z,1785408207063592255,574,6596,6968,5,125,97213,321492888,200,196,196,448255592,351557
557,2026-07-30T10:43:28Z,1785408208095227026,575,6596,6968,5,125,97376,321493650,200,196,196,448255592,351557
558,2026-07-30T10:43:29Z,1785408209126338153,576,6592,6968,5,124,97536,321494412,200,196,196,448255592,351559
559,2026-07-30T10:43:30Z,1785408210158202159,577,6792,6968,5,174,97708,321495185,200,196,196,448255592,351562
560,2026-07-30T10:43:31Z,1785408211191666992,578,6792,6968,5,174,97890,321495962,200,196,196,448255592,351569
561,2026-07-30T10:43:32Z,1785408212223651578,579,6792,6968,5,174,98071,321496736,200,196,196,448255592,351573
562,2026-07-30T10:43:33Z,1785408213255784256,580,6792,6968,5,174,98253,321497514,200,196,196,448255592,351576
563,2026-07-30T10:43:34Z,1785408214288149202,581,6792,6968,5,174,98437,321498286,200,196,196,448255592,351580
564,2026-07-30T10:43:35Z,1785408215320029471,582,6792,6968,5,174,98621,321499060,200,196,196,448255592,351580
565,2026-07-30T10:43:36Z,1785408216351549993,583,6792,6968,5,174,98802,321499831,200,196,196,448255592,351586
566,2026-07-30T10:43:37Z,1785408217384916589,584,6792,6968,5,174,98984,321500612,200,196,196,448255592,351590
567,2026-07-30T10:43:38Z,1785408218416094188,585,6792,6968,5,174,99163,321501392,200,196,196,448255592,351591
568,2026-07-30T10:43:39Z,1785408219447500866,586,6792,6968,5,174,99345,321502162,200,196,196,448255592,351594
569,2026-07-30T10:43:40Z,1785408220480268422,587,6792,6968,5,174,99527,321502944,200,196,196,448255592,351599
570,2026-07-30T10:43:41Z,1785408221512676314,588,6792,6968,5,174,99709,321503719,200,196,196,448255592,351605
571,2026-07-30T10:43:42Z,1785408222542906144,589,6792,6968,5,174,99890,321504495,200,196,196,448255592,351611
572,2026-07-30T10:43:43Z,1785408223573909979,590,6792,6968,5,174,100071,321505268,200,196,196,448255592,351611
573,2026-07-30T10:43:44Z,1785408224604775171,591,6792,6968,5,174,100255,321506036,200,196,196,448255592,351615
574,2026-07-30T10:43:45Z,1785408225638109849,592,6792,6968,5,174,100441,321506807,200,196,196,448255592,351616
575,2026-07-30T10:43:46Z,1785408226671638295,593,6792,6968,5,174,100626,321507589,200,196,196,448255592,351622
576,2026-07-30T10:43:47Z,1785408227704845877,594,6792,6968,5,174,100812,321508367,200,196,196,448255592,351624
577,2026-07-30T10:43:48Z,1785408228737810347,595,6792,6968,5,174,100997,321509141,200,196,196,448255592,351627
578,2026-07-30T10:43:49Z,1785408229768137646,596,6792,6968,5,174,101182,321509917,200,196,196,448255592,351632
579,2026-07-30T10:43:50Z,1785408230799094353,597,6792,6968,5,174,101366,321510689,200,196,196,448255592,351634
580,2026-07-30T10:43:51Z,1785408231831776332,598,6744,6968,5,172,101548,321511469,200,196,196,448255592,351637
581,2026-07-30T10:43:52Z,1785408232866621663,599,6752,6968,5,174,101733,321512254,200,196,196,448255592,351641
582,2026-07-30T10:43:53Z,1785408233901556940,600,6752,6968,5,174,101920,321513023,200,196,196,448255592,351641
583,2026-07-30T10:43:54Z,1785408234934950379,601,6804,6968,5,174,102109,321513790,200,196,196,448255592,351643
584,2026-07-30T10:43:55Z,1785408235967457386,602,6816,6968,5,174,102297,321514553,200,196,196,448255592,351643
585,2026-07-30T10:43:56Z,1785408237001151537,604,6752,6968,5,174,102485,321515326,200,196,196,448255592,351643
586,2026-07-30T10:43:58Z,1785408238035583207,605,6752,6968,5,174,102672,321516091,200,196,196,448255592,351643
587,2026-07-30T10:43:59Z,1785408239068514033,606,6752,6968,5,174,102863,321516865,200,196,196,448255592,351643
588,2026-07-30T10:44:00Z,1785408240099160528,607,6776,6968,5,169,103048,321517630,000,196,196,448255592,351643
589,2026-07-30T10:44:01Z,1785408241131830889,608,6712,6968,5,169,103235,321518402,200,196,196,448255592,351645
590,2026-07-30T10:44:02Z,1785408242164543660,609,6712,6968,5,169,103423,321519173,200,196,196,448255592,351645
591,2026-07-30T10:44:03Z,1785408243197278132,610,6712,6968,5,169,103612,321519943,200,196,196,448255592,351648
592,2026-07-30T10:44:04Z,1785408244228635942,611,6712,6968,5,169,103797,321520710,200,196,196,448255592,351648
593,2026-07-30T10:44:05Z,1785408245260969653,612,6712,6968,5,169,103984,321521484,200,196,196,448255592,351648
594,2026-07-30T10:44:06Z,1785408246293279193,613,6712,6968,5,169,104170,321522258,200,196,196,448255592,351648
595,2026-07-30T10:44:07Z,1785408247326026017,614,6712,6968,5,169,104357,321523026,200,196,196,448255592,351650
596,2026-07-30T10:44:08Z,1785408248358793115,615,6724,6968,5,169,104544,321523798,200,196,196,448255592,351650
597,2026-07-30T10:44:09Z,1785408249389608641,616,6712,6968,5,169,104728,321524579,200,196,196,448255592,351651
598,2026-07-30T10:44:10Z,1785408250420985972,617,6712,6968,5,169,104909,321525351,200,196,196,448255592,351651
599,2026-07-30T10:44:11Z,1785408251453102613,618,6712,6968,5,169,105095,321526120,200,196,196,448255592,351653
600,2026-07-30T10:44:12Z,1785408252485305271,619,6712,6968,5,169,105281,321526891,200,196,196,448255592,351653
601,2026-07-30T10:44:13Z,1785408253518020247,620,6740,6968,5,171,105467,321527665,200,196,196,448255592,351653
602,2026-07-30T10:44:14Z,1785408254550721436,621,6772,6968,5,171,105652,321528437,200,196,196,448255592,351653
603,2026-07-30T10:44:15Z,1785408255586408331,622,6740,6968,5,171,105841,321529202,200,196,196,448255592,351653
604,2026-07-30T10:44:16Z,1785408256618514109,623,6820,6968,5,176,106026,321529982,200,196,196,448255592,351654
605,2026-07-30T10:44:17Z,1785408257650127773,624,6820,6968,5,176,106207,321530761,200,196,196,448255592,351657
606,2026-07-30T10:44:18Z,1785408258680698674,625,6820,6968,5,176,106387,321531532,200,196,196,448255592,351657
607,2026-07-30T10:44:19Z,1785408259713470799,626,6820,6968,5,176,106569,321532304,200,196,196,448255592,351657
608,2026-07-30T10:44:20Z,1785408260745214238,627,6820,6968,5,176,106749,321533077,200,196,196,448255592,351657
609,2026-07-30T10:44:21Z,1785408261777445042,628,6820,6968,5,176,106930,321533846,200,196,196,448255592,351657
610,2026-07-30T10:44:22Z,1785408262809091189,629,6820,6968,5,176,107110,321534624,200,196,196,448255592,351659
611,2026-07-30T10:44:23Z,1785408263840326583,630,6808,6968,5,173,107291,321535401,200,196,196,448255592,351659
612,2026-07-30T10:44:24Z,1785408264872337937,631,6808,6968,5,173,107471,321536179,200,196,196,448255592,351660
613,2026-07-30T10:44:25Z,1785408265906683634,632,6820,6968,5,173,107653,321536954,200,196,196,448255592,351660
614,2026-07-30T10:44:26Z,1785408266937961053,633,6808,6968,5,173,107836,321537732,200,196,196,448255592,351660
615,2026-07-30T10:44:27Z,1785408267973030239,634,6808,6968,5,173,108014,321538510,200,196,196,448255592,351661
616,2026-07-30T10:44:29Z,1785408269007541086,636,6808,6968,5,173,108196,321539293,200,196,196,448255592,351661
617,2026-07-30T10:44:30Z,1785408270041266811,637,6808,6968,5,173,108378,321540075,200,196,196,448255592,351662
618,2026-07-30T10:44:31Z,1785408271075827019,638,6808,6968,5,173,108563,321540852,200,196,196,448255592,351664
619,2026-07-30T10:44:32Z,1785408272109018496,639,6808,6968,5,173,108747,321541622,200,196,196,448255592,351666
620,2026-07-30T10:44:33Z,1785408273141919353,640,6808,6968,5,173,108928,321542402,200,196,196,448255592,351669
621,2026-07-30T10:44:34Z,1785408274172727693,641,6808,6968,5,173,109112,321543173,200,196,196,448255592,351669
622,2026-07-30T10:44:35Z,1785408275204219304,642,6808,6968,5,173,109296,321543947,200,196,196,448255592,351669
623,2026-07-30T10:44:36Z,1785408276236226031,643,6832,6968,5,173,109479,321544721,200,196,196,448255592,351669
624,2026-07-30T10:44:37Z,1785408277267096435,644,6808,6968,5,173,109660,321545501,200,196,196,448255592,351675
625,2026-07-30T10:44:38Z,1785408278297911921,645,6808,6968,5,173,109840,321546281,200,196,196,448255592,351679
626,2026-07-30T10:44:39Z,1785408279329993435,646,6808,6968,5,173,110024,321547058,200,196,196,448255592,351681
627,2026-07-30T10:44:40Z,1785408280361010016,647,6808,6968,5,173,110206,321547827,200,196,196,448255592,351681
628,2026-07-30T10:44:41Z,1785408281393018048,648,6808,6968,5,173,110386,321548607,200,196,196,448255592,351686
629,2026-07-30T10:44:42Z,1785408282423236744,649,6808,6968,5,173,110563,321549386,200,196,196,448255592,351688
630,2026-07-30T10:44:43Z,1785408283455696752,650,6872,6968,5,173,110740,321550164,200,196,196,448255592,351689
631,2026-07-30T10:44:44Z,1785408284484809832,651,6808,6968,5,173,110917,321550945,200,196,196,448255592,351690
632,2026-07-30T10:44:45Z,1785408285517668622,652,6808,6968,5,173,111096,321551724,200,196,196,448255592,351691
633,2026-07-30T10:44:46Z,1785408286548389227,653,6792,6968,5,169,111274,321552500,200,196,196,448255592,351693
634,2026-07-30T10:44:47Z,1785408287580297498,654,6792,6968,5,169,111456,321553282,200,196,196,448255592,351697
635,2026-07-30T10:44:48Z,1785408288613035938,655,6792,6968,5,169,111640,321554057,000,196,196,448255592,351699
636,2026-07-30T10:44:49Z,1785408289645397919,656,6792,6968,5,169,111825,321554833,200,196,196,448255592,351699
637,2026-07-30T10:44:50Z,1785408290676382076,657,6856,6968,5,169,112008,321555601,200,196,196,448255592,351699
638,2026-07-30T10:44:51Z,1785408291708455758,658,6792,6968,5,169,112193,321556378,200,196,196,448255592,351702
639,2026-07-30T10:44:52Z,1785408292739523034,659,6792,6968,5,169,112373,321557152,200,196,196,448255592,351706
640,2026-07-30T10:44:53Z,1785408293771771217,660,6792,6968,5,169,112554,321557931,200,196,196,448255592,351711
641,2026-07-30T10:44:54Z,1785408294804267207,661,6792,6968,5,169,112736,321558711,000,196,196,448255592,351714
642,2026-07-30T10:44:55Z,1785408295839193866,662,6828,6968,5,169,112919,321559493,200,196,196,448255592,351716
643,2026-07-30T10:44:56Z,1785408296871385925,663,6792,6968,5,169,113103,321560272,200,196,196,448255592,351717
644,2026-07-30T10:44:57Z,1785408297902795215,664,6840,6968,5,169,113284,321561043,200,196,196,448255592,351719
645,2026-07-30T10:44:58Z,1785408298933899861,665,6792,6968,5,167,113467,321561817,200,196,196,448255592,351726
646,2026-07-30T10:44:59Z,1785408299965442003,666,6744,6968,5,167,113649,321562593,200,196,196,448255592,351728
647,2026-07-30T10:45:00Z,1785408300997288710,667,6744,6968,5,167,113834,321563360,200,196,196,448255592,351730
648,2026-07-30T10:45:02Z,1785408302029385268,669,6804,6968,5,172,114021,321564141,200,196,196,448255592,351734
649,2026-07-30T10:45:03Z,1785408303060286790,670,6804,6968,5,172,114202,321564921,200,196,196,448255592,351740
650,2026-07-30T10:45:04Z,1785408304090464035,671,6804,6968,5,172,114382,321565693,200,196,196,448255592,351741
651,2026-07-30T10:45:05Z,1785408305122566953,672,6804,6968,5,172,114563,321566468,200,196,196,448255592,351743
652,2026-07-30T10:45:06Z,1785408306153600839,673,6828,6968,5,172,114745,321567241,200,196,196,448255592,351750
653,2026-07-30T10:45:07Z,1785408307185491222,674,6808,6968,5,172,114928,321568003,200,196,196,448255592,351751
654,2026-07-30T10:45:08Z,1785408308218231021,675,6804,6968,5,172,115110,321568779,200,196,196,448255592,351755
655,2026-07-30T10:45:09Z,1785408309250427297,676,6804,6968,5,172,115293,321569552,200,196,196,448255592,351756
656,2026-07-30T10:45:10Z,1785408310281823153,677,6804,6968,5,172,115476,321570320,200,196,196,448255592,351761
657,2026-07-30T10:45:11Z,1785408311315292083,678,6804,6968,5,172,115657,321571101,200,196,196,448255592,351763
658,2026-07-30T10:45:12Z,1785408312347322950,679,6852,6968,5,172,115840,321571870,200,196,196,448255592,351764
659,2026-07-30T10:45:13Z,1785408313380017072,680,6804,6968,5,172,116022,321572643,200,196,196,448255592,351767
660,2026-07-30T10:45:14Z,1785408314411516435,681,6832,6968,5,174,116204,321573413,200,196,196,448255592,351769
661,2026-07-30T10:45:15Z,1785408315444983312,682,6832,6968,5,174,116388,321574186,200,196,196,448255592,351770
662,2026-07-30T10:45:16Z,1785408316476362686,683,6832,6968,5,174,116571,321574962,200,196,196,448255592,351776
663,2026-07-30T10:45:17Z,1785408317509126198,684,6832,6968,5,174,116753,321575736,200,196,196,448255592,351779
664,2026-07-30T10:45:18Z,1785408318540808366,685,6832,6968,5,174,116935,321576512,200,196,196,448255592,351784
665,2026-07-30T10:45:19Z,1785408319572857229,686,6832,6968,5,174,117116,321577290,200,196,196,448255592,351786
666,2026-07-30T10:45:20Z,1785408320602342708,687,6832,6968,5,174,117296,321578064,200,196,196,448255592,351790
667,2026-07-30T10:45:21Z,1785408321633267489,688,6832,6968,5,174,117478,321578842,200,196,196,448255592,351791
668,2026-07-30T10:45:22Z,1785408322665402545,689,6832,6968,5,174,117657,321579622,200,196,196,448255592,351796
669,2026-07-30T10:45:23Z,1785408323695875854,690,6832,6968,5,174,117837,321580395,200,196,196,448255592,351799
670,2026-07-30T10:45:24Z,1785408324727221263,691,6832,6968,5,174,118019,321581176,200,196,196,448255592,351799
671,2026-07-30T10:45:25Z,1785408325760829963,692,6832,6968,5,174,118203,321581956,200,196,196,448255592,351801
672,2026-07-30T10:45:26Z,1785408326791903960,693,6832,6968,5,174,118387,321582730,200,196,196,448255592,351801
673,2026-07-30T10:45:27Z,1785408327823303976,694,6832,6968,5,174,118569,321583502,200,196,196,448255592,351802
674,2026-07-30T10:45:28Z,1785408328855802803,695,6832,6968,5,174,118752,321584274,200,196,196,448255592,351805
675,2026-07-30T10:45:29Z,1785408329887874580,696,6832,6968,5,174,118935,321585044,200,196,196,448255592,351805
676,2026-07-30T10:45:30Z,1785408330920993484,697,6832,6968,5,174,119118,321585821,200,196,196,448255592,351807
677,2026-07-30T10:45:31Z,1785408331950628226,698,6820,6968,5,171,119300,321586593,200,196,196,448255592,351812
678,2026-07-30T10:45:32Z,1785408332981591799,699,6820,6968,5,171,119481,321587376,200,196,196,448255592,351816
679,2026-07-30T10:45:34Z,1785408334013812244,701,6880,6968,5,171,119662,321588149,200,196,196,448255592,351817
680,2026-07-30T10:45:35Z,1785408335045338680,702,6820,6968,5,171,119843,321588929,200,196,196,448255592,351820
681,2026-07-30T10:45:36Z,1785408336077259960,703,6824,6968,5,171,120024,321589705,200,196,196,448255592,351823
682,2026-07-30T10:45:37Z,1785408337109198819,704,6820,6968,5,171,120205,321590486,200,196,196,448255592,351824
683,2026-07-30T10:45:38Z,1785408338140333646,705,6836,6968,5,171,120387,321591267,200,196,196,448255592,351825
684,2026-07-30T10:45:39Z,1785408339170377292,706,6820,6968,5,171,120568,321592047,200,196,196,448255592,351825
685,2026-07-30T10:45:40Z,1785408340201433163,707,6820,6968,5,171,120747,321592824,200,196,196,448255592,351825
686,2026-07-30T10:45:41Z,1785408341233609340,708,6820,6968,5,171,120925,321593608,200,196,196,448255592,351825
687,2026-07-30T10:45:42Z,1785408342264727974,709,6820,6968,5,171,121104,321594396,200,196,196,448255592,351825
688,2026-07-30T10:45:43Z,1785408343296908216,710,6820,6968,5,171,121282,321595172,200,196,196,448255592,351825
689,2026-07-30T10:45:44Z,1785408344327207296,711,6732,6968,5,164,121462,321595951,200,196,196,448255592,351825
690,2026-07-30T10:45:45Z,1785408345359186070,712,6788,6968,5,164,121642,321596722,200,196,196,448255592,351825
691,2026-07-30T10:45:46Z,1785408346389540458,713,6732,6968,5,164,121821,321597494,200,196,196,448255592,351825
692,2026-07-30T10:45:47Z,1785408347419779147,714,6732,6968,5,164,122001,321598281,200,196,196,448255592,351825
693,2026-07-30T10:45:48Z,1785408348451105368,715,6780,6968,5,176,122180,321599068,200,196,196,448255592,351832
694,2026-07-30T10:45:49Z,1785408349481670675,716,6780,6968,5,176,122355,321599856,200,196,196,448255592,351837
695,2026-07-30T10:45:50Z,1785408350513643698,717,6780,6968,5,176,122531,321600639,200,196,196,448255592,351844
696,2026-07-30T10:45:51Z,1785408351544852921,718,6780,6968,5,176,122709,321601416,200,196,196,448255592,351852
697,2026-07-30T10:45:52Z,1785408352575151363,719,6780,6968,5,176,122884,321602203,200,196,196,448255592,351855
698,2026-07-30T10:45:53Z,1785408353606455989,720,6780,6968,5,176,123061,321602990,200,196,196,448255592,351865
699,2026-07-30T10:45:54Z,1785408354639470674,721,6780,6968,5,176,123238,321603771,200,196,196,448255592,351869
700,2026-07-30T10:45:55Z,1785408355670395034,722,6780,6968,5,176,123416,321604555,200,196,196,448255592,351879
701,2026-07-30T10:45:56Z,1785408356699120717,723,6832,6968,5,176,123591,321605332,200,196,196,448255592,351885
702,2026-07-30T10:45:57Z,1785408357729843989,724,6780,6968,5,176,123768,321606110,200,196,196,448255592,351888
703,2026-07-30T10:45:58Z,1785408358759284217,725,6844,6968,5,176,123944,321606894,200,196,196,448255592,351890
704,2026-07-30T10:45:59Z,1785408359789220772,726,6804,6968,5,177,124121,321607676,200,196,196,448255592,351900
705,2026-07-30T10:46:00Z,1785408360820479391,727,6804,6968,5,177,124301,321608453,200,196,196,448255592,351907
706,2026-07-30T10:46:01Z,1785408361853292174,728,6804,6968,5,177,124484,321609227,200,196,196,448255592,351911
707,2026-07-30T10:46:02Z,1785408362883963108,729,6804,6968,5,177,124668,321610006,200,196,196,448255592,351912
708,2026-07-30T10:46:03Z,1785408363915749136,730,6804,6968,5,177,124849,321610789,200,196,196,448255592,351912
709,2026-07-30T10:46:04Z,1785408364945462960,731,6840,6968,5,177,125030,321611557,200,196,196,448255592,351912
710,2026-07-30T10:46:05Z,1785408365976558174,732,6804,6968,5,177,125211,321612335,200,196,196,448255592,351913
711,2026-07-30T10:46:07Z,1785408367007893040,734,6804,6968,5,177,125391,321613118,200,196,196,448255592,351919
712,2026-07-30T10:46:08Z,1785408368039416901,735,6804,6968,5,177,125569,321613897,200,196,196,448255592,351921
713,2026-07-30T10:46:09Z,1785408369070160506,736,6804,6968,5,177,125750,321614675,200,196,196,448255592,351929
714,2026-07-30T10:46:10Z,1785408370100616501,737,6804,6968,5,177,125928,321615455,200,196,196,448255592,351935
715,2026-07-30T10:46:11Z,1785408371131445540,738,6804,6968,5,177,126111,321616231,200,196,196,448255592,351942
716,2026-07-30T10:46:12Z,1785408372162673434,739,6864,6968,5,177,126292,321617006,200,196,196,448255592,351943
717,2026-07-30T10:46:13Z,1785408373194853997,740,6828,6968,5,178,126471,321617782,200,196,196,448255592,351946
718,2026-07-30T10:46:14Z,1785408374225241139,741,6828,6968,5,178,126648,321618561,200,196,196,448255592,351949
719,2026-07-30T10:46:15Z,1785408375256801596,742,6828,6968,5,178,126825,321619342,200,196,196,448255592,351950
720,2026-07-30T10:46:16Z,1785408376289236883,743,6892,6968,5,178,127005,321620120,200,196,196,448255592,351953
721,2026-07-30T10:46:17Z,1785408377322435348,744,6908,6968,5,178,127188,321620892,200,196,196,448255592,351954
722,2026-07-30T10:46:18Z,1785408378354361426,745,6840,6968,5,168,127370,321621672,200,196,196,448255592,351958
723,2026-07-30T10:46:19Z,1785408379386981064,746,6780,6968,5,168,127552,321622452,200,196,196,448255592,351960
724,2026-07-30T10:46:20Z,1785408380418036937,747,6780,6968,5,168,127732,321623231,200,196,196,448255592,351963
725,2026-07-30T10:46:21Z,1785408381450147202,748,6840,6968,5,168,127913,321624012,200,196,196,448255592,351963
726,2026-07-30T10:46:22Z,1785408382481872260,749,6784,6968,5,169,128094,321624793,200,196,196,448255592,351967
727,2026-07-30T10:46:23Z,1785408383513747729,750,6784,6968,5,169,128273,321625582,200,196,196,448255592,351975
728,2026-07-30T10:46:24Z,1785408384545090099,751,6848,6968,5,169,128452,321626364,200,196,196,448255592,351975
729,2026-07-30T10:46:25Z,1785408385576243228,752,6784,6968,5,169,128631,321627146,200,196,196,448255592,351975
730,2026-07-30T10:46:26Z,1785408386606944311,753,6784,6968,5,169,128811,321627920,200,196,196,448255592,351975
731,2026-07-30T10:46:27Z,1785408387638505490,754,6784,6968,5,169,128990,321628702,200,196,196,448255592,351975
732,2026-07-30T10:46:28Z,1785408388669838469,755,6784,6968,5,169,129170,321629478,200,196,196,448255592,351975
733,2026-07-30T10:46:29Z,1785408389699918993,756,6784,6968,5,169,129349,321630259,200,196,196,448255592,351975
734,2026-07-30T10:46:30Z,1785408390733433451,757,6784,6968,5,169,129531,321631029,200,196,196,448255592,351975
735,2026-07-30T10:46:31Z,1785408391763780254,758,6784,6968,5,169,129712,321631803,200,196,196,448255592,351975
736,2026-07-30T10:46:32Z,1785408392795505311,759,6784,6968,5,169,129892,321632584,200,196,196,448255592,351975
737,2026-07-30T10:46:33Z,1785408393835285250,760,6784,6968,5,174,130073,321633361,000,196,196,448255593,351975
738,2026-07-30T10:46:34Z,1785408394867043088,761,6880,6968,5,177,130257,321634137,200,196,196,448255593,351977
739,2026-07-30T10:46:35Z,1785408395898934649,762,6816,6968,5,177,130440,321634910,200,196,196,448255593,351977
740,2026-07-30T10:46:36Z,1785408396929648581,763,6816,6968,5,177,130623,321635678,200,196,196,448255593,351977
741,2026-07-30T10:46:37Z,1785408397964441649,764,6816,6968,5,177,130808,321636458,200,196,196,448255593,351978
742,2026-07-30T10:46:38Z,1785408398997007169,765,6816,6968,5,177,130993,321637225,200,196,196,448255593,351979
743,2026-07-30T10:46:40Z,1785408400028713200,767,6880,6968,5,177,131176,321638003,200,196,196,448255593,351979
744,2026-07-30T10:46:41Z,1785408401060097812,768,6876,6968,5,177,131361,321638776,200,196,196,448255593,351979
745,2026-07-30T10:46:42Z,1785408402090612859,769,6816,6968,5,177,131544,321639545,200,196,196,448255593,351979
746,2026-07-30T10:46:43Z,1785408403122491548,770,6768,6968,5,175,131727,321640313,200,196,196,448255593,351981
747,2026-07-30T10:46:44Z,1785408404155357052,771,6768,6968,5,175,131912,321641080,200,196,196,448255593,351983
748,2026-07-30T10:46:45Z,1785408405187969302,772,6768,6968,5,175,132097,321641848,200,196,196,448255593,351983
749,2026-07-30T10:46:46Z,1785408406221680777,773,6768,6968,5,175,132283,321642623,200,196,196,448255593,351983
750,2026-07-30T10:46:47Z,1785408407254924196,774,6768,6968,5,175,132470,321643389,200,196,196,448255593,351983
751,2026-07-30T10:46:48Z,1785408408284658329,775,6768,6968,5,175,132652,321644164,200,196,196,448255593,351983
752,2026-07-30T10:46:49Z,1785408409316175994,776,6768,6968,5,175,132834,321644938,200,196,196,448255593,351983
753,2026-07-30T10:46:50Z,1785408410347350525,777,6768,6968,5,175,133015,321645720,200,196,196,448255593,351983
754,2026-07-30T10:46:51Z,1785408411378324777,778,6768,6968,5,175,133196,321646501,200,196,196,448255593,351983
755,2026-07-30T10:46:52Z,1785408412409614176,779,6808,6968,5,175,133380,321647272,200,196,196,448255593,351983
756,2026-07-30T10:46:53Z,1785408413440022343,780,6772,6968,5,175,133562,321648049,200,196,196,448255593,351983
757,2026-07-30T10:46:54Z,1785408414471632127,781,6768,6968,5,175,133742,321648816,200,196,196,448255593,351983
758,2026-07-30T10:46:55Z,1785408415502627517,782,6768,6968,5,175,133923,321649595,200,196,196,448255593,351983
759,2026-07-30T10:46:56Z,1785408416534566030,783,6832,6968,5,175,134103,321650368,200,196,196,448255593,351983
760,2026-07-30T10:46:57Z,1785408417566608313,784,6768,6968,5,175,134287,321651139,200,196,196,448255593,351983
761,2026-07-30T10:46:58Z,1785408418598488943,785,6768,6968,5,175,134471,321651907,000,196,196,448255593,351983
762,2026-07-30T10:46:59Z,1785408419628387749,786,6768,6968,5,175,134656,321652684,200,196,196,448255593,351983
763,2026-07-30T10:47:00Z,1785408420660204550,787,6768,6968,5,175,134837,321653457,200,196,196,448255593,351983
764,2026-07-30T10:47:01Z,1785408421691664875,788,6768,6968,5,175,135021,321654227,200,196,196,448255593,351983
765,2026-07-30T10:47:02Z,1785408422722805437,789,6768,6968,5,175,135201,321655006,200,196,196,448255593,351983
766,2026-07-30T10:47:03Z,1785408423752525171,790,6768,6968,5,175,135381,321655782,000,196,196,448255593,351983
767,2026-07-30T10:47:04Z,1785408424781987859,791,6744,6968,5,169,135563,321656558,200,196,196,448255593,351984
768,2026-07-30T10:47:05Z,1785408425813622198,792,6744,6968,5,169,135744,321657331,200,196,196,448255593,351987
769,2026-07-30T10:47:06Z,1785408426844893028,793,6808,6968,5,169,135928,321658097,200,196,196,448255593,351991
770,2026-07-30T10:47:07Z,1785408427875349843,794,6752,6968,5,169,136109,321658880,200,196,196,448255593,351993
771,2026-07-30T10:47:08Z,1785408428907254016,795,6744,6968,5,169,136291,321659652,200,196,196,448255593,351996
772,2026-07-30T10:47:09Z,1785408429938899130,796,6744,6968,5,169,136473,321660424,200,196,196,448255593,352000
773,2026-07-30T10:47:10Z,1785408430971400551,797,6744,6968,5,169,136656,321661192,200,196,196,448255593,352002
774,2026-07-30T10:47:12Z,1785408432001926121,799,6744,6968,5,169,136838,321661968,200,196,196,448255593,352003
775,2026-07-30T10:47:13Z,1785408433035018055,800,6744,6968,5,169,137020,321662745,200,196,196,448255593,352004
776,2026-07-30T10:47:14Z,1785408434066346179,801,6744,6968,5,169,137201,321663525,200,196,196,448255593,352007
777,2026-07-30T10:47:15Z,1785408435097955374,802,6736,6968,5,167,137383,321664297,200,196,196,448255593,352011
778,2026-07-30T10:47:16Z,1785408436129985583,803,6696,6968,5,167,137567,321665077,200,196,196,448255593,352013
779,2026-07-30T10:47:17Z,1785408437164377111,804,6696,6968,5,167,137751,321665852,200,196,196,448255593,352013
780,2026-07-30T10:47:18Z,1785408438197230486,805,6696,6968,5,167,137934,321666624,200,196,196,448255593,352018
781,2026-07-30T10:47:19Z,1785408439229554922,806,6696,6968,5,167,138117,321667397,200,196,196,448255593,352020
782,2026-07-30T10:47:20Z,1785408440262287464,807,6696,6968,5,167,138301,321668174,200,196,196,448255593,352023
783,2026-07-30T10:47:21Z,1785408441291314132,808,6724,6968,5,169,138480,321668954,200,196,196,448255593,352026
784,2026-07-30T10:47:22Z,1785408442321830695,809,6724,6968,5,169,138661,321669728,200,196,196,448255593,352027
785,2026-07-30T10:47:23Z,1785408443352248938,810,6724,6968,5,169,138840,321670495,200,196,196,448255593,352028
786,2026-07-30T10:47:24Z,1785408444383022065,811,6788,6968,5,169,139019,321671271,200,196,196,448255593,352030
787,2026-07-30T10:47:25Z,1785408445413156159,812,6724,6968,5,169,139196,321672055,200,196,196,448255593,352038
788,2026-07-30T10:47:26Z,1785408446444482143,813,6724,6968,5,169,139375,321672832,200,196,196,448255593,352045
789,2026-07-30T10:47:27Z,1785408447475499407,814,6724,6968,5,169,139554,321673610,200,196,196,448255593,352048
790,2026-07-30T10:47:28Z,1785408448507154411,815,6724,6968,5,169,139732,321674383,200,196,196,448255593,352054
791,2026-07-30T10:47:29Z,1785408449538430785,816,6724,6968,5,169,139912,321675159,200,196,196,448255593,352059
792,2026-07-30T10:47:30Z,1785408450570259768,817,6776,6968,5,173,140092,321675936,200,196,196,448255593,352061
793,2026-07-30T10:47:31Z,1785408451603362279,818,6740,6968,5,173,140273,321676707,200,196,196,448255593,352068
794,2026-07-30T10:47:32Z,1785408452635399619,819,6740,6968,5,173,140453,321677482,200,196,196,448255593,352073
795,2026-07-30T10:47:33Z,1785408453664451698,820,6740,6968,5,173,140633,321678254,200,196,196,448255593,352074
796,2026-07-30T10:47:34Z,1785408454695493469,821,6740,6968,5,173,140814,321679030,200,196,196,448255593,352079
797,2026-07-30T10:47:35Z,1785408455727459564,822,6740,6968,5,173,140996,321679799,200,196,196,448255593,352080
798,2026-07-30T10:47:36Z,1785408456758399838,823,6740,6968,5,173,141178,321680572,200,196,196,448255593,352081
799,2026-07-30T10:47:37Z,1785408457790151627,824,6740,6968,5,173,141360,321681350,200,196,196,448255593,352081
800,2026-07-30T10:47:38Z,1785408458821340421,825,6740,6968,5,173,141545,321682126,200,196,196,448255593,352085
801,2026-07-30T10:47:39Z,1785408459854779256,826,6804,6968,5,173,141728,321682903,200,196,196,448255593,352088
802,2026-07-30T10:47:40Z,1785408460886430065,827,6740,6968,5,173,141911,321683682,200,196,196,448255593,352092
803,2026-07-30T10:47:41Z,1785408461917828473,828,6740,6968,5,173,142092,321684454,200,196,196,448255593,352094
804,2026-07-30T10:47:42Z,1785408462949247291,829,6776,6968,5,175,142275,321685227,200,196,196,448255593,352096
805,2026-07-30T10:47:43Z,1785408463981439120,830,6776,6968,5,175,142457,321685995,200,196,196,448255593,352102
806,2026-07-30T10:47:45Z,1785408465011787333,832,6776,6968,5,175,142639,321686765,200,196,196,448255593,352104
807,2026-07-30T10:47:46Z,1785408466044419319,833,6776,6968,5,175,142822,321687544,200,196,196,448255593,352105
808,2026-07-30T10:47:47Z,1785408467077667044,834,6840,6968,5,175,143005,321688321,200,196,196,448255593,352107
809,2026-07-30T10:47:48Z,1785408468109422317,835,6776,6968,5,175,143187,321689101,200,196,196,448255593,352109
810,2026-07-30T10:47:49Z,1785408469140860838,836,6776,6968,5,175,143369,321689880,200,196,196,448255593,352113
811,2026-07-30T10:47:50Z,1785408470172722250,837,6760,6968,5,171,143550,321690661,200,196,196,448255593,352116
812,2026-07-30T10:47:51Z,1785408471201763022,838,6760,6968,5,171,143733,321691432,200,196,196,448255593,352119
813,2026-07-30T10:47:52Z,1785408472232503663,839,6824,6968,5,171,143913,321692211,200,196,196,448255593,352123
814,2026-07-30T10:47:53Z,1785408473263331708,840,6760,6968,5,171,144096,321692984,200,196,196,448255593,352125
815,2026-07-30T10:47:54Z,1785408474293126720,841,6760,6968,5,171,144278,321693761,200,196,196,448255593,352131
816,2026-07-30T10:47:55Z,1785408475324274534,842,6760,6968,5,171,144459,321694534,200,196,196,448255593,352134
817,2026-07-30T10:47:56Z,1785408476354838466,843,6760,6968,5,171,144639,321695307,200,196,196,448255593,352136
818,2026-07-30T10:47:57Z,1785408477386410367,844,6824,6968,5,171,144817,321696081,200,196,196,448255593,352136
819,2026-07-30T10:47:58Z,1785408478417004600,845,6760,6968,5,171,144997,321696855,200,196,196,448255593,352138
820,2026-07-30T10:47:59Z,1785408479449891750,846,6760,6968,5,171,145181,321697639,200,196,196,448255593,352141
821,2026-07-30T10:48:00Z,1785408480481568442,847,6760,6968,5,171,145361,321698414,200,196,196,448255593,352145
822,2026-07-30T10:48:01Z,1785408481513800315,848,6760,6968,5,171,145545,321699181,200,196,196,448255593,352150
823,2026-07-30T10:48:02Z,1785408482545372304,849,6760,6968,5,171,145728,321699960,200,196,196,448255593,352153
824,2026-07-30T10:48:03Z,1785408483575180598,850,6760,6968,5,171,145908,321700742,200,196,196,448255593,352158
825,2026-07-30T10:48:04Z,1785408484607424971,851,6760,6968,5,171,146091,321701507,200,196,196,448255593,352165
826,2026-07-30T10:48:05Z,1785408485639445470,852,6760,6968,5,171,146275,321702275,200,196,196,448255593,352167
827,2026-07-30T10:48:06Z,1785408486670476332,853,6836,6968,5,174,146461,321703049,200,196,196,448255593,352169
828,2026-07-30T10:48:07Z,1785408487702278262,854,6788,6968,5,174,146646,321703822,200,196,196,448255593,352169
829,2026-07-30T10:48:08Z,1785408488734662424,855,6772,6968,5,174,146834,321704597,200,196,196,448255593,352176
830,2026-07-30T10:48:09Z,1785408489766496237,856,6836,6968,5,174,147017,321705366,200,196,196,448255593,352182
831,2026-07-30T10:48:10Z,1785408490798569299,857,6776,6968,5,174,147204,321706144,200,196,196,448255593,352185
832,2026-07-30T10:48:11Z,1785408491829953616,858,6772,6968,5,174,147389,321706911,200,196,196,448255593,352190
833,2026-07-30T10:48:12Z,1785408492859537381,859,6756,6968,5,169,147571,321707690,200,196,196,448255593,352197
834,2026-07-30T10:48:13Z,1785408493891542625,860,6752,6968,5,169,147755,321708461,200,196,196,448255593,352200
835,2026-07-30T10:48:14Z,1785408494923803233,861,6752,6968,5,169,147941,321709235,200,196,196,448255593,352203
836,2026-07-30T10:48:15Z,1785408495956040302,862,6756,6968,5,170,148127,321710008,200,196,196,448255593,352206
837,2026-07-30T10:48:16Z,1785408496989625161,863,6756,6968,5,170,148313,321710779,200,196,196,448255593,352207
838,2026-07-30T10:48:18Z,1785408498020141859,865,6756,6968,5,170,148499,321711559,000,196,196,448255593,352208
839,2026-07-30T10:48:19Z,1785408499053328686,866,6824,6968,5,170,148686,321712329,200,196,196,448255593,352209
840,2026-07-30T10:48:20Z,1785408500085812373,867,6820,6968,5,170,148872,321713100,200,196,196,448255593,352213
841,2026-07-30T10:48:21Z,1785408501117320215,868,6756,6968,5,170,149056,321713866,200,196,196,448255593,352213
842,2026-07-30T10:48:22Z,1785408502149181262,869,6756,6968,5,170,149245,321714634,200,196,196,448255593,352217
843,2026-07-30T10:48:23Z,1785408503180933222,870,6756,6968,5,170,149430,321715408,200,196,196,448255593,352218
844,2026-07-30T10:48:24Z,1785408504213223045,871,6756,6968,5,170,149616,321716187,200,196,196,448255593,352219
845,2026-07-30T10:48:25Z,1785408505244881076,872,6756,6968,5,170,149802,321716958,200,196,196,448255593,352220
846,2026-07-30T10:48:26Z,1785408506276808544,873,6756,6968,5,170,149988,321717725,200,196,196,448255593,352220
847,2026-07-30T10:48:27Z,1785408507309964024,874,6756,6968,5,170,150172,321718500,200,196,196,448255593,352221
848,2026-07-30T10:48:28Z,1785408508342802451,875,6756,6968,5,170,150358,321719264,000,196,196,448255593,352223
849,2026-07-30T10:48:29Z,1785408509373986354,876,6780,6968,5,171,150547,321720044,200,196,196,448255593,352225
850,2026-07-30T10:48:30Z,1785408510405727739,877,6780,6968,5,171,150733,321720817,200,196,196,448255593,352232
851,2026-07-30T10:48:31Z,1785408511438452428,878,6780,6968,5,171,150922,321721589,200,196,196,448255593,352239
852,2026-07-30T10:48:32Z,1785408512470085431,879,6780,6968,5,171,151109,321722363,200,196,196,448255593,352244
853,2026-07-30T10:48:33Z,1785408513501620289,880,6780,6968,5,171,151293,321723136,200,196,196,448255593,352252
854,2026-07-30T10:48:34Z,1785408514532429910,881,6816,6968,5,171,151478,321723911,200,196,196,448255593,352262
855,2026-07-30T10:48:35Z,1785408515564229590,882,6780,6968,5,171,151664,321724678,200,196,196,448255593,352265
856,2026-07-30T10:48:36Z,1785408516594645706,883,6516,6968,5,105,151848,321725456,200,196,196,448255593,352273
857,2026-07-30T10:48:37Z,1785408517628661416,884,6580,6968,5,105,152033,321726220,200,196,196,448255594,352280
858,2026-07-30T10:48:38Z,1785408518660342467,885,6716,6968,5,155,152219,321727000,200,196,196,448255594,352288
859,2026-07-30T10:48:39Z,1785408519693033176,886,6716,6968,5,155,152401,321727777,200,196,196,448255594,352296
860,2026-07-30T10:48:40Z,1785408520724823453,887,6716,6968,5,155,152586,321728552,200,196,196,448255594,352299
861,2026-07-30T10:48:41Z,1785408521755784019,888,6716,6968,5,155,152769,321729328,200,196,196,448255594,352306
862,2026-07-30T10:48:42Z,1785408522788594931,889,6716,6968,5,155,152953,321730108,200,196,196,448255594,352309
863,2026-07-30T10:48:43Z,1785408523821487658,890,6716,6968,5,155,153134,321730884,200,196,196,448255594,352322
864,2026-07-30T10:48:44Z,1785408524851232761,891,6748,6968,5,155,153315,321731656,200,196,196,448255594,352327
865,2026-07-30T10:48:45Z,1785408525883097728,892,6716,6968,5,155,153494,321732434,200,196,196,448255594,352332
866,2026-07-30T10:48:46Z,1785408526917438515,893,6728,6968,5,155,153677,321733205,200,196,196,448255594,352339
867,2026-07-30T10:48:47Z,1785408527947103844,894,6772,6968,5,155,153857,321733989,200,196,196,448255594,352350
868,2026-07-30T10:48:48Z,1785408528979822038,895,6728,6968,5,155,154036,321734770,200,196,196,448255594,352351
869,2026-07-30T10:48:50Z,1785408530009946083,897,6728,6968,5,155,154216,321735551,200,196,196,448255594,352355
870,2026-07-30T10:48:51Z,1785408531041300660,898,6728,6968,5,155,154397,321736322,200,196,196,448255594,352364
871,2026-07-30T10:48:52Z,1785408532074684684,899,6816,6968,5,170,154581,321737099,200,196,196,448255594,352373
872,2026-07-30T10:48:53Z,1785408533105156240,900,6788,6968,5,170,154767,321737869,200,196,196,448255594,352373
873,2026-07-30T10:48:54Z,1785408534138049557,901,6784,6968,5,169,154955,321738641,200,196,196,448255594,352375
874,2026-07-30T10:48:55Z,1785408535170750221,902,6784,6968,5,169,155127,321739425,200,196,196,448255594,352376
875,2026-07-30T10:48:56Z,1785408536201275245,903,6784,6968,5,169,155259,321740233,200,196,196,448255594,352378
876,2026-07-30T10:48:57Z,1785408537229586850,904,6784,6968,5,169,155318,321741047,200,196,196,448255594,352380
877,2026-07-30T10:48:58Z,1785408538258012354,905,6460,6968,5,168,155320,321741868,200,196,196,448255594,352380
878,2026-07-30T10:48:59Z,1785408539285719588,906,6216,6968,5,157,155321,321742688,200,196,196,448255594,352380
879,2026-07-30T10:49:00Z,1785408540313113011,907,6216,6968,5,157,155321,321743507,200,196,196,448255594,352380
880,2026-07-30T10:49:01Z,1785408541340449692,908,6216,6968,5,157,155321,321744328,200,196,196,448255594,352380
881,2026-07-30T10:49:02Z,1785408542367009817,909,6216,6968,5,157,155321,321745148,200,196,196,448255594,352380
882,2026-07-30T10:49:03Z,1785408543394565509,910,6216,6968,5,157,155321,321745968,200,196,196,448255594,352380
883,2026-07-30T10:49:04Z,1785408544421899873,911,6216,6968,5,157,155321,321746787,200,196,196,448255594,352380
884,2026-07-30T10:49:05Z,1785408545448669596,912,6076,6968,5,127,155321,321747607,200,196,196,448255594,352380
885,2026-07-30T10:49:06Z,1785408546475370598,913,6076,6968,5,127,155321,321748428,200,196,196,448255594,352380
886,2026-07-30T10:49:07Z,1785408547502391883,914,6076,6968,5,127,155321,321749248,200,196,196,448255594,352380
887,2026-07-30T10:49:08Z,1785408548528811866,915,6076,6968,5,127,155321,321750069,200,196,196,448255594,352380
888,2026-07-30T10:49:09Z,1785408549555045653,916,6076,6968,5,127,155322,321750889,200,196,196,448255594,352380
889,2026-07-30T10:49:10Z,1785408550581659709,917,6076,6968,5,127,155322,321751707,200,196,196,448255594,352380
890,2026-07-30T10:49:11Z,1785408551608330357,918,6076,6968,5,127,155322,321752529,200,196,196,448255594,352380
891,2026-07-30T10:49:12Z,1785408552635111756,919,6076,6968,5,127,155322,321753349,200,196,196,448255594,352380
892,2026-07-30T10:49:13Z,1785408553661668890,920,6076,6968,5,127,155322,321754170,200,196,196,448255594,352380
893,2026-07-30T10:49:14Z,1785408554687473645,921,5588,6968,5,14,155322,321754990,200,196,196,448255594,352380
894,2026-07-30T10:49:15Z,1785408555714942038,922,5588,6968,5,14,155322,321755811,200,196,196,448255594,352380
895,2026-07-30T10:49:16Z,1785408556741568900,923,5588,6968,5,14,155322,321756631,200,196,196,448255594,352380
896,2026-07-30T10:49:17Z,1785408557768079023,924,5588,6968,5,14,155322,321757452,200,196,196,448255594,352380
897,2026-07-30T10:49:18Z,1785408558794400357,925,5588,6968,5,14,155322,321758272,200,196,196,448255594,352380
898,2026-07-30T10:49:19Z,1785408559820679547,926,5588,6968,5,14,155322,321759093,200,196,196,448255594,352380
899,2026-07-30T10:49:20Z,1785408560847170668,927,5588,6968,5,14,155323,321759916,200,196,196,448255594,352380
900,2026-07-30T10:49:21Z,1785408561873679819,928,5588,6968,5,14,155323,321760735,200,196,196,448255594,352380
901,2026-07-30T10:49:22Z,1785408562900121087,929,5588,6968,5,14,155324,321761555,200,196,196,448255594,352380
902,2026-07-30T10:49:23Z,1785408563926593657,930,5588,6968,5,14,155324,321762376,200,196,196,448255594,352380
903,2026-07-30T10:49:24Z,1785408564953452704,931,5588,6968,5,14,155324,321763197,200,196,196,448255594,352380
904,2026-07-30T10:49:25Z,1785408565980186518,932,5588,6968,5,14,155324,321764018,200,196,196,448255594,352380
905,2026-07-30T10:49:27Z,1785408567006362051,934,5588,6968,5,14,155324,321764840,200,196,196,448255594,352380
906,2026-07-30T10:49:28Z,1785408568032432850,935,5588,6968,5,14,155324,321765659,200,196,196,448255594,352380
907,2026-07-30T10:49:29Z,1785408569058508071,936,5588,6968,5,14,155324,321766481,200,196,196,448255594,352380
908,2026-07-30T10:49:30Z,1785408570084626739,937,5588,6968,5,14,155324,321767300,200,196,196,448255594,352380
909,2026-07-30T10:49:31Z,1785408571111909365,938,5588,6968,5,14,155324,321768122,200,196,196,448255594,352380
910,2026-07-30T10:49:32Z,1785408572138487561,939,5588,6968,5,14,155324,321768943,200,196,196,448255594,352380
911,2026-07-30T10:49:33Z,1785408573165394522,940,5588,6968,5,14,155324,321769763,200,196,196,448255594,352380
912,2026-07-30T10:49:34Z,1785408574191953131,941,5588,6968,5,14,155324,321770585,200,196,196,448255594,352380
913,2026-07-30T10:49:35Z,1785408575218370489,942,5588,6968,5,14,155324,321771404,200,196,196,448255594,352380
914,2026-07-30T10:49:36Z,1785408576244907722,943,5588,6968,5,14,155324,321772225,200,196,196,448255594,352380
915,2026-07-30T10:49:37Z,1785408577272048562,944,5588,6968,5,14,155324,321773048,200,196,196,448255594,352380
916,2026-07-30T10:49:38Z,1785408578298820079,945,5588,6968,5,14,155324,321773868,200,196,196,448255594,352380
917,2026-07-30T10:49:39Z,1785408579325582708,946,5588,6968,5,14,155324,321774689,200,196,196,448255594,352380
918,2026-07-30T10:49:40Z,1785408580351902666,947,5588,6968,5,14,155324,321775510,200,196,196,448255594,352380
919,2026-07-30T10:49:41Z,1785408581378876517,948,5588,6968,5,14,155324,321776331,200,196,196,448255594,352380
920,2026-07-30T10:49:42Z,1785408582406393911,949,5588,6968,5,14,155324,321777152,200,196,196,448255594,352380
921,2026-07-30T10:49:43Z,1785408583433569275,950,5588,6968,5,14,155324,321777974,200,196,196,448255594,352380
922,2026-07-30T10:49:44Z,1785408584460231426,951,5588,6968,5,14,155324,321778796,200,196,196,448255594,352380
923,2026-07-30T10:49:45Z,1785408585486724141,952,5588,6968,5,14,155324,321779615,200,196,196,448255594,352380
924,2026-07-30T10:49:46Z,1785408586513624692,953,5588,6968,5,14,155324,321780436,200,196,196,448255594,352380
925,2026-07-30T10:49:47Z,1785408587540326153,954,5588,6968,5,14,155324,321781258,200,196,196,448255594,352380
926,2026-07-30T10:49:48Z,1785408588566829128,955,5588,6968,5,14,155324,321782078,200,196,196,448255594,352380
927,2026-07-30T10:49:49Z,1785408589593117887,956,5588,6968,5,14,155324,321782898,200,196,196,448255594,352380
