sample,utc,unix_nanos,elapsed_s,rss_kib,hwm_kib,threads,fds,proc_ticks,host_ticks,stats_http,stats_curl_exit,stats_bytes,listen_overflows,listen_drops,tcp_abort_on_close,tcp_retrans
0,2026-08-04T05:42:58Z,1785822178635426780,0,3760,3760,4,10,0,6579474,200,0,365,0,0,929,2427
1,2026-08-04T05:42:59Z,1785822179640244041,1,3772,3772,4,11,0,6580276,200,0,366,0,0,929,2427
2,2026-08-04T05:43:00Z,1785822180644388147,2,3780,3780,4,12,2,6581075,200,0,369,0,0,929,2427
3,2026-08-04T05:43:01Z,1785822181648458133,3,3812,3812,4,13,4,6581871,200,0,371,0,0,929,2427
4,2026-08-04T05:43:02Z,1785822182651330903,4,4032,4032,4,14,12,6582660,200,0,373,0,0,929,2427
5,2026-08-04T05:43:03Z,1785822183655344331,5,4424,4424,4,15,19,6583456,200,0,373,0,0,929,2427
6,2026-08-04T05:43:04Z,1785822184660044695,6,4636,4636,4,18,27,6584249,200,0,374,0,0,929,2428
7,2026-08-04T05:43:05Z,1785822185663929494,7,4636,4636,4,18,35,6585045,200,0,374,0,0,929,2429
8,2026-08-04T05:43:06Z,1785822186668370614,8,4636,4636,4,18,43,6585840,200,0,374,0,0,929,2430
9,2026-08-04T05:43:07Z,1785822187671283242,9,4636,4636,4,18,51,6586634,200,0,374,0,0,929,2431
10,2026-08-04T05:43:08Z,1785822188674968310,10,4636,4636,4,18,58,6587430,200,0,374,0,0,929,2432
11,2026-08-04T05:43:09Z,1785822189679030515,11,4636,4636,4,18,66,6588226,200,0,374,0,0,929,2433
12,2026-08-04T05:43:10Z,1785822190682722186,12,4640,4640,4,18,73,6589019,200,0,375,0,0,929,2433
13,2026-08-04T05:43:11Z,1785822191686564967,13,4640,4640,4,18,81,6589816,200,0,376,0,0,929,2434
14,2026-08-04T05:43:12Z,1785822192690036396,14,4640,4640,4,18,89,6590609,200,0,376,0,0,929,2435
15,2026-08-04T05:43:13Z,1785822193694433571,15,4640,4640,4,18,96,6591404,200,0,376,0,0,929,2435
16,2026-08-04T05:43:14Z,1785822194698075476,16,4640,4640,4,18,103,6592198,200,0,376,0,0,929,2436
17,2026-08-04T05:43:15Z,1785822195700798312,17,4640,4640,4,18,112,6592992,200,0,377,0,0,929,2437
18,2026-08-04T05:43:16Z,1785822196704247139,18,4640,4640,4,18,119,6593785,200,0,377,0,0,929,2437
19,2026-08-04T05:43:17Z,1785822197708431392,19,4640,4640,4,18,127,6594580,200,0,377,0,0,929,2437
20,2026-08-04T05:43:18Z,1785822198712106605,20,4640,4640,4,18,134,6595375,200,0,377,0,0,929,2438
21,2026-08-04T05:43:19Z,1785822199715901742,21,4640,4640,4,18,142,6596167,200,0,377,0,0,929,2439
22,2026-08-04T05:43:20Z,1785822200719223471,22,4640,4640,4,18,149,6596962,200,0,377,0,0,929,2439
23,2026-08-04T05:43:21Z,1785822201724035621,23,4640,4640,4,18,156,6597757,200,0,377,0,0,929,2440
24,2026-08-04T05:43:22Z,1785822202728985532,24,4640,4640,4,18,164,6598551,200,0,377,0,0,929,2441
25,2026-08-04T05:43:23Z,1785822203732311694,25,4640,4640,4,18,172,6599346,200,0,377,0,0,929,2441
26,2026-08-04T05:43:24Z,1785822204736147360,26,4640,4640,4,18,179,6600140,200,0,377,0,0,929,2441
27,2026-08-04T05:43:25Z,1785822205739488274,27,4640,4640,4,18,186,6600935,200,0,377,0,0,929,2442
28,2026-08-04T05:43:26Z,1785822206742839125,28,4640,4640,4,18,195,6601730,200,0,377,0,0,929,2442
29,2026-08-04T05:43:27Z,1785822207746373295,29,4640,4640,4,18,201,6602526,200,0,377,0,0,929,2443
30,2026-08-04T05:43:28Z,1785822208749990462,30,4640,4640,4,18,209,6603319,200,0,377,0,0,929,2444
31,2026-08-04T05:43:29Z,1785822209753626276,31,4640,4640,4,18,216,6604113,200,0,377,0,0,929,2445
32,2026-08-04T05:43:30Z,1785822210757917995,32,4640,4640,4,18,224,6604908,200,0,377,0,0,929,2445
33,2026-08-04T05:43:31Z,1785822211761859574,33,4640,4640,4,18,232,6605701,200,0,377,0,0,929,2445
34,2026-08-04T05:43:32Z,1785822212765409483,34,4640,4640,4,18,240,6606493,200,0,377,0,0,929,2446
35,2026-08-04T05:43:33Z,1785822213769277135,35,4640,4640,4,18,247,6607287,200,0,377,0,0,929,2447
36,2026-08-04T05:43:34Z,1785822214774300452,36,4640,4640,4,18,255,6608083,200,0,377,0,0,929,2448
37,2026-08-04T05:43:35Z,1785822215777417655,37,4636,4636,4,17,263,6608877,200,0,377,0,0,929,2449
38,2026-08-04T05:43:36Z,1785822216781061225,38,4636,4636,4,17,269,6609671,200,0,377,0,0,929,2450
39,2026-08-04T05:43:37Z,1785822217785147320,39,4636,4636,4,17,277,6610465,200,0,377,0,0,929,2450
40,2026-08-04T05:43:38Z,1785822218789442999,40,4636,4636,4,17,285,6611259,200,0,377,0,0,929,2451
41,2026-08-04T05:43:39Z,1785822219792290274,41,4636,4636,4,17,292,6612053,200,0,377,0,0,929,2452
42,2026-08-04T05:43:40Z,1785822220796099340,42,4636,4636,4,17,300,6612846,200,0,377,0,0,929,2453
43,2026-08-04T05:43:41Z,1785822221799748991,43,4636,4636,4,17,307,6613642,200,0,377,0,0,929,2454
44,2026-08-04T05:43:42Z,1785822222803195075,44,4636,4636,4,17,315,6614436,200,0,377,0,0,929,2454
45,2026-08-04T05:43:43Z,1785822223808785591,45,4636,4636,4,17,322,6615229,200,0,377,0,0,929,2455
46,2026-08-04T05:43:44Z,1785822224811536466,46,4636,4636,4,17,330,6616021,200,0,377,0,0,929,2455
47,2026-08-04T05:43:45Z,1785822225814592469,47,4636,4636,4,17,338,6616817,200,0,377,0,0,929,2456
48,2026-08-04T05:43:46Z,1785822226817915965,48,4636,4636,4,17,346,6617611,200,0,377,0,0,929,2457
49,2026-08-04T05:43:47Z,1785822227821712012,49,4636,4636,4,17,353,6618405,200,0,377,0,0,929,2458
50,2026-08-04T05:43:48Z,1785822228825799879,50,4636,4636,4,17,361,6619199,200,0,377,0,0,929,2459
51,2026-08-04T05:43:49Z,1785822229829604537,51,4636,4636,4,17,368,6619992,200,0,377,0,0,929,2460
52,2026-08-04T05:43:50Z,1785822230833530729,52,4636,4636,4,17,376,6620786,200,0,377,0,0,929,2461
53,2026-08-04T05:43:51Z,1785822231838038402,53,4636,4636,4,17,384,6621579,200,0,377,0,0,929,2462
54,2026-08-04T05:43:52Z,1785822232840775012,54,4636,4636,4,17,392,6622376,200,0,377,0,0,929,2462
55,2026-08-04T05:43:53Z,1785822233844738005,55,4636,4636,4,17,399,6623172,200,0,377,0,0,929,2462
56,2026-08-04T05:43:54Z,1785822234848439085,56,4636,4636,4,17,407,6623964,200,0,377,0,0,929,2462
57,2026-08-04T05:43:55Z,1785822235852451259,57,4636,4636,4,17,414,6624760,200,0,377,0,0,929,2463
58,2026-08-04T05:43:56Z,1785822236855908530,58,4636,4636,4,17,421,6625553,200,0,377,0,0,929,2464
59,2026-08-04T05:43:57Z,1785822237859795978,59,4636,4636,4,17,428,6626348,200,0,377,0,0,929,2464
60,2026-08-04T05:43:58Z,1785822238863944159,60,4636,4636,4,17,437,6627140,200,0,377,0,0,929,2464
61,2026-08-04T05:43:59Z,1785822239868055574,61,4636,4636,4,17,444,6627934,200,0,377,0,0,929,2465
62,2026-08-04T05:44:00Z,1785822240872312026,62,4636,4636,4,17,451,6628728,200,0,377,0,0,929,2466
63,2026-08-04T05:44:01Z,1785822241876302357,63,4636,4636,4,17,460,6629521,200,0,377,0,0,929,2467
64,2026-08-04T05:44:02Z,1785822242879496708,64,4636,4636,4,17,467,6630314,200,0,377,0,0,929,2467
65,2026-08-04T05:44:03Z,1785822243883794959,65,4636,4636,4,17,475,6631108,200,0,377,0,0,929,2467
66,2026-08-04T05:44:04Z,1785822244886853480,66,4636,4636,4,17,482,6631902,200,0,377,0,0,929,2469
67,2026-08-04T05:44:05Z,1785822245890926131,67,4636,4636,4,17,490,6632694,200,0,377,0,0,929,2469
68,2026-08-04T05:44:06Z,1785822246894631537,68,4636,4636,4,17,498,6633489,200,0,377,0,0,929,2470
69,2026-08-04T05:44:07Z,1785822247898806791,69,4636,4636,4,17,505,6634284,200,0,377,0,0,929,2471
70,2026-08-04T05:44:08Z,1785822248902528375,70,4636,4636,4,17,512,6635078,200,0,377,0,0,929,2471
71,2026-08-04T05:44:09Z,1785822249906440512,71,4636,4636,4,17,520,6635872,200,0,377,0,0,929,2471
72,2026-08-04T05:44:10Z,1785822250910561540,72,4636,4636,4,17,527,6636667,200,0,377,0,0,929,2472
73,2026-08-04T05:44:11Z,1785822251914410660,73,4636,4636,4,17,535,6637460,200,0,377,0,0,929,2473
74,2026-08-04T05:44:12Z,1785822252918427815,74,4636,4636,4,17,543,6638253,200,0,377,0,0,929,2474
75,2026-08-04T05:44:13Z,1785822253922058685,75,4636,4636,4,17,550,6639046,200,0,377,0,0,929,2475
76,2026-08-04T05:44:14Z,1785822254926487798,76,4636,4636,4,17,558,6639840,200,0,377,0,0,929,2477
77,2026-08-04T05:44:15Z,1785822255929551790,77,4636,4636,4,17,565,6640635,200,0,377,0,0,929,2479
78,2026-08-04T05:44:16Z,1785822256933365706,78,4636,4636,4,17,573,6641429,200,0,377,0,0,929,2481
79,2026-08-04T05:44:17Z,1785822257937437494,79,4636,4636,4,17,580,6642225,200,0,377,0,0,929,2482
80,2026-08-04T05:44:18Z,1785822258941718668,80,4636,4636,4,17,588,6643022,200,0,377,0,0,929,2482
81,2026-08-04T05:44:19Z,1785822259944167102,81,4636,4636,4,17,596,6643816,200,0,377,0,0,929,2483
82,2026-08-04T05:44:20Z,1785822260948130229,82,4636,4636,4,17,603,6644609,200,0,377,0,0,929,2484
83,2026-08-04T05:44:21Z,1785822261951733995,83,4636,4636,4,17,611,6645403,200,0,377,0,0,929,2484
84,2026-08-04T05:44:22Z,1785822262955424052,84,4636,4636,4,17,618,6646196,200,0,377,0,0,929,2484
85,2026-08-04T05:44:23Z,1785822263959409942,85,4636,4636,4,17,626,6646988,200,0,377,0,0,929,2484
86,2026-08-04T05:44:24Z,1785822264963848805,86,4636,4636,4,17,634,6647783,200,0,378,0,0,929,2486
87,2026-08-04T05:44:25Z,1785822265966642881,87,4636,4636,4,17,641,6648575,200,0,378,0,0,929,2486
88,2026-08-04T05:44:26Z,1785822266970059244,88,4636,4636,4,17,649,6649368,200,0,378,0,0,929,2487
89,2026-08-04T05:44:27Z,1785822267973722534,89,4636,4636,4,17,657,6650161,200,0,378,0,0,929,2487
90,2026-08-04T05:44:28Z,1785822268977436154,90,4636,4636,4,17,663,6650955,200,0,378,0,0,929,2488
91,2026-08-04T05:44:29Z,1785822269981481640,91,4636,4636,4,17,672,6651748,200,0,378,0,0,929,2489
92,2026-08-04T05:44:30Z,1785822270985344529,92,4636,4636,4,17,679,6652542,200,0,378,0,0,929,2490
93,2026-08-04T05:44:31Z,1785822271989937007,93,4636,4636,4,17,687,6653335,200,0,378,0,0,929,2491
94,2026-08-04T05:44:32Z,1785822272992982748,94,4636,4636,4,17,695,6654129,200,0,378,0,0,929,2492
95,2026-08-04T05:44:33Z,1785822273997063254,95,4636,4636,4,17,701,6654923,200,0,378,0,0,929,2492
96,2026-08-04T05:44:35Z,1785822275000967197,97,4636,4636,4,17,710,6655718,200,0,378,0,0,929,2493
97,2026-08-04T05:44:36Z,1785822276004970418,98,4636,4636,4,17,717,6656510,200,0,378,0,0,929,2495
98,2026-08-04T05:44:37Z,1785822277008634407,99,4636,4636,4,17,725,6657307,200,0,378,0,0,929,2496
99,2026-08-04T05:44:38Z,1785822278012474586,100,4636,4636,4,17,732,6658100,200,0,378,0,0,929,2496
100,2026-08-04T05:44:39Z,1785822279016279649,101,4636,4636,4,17,740,6658894,200,0,378,0,0,929,2497
101,2026-08-04T05:44:40Z,1785822280020673125,102,4636,4636,4,17,747,6659685,200,0,378,0,0,929,2497
102,2026-08-04T05:44:41Z,1785822281023578090,103,4636,4636,4,17,755,6660479,200,0,378,0,0,929,2498
103,2026-08-04T05:44:42Z,1785822282027548709,104,4636,4636,4,17,762,6661273,200,0,378,0,0,929,2499
104,2026-08-04T05:44:43Z,1785822283031017948,105,4636,4636,4,17,770,6662067,200,0,378,0,0,929,2499
105,2026-08-04T05:44:44Z,1785822284034837759,106,4636,4636,4,17,777,6662861,200,0,378,0,0,929,2499
106,2026-08-04T05:44:45Z,1785822285039193877,107,4636,4636,4,17,785,6663654,200,0,378,0,0,929,2499
107,2026-08-04T05:44:46Z,1785822286041757398,108,4636,4636,4,17,793,6664448,200,0,379,0,0,929,2500
108,2026-08-04T05:44:47Z,1785822287045210230,109,4636,4636,4,17,800,6665241,200,0,379,0,0,929,2500
109,2026-08-04T05:44:48Z,1785822288049065252,110,4636,4636,4,17,808,6666034,200,0,379,0,0,929,2500
110,2026-08-04T05:44:49Z,1785822289052756124,111,4636,4636,4,17,815,6666829,200,0,379,0,0,929,2501
111,2026-08-04T05:44:50Z,1785822290056447044,112,4636,4636,4,17,822,6667622,200,0,379,0,0,929,2502
112,2026-08-04T05:44:51Z,1785822291060120242,113,4636,4636,4,17,830,6668414,200,0,379,0,0,929,2503
113,2026-08-04T05:44:52Z,1785822292064002976,114,4636,4636,4,17,838,6669210,200,0,379,0,0,929,2504
114,2026-08-04T05:44:53Z,1785822293067901342,115,4636,4636,4,17,845,6670007,200,0,379,0,0,929,2504
115,2026-08-04T05:44:54Z,1785822294071729519,116,4636,4636,4,17,852,6670801,200,0,379,0,0,929,2505
116,2026-08-04T05:44:55Z,1785822295076218199,117,4636,4636,4,17,860,6671595,200,0,379,0,0,929,2505
117,2026-08-04T05:44:56Z,1785822296079061275,118,4636,4636,4,17,867,6672388,200,0,379,0,0,929,2506
118,2026-08-04T05:44:57Z,1785822297083386186,119,4636,4636,4,17,875,6673182,200,0,379,0,0,929,2506
119,2026-08-04T05:44:58Z,1785822298086208778,120,4636,4636,4,17,882,6673974,200,0,379,0,0,929,2507
120,2026-08-04T05:44:59Z,1785822299090411607,121,4632,4632,4,16,890,6674766,200,0,379,0,0,929,2508
121,2026-08-04T05:45:00Z,1785822300095383609,122,4628,4628,4,15,898,6675560,200,0,379,0,0,929,2509
122,2026-08-04T05:45:01Z,1785822301098035110,123,4604,4604,4,14,903,6676356,200,0,379,0,0,929,2509
123,2026-08-04T05:45:02Z,1785822302101713867,124,4596,4596,4,12,907,6677157,200,0,379,0,0,929,2509
124,2026-08-04T05:45:03Z,1785822303104632204,125,4268,4300,4,10,907,6677959,200,0,379,0,0,929,2509
125,2026-08-04T05:45:04Z,1785822304108277590,126,4268,4300,4,10,907,6678761,200,0,379,0,0,929,2509
126,2026-08-04T05:45:05Z,1785822305112285145,127,4268,4300,4,10,907,6679564,200,0,379,0,0,929,2509
127,2026-08-04T05:45:06Z,1785822306115970837,128,4268,4300,4,10,907,6680366,200,0,379,0,0,929,2509
128,2026-08-04T05:45:07Z,1785822307119837742,129,4268,4300,4,10,907,6681170,200,0,379,0,0,929,2509
129,2026-08-04T05:45:08Z,1785822308123578189,130,4268,4300,4,10,907,6681971,200,0,379,0,0,929,2509
130,2026-08-04T05:45:09Z,1785822309127172643,131,4272,4300,4,11,907,6682773,200,0,379,0,0,929,2509
131,2026-08-04T05:45:10Z,1785822310131330845,132,4276,4300,4,12,909,6683569,200,0,379,0,0,929,2509
132,2026-08-04T05:45:11Z,1785822311134623621,133,4300,4300,4,13,912,6684366,200,0,379,0,0,929,2509
133,2026-08-04T05:45:12Z,1785822312138573638,134,4304,4304,4,14,920,6685162,200,0,379,0,0,929,2509
134,2026-08-04T05:45:13Z,1785822313142033795,135,4628,4628,4,15,927,6685954,200,0,379,0,0,929,2509
135,2026-08-04T05:45:14Z,1785822314145965790,136,4648,4648,4,18,934,6686749,200,0,379,0,0,929,2510
136,2026-08-04T05:45:15Z,1785822315149991423,137,4648,4648,4,18,942,6687542,200,0,380,0,0,929,2511
137,2026-08-04T05:45:16Z,1785822316153941599,138,4648,4648,4,18,950,6688336,200,0,380,0,0,929,2512
138,2026-08-04T05:45:17Z,1785822317157689320,139,4652,4652,4,18,957,6689130,200,0,380,0,0,929,2513
139,2026-08-04T05:45:18Z,1785822318161320640,140,4652,4652,4,18,964,6689926,200,0,380,0,0,929,2514
140,2026-08-04T05:45:19Z,1785822319165224883,141,4652,4652,4,18,972,6690722,200,0,380,0,0,929,2515
141,2026-08-04T05:45:20Z,1785822320169144566,142,4652,4652,4,18,979,6691515,200,0,380,0,0,929,2516
142,2026-08-04T05:45:21Z,1785822321173243766,143,4652,4652,4,18,987,6692310,200,0,380,0,0,929,2517
143,2026-08-04T05:45:22Z,1785822322177151715,144,4652,4652,4,18,994,6693105,200,0,380,0,0,929,2518
144,2026-08-04T05:45:23Z,1785822323180865178,145,4652,4652,4,18,1002,6693900,200,0,380,0,0,929,2519
145,2026-08-04T05:45:24Z,1785822324184453270,146,4652,4652,4,18,1009,6694695,200,0,380,0,0,929,2520
146,2026-08-04T05:45:25Z,1785822325188286737,147,4652,4652,4,18,1017,6695486,200,0,380,0,0,929,2520
147,2026-08-04T05:45:26Z,1785822326192725774,148,4652,4652,4,18,1025,6696283,200,0,380,0,0,929,2521
148,2026-08-04T05:45:27Z,1785822327195533909,149,4652,4652,4,18,1032,6697076,200,0,380,0,0,929,2521
149,2026-08-04T05:45:28Z,1785822328199290651,150,4652,4652,4,18,1039,6697868,200,0,380,0,0,929,2522
150,2026-08-04T05:45:29Z,1785822329203141377,151,4652,4652,4,18,1047,6698661,200,0,380,0,0,929,2522
151,2026-08-04T05:45:30Z,1785822330209339046,152,4652,4652,4,18,1055,6699457,200,0,380,0,0,929,2522
152,2026-08-04T05:45:31Z,1785822331212425659,153,4652,4652,4,18,1062,6700251,200,0,380,0,0,929,2523
153,2026-08-04T05:45:32Z,1785822332216095961,154,4652,4652,4,18,1070,6701042,200,0,380,0,0,929,2523
154,2026-08-04T05:45:33Z,1785822333218980182,155,4652,4652,4,18,1079,6701833,200,0,380,0,0,929,2524
155,2026-08-04T05:45:34Z,1785822334223288581,156,4652,4652,4,18,1086,6702625,200,0,380,0,0,929,2524
156,2026-08-04T05:45:35Z,1785822335227317446,157,4652,4652,4,18,1093,6703419,200,0,380,0,0,929,2524
157,2026-08-04T05:45:36Z,1785822336231216135,158,4652,4652,4,18,1101,6704212,200,0,380,0,0,929,2525
158,2026-08-04T05:45:37Z,1785822337235029616,159,4652,4652,4,18,1109,6705006,200,0,380,0,0,929,2525
159,2026-08-04T05:45:38Z,1785822338238939067,160,4652,4652,4,18,1116,6705802,200,0,380,0,0,929,2525
160,2026-08-04T05:45:39Z,1785822339242800373,161,4652,4652,4,18,1124,6706596,200,0,380,0,0,929,2525
161,2026-08-04T05:45:40Z,1785822340246193838,162,4652,4652,4,18,1131,6707390,200,0,380,0,0,929,2525
162,2026-08-04T05:45:41Z,1785822341250077395,163,4652,4652,4,18,1139,6708184,200,0,380,0,0,929,2526
163,2026-08-04T05:45:42Z,1785822342254243314,164,4652,4652,4,18,1146,6708977,200,0,380,0,0,929,2527
164,2026-08-04T05:45:43Z,1785822343258104861,165,4652,4652,4,18,1154,6709773,200,0,380,0,0,929,2527
165,2026-08-04T05:45:44Z,1785822344262499074,166,4652,4652,4,17,1162,6710570,200,0,380,0,0,929,2527
166,2026-08-04T05:45:45Z,1785822345265318955,167,4648,4648,4,17,1170,6711366,200,0,380,0,0,929,2527
167,2026-08-04T05:45:46Z,1785822346269307537,168,4648,4648,4,17,1177,6712160,200,0,380,0,0,929,2528
168,2026-08-04T05:45:47Z,1785822347273454633,169,4648,4648,4,17,1184,6712955,200,0,380,0,0,929,2528
169,2026-08-04T05:45:48Z,1785822348277207519,170,4648,4648,4,17,1192,6713750,200,0,380,0,0,929,2528
170,2026-08-04T05:45:49Z,1785822349280974410,171,4648,4648,4,17,1199,6714544,200,0,380,0,0,929,2529
171,2026-08-04T05:45:50Z,1785822350284365152,172,4648,4648,4,17,1206,6715338,200,0,380,0,0,929,2529
172,2026-08-04T05:45:51Z,1785822351288591032,173,4648,4648,4,17,1214,6716134,200,0,380,0,0,929,2530
173,2026-08-04T05:45:52Z,1785822352292364408,174,4648,4648,4,17,1221,6716927,200,0,380,0,0,929,2531
174,2026-08-04T05:45:53Z,1785822353296067360,175,4648,4648,4,17,1229,6717723,200,0,380,0,0,929,2531
175,2026-08-04T05:45:54Z,1785822354300020635,176,4648,4648,4,17,1236,6718517,200,0,380,0,0,929,2531
176,2026-08-04T05:45:55Z,1785822355303869598,177,4648,4648,4,17,1244,6719313,200,0,380,0,0,929,2531
177,2026-08-04T05:45:56Z,1785822356307975362,178,4648,4648,4,17,1251,6720106,200,0,380,0,0,929,2532
178,2026-08-04T05:45:57Z,1785822357311344318,179,4648,4648,4,17,1259,6720901,200,0,380,0,0,929,2533
179,2026-08-04T05:45:58Z,1785822358315199516,180,4648,4648,4,17,1267,6721698,200,0,380,0,0,929,2533
180,2026-08-04T05:45:59Z,1785822359318894402,181,4648,4648,4,17,1274,6722494,200,0,380,0,0,929,2534
181,2026-08-04T05:46:00Z,1785822360323334379,182,4648,4648,4,17,1282,6723290,200,0,380,0,0,929,2534
182,2026-08-04T05:46:01Z,1785822361326575980,183,4648,4648,4,17,1289,6724085,200,0,380,0,0,929,2535
183,2026-08-04T05:46:02Z,1785822362330643672,184,4648,4648,4,17,1297,6724878,200,0,380,0,0,929,2536
184,2026-08-04T05:46:03Z,1785822363335129259,185,4648,4648,4,17,1305,6725672,200,0,380,0,0,929,2536
185,2026-08-04T05:46:04Z,1785822364338005322,186,4648,4648,4,17,1313,6726467,200,0,380,0,0,929,2537
186,2026-08-04T05:46:05Z,1785822365341968865,187,4648,4648,4,17,1320,6727264,200,0,380,0,0,929,2537
187,2026-08-04T05:46:06Z,1785822366346239180,188,4648,4648,4,17,1327,6728058,200,0,380,0,0,929,2538
188,2026-08-04T05:46:07Z,1785822367350182392,189,4648,4648,4,17,1336,6728853,200,0,380,0,0,929,2539
189,2026-08-04T05:46:08Z,1785822368354554928,190,4648,4648,4,17,1343,6729650,200,0,380,0,0,929,2540
190,2026-08-04T05:46:09Z,1785822369357221482,191,4648,4648,4,17,1351,6730444,200,0,380,0,0,929,2541
191,2026-08-04T05:46:10Z,1785822370360887304,192,4648,4648,4,17,1358,6731237,200,0,380,0,0,929,2541
192,2026-08-04T05:46:11Z,1785822371365193669,193,4648,4648,4,17,1366,6732033,200,0,380,0,0,929,2542
193,2026-08-04T05:46:12Z,1785822372368833476,194,4648,4648,4,17,1373,6732829,200,0,380,0,0,929,2543
194,2026-08-04T05:46:13Z,1785822373371741464,195,4648,4648,4,17,1381,6733618,200,0,380,0,0,929,2544
195,2026-08-04T05:46:14Z,1785822374375513351,196,4648,4648,4,17,1388,6734416,200,0,380,0,0,929,2545
196,2026-08-04T05:46:15Z,1785822375379752956,197,4648,4648,4,17,1395,6735210,200,0,380,0,0,929,2546
197,2026-08-04T05:46:16Z,1785822376383989052,198,4648,4648,4,17,1403,6736005,200,0,380,0,0,929,2547
198,2026-08-04T05:46:17Z,1785822377388221145,199,4648,4648,4,17,1411,6736800,200,0,380,0,0,929,2548
199,2026-08-04T05:46:18Z,1785822378392113369,200,4648,4648,4,17,1418,6737597,200,0,380,0,0,929,2548
200,2026-08-04T05:46:19Z,1785822379395892838,201,4648,4648,4,17,1426,6738392,200,0,380,0,0,929,2548
201,2026-08-04T05:46:20Z,1785822380400052440,202,4648,4648,4,17,1433,6739189,200,0,380,0,0,929,2549
202,2026-08-04T05:46:21Z,1785822381403752126,203,4648,4648,4,17,1441,6739984,200,0,380,0,0,929,2550
203,2026-08-04T05:46:22Z,1785822382407803331,204,4648,4648,4,17,1449,6740780,200,0,380,0,0,929,2551
204,2026-08-04T05:46:23Z,1785822383412038260,205,4648,4648,4,17,1456,6741574,200,0,380,0,0,929,2551
205,2026-08-04T05:46:24Z,1785822384415982656,206,4648,4648,4,17,1463,6742371,200,0,380,0,0,929,2552
206,2026-08-04T05:46:25Z,1785822385420082147,207,4648,4648,4,17,1471,6743164,200,0,380,0,0,929,2552
207,2026-08-04T05:46:26Z,1785822386422956411,208,4648,4648,4,17,1478,6743957,200,0,380,0,0,929,2553
208,2026-08-04T05:46:27Z,1785822387426825177,209,4648,4648,4,17,1486,6744752,200,0,380,0,0,929,2554
209,2026-08-04T05:46:28Z,1785822388430647912,210,4648,4648,4,17,1493,6745546,200,0,380,0,0,929,2554
210,2026-08-04T05:46:29Z,1785822389434613549,211,4648,4648,4,17,1500,6746343,200,0,380,0,0,929,2555
211,2026-08-04T05:46:30Z,1785822390438995266,212,4648,4648,4,17,1508,6747137,200,0,380,0,0,929,2555
212,2026-08-04T05:46:31Z,1785822391442057526,213,4648,4648,4,17,1516,6747930,200,0,380,0,0,929,2555
213,2026-08-04T05:46:32Z,1785822392446192847,214,4648,4648,4,17,1524,6748723,200,0,380,0,0,929,2556
214,2026-08-04T05:46:33Z,1785822393450127813,215,4648,4648,4,17,1532,6749518,200,0,380,0,0,929,2557
215,2026-08-04T05:46:34Z,1785822394454067258,216,4648,4648,4,17,1539,6750315,200,0,380,0,0,929,2558
216,2026-08-04T05:46:35Z,1785822395457923669,217,4648,4648,4,17,1546,6751110,200,0,380,0,0,929,2558
217,2026-08-04T05:46:36Z,1785822396461625869,218,4648,4648,4,17,1553,6751904,200,0,380,0,0,929,2558
218,2026-08-04T05:46:37Z,1785822397465814880,219,4648,4648,4,17,1562,6752699,200,0,380,0,0,929,2558
219,2026-08-04T05:46:38Z,1785822398469757735,220,4648,4648,4,17,1569,6753494,200,0,380,0,0,929,2558
220,2026-08-04T05:46:39Z,1785822399473166334,221,4648,4648,4,17,1576,6754288,200,0,380,0,0,929,2558
221,2026-08-04T05:46:40Z,1785822400477308928,222,4648,4648,4,17,1584,6755085,200,0,380,0,0,929,2559
222,2026-08-04T05:46:41Z,1785822401481425525,223,4648,4648,4,17,1592,6755878,200,0,380,0,0,929,2560
223,2026-08-04T05:46:42Z,1785822402485921430,224,4648,4648,4,17,1600,6756675,200,0,380,0,0,929,2561
224,2026-08-04T05:46:43Z,1785822403489404252,225,4648,4648,4,17,1608,6757468,200,0,380,0,0,929,2562
225,2026-08-04T05:46:44Z,1785822404492793090,226,4648,4648,4,17,1615,6758262,200,0,380,0,0,929,2562
226,2026-08-04T05:46:45Z,1785822405496248796,227,4648,4648,4,17,1623,6759054,200,0,380,0,0,929,2563
227,2026-08-04T05:46:46Z,1785822406499077666,228,4648,4648,4,17,1631,6759853,200,0,380,0,0,929,2563
228,2026-08-04T05:46:47Z,1785822407503380629,229,4648,4648,4,17,1638,6760648,200,0,380,0,0,929,2563
229,2026-08-04T05:46:48Z,1785822408506152245,230,4648,4648,4,17,1646,6761442,200,0,380,0,0,929,2563
230,2026-08-04T05:46:49Z,1785822409509607850,231,4648,4648,4,17,1653,6762237,200,0,380,0,0,929,2564
231,2026-08-04T05:46:50Z,1785822410513497533,232,4648,4648,4,17,1661,6763031,200,0,380,0,0,929,2565
232,2026-08-04T05:46:51Z,1785822411517621849,233,4648,4648,4,17,1668,6763828,200,0,380,0,0,929,2565
233,2026-08-04T05:46:52Z,1785822412521221632,234,4648,4648,4,17,1675,6764624,200,0,380,0,0,929,2566
234,2026-08-04T05:46:53Z,1785822413524913965,235,4648,4648,4,17,1683,6765419,200,0,380,0,0,929,2567
235,2026-08-04T05:46:54Z,1785822414528626431,236,4648,4648,4,17,1690,6766212,200,0,380,0,0,929,2567
236,2026-08-04T05:46:55Z,1785822415532411566,237,4648,4648,4,17,1698,6767006,200,0,380,0,0,929,2567
237,2026-08-04T05:46:56Z,1785822416535863224,238,4648,4648,4,17,1706,6767800,200,0,380,0,0,929,2568
238,2026-08-04T05:46:57Z,1785822417539708333,239,4648,4648,4,17,1713,6768596,200,0,380,0,0,929,2569
239,2026-08-04T05:46:58Z,1785822418543304253,240,4648,4648,4,17,1720,6769390,200,0,380,0,0,929,2570
240,2026-08-04T05:46:59Z,1785822419547724423,241,4648,4648,4,17,1727,6770187,200,0,380,0,0,929,2571
241,2026-08-04T05:47:00Z,1785822420551308092,242,4648,4648,4,17,1735,6770981,200,0,380,0,0,929,2571
242,2026-08-04T05:47:01Z,1785822421555252840,243,4648,4648,4,17,1743,6771777,200,0,380,0,0,929,2572
243,2026-08-04T05:47:02Z,1785822422558278027,244,4648,4648,4,17,1751,6772570,200,0,380,0,0,929,2573
244,2026-08-04T05:47:03Z,1785822423562709313,245,4648,4648,4,17,1759,6773366,200,0,380,0,0,929,2573
245,2026-08-04T05:47:04Z,1785822424565605558,246,4648,4648,4,17,1767,6774163,200,0,380,0,0,929,2573
246,2026-08-04T05:47:05Z,1785822425569916881,247,4648,4648,4,17,1774,6774958,200,0,380,0,0,929,2573
247,2026-08-04T05:47:06Z,1785822426574084988,248,4648,4648,4,17,1781,6775753,200,0,380,0,0,929,2574
248,2026-08-04T05:47:07Z,1785822427578069692,249,4648,4648,4,17,1789,6776549,200,0,380,0,0,929,2575
249,2026-08-04T05:47:08Z,1785822428582330929,250,4644,4644,4,16,1797,6777345,200,0,380,0,0,929,2575
250,2026-08-04T05:47:09Z,1785822429585884773,251,4640,4640,4,15,1803,6778142,200,0,380,0,0,929,2576
251,2026-08-04T05:47:10Z,1785822430589229085,252,4616,4616,4,14,1808,6778941,200,0,380,0,0,929,2577
252,2026-08-04T05:47:11Z,1785822431592556758,253,4608,4608,4,12,1811,6779742,200,0,380,0,0,929,2578
253,2026-08-04T05:47:12Z,1785822432595602224,254,4280,4300,4,10,1811,6780542,200,0,380,0,0,929,2578
254,2026-08-04T05:47:13Z,1785822433599758345,255,4280,4300,4,10,1811,6781345,200,0,380,0,0,929,2578
255,2026-08-04T05:47:14Z,1785822434603888054,256,4280,4300,4,10,1811,6782148,200,0,380,0,0,929,2578
256,2026-08-04T05:47:15Z,1785822435606831838,257,4280,4300,4,10,1811,6782950,200,0,380,0,0,929,2578
257,2026-08-04T05:47:16Z,1785822436610632288,258,4280,4300,4,10,1811,6783752,200,0,380,0,0,929,2578
258,2026-08-04T05:47:17Z,1785822437614135258,259,4284,4300,4,11,1811,6784554,200,0,380,0,0,929,2578
259,2026-08-04T05:47:18Z,1785822438618647373,260,4288,4300,4,12,1811,6785356,200,0,380,0,0,929,2578
260,2026-08-04T05:47:19Z,1785822439622607899,261,4312,4312,4,13,1814,6786154,200,0,380,0,0,929,2578
261,2026-08-04T05:47:20Z,1785822440626933373,262,4316,4316,4,14,1818,6786951,200,0,380,0,0,929,2578
262,2026-08-04T05:47:21Z,1785822441629415656,263,4640,4640,4,15,1825,6787748,200,0,380,0,0,929,2578
263,2026-08-04T05:47:22Z,1785822442632989836,264,4652,4652,4,18,1833,6788547,200,0,380,0,0,929,2579
264,2026-08-04T05:47:23Z,1785822443636957258,265,4652,4652,4,18,1840,6789345,200,0,380,0,0,929,2580
265,2026-08-04T05:47:24Z,1785822444640635079,266,4652,4652,4,18,1847,6790140,200,0,380,0,0,929,2581
266,2026-08-04T05:47:25Z,1785822445644382942,267,4656,4656,4,18,1855,6790938,200,0,380,0,0,929,2581
267,2026-08-04T05:47:26Z,1785822446648034876,268,4656,4656,4,18,1862,6791734,200,0,380,0,0,929,2582
268,2026-08-04T05:47:27Z,1785822447651964051,269,4656,4656,4,18,1870,6792527,200,0,380,0,0,929,2583
269,2026-08-04T05:47:28Z,1785822448655674111,270,4656,4656,4,18,1877,6793325,200,0,380,0,0,929,2584
270,2026-08-04T05:47:29Z,1785822449660050191,271,4656,4656,4,18,1884,6794119,200,0,380,0,0,929,2585
271,2026-08-04T05:47:30Z,1785822450663538072,272,4656,4656,4,18,1892,6794915,200,0,380,0,0,929,2586
272,2026-08-04T05:47:31Z,1785822451666801553,273,4656,4656,4,18,1901,6795712,200,0,380,0,0,929,2586
273,2026-08-04T05:47:32Z,1785822452670820725,274,4656,4656,4,18,1907,6796507,200,0,380,0,0,929,2587
274,2026-08-04T05:47:33Z,1785822453674482281,275,4656,4656,4,18,1915,6797304,200,0,380,0,0,929,2588
275,2026-08-04T05:47:34Z,1785822454677908885,276,4656,4656,4,18,1923,6798102,200,0,380,0,0,929,2588
276,2026-08-04T05:47:35Z,1785822455681957228,277,4656,4656,4,18,1930,6798895,200,0,380,0,0,929,2589
277,2026-08-04T05:47:36Z,1785822456685957576,278,4656,4656,4,18,1937,6799689,200,0,380,0,0,929,2590
278,2026-08-04T05:47:37Z,1785822457689799685,279,4656,4656,4,18,1945,6800486,200,0,380,0,0,929,2590
279,2026-08-04T05:47:38Z,1785822458694042665,280,4656,4656,4,18,1953,6801280,200,0,380,0,0,929,2590
280,2026-08-04T05:47:39Z,1785822459697568273,281,4656,4656,4,18,1961,6802075,200,0,380,0,0,929,2591
281,2026-08-04T05:47:40Z,1785822460701820926,282,4656,4656,4,18,1968,6802874,200,0,380,0,0,929,2591
282,2026-08-04T05:47:41Z,1785822461705824505,283,4656,4656,4,18,1976,6803669,200,0,380,0,0,929,2591
283,2026-08-04T05:47:42Z,1785822462709786949,284,4656,4656,4,18,1984,6804465,200,0,380,0,0,929,2592
284,2026-08-04T05:47:43Z,1785822463713432727,285,4656,4656,4,18,1991,6805261,200,0,380,0,0,929,2593
285,2026-08-04T05:47:44Z,1785822464717872430,286,4656,4656,4,18,1998,6806058,200,0,380,0,0,929,2593
286,2026-08-04T05:47:45Z,1785822465721294841,287,4656,4656,4,18,2006,6806853,200,0,380,0,0,929,2593
287,2026-08-04T05:47:46Z,1785822466724277568,288,4656,4656,4,18,2014,6807650,200,0,380,0,0,929,2593
288,2026-08-04T05:47:47Z,1785822467728460534,289,4656,4656,4,18,2021,6808444,200,0,380,0,0,929,2594
289,2026-08-04T05:47:48Z,1785822468731770716,290,4656,4656,4,18,2028,6809242,200,0,380,0,0,929,2595
290,2026-08-04T05:47:49Z,1785822469735089676,291,4656,4656,4,18,2036,6810039,200,0,380,0,0,929,2596
291,2026-08-04T05:47:50Z,1785822470739570265,292,4656,4656,4,18,2044,6810836,200,0,380,0,0,929,2597
292,2026-08-04T05:47:51Z,1785822471742966596,293,4656,4656,4,18,2052,6811630,200,0,380,0,0,929,2598
293,2026-08-04T05:47:52Z,1785822472746354875,294,4652,4652,4,17,2060,6812424,200,0,380,0,0,929,2599
294,2026-08-04T05:47:53Z,1785822473749806387,295,4652,4652,4,17,2068,6813221,200,0,380,0,0,929,2599
295,2026-08-04T05:47:54Z,1785822474752868169,296,4652,4652,4,17,2075,6814015,200,0,380,0,0,929,2600
296,2026-08-04T05:47:55Z,1785822475757047605,297,4652,4652,4,17,2084,6814810,200,0,380,0,0,929,2601
297,2026-08-04T05:47:56Z,1785822476761084492,298,4652,4652,4,17,2091,6815608,200,0,380,0,0,929,2601
298,2026-08-04T05:47:57Z,1785822477765183622,299,4652,4652,4,17,2098,6816400,200,0,380,0,0,929,2602
299,2026-08-04T05:47:58Z,1785822478769326483,300,4652,4652,4,17,2106,6817198,200,0,380,0,0,929,2602
300,2026-08-04T05:47:59Z,1785822479774184657,301,4652,4652,4,17,2114,6817997,200,0,380,0,0,929,2603
301,2026-08-04T05:48:00Z,1785822480777723448,302,4652,4652,4,17,2122,6818793,200,0,380,0,0,929,2604
302,2026-08-04T05:48:01Z,1785822481781734500,303,4652,4652,4,17,2129,6819592,200,0,380,0,0,929,2604
303,2026-08-04T05:48:02Z,1785822482784716029,304,4652,4652,4,17,2137,6820385,200,0,380,0,0,929,2605
304,2026-08-04T05:48:03Z,1785822483789036740,305,4652,4652,4,17,2145,6821180,200,0,380,0,0,929,2606
305,2026-08-04T05:48:04Z,1785822484792248583,306,4652,4652,4,17,2153,6821974,200,0,380,0,0,929,2606
306,2026-08-04T05:48:05Z,1785822485796445368,307,4652,4652,4,17,2160,6822771,200,0,380,0,0,929,2606
307,2026-08-04T05:48:06Z,1785822486800847937,308,4652,4652,4,17,2168,6823567,200,0,380,0,0,929,2607
308,2026-08-04T05:48:07Z,1785822487803234917,309,4652,4652,4,17,2174,6824362,200,0,380,0,0,929,2607
309,2026-08-04T05:48:08Z,1785822488806758208,310,4652,4652,4,17,2182,6825158,200,0,380,0,0,929,2608
310,2026-08-04T05:48:09Z,1785822489810842514,311,4652,4652,4,17,2189,6825954,200,0,380,0,0,929,2608
311,2026-08-04T05:48:10Z,1785822490814375580,312,4652,4652,4,17,2198,6826749,200,0,380,0,0,929,2609
312,2026-08-04T05:48:11Z,1785822491818078814,313,4652,4652,4,17,2205,6827544,200,0,380,0,0,929,2609
313,2026-08-04T05:48:12Z,1785822492822057639,314,4652,4652,4,17,2212,6828338,200,0,380,0,0,929,2610
314,2026-08-04T05:48:13Z,1785822493825736003,315,4652,4652,4,17,2220,6829135,200,0,380,0,0,929,2610
315,2026-08-04T05:48:14Z,1785822494830294889,316,4652,4652,4,17,2228,6829932,200,0,380,0,0,929,2611
316,2026-08-04T05:48:15Z,1785822495833929097,317,4652,4652,4,17,2236,6830727,200,0,380,0,0,929,2612
317,2026-08-04T05:48:16Z,1785822496836886497,318,4652,4652,4,17,2242,6831524,200,0,380,0,0,929,2613
318,2026-08-04T05:48:17Z,1785822497840295535,319,4652,4652,4,17,2250,6832321,200,0,380,0,0,929,2614
319,2026-08-04T05:48:18Z,1785822498844047857,320,4652,4652,4,17,2258,6833116,200,0,380,0,0,929,2614
320,2026-08-04T05:48:19Z,1785822499848103930,321,4652,4652,4,17,2265,6833914,200,0,380,0,0,929,2615
321,2026-08-04T05:48:20Z,1785822500851839244,322,4652,4652,4,17,2273,6834708,200,0,380,0,0,929,2615
322,2026-08-04T05:48:21Z,1785822501856080776,323,4652,4652,4,17,2281,6835504,200,0,380,0,0,929,2615
323,2026-08-04T05:48:22Z,1785822502859145577,324,4652,4652,4,17,2288,6836297,200,0,380,0,0,929,2616
324,2026-08-04T05:48:23Z,1785822503863182093,325,4652,4652,4,17,2295,6837094,200,0,380,0,0,929,2616
325,2026-08-04T05:48:24Z,1785822504867619916,326,4652,4652,4,17,2303,6837890,200,0,380,0,0,929,2616
326,2026-08-04T05:48:25Z,1785822505871460245,327,4652,4652,4,17,2310,6838684,200,0,380,0,0,929,2617
327,2026-08-04T05:48:26Z,1785822506874010189,328,4652,4652,4,17,2318,6839479,200,0,380,0,0,929,2617
328,2026-08-04T05:48:27Z,1785822507878119884,329,4652,4652,4,17,2325,6840276,200,0,380,0,0,929,2617
329,2026-08-04T05:48:28Z,1785822508882534209,330,4652,4652,4,17,2334,6841071,200,0,380,0,0,929,2618
330,2026-08-04T05:48:29Z,1785822509885930771,331,4652,4652,4,17,2341,6841869,200,0,380,0,0,929,2619
331,2026-08-04T05:48:30Z,1785822510889784805,332,4652,4652,4,17,2349,6842664,200,0,380,0,0,929,2620
332,2026-08-04T05:48:31Z,1785822511892797020,333,4652,4652,4,17,2357,6843462,200,0,380,0,0,929,2621
333,2026-08-04T05:48:32Z,1785822512896727168,334,4652,4652,4,17,2365,6844259,200,0,380,0,0,929,2622
334,2026-08-04T05:48:33Z,1785822513901038036,335,4652,4652,4,17,2372,6845056,200,0,380,0,0,929,2623
335,2026-08-04T05:48:34Z,1785822514904138794,336,4652,4652,4,17,2379,6845853,200,0,380,0,0,929,2624
336,2026-08-04T05:48:35Z,1785822515907900535,337,4652,4652,4,17,2386,6846648,200,0,380,0,0,929,2625
337,2026-08-04T05:48:36Z,1785822516912234114,338,4652,4652,4,17,2395,6847444,200,0,380,0,0,929,2625
338,2026-08-04T05:48:37Z,1785822517916224066,339,4652,4652,4,17,2402,6848238,200,0,380,0,0,929,2625
339,2026-08-04T05:48:38Z,1785822518920145809,340,4652,4652,4,17,2410,6849036,200,0,380,0,0,929,2625
340,2026-08-04T05:48:39Z,1785822519924396230,341,4652,4652,4,17,2418,6849831,200,0,380,0,0,929,2625
341,2026-08-04T05:48:40Z,1785822520927996391,342,4652,4652,4,17,2424,6850625,200,0,380,0,0,929,2626
342,2026-08-04T05:48:41Z,1785822521932215997,343,4652,4652,4,17,2432,6851422,200,0,380,0,0,929,2626
343,2026-08-04T05:48:42Z,1785822522936416756,344,4652,4652,4,17,2440,6852217,200,0,380,0,0,929,2627
344,2026-08-04T05:48:43Z,1785822523940155276,345,4652,4652,4,17,2447,6853015,200,0,380,0,0,929,2628
345,2026-08-04T05:48:44Z,1785822524944526138,346,4652,4652,4,17,2456,6853812,200,0,380,0,0,929,2628
346,2026-08-04T05:48:45Z,1785822525947272692,347,4652,4652,4,17,2463,6854607,200,0,380,0,0,929,2628
347,2026-08-04T05:48:46Z,1785822526951299272,348,4652,4652,4,17,2471,6855405,200,0,380,0,0,929,2628
348,2026-08-04T05:48:47Z,1785822527955299836,349,4652,4652,4,17,2478,6856202,200,0,380,0,0,929,2629
349,2026-08-04T05:48:48Z,1785822528959399335,350,4652,4652,4,17,2485,6857001,200,0,380,0,0,929,2630
350,2026-08-04T05:48:49Z,1785822529963014661,351,4652,4652,4,17,2492,6857795,200,0,380,0,0,929,2630
351,2026-08-04T05:48:50Z,1785822530967177303,352,4652,4652,4,17,2501,6858593,200,0,380,0,0,929,2631
352,2026-08-04T05:48:51Z,1785822531970700165,353,4652,4652,4,17,2508,6859390,200,0,380,0,0,929,2632
353,2026-08-04T05:48:52Z,1785822532974487540,354,4652,4652,4,17,2515,6860189,200,0,380,0,0,929,2633
354,2026-08-04T05:48:53Z,1785822533978529781,355,4652,4652,4,17,2522,6860986,200,0,380,0,0,929,2634
355,2026-08-04T05:48:54Z,1785822534982860534,356,4652,4652,4,17,2530,6861782,200,0,380,0,0,929,2635
356,2026-08-04T05:48:55Z,1785822535985836842,357,4652,4652,4,17,2537,6862578,200,0,380,0,0,929,2635
357,2026-08-04T05:48:56Z,1785822536989743605,358,4652,4652,4,17,2545,6863375,200,0,380,0,0,929,2635
358,2026-08-04T05:48:57Z,1785822537993401266,359,4652,4652,4,17,2552,6864170,200,0,380,0,0,929,2635
359,2026-08-04T05:48:58Z,1785822538997027767,360,4652,4652,4,17,2559,6864970,200,0,380,0,0,929,2635
360,2026-08-04T05:49:00Z,1785822540001346102,362,4652,4652,4,17,2568,6865766,200,0,380,0,0,929,2635
361,2026-08-04T05:49:01Z,1785822541005487692,363,4652,4652,4,17,2575,6866562,200,0,380,0,0,929,2635
362,2026-08-04T05:49:02Z,1785822542010598466,364,4652,4652,4,17,2584,6867361,200,0,380,0,0,929,2635
363,2026-08-04T05:49:03Z,1785822543014342229,365,4652,4652,4,17,2592,6868155,200,0,380,0,0,929,2636
364,2026-08-04T05:49:04Z,1785822544017536840,366,4652,4652,4,17,2600,6868950,200,0,380,0,0,929,2637
365,2026-08-04T05:49:05Z,1785822545021836778,367,4652,4652,4,17,2606,6869747,200,0,380,0,0,929,2637
366,2026-08-04T05:49:06Z,1785822546025627286,368,4652,4652,4,17,2615,6870541,200,0,380,0,0,929,2637
367,2026-08-04T05:49:07Z,1785822547029300837,369,4652,4652,4,17,2622,6871340,200,0,380,0,0,929,2638
368,2026-08-04T05:49:08Z,1785822548033092021,370,4652,4652,4,17,2630,6872134,200,0,380,0,0,929,2639
369,2026-08-04T05:49:09Z,1785822549037018278,371,4652,4652,4,17,2637,6872927,200,0,380,0,0,929,2640
370,2026-08-04T05:49:10Z,1785822550040555329,372,4652,4652,4,17,2645,6873725,200,0,380,0,0,929,2641
371,2026-08-04T05:49:11Z,1785822551043892789,373,4652,4652,4,17,2652,6874521,200,0,380,0,0,929,2642
372,2026-08-04T05:49:12Z,1785822552047536420,374,4652,4652,4,17,2659,6875317,200,0,380,0,0,929,2643
373,2026-08-04T05:49:13Z,1785822553051839765,375,4652,4652,4,17,2667,6876109,200,0,380,0,0,929,2643
374,2026-08-04T05:49:14Z,1785822554055486338,376,4652,4652,4,17,2674,6876903,200,0,380,0,0,929,2643
375,2026-08-04T05:49:15Z,1785822555060264814,377,4652,4652,4,17,2683,6877698,200,0,380,0,0,929,2644
376,2026-08-04T05:49:16Z,1785822556062931865,378,4652,4652,4,17,2690,6878493,200,0,380,0,0,929,2645
377,2026-08-04T05:49:17Z,1785822557066985064,379,4652,4652,4,17,2698,6879292,200,0,380,0,0,929,2646
378,2026-08-04T05:49:18Z,1785822558071022672,380,4648,4648,4,16,2706,6880086,200,0,380,0,0,929,2647
379,2026-08-04T05:49:19Z,1785822559074456391,381,4644,4644,4,15,2712,6880882,200,0,380,0,0,929,2647
380,2026-08-04T05:49:20Z,1785822560078004540,382,4620,4620,4,14,2716,6881681,200,0,380,0,0,929,2648
381,2026-08-04T05:49:21Z,1785822561080841806,383,4612,4612,4,12,2718,6882481,200,0,380,0,0,929,2648
382,2026-08-04T05:49:22Z,1785822562084550361,384,4284,4300,4,10,2719,6883283,200,0,380,0,0,929,2648
383,2026-08-04T05:49:23Z,1785822563088038308,385,4284,4300,4,10,2719,6884086,200,0,380,0,0,929,2648
384,2026-08-04T05:49:24Z,1785822564091706112,386,4284,4300,4,10,2720,6884888,200,0,380,0,0,929,2648
385,2026-08-04T05:49:25Z,1785822565095314149,387,4284,4300,4,10,2720,6885690,200,0,380,0,0,929,2648
386,2026-08-04T05:49:26Z,1785822566098812797,388,4284,4300,4,10,2720,6886492,200,0,380,0,0,929,2648
387,2026-08-04T05:49:27Z,1785822567102645226,389,4288,4300,4,11,2720,6887295,200,0,380,0,0,929,2648
388,2026-08-04T05:49:28Z,1785822568106890345,390,4292,4300,4,12,2720,6888096,200,0,380,0,0,929,2648
389,2026-08-04T05:49:29Z,1785822569111316900,391,4316,4316,4,13,2722,6888896,200,0,380,0,0,929,2648
390,2026-08-04T05:49:30Z,1785822570116639324,392,4320,4320,4,14,2727,6889695,200,0,380,0,0,929,2648
391,2026-08-04T05:49:31Z,1785822571120127219,393,4644,4644,4,15,2734,6890488,200,0,380,0,0,929,2648
392,2026-08-04T05:49:32Z,1785822572123527219,394,4656,4656,4,18,2742,6891283,200,0,380,0,0,929,2649
393,2026-08-04T05:49:33Z,1785822573126748028,395,4656,4656,4,18,2750,6892080,200,0,380,0,0,929,2650
394,2026-08-04T05:49:34Z,1785822574130629774,396,4656,4656,4,18,2757,6892876,200,0,380,0,0,929,2651
395,2026-08-04T05:49:35Z,1785822575134385158,397,4656,4656,4,18,2765,6893671,200,0,380,0,0,929,2652
396,2026-08-04T05:49:36Z,1785822576138574310,398,4656,4656,4,18,2773,6894465,200,0,380,0,0,929,2653
397,2026-08-04T05:49:37Z,1785822577142038805,399,4656,4656,4,18,2781,6895259,200,0,380,0,0,929,2654
398,2026-08-04T05:49:38Z,1785822578145869909,400,4656,4656,4,18,2788,6896053,200,0,380,0,0,929,2655
399,2026-08-04T05:49:39Z,1785822579149489844,401,4656,4656,4,18,2796,6896849,200,0,380,0,0,929,2656
400,2026-08-04T05:49:40Z,1785822580153172282,402,4656,4656,4,18,2803,6897643,200,0,380,0,0,929,2657
401,2026-08-04T05:49:41Z,1785822581156907664,403,4656,4656,4,18,2811,6898439,200,0,380,0,0,929,2658
402,2026-08-04T05:49:42Z,1785822582161234600,404,4656,4656,4,18,2818,6899238,200,0,380,0,0,929,2658
403,2026-08-04T05:49:43Z,1785822583164045796,405,4656,4656,4,18,2825,6900033,200,0,380,0,0,929,2658
404,2026-08-04T05:49:44Z,1785822584168294401,406,4656,4656,4,18,2833,6900826,200,0,380,0,0,929,2658
405,2026-08-04T05:49:45Z,1785822585171746201,407,4656,4656,4,18,2841,6901618,200,0,380,0,0,929,2659
406,2026-08-04T05:49:46Z,1785822586175701445,408,4656,4656,4,18,2849,6902416,200,0,380,0,0,929,2659
407,2026-08-04T05:49:47Z,1785822587179557570,409,4656,4656,4,18,2856,6903211,200,0,380,0,0,929,2660
408,2026-08-04T05:49:48Z,1785822588183551026,410,4656,4656,4,18,2864,6904010,200,0,380,0,0,929,2661
409,2026-08-04T05:49:49Z,1785822589187585986,411,4656,4656,4,18,2871,6904803,200,0,380,0,0,929,2662
410,2026-08-04T05:49:50Z,1785822590191818058,412,4656,4656,4,18,2878,6905599,200,0,380,0,0,929,2663
411,2026-08-04T05:49:51Z,1785822591195472521,413,4656,4656,4,18,2885,6906397,200,0,380,0,0,929,2663
412,2026-08-04T05:49:52Z,1785822592199545735,414,4656,4656,4,18,2893,6907193,200,0,380,0,0,929,2664
413,2026-08-04T05:49:53Z,1785822593203942645,415,4656,4656,4,18,2901,6907990,200,0,380,0,0,929,2665
414,2026-08-04T05:49:54Z,1785822594207508614,416,4656,4656,4,18,2908,6908787,200,0,380,0,0,929,2666
415,2026-08-04T05:49:55Z,1785822595211714079,417,4656,4656,4,18,2916,6909582,200,0,380,0,0,929,2666
416,2026-08-04T05:49:56Z,1785822596216203567,418,4656,4656,4,18,2923,6910380,200,0,380,0,0,929,2667
417,2026-08-04T05:49:57Z,1785822597218989747,419,4656,4656,4,18,2931,6911176,200,0,380,0,0,929,2668
418,2026-08-04T05:49:58Z,1785822598222803484,420,4656,4656,4,18,2938,6911974,200,0,380,0,0,929,2668
419,2026-08-04T05:49:59Z,1785822599226758777,421,4656,4656,4,18,2946,6912771,200,0,380,0,0,929,2668
420,2026-08-04T05:50:00Z,1785822600231298951,422,4656,4656,4,18,2953,6913564,200,0,380,0,0,929,2668
421,2026-08-04T05:50:01Z,1785822601234552384,423,4656,4656,4,18,2960,6914362,200,0,380,0,0,929,2669
422,2026-08-04T05:50:02Z,1785822602238984899,424,4652,4652,4,17,2969,6915158,200,0,380,0,0,929,2670
423,2026-08-04T05:50:03Z,1785822603242527703,425,4652,4652,4,17,2976,6915953,200,0,380,0,0,929,2671
424,2026-08-04T05:50:04Z,1785822604245753667,426,4652,4652,4,17,2984,6916746,200,0,380,0,0,929,2672
425,2026-08-04T05:50:05Z,1785822605250539547,427,4652,4652,4,17,2992,6917539,200,0,380,0,0,929,2673
426,2026-08-04T05:50:06Z,1785822606254267153,428,4652,4652,4,17,2999,6918337,200,0,380,0,0,929,2674
427,2026-08-04T05:50:07Z,1785822607257519138,429,4652,4652,4,17,3007,6919132,200,0,380,0,0,929,2675
428,2026-08-04T05:50:08Z,1785822608261129012,430,4652,4652,4,17,3015,6919925,200,0,380,0,0,929,2675
429,2026-08-04T05:50:09Z,1785822609265334396,431,4652,4652,4,17,3023,6920723,200,0,380,0,0,929,2676
430,2026-08-04T05:50:10Z,1785822610269730318,432,4652,4652,4,17,3031,6921520,200,0,380,0,0,929,2677
431,2026-08-04T05:50:11Z,1785822611273003130,433,4652,4652,4,17,3038,6922313,200,0,380,0,0,929,2678
432,2026-08-04T05:50:12Z,1785822612276899093,434,4652,4652,4,17,3047,6923107,200,0,380,0,0,929,2679
433,2026-08-04T05:50:13Z,1785822613280981310,435,4652,4652,4,17,3053,6923902,200,0,380,0,0,929,2680
434,2026-08-04T05:50:14Z,1785822614285469467,436,4652,4652,4,17,3061,6924696,200,0,380,0,0,929,2681
435,2026-08-04T05:50:15Z,1785822615288945531,437,4652,4652,4,17,3069,6925494,200,0,380,0,0,929,2682
436,2026-08-04T05:50:16Z,1785822616291978597,438,4652,4652,4,17,3077,6926289,200,0,380,0,0,929,2683
437,2026-08-04T05:50:17Z,1785822617295943624,439,4652,4652,4,17,3084,6927086,200,0,380,0,0,929,2683
438,2026-08-04T05:50:18Z,1785822618300220321,440,4652,4652,4,17,3092,6927882,200,0,380,0,0,929,2684
439,2026-08-04T05:50:19Z,1785822619303607556,441,4652,4652,4,17,3098,6928678,200,0,380,0,0,929,2685
440,2026-08-04T05:50:20Z,1785822620307199909,442,4652,4652,4,17,3106,6929474,200,0,380,0,0,929,2686
441,2026-08-04T05:50:21Z,1785822621309700285,443,4652,4652,4,17,3113,6930269,200,0,380,0,0,929,2686
442,2026-08-04T05:50:22Z,1785822622313357401,444,4652,4652,4,17,3122,6931065,200,0,380,0,0,929,2686
443,2026-08-04T05:50:23Z,1785822623317264700,445,4652,4652,4,17,3129,6931861,200,0,380,0,0,929,2686
444,2026-08-04T05:50:24Z,1785822624320935487,446,4652,4652,4,17,3136,6932659,200,0,380,0,0,929,2687
445,2026-08-04T05:50:25Z,1785822625324791382,447,4652,4652,4,17,3143,6933457,200,0,380,0,0,929,2687
446,2026-08-04T05:50:26Z,1785822626328581294,448,4652,4652,4,17,3151,6934256,200,0,380,0,0,929,2688
447,2026-08-04T05:50:27Z,1785822627332195682,449,4652,4652,4,17,3158,6935052,200,0,380,0,0,929,2688
448,2026-08-04T05:50:28Z,1785822628335722512,450,4652,4652,4,17,3166,6935845,200,0,380,0,0,929,2688
449,2026-08-04T05:50:29Z,1785822629339425565,451,4652,4652,4,17,3173,6936641,200,0,380,0,0,929,2689
450,2026-08-04T05:50:30Z,1785822630344151398,452,4652,4652,4,17,3181,6937438,200,0,380,0,0,929,2690
451,2026-08-04T05:50:31Z,1785822631347523911,453,4652,4652,4,17,3189,6938235,200,0,380,0,0,929,2691
452,2026-08-04T05:50:32Z,1785822632351736334,454,4656,4656,4,18,3197,6939032,200,0,380,0,0,929,2692
453,2026-08-04T05:50:33Z,1785822633355534858,455,4656,4656,4,18,3204,6939827,200,0,380,0,0,929,2693
454,2026-08-04T05:50:34Z,1785822634359404938,456,4656,4656,4,18,3211,6940623,200,0,380,0,0,929,2694
455,2026-08-04T05:50:35Z,1785822635363302519,457,4656,4656,4,18,3219,6941420,200,0,380,0,0,929,2694
456,2026-08-04T05:50:36Z,1785822636368252266,458,4656,4656,4,18,3226,6942218,200,0,380,0,0,929,2694
457,2026-08-04T05:50:37Z,1785822637371192170,459,4656,4656,4,18,3234,6943012,200,0,380,0,0,929,2695
458,2026-08-04T05:50:38Z,1785822638375364644,460,4656,4656,4,18,3241,6943811,200,0,380,0,0,929,2695
459,2026-08-04T05:50:39Z,1785822639379727093,461,4656,4656,4,18,3248,6944608,200,0,380,0,0,929,2696
460,2026-08-04T05:50:40Z,1785822640383785932,462,4656,4656,4,18,3256,6945404,200,0,380,0,0,929,2696
461,2026-08-04T05:50:41Z,1785822641387850024,463,4656,4656,4,18,3263,6946200,200,0,380,0,0,929,2696
462,2026-08-04T05:50:42Z,1785822642392005618,464,4656,4656,4,18,3271,6946993,200,0,380,0,0,929,2697
463,2026-08-04T05:50:43Z,1785822643396338864,465,4656,4656,4,18,3278,6947790,200,0,380,0,0,929,2698
464,2026-08-04T05:50:44Z,1785822644399294114,466,4656,4656,4,18,3286,6948584,200,0,380,0,0,929,2699
465,2026-08-04T05:50:45Z,1785822645404082314,467,4656,4656,4,18,3295,6949379,200,0,380,0,0,929,2700
466,2026-08-04T05:50:46Z,1785822646406854084,468,4656,4656,4,18,3302,6950171,200,0,380,0,0,929,2701
467,2026-08-04T05:50:47Z,1785822647410873456,469,4656,4656,4,18,3309,6950969,200,0,380,0,0,929,2702
468,2026-08-04T05:50:48Z,1785822648414401172,470,4656,4656,4,18,3317,6951764,200,0,380,0,0,929,2703
469,2026-08-04T05:50:49Z,1785822649418232670,471,4656,4656,4,18,3325,6952561,200,0,380,0,0,929,2703
470,2026-08-04T05:50:50Z,1785822650421979466,472,4656,4656,4,18,3332,6953357,200,0,380,0,0,929,2704
471,2026-08-04T05:50:51Z,1785822651425780721,473,4656,4656,4,18,3339,6954153,200,0,380,0,0,929,2704
472,2026-08-04T05:50:52Z,1785822652429448196,474,4656,4656,4,18,3347,6954949,200,0,380,0,0,929,2704
473,2026-08-04T05:50:53Z,1785822653433323559,475,4656,4656,4,18,3354,6955744,200,0,380,0,0,929,2704
474,2026-08-04T05:50:54Z,1785822654437102925,476,4656,4656,4,18,3362,6956539,200,0,380,0,0,929,2705
475,2026-08-04T05:50:55Z,1785822655441397111,477,4656,4656,4,18,3369,6957335,200,0,380,0,0,929,2705
476,2026-08-04T05:50:56Z,1785822656444115336,478,4656,4656,4,18,3377,6958130,200,0,380,0,0,929,2706
477,2026-08-04T05:50:57Z,1785822657448092414,479,4656,4656,4,18,3384,6958924,200,0,380,0,0,929,2707
478,2026-08-04T05:50:58Z,1785822658452022504,480,4656,4656,4,18,3392,6959719,200,0,380,0,0,929,2707
479,2026-08-04T05:50:59Z,1785822659455756608,481,4656,4656,4,18,3399,6960516,200,0,380,0,0,929,2708
480,2026-08-04T05:51:00Z,1785822660460021278,482,4656,4656,4,18,3407,6961310,200,0,380,0,0,929,2709
481,2026-08-04T05:51:01Z,1785822661463212157,483,4656,4656,4,18,3415,6962105,200,0,380,0,0,929,2710
482,2026-08-04T05:51:02Z,1785822662467728769,484,4656,4656,4,18,3423,6962899,200,0,380,0,0,929,2711
483,2026-08-04T05:51:03Z,1785822663470875419,485,4656,4656,4,18,3431,6963694,200,0,380,0,0,929,2711
484,2026-08-04T05:51:04Z,1785822664474533299,486,4656,4656,4,18,3438,6964489,200,0,380,0,0,929,2712
485,2026-08-04T05:51:05Z,1785822665480021564,487,4656,4656,4,18,3446,6965285,200,0,380,0,0,929,2713
486,2026-08-04T05:51:06Z,1785822666482257310,488,4656,4656,4,18,3453,6966081,200,0,380,0,0,929,2714
487,2026-08-04T05:51:07Z,1785822667486297572,489,4656,4656,4,18,3461,6966878,200,0,380,0,0,929,2714
488,2026-08-04T05:51:08Z,1785822668489967249,490,4652,4652,4,17,3468,6967675,200,0,380,0,0,929,2715
489,2026-08-04T05:51:09Z,1785822669493836999,491,4652,4652,4,17,3475,6968472,200,0,380,0,0,929,2715
490,2026-08-04T05:51:10Z,1785822670497841687,492,4652,4652,4,17,3483,6969267,200,0,380,0,0,929,2715
491,2026-08-04T05:51:11Z,1785822671501567488,493,4652,4652,4,17,3491,6970063,200,0,380,0,0,929,2716
492,2026-08-04T05:51:12Z,1785822672505098599,494,4652,4652,4,17,3498,6970859,200,0,380,0,0,929,2716
493,2026-08-04T05:51:13Z,1785822673509007944,495,4652,4652,4,17,3505,6971657,200,0,380,0,0,929,2717
494,2026-08-04T05:51:14Z,1785822674512924625,496,4652,4652,4,17,3513,6972454,200,0,380,0,0,929,2718
495,2026-08-04T05:51:15Z,1785822675517090586,497,4652,4652,4,17,3521,6973249,200,0,380,0,0,929,2718
496,2026-08-04T05:51:16Z,1785822676520830402,498,4652,4652,4,17,3529,6974045,200,0,380,0,0,929,2719
497,2026-08-04T05:51:17Z,1785822677524356539,499,4652,4652,4,17,3536,6974841,200,0,380,0,0,929,2719
498,2026-08-04T05:51:18Z,1785822678528531627,500,4652,4652,4,17,3543,6975639,200,0,380,0,0,929,2719
499,2026-08-04T05:51:19Z,1785822679532828965,501,4652,4652,4,17,3552,6976433,200,0,380,0,0,929,2720
500,2026-08-04T05:51:20Z,1785822680536646394,502,4652,4652,4,17,3560,6977229,200,0,380,0,0,929,2721
501,2026-08-04T05:51:21Z,1785822681539551588,503,4652,4652,4,17,3567,6978021,200,0,380,0,0,929,2721
502,2026-08-04T05:51:22Z,1785822682543335396,504,4652,4652,4,17,3575,6978818,200,0,380,0,0,929,2722
503,2026-08-04T05:51:23Z,1785822683547409778,505,4652,4652,4,17,3582,6979615,200,0,380,0,0,929,2723
504,2026-08-04T05:51:24Z,1785822684550805027,506,4652,4652,4,17,3589,6980414,200,0,380,0,0,929,2724
505,2026-08-04T05:51:25Z,1785822685554937239,507,4652,4652,4,17,3597,6981209,200,0,380,0,0,929,2724
506,2026-08-04T05:51:26Z,1785822686559057395,508,4652,4652,4,17,3604,6982004,200,0,380,0,0,929,2724
507,2026-08-04T05:51:27Z,1785822687563008192,509,4648,4648,4,16,3611,6982802,200,0,380,0,0,929,2725
508,2026-08-04T05:51:28Z,1785822688566231701,510,4644,4644,4,15,3618,6983601,200,0,380,0,0,929,2726
509,2026-08-04T05:51:29Z,1785822689571215905,511,4620,4620,4,14,3623,6984402,200,0,380,0,0,929,2726
510,2026-08-04T05:51:30Z,1785822690574778447,512,4612,4612,4,12,3624,6985202,200,0,380,0,0,929,2726
511,2026-08-04T05:51:31Z,1785822691577860880,513,4284,4360,4,10,3624,6986003,200,0,380,0,0,929,2726
512,2026-08-04T05:51:32Z,1785822692581580206,514,4284,4360,4,10,3624,6986806,200,0,380,0,0,929,2726
513,2026-08-04T05:51:33Z,1785822693585667319,515,4284,4360,4,10,3624,6987609,200,0,380,0,0,929,2726
514,2026-08-04T05:51:34Z,1785822694589481320,516,4284,4360,4,10,3624,6988412,200,0,380,0,0,929,2726
515,2026-08-04T05:51:35Z,1785822695593119956,517,4284,4360,4,10,3624,6989215,200,0,380,0,0,929,2726
516,2026-08-04T05:51:36Z,1785822696597206984,518,4288,4360,4,11,3624,6990017,200,0,380,0,0,929,2726
517,2026-08-04T05:51:37Z,1785822697601610634,519,4292,4360,4,12,3625,6990818,200,0,380,0,0,929,2726
518,2026-08-04T05:51:38Z,1785822698605175939,520,4316,4360,4,13,3628,6991617,200,0,380,0,0,929,2726
519,2026-08-04T05:51:39Z,1785822699608306485,521,4320,4360,4,14,3633,6992412,200,0,380,0,0,929,2726
520,2026-08-04T05:51:40Z,1785822700613162803,522,4644,4644,4,15,3640,6993209,200,0,380,0,0,929,2726
521,2026-08-04T05:51:41Z,1785822701617203023,523,4676,15584,4,19,3653,6994004,200,0,380,0,0,1032,2824
522,2026-08-04T05:51:42Z,1785822702621394145,524,4676,15584,4,19,3659,6994801,200,0,381,0,0,1032,2824
523,2026-08-04T05:51:43Z,1785822703624972639,525,4676,15584,4,19,3667,6995596,200,0,381,0,0,1032,2824
524,2026-08-04T05:51:44Z,1785822704629107623,526,4676,15584,4,19,3674,6996391,200,0,381,0,0,1032,2824
525,2026-08-04T05:51:45Z,1785822705633568736,527,4676,15584,4,19,3681,6997186,200,0,381,0,0,1032,2824
526,2026-08-04T05:51:46Z,1785822706636824650,528,4676,15584,4,19,3688,6997981,200,0,381,0,0,1032,2824
527,2026-08-04T05:51:47Z,1785822707640547270,529,4676,15584,4,19,3695,6998775,200,0,381,0,0,1032,2824
528,2026-08-04T05:51:48Z,1785822708643981759,530,4676,15584,4,19,3702,6999569,200,0,381,0,0,1032,2824
529,2026-08-04T05:51:49Z,1785822709647710429,531,4676,15584,4,19,3709,7000365,200,0,381,0,0,1034,2824
530,2026-08-04T05:51:50Z,1785822710651644340,532,4676,15584,4,19,3717,7001160,200,0,381,0,0,1034,2824
531,2026-08-04T05:51:51Z,1785822711655207184,533,4676,15584,4,19,3723,7001954,200,0,381,0,0,1034,2824
532,2026-08-04T05:51:52Z,1785822712659237324,534,4676,15584,4,19,3730,7002749,200,0,381,0,0,1034,2824
533,2026-08-04T05:51:53Z,1785822713663437025,535,4676,15584,4,19,3738,7003546,200,0,381,0,0,1034,2824
534,2026-08-04T05:51:54Z,1785822714667777419,536,4676,15584,4,19,3745,7004341,200,0,381,0,0,1034,2824
535,2026-08-04T05:51:55Z,1785822715671142569,537,4676,15584,4,19,3752,7005135,200,0,381,0,0,1034,2824
536,2026-08-04T05:51:56Z,1785822716674031971,538,4676,15584,4,19,3760,7005930,200,0,381,0,0,1034,2824
537,2026-08-04T05:51:57Z,1785822717677908021,539,4676,15584,4,19,3767,7006725,200,0,381,0,0,1034,2824
538,2026-08-04T05:51:58Z,1785822718681756409,540,4676,15584,4,19,3774,7007521,200,0,381,0,0,1034,2824
539,2026-08-04T05:51:59Z,1785822719686304727,541,4676,15584,4,19,3781,7008318,200,0,381,0,0,1034,2824
540,2026-08-04T05:52:00Z,1785822720689635845,542,4676,15584,4,19,3788,7009113,200,0,381,0,0,1034,2824
541,2026-08-04T05:52:01Z,1785822721694305702,543,4676,15584,4,19,3795,7009907,200,0,381,0,0,1034,2824
542,2026-08-04T05:52:02Z,1785822722697623697,544,4676,15584,4,19,3803,7010700,200,0,381,0,0,1034,2824
543,2026-08-04T05:52:03Z,1785822723701408075,545,4676,15584,4,19,3810,7011494,200,0,381,0,0,1034,2824
544,2026-08-04T05:52:04Z,1785822724705751343,546,4676,15584,4,19,3817,7012290,200,0,381,0,0,1034,2824
545,2026-08-04T05:52:05Z,1785822725708276182,547,4676,15584,4,19,3824,7013083,200,0,381,0,0,1034,2824
546,2026-08-04T05:52:06Z,1785822726711766390,548,4676,15584,4,19,3831,7013879,200,0,381,0,0,1034,2824
547,2026-08-04T05:52:07Z,1785822727715672080,549,4676,15584,4,19,3839,7014675,200,0,381,0,0,1034,2824
548,2026-08-04T05:52:08Z,1785822728719280171,550,4676,15584,4,19,3845,7015472,200,0,381,0,0,1034,2824
549,2026-08-04T05:52:09Z,1785822729723328762,551,4676,15584,4,19,3852,7016266,200,0,381,0,0,1034,2824
550,2026-08-04T05:52:10Z,1785822730727418612,552,4676,15584,4,19,3860,7017063,200,0,381,0,0,1034,2824
551,2026-08-04T05:52:11Z,1785822731731235299,553,4664,15584,4,16,3867,7017858,200,0,381,0,0,1034,2824
552,2026-08-04T05:52:12Z,1785822732735258307,554,4664,15584,4,16,3873,7018655,200,0,381,0,0,1034,2824
553,2026-08-04T05:52:13Z,1785822733739141397,555,4664,15584,4,16,3881,7019449,200,0,381,0,0,1034,2824
554,2026-08-04T05:52:14Z,1785822734742957141,556,4664,15584,4,16,3888,7020246,200,0,381,0,0,1034,2824
555,2026-08-04T05:52:15Z,1785822735746937824,557,4664,15584,4,16,3895,7021041,200,0,381,0,0,1034,2824
556,2026-08-04T05:52:16Z,1785822736751359829,558,4664,15584,4,16,3902,7021836,200,0,381,0,0,1034,2824
557,2026-08-04T05:52:17Z,1785822737755147238,559,4664,15584,4,16,3909,7022630,200,0,381,0,0,1034,2824
558,2026-08-04T05:52:18Z,1785822738759411930,560,4664,15584,4,16,3916,7023424,200,0,381,0,0,1034,2824
559,2026-08-04T05:52:19Z,1785822739763060812,561,4664,15584,4,16,3923,7024220,200,0,381,0,0,1034,2824
560,2026-08-04T05:52:20Z,1785822740766809392,562,4664,15584,4,16,3930,7025013,200,0,381,0,0,1034,2824
561,2026-08-04T05:52:21Z,1785822741770823945,563,4664,15584,4,16,3937,7025811,200,0,381,0,0,1034,2824
562,2026-08-04T05:52:22Z,1785822742774685995,564,4664,15584,4,16,3944,7026605,200,0,381,0,0,1034,2824
563,2026-08-04T05:52:23Z,1785822743778180878,565,4664,15584,4,16,3952,7027400,200,0,381,0,0,1034,2824
564,2026-08-04T05:52:24Z,1785822744781598271,566,4664,15584,4,16,3958,7028196,200,0,381,0,0,1034,2824
565,2026-08-04T05:52:25Z,1785822745785211193,567,4664,15584,4,16,3966,7028989,200,0,381,0,0,1034,2824
566,2026-08-04T05:52:26Z,1785822746789074312,568,4664,15584,4,16,3973,7029784,200,0,381,0,0,1034,2824
567,2026-08-04T05:52:27Z,1785822747793230753,569,4664,15584,4,16,3979,7030578,200,0,381,0,0,1034,2824
568,2026-08-04T05:52:28Z,1785822748797544657,570,4664,15584,4,16,3987,7031374,200,0,381,0,0,1034,2824
569,2026-08-04T05:52:29Z,1785822749800995283,571,4664,15584,4,16,3994,7032167,200,0,381,0,0,1034,2824
570,2026-08-04T05:52:30Z,1785822750805042451,572,4664,15584,4,16,4001,7032964,200,0,381,0,0,1034,2824
571,2026-08-04T05:52:31Z,1785822751808455817,573,4664,15584,4,16,4008,7033757,200,0,381,0,0,1034,2824
572,2026-08-04T05:52:32Z,1785822752811802280,574,4664,15584,4,16,4015,7034555,200,0,381,0,0,1034,2824
573,2026-08-04T05:52:33Z,1785822753815510776,575,4664,15584,4,16,4022,7035350,200,0,381,0,0,1034,2824
574,2026-08-04T05:52:34Z,1785822754819637675,576,4664,15584,4,16,4030,7036145,200,0,381,0,0,1034,2824
575,2026-08-04T05:52:35Z,1785822755824611769,577,4664,15584,4,16,4036,7036940,200,0,381,0,0,1034,2824
576,2026-08-04T05:52:36Z,1785822756828042644,578,4664,15584,4,16,4044,7037737,200,0,381,0,0,1034,2824
577,2026-08-04T05:52:37Z,1785822757831021269,579,4664,15584,4,16,4051,7038534,200,0,381,0,0,1034,2824
578,2026-08-04T05:52:38Z,1785822758834576840,580,4664,15584,4,16,4058,7039329,200,0,381,0,0,1034,2824
579,2026-08-04T05:52:39Z,1785822759838256725,581,4664,15584,4,16,4065,7040124,200,0,381,0,0,1034,2824
580,2026-08-04T05:52:40Z,1785822760842026833,582,4664,15584,4,16,4072,7040919,200,0,381,0,0,1034,2824
581,2026-08-04T05:52:41Z,1785822761845885612,583,4664,15584,4,16,4079,7041715,200,0,381,0,0,1034,2824
582,2026-08-04T05:52:42Z,1785822762850293516,584,4664,15584,4,16,4087,7042511,200,0,381,0,0,1034,2824
583,2026-08-04T05:52:43Z,1785822763853347079,585,4664,15584,4,16,4094,7043307,200,0,381,0,0,1034,2824
584,2026-08-04T05:52:44Z,1785822764857388160,586,4664,15584,4,16,4101,7044104,200,0,381,0,0,1034,2824
585,2026-08-04T05:52:45Z,1785822765861139246,587,4664,15584,4,16,4107,7044899,200,0,381,0,0,1034,2824
586,2026-08-04T05:52:46Z,1785822766865623021,588,4664,15584,4,16,4115,7045695,200,0,381,0,0,1034,2824
587,2026-08-04T05:52:47Z,1785822767868472727,589,4664,15584,4,16,4122,7046489,200,0,381,0,0,1034,2824
588,2026-08-04T05:52:48Z,1785822768872107296,590,4664,15584,4,16,4129,7047286,200,0,381,0,0,1034,2824
589,2026-08-04T05:52:49Z,1785822769876169968,591,4664,15584,4,16,4136,7048081,200,0,381,0,0,1034,2824
590,2026-08-04T05:52:50Z,1785822770880064715,592,4664,15584,4,16,4144,7048873,200,0,381,0,0,1034,2824
591,2026-08-04T05:52:51Z,1785822771883572300,593,4664,15584,4,16,4150,7049670,200,0,381,0,0,1034,2824
592,2026-08-04T05:52:52Z,1785822772886956580,594,4664,15584,4,16,4158,7050464,200,0,381,0,0,1034,2824
593,2026-08-04T05:52:53Z,1785822773890554111,595,4664,15584,4,16,4164,7051259,200,0,381,0,0,1034,2824
594,2026-08-04T05:52:54Z,1785822774894247341,596,4664,15584,4,16,4171,7052054,200,0,381,0,0,1034,2824
595,2026-08-04T05:52:55Z,1785822775897918859,597,4664,15584,4,16,4179,7052849,200,0,381,0,0,1034,2824
596,2026-08-04T05:52:56Z,1785822776901750762,598,4664,15584,4,16,4186,7053644,200,0,381,0,0,1034,2824
597,2026-08-04T05:52:57Z,1785822777905228000,599,4664,15584,4,16,4192,7054437,200,0,381,0,0,1034,2824
598,2026-08-04T05:52:58Z,1785822778909208008,600,4664,15584,4,16,4199,7055233,200,0,381,0,0,1034,2824
599,2026-08-04T05:52:59Z,1785822779914139972,601,4664,15584,4,16,4207,7056030,200,0,381,0,0,1034,2824
600,2026-08-04T05:53:00Z,1785822780917240288,602,4664,15584,4,16,4214,7056824,200,0,381,0,0,1034,2824
601,2026-08-04T05:53:01Z,1785822781922109949,603,4664,15584,4,16,4221,7057617,200,0,381,0,0,1034,2824
602,2026-08-04T05:53:02Z,1785822782925347289,604,4664,15584,4,16,4229,7058412,200,0,381,0,0,1034,2824
603,2026-08-04T05:53:03Z,1785822783929785496,605,4664,15584,4,16,4236,7059208,200,0,381,0,0,1034,2824
604,2026-08-04T05:53:04Z,1785822784933012685,606,4664,15584,4,16,4243,7060002,200,0,381,0,0,1034,2824
605,2026-08-04T05:53:05Z,1785822785936941006,607,4664,15584,4,16,4250,7060797,200,0,381,0,0,1034,2824
606,2026-08-04T05:53:06Z,1785822786941209620,608,4664,15584,4,16,4258,7061593,200,0,381,0,0,1034,2824
607,2026-08-04T05:53:07Z,1785822787944289354,609,4664,15584,4,16,4265,7062387,200,0,381,0,0,1034,2824
608,2026-08-04T05:53:08Z,1785822788948139095,610,4664,15584,4,16,4272,7063183,200,0,381,0,0,1034,2824
609,2026-08-04T05:53:09Z,1785822789951768985,611,4664,15584,4,16,4279,7063979,200,0,381,0,0,1034,2824
610,2026-08-04T05:53:10Z,1785822790956032380,612,4664,15584,4,16,4286,7064772,200,0,381,0,0,1034,2824
611,2026-08-04T05:53:11Z,1785822791959437243,613,4664,15584,4,16,4293,7065564,200,0,381,0,0,1034,2824
612,2026-08-04T05:53:12Z,1785822792963560251,614,4664,15584,4,16,4301,7066360,200,0,381,0,0,1034,2824
613,2026-08-04T05:53:13Z,1785822793967321478,615,4664,15584,4,16,4307,7067156,200,0,381,0,0,1034,2824
614,2026-08-04T05:53:14Z,1785822794971807706,616,4664,15584,4,16,4314,7067952,200,0,381,0,0,1034,2824
615,2026-08-04T05:53:15Z,1785822795974864321,617,4664,15584,4,16,4322,7068743,200,0,381,0,0,1034,2824
616,2026-08-04T05:53:16Z,1785822796978846690,618,4664,15584,4,16,4329,7069538,200,0,381,0,0,1034,2824
617,2026-08-04T05:53:17Z,1785822797982358314,619,4664,15584,4,16,4336,7070335,200,0,381,0,0,1034,2824
618,2026-08-04T05:53:18Z,1785822798986337213,620,4664,15584,4,16,4343,7071128,200,0,381,0,0,1034,2824
619,2026-08-04T05:53:19Z,1785822799990249838,621,4664,15584,4,16,4351,7071923,200,0,381,0,0,1034,2824
620,2026-08-04T05:53:20Z,1785822800994163817,622,4664,15584,4,16,4358,7072717,200,0,381,0,0,1034,2824
621,2026-08-04T05:53:21Z,1785822801998134682,623,4664,15584,4,16,4365,7073512,200,0,381,0,0,1034,2824
622,2026-08-04T05:53:23Z,1785822803002222924,625,4664,15584,4,16,4372,7074309,200,0,381,0,0,1034,2824
623,2026-08-04T05:53:24Z,1785822804006196996,626,4664,15584,4,16,4380,7075103,200,0,381,0,0,1034,2824
624,2026-08-04T05:53:25Z,1785822805009939477,627,4664,15584,4,16,4387,7075898,200,0,381,0,0,1034,2824
625,2026-08-04T05:53:26Z,1785822806013881550,628,4664,15584,4,16,4393,7076692,200,0,381,0,0,1034,2824
626,2026-08-04T05:53:27Z,1785822807018138717,629,4664,15584,4,16,4401,7077488,200,0,381,0,0,1034,2824
627,2026-08-04T05:53:28Z,1785822808022691003,630,4664,15584,4,16,4408,7078284,200,0,381,0,0,1034,2824
628,2026-08-04T05:53:29Z,1785822809025550305,631,4664,15584,4,16,4416,7079077,200,0,381,0,0,1034,2824
629,2026-08-04T05:53:30Z,1785822810030312513,632,4664,15584,4,16,4423,7079873,200,0,381,0,0,1034,2824
630,2026-08-04T05:53:31Z,1785822811034038120,633,4664,15584,4,16,4429,7080669,200,0,381,0,0,1034,2824
631,2026-08-04T05:53:32Z,1785822812037709785,634,4664,15584,4,16,4436,7081464,200,0,381,0,0,1034,2824
632,2026-08-04T05:53:33Z,1785822813041137742,635,4664,15584,4,16,4444,7082258,200,0,381,0,0,1034,2824
633,2026-08-04T05:53:34Z,1785822814044379303,636,4664,15584,4,16,4451,7083054,200,0,381,0,0,1034,2824
634,2026-08-04T05:53:35Z,1785822815048408812,637,4664,15584,4,16,4458,7083850,200,0,381,0,0,1034,2824
635,2026-08-04T05:53:36Z,1785822816052497274,638,4664,15584,4,16,4465,7084643,200,0,381,0,0,1034,2824
636,2026-08-04T05:53:37Z,1785822817056935528,639,4660,15584,4,15,4472,7085437,200,0,381,0,0,1034,2824
637,2026-08-04T05:53:38Z,1785822818059428842,640,4656,15584,4,14,4479,7086234,200,0,381,0,0,1034,2824
638,2026-08-04T05:53:39Z,1785822819062876143,641,4632,15584,4,13,4482,7087034,200,0,381,0,0,1034,2824
639,2026-08-04T05:53:40Z,1785822820065876651,642,4628,15584,4,12,4483,7087836,200,0,381,0,0,1034,2824
640,2026-08-04T05:53:41Z,1785822821069630425,643,4300,15584,4,10,4483,7088639,200,0,381,0,0,1034,2824
641,2026-08-04T05:53:42Z,1785822822073132021,644,4300,15584,4,10,4484,7089440,200,0,381,0,0,1034,2824
642,2026-08-04T05:53:43Z,1785822823076874137,645,4300,15584,4,10,4484,7090243,200,0,381,0,0,1034,2824
643,2026-08-04T05:53:44Z,1785822824080591854,646,4300,15584,4,10,4484,7091045,200,0,381,0,0,1034,2824
644,2026-08-04T05:53:45Z,1785822825084748300,647,4300,15584,4,10,4484,7091848,200,0,381,0,0,1034,2824
645,2026-08-04T05:53:46Z,1785822826087832394,648,4304,15584,4,11,4484,7092650,200,0,381,0,0,1034,2824
646,2026-08-04T05:53:47Z,1785822827092288168,649,4308,15584,4,12,4484,7093449,200,0,381,0,0,1034,2824
647,2026-08-04T05:53:48Z,1785822828095594365,650,4332,15584,4,13,4488,7094249,200,0,381,0,0,1034,2824
648,2026-08-04T05:53:49Z,1785822829099444870,651,4336,15584,4,14,4493,7095047,200,0,381,0,0,1034,2824
649,2026-08-04T05:53:50Z,1785822830103168577,652,4664,15584,4,16,4501,7095845,200,0,381,0,0,1034,2824
650,2026-08-04T05:53:51Z,1785822831107138733,653,4692,15584,4,18,4508,7096640,200,0,381,0,0,1034,2824
651,2026-08-04T05:53:52Z,1785822832111004754,654,4692,15584,4,18,4515,7097438,200,0,381,0,0,1034,2824
652,2026-08-04T05:53:53Z,1785822833114857393,655,4692,15584,4,18,4522,7098233,200,0,381,0,0,1034,2824
653,2026-08-04T05:53:54Z,1785822834119114503,656,4692,15584,4,18,4530,7099029,200,0,381,0,0,1034,2824
654,2026-08-04T05:53:55Z,1785822835123168819,657,4692,15584,4,18,4537,7099826,200,0,381,0,0,1034,2824
655,2026-08-04T05:53:56Z,1785822836127105425,658,4692,15584,4,18,4545,7100624,200,0,381,0,0,1034,2824
656,2026-08-04T05:53:57Z,1785822837131051711,659,4692,15584,4,18,4552,7101420,200,0,381,0,0,1034,2824
657,2026-08-04T05:53:58Z,1785822838134753151,660,4692,15584,4,18,4559,7102216,200,0,381,0,0,1034,2824
658,2026-08-04T05:53:59Z,1785822839139135371,661,4692,15584,4,18,4566,7103015,200,0,381,0,0,1034,2824
659,2026-08-04T05:54:00Z,1785822840143091974,662,4692,15584,4,18,4574,7103809,200,0,381,0,0,1034,2824
660,2026-08-04T05:54:01Z,1785822841146458979,663,4692,15584,4,18,4582,7104605,200,0,381,0,0,1034,2824
661,2026-08-04T05:54:02Z,1785822842150296931,664,4692,15584,4,18,4590,7105398,200,0,381,0,0,1034,2824
662,2026-08-04T05:54:03Z,1785822843153482526,665,4692,15584,4,18,4597,7106194,200,0,381,0,0,1034,2824
663,2026-08-04T05:54:04Z,1785822844157097120,666,4692,15584,4,18,4605,7106992,200,0,381,0,0,1034,2824
664,2026-08-04T05:54:05Z,1785822845161023988,667,4692,15584,4,18,4612,7107786,200,0,381,0,0,1034,2824
665,2026-08-04T05:54:06Z,1785822846164566395,668,4692,15584,4,18,4619,7108585,200,0,381,0,0,1034,2824
666,2026-08-04T05:54:07Z,1785822847168449305,669,4692,15584,4,18,4627,7109382,200,0,381,0,0,1034,2824
667,2026-08-04T05:54:08Z,1785822848172243890,670,4692,15584,4,18,4635,7110178,200,0,381,0,0,1034,2824
668,2026-08-04T05:54:09Z,1785822849175608039,671,4692,15584,4,18,4642,7110975,200,0,381,0,0,1034,2824
669,2026-08-04T05:54:10Z,1785822850179348327,672,4692,15584,4,18,4649,7111772,200,0,381,0,0,1034,2824
670,2026-08-04T05:54:11Z,1785822851183085061,673,4692,15584,4,18,4657,7112565,200,0,381,0,0,1034,2824
671,2026-08-04T05:54:12Z,1785822852186782256,674,4692,15584,4,18,4664,7113363,200,0,381,0,0,1034,2824
672,2026-08-04T05:54:13Z,1785822853190400225,675,4692,15584,4,18,4671,7114161,200,0,381,0,0,1034,2824
673,2026-08-04T05:54:14Z,1785822854194142144,676,4692,15584,4,18,4679,7114957,200,0,381,0,0,1034,2824
674,2026-08-04T05:54:15Z,1785822855198464764,677,4692,15584,4,18,4686,7115753,200,0,381,0,0,1034,2824
675,2026-08-04T05:54:16Z,1785822856201444307,678,4692,15584,4,18,4694,7116548,200,0,381,0,0,1034,2824
676,2026-08-04T05:54:17Z,1785822857205564777,679,4692,15584,4,18,4702,7117346,200,0,381,0,0,1034,2824
677,2026-08-04T05:54:18Z,1785822858209833010,680,4692,15584,4,18,4709,7118144,200,0,381,0,0,1034,2824
678,2026-08-04T05:54:19Z,1785822859213842670,681,4692,15584,4,18,4716,7118941,200,0,381,0,0,1034,2824
679,2026-08-04T05:54:20Z,1785822860217717772,682,4692,15584,4,18,4723,7119740,200,0,381,0,0,1034,2824
680,2026-08-04T05:54:21Z,1785822861221356687,683,4692,15584,4,18,4730,7120536,200,0,381,0,0,1034,2824
681,2026-08-04T05:54:22Z,1785822862225505039,684,4692,15584,4,18,4738,7121333,200,0,381,0,0,1034,2824
682,2026-08-04T05:54:23Z,1785822863229364816,685,4692,15584,4,18,4745,7122127,200,0,381,0,0,1034,2824
683,2026-08-04T05:54:24Z,1785822864233165706,686,4692,15584,4,18,4752,7122923,200,0,381,0,0,1034,2824
684,2026-08-04T05:54:25Z,1785822865236825633,687,4692,15584,4,18,4760,7123718,200,0,381,0,0,1034,2824
685,2026-08-04T05:54:26Z,1785822866241008769,688,4688,15584,4,17,4767,7124514,200,0,381,0,0,1034,2824
686,2026-08-04T05:54:27Z,1785822867244458400,689,4688,15584,4,17,4775,7125309,200,0,381,0,0,1034,2824
687,2026-08-04T05:54:28Z,1785822868247880834,690,4688,15584,4,17,4782,7126105,200,0,381,0,0,1034,2824
688,2026-08-04T05:54:29Z,1785822869252454341,691,4688,15584,4,17,4790,7126900,200,0,381,0,0,1034,2824
689,2026-08-04T05:54:30Z,1785822870256253726,692,4688,15584,4,17,4797,7127697,200,0,381,0,0,1034,2824
690,2026-08-04T05:54:31Z,1785822871258752485,693,4688,15584,4,17,4805,7128492,200,0,381,0,0,1034,2824
691,2026-08-04T05:54:32Z,1785822872262980854,694,4688,15584,4,17,4812,7129287,200,0,381,0,0,1034,2824
692,2026-08-04T05:54:33Z,1785822873267239054,695,4688,15584,4,17,4819,7130084,200,0,381,0,0,1034,2824
693,2026-08-04T05:54:34Z,1785822874270880249,696,4688,15584,4,17,4827,7130883,200,0,381,0,0,1034,2824
694,2026-08-04T05:54:35Z,1785822875274928409,697,4688,15584,4,17,4835,7131676,200,0,381,0,0,1034,2824
695,2026-08-04T05:54:36Z,1785822876279133211,698,4688,15584,4,17,4842,7132472,200,0,381,0,0,1034,2824
696,2026-08-04T05:54:37Z,1785822877283035652,699,4688,15584,4,17,4849,7133270,200,0,381,0,0,1034,2824
697,2026-08-04T05:54:38Z,1785822878287011362,700,4688,15584,4,17,4857,7134067,200,0,381,0,0,1034,2824
698,2026-08-04T05:54:39Z,1785822879291290096,701,4688,15584,4,17,4864,7134865,200,0,381,0,0,1034,2824
699,2026-08-04T05:54:40Z,1785822880294438665,702,4688,15584,4,17,4871,7135661,200,0,381,0,0,1034,2824
700,2026-08-04T05:54:41Z,1785822881298184589,703,4688,15584,4,17,4878,7136459,200,0,381,0,0,1034,2824
701,2026-08-04T05:54:42Z,1785822882301952966,704,4688,15584,4,17,4886,7137257,200,0,381,0,0,1034,2824
702,2026-08-04T05:54:43Z,1785822883305915337,705,4688,15584,4,17,4893,7138052,200,0,381,0,0,1034,2824
703,2026-08-04T05:54:44Z,1785822884309918895,706,4688,15584,4,17,4901,7138847,200,0,381,0,0,1034,2824
704,2026-08-04T05:54:45Z,1785822885314095820,707,4688,15584,4,17,4909,7139646,200,0,381,0,0,1034,2824
705,2026-08-04T05:54:46Z,1785822886318217555,708,4688,15584,4,17,4916,7140440,200,0,381,0,0,1034,2824
706,2026-08-04T05:54:47Z,1785822887322393715,709,4688,15584,4,17,4923,7141240,200,0,381,0,0,1034,2824
707,2026-08-04T05:54:48Z,1785822888326235673,710,4688,15584,4,17,4931,7142037,200,0,381,0,0,1034,2824
708,2026-08-04T05:54:49Z,1785822889330451486,711,4688,15584,4,17,4938,7142833,200,0,381,0,0,1034,2824
709,2026-08-04T05:54:50Z,1785822890334811179,712,4688,15584,4,17,4947,7143630,200,0,381,0,0,1034,2824
710,2026-08-04T05:54:51Z,1785822891337587412,713,4688,15584,4,17,4954,7144426,200,0,381,0,0,1034,2824
711,2026-08-04T05:54:52Z,1785822892341265450,714,4688,15584,4,17,4961,7145221,200,0,381,0,0,1034,2824
712,2026-08-04T05:54:53Z,1785822893345214644,715,4692,15584,4,18,4969,7146019,200,0,381,0,0,1034,2824
713,2026-08-04T05:54:54Z,1785822894349056947,716,4692,15584,4,18,4976,7146815,200,0,381,0,0,1034,2824
714,2026-08-04T05:54:55Z,1785822895353127238,717,4692,15584,4,18,4984,7147614,200,0,381,0,0,1034,2824
715,2026-08-04T05:54:56Z,1785822896357136104,718,4692,15584,4,18,4991,7148410,200,0,381,0,0,1034,2824
716,2026-08-04T05:54:57Z,1785822897361055967,719,4692,15584,4,18,4998,7149207,200,0,381,0,0,1034,2824
717,2026-08-04T05:54:58Z,1785822898364623936,720,4692,15584,4,18,5006,7150005,200,0,381,0,0,1034,2824
718,2026-08-04T05:54:59Z,1785822899368551324,721,4692,15584,4,18,5013,7150797,200,0,381,0,0,1034,2824
719,2026-08-04T05:55:00Z,1785822900372565488,722,4692,15584,4,18,5021,7151596,200,0,381,0,0,1034,2824
720,2026-08-04T05:55:01Z,1785822901376749551,723,4692,15584,4,18,5028,7152392,200,0,381,0,0,1034,2824
721,2026-08-04T05:55:02Z,1785822902381063124,724,4692,15584,4,18,5036,7153188,200,0,381,0,0,1034,2824
722,2026-08-04T05:55:03Z,1785822903384436465,725,4692,15584,4,18,5044,7153983,200,0,381,0,0,1034,2824
723,2026-08-04T05:55:04Z,1785822904388254511,726,4692,15584,4,18,5051,7154782,200,0,381,0,0,1034,2824
724,2026-08-04T05:55:05Z,1785822905392851135,727,4692,15584,4,18,5059,7155579,200,0,381,0,0,1034,2824
725,2026-08-04T05:55:06Z,1785822906395914462,728,4692,15584,4,18,5066,7156372,200,0,381,0,0,1034,2824
726,2026-08-04T05:55:07Z,1785822907400155837,729,4692,15584,4,18,5074,7157169,200,0,381,0,0,1034,2824
727,2026-08-04T05:55:08Z,1785822908403778555,730,4692,15584,4,18,5081,7157966,200,0,381,0,0,1034,2824
728,2026-08-04T05:55:09Z,1785822909407694921,731,4692,15584,4,18,5089,7158764,200,0,381,0,0,1034,2824
729,2026-08-04T05:55:10Z,1785822910411153844,732,4692,15584,4,18,5096,7159560,200,0,381,0,0,1034,2824
730,2026-08-04T05:55:11Z,1785822911415006959,733,4692,15584,4,18,5104,7160358,200,0,381,0,0,1034,2824
731,2026-08-04T05:55:12Z,1785822912418326160,734,4692,15584,4,18,5111,7161151,200,0,381,0,0,1034,2824
732,2026-08-04T05:55:13Z,1785822913421848573,735,4692,15584,4,18,5118,7161948,200,0,381,0,0,1034,2824
733,2026-08-04T05:55:14Z,1785822914425441406,736,4692,15584,4,18,5126,7162744,200,0,381,0,0,1034,2824
734,2026-08-04T05:55:15Z,1785822915430125198,737,4692,15584,4,18,5133,7163540,200,0,381,0,0,1034,2824
735,2026-08-04T05:55:16Z,1785822916433337614,738,4692,15584,4,18,5141,7164336,200,0,381,0,0,1034,2824
736,2026-08-04T05:55:17Z,1785822917437173326,739,4692,15584,4,18,5148,7165133,200,0,381,0,0,1034,2824
737,2026-08-04T05:55:18Z,1785822918441096524,740,4692,15584,4,18,5155,7165931,200,0,381,0,0,1034,2824
738,2026-08-04T05:55:19Z,1785822919445229243,741,4692,15584,4,18,5162,7166726,200,0,381,0,0,1034,2824
739,2026-08-04T05:55:20Z,1785822920449287592,742,4692,15584,4,18,5170,7167524,200,0,381,0,0,1034,2824
740,2026-08-04T05:55:21Z,1785822921452877104,743,4692,15584,4,18,5177,7168319,200,0,381,0,0,1034,2824
741,2026-08-04T05:55:22Z,1785822922457066530,744,4692,15584,4,18,5185,7169113,200,0,381,0,0,1034,2824
742,2026-08-04T05:55:23Z,1785822923461148479,745,4688,15584,4,17,5192,7169912,200,0,381,0,0,1034,2824
743,2026-08-04T05:55:24Z,1785822924464911455,746,4688,15584,4,17,5200,7170710,200,0,381,0,0,1034,2824
744,2026-08-04T05:55:25Z,1785822925468918305,747,4688,15584,4,17,5208,7171506,200,0,381,0,0,1034,2824
745,2026-08-04T05:55:26Z,1785822926472695519,748,4688,15584,4,17,5215,7172303,200,0,381,0,0,1034,2824
746,2026-08-04T05:55:27Z,1785822927476641583,749,4688,15584,4,17,5222,7173099,200,0,381,0,0,1034,2824
747,2026-08-04T05:55:28Z,1785822928480602673,750,4688,15584,4,17,5230,7173894,200,0,381,0,0,1034,2824
748,2026-08-04T05:55:29Z,1785822929484790097,751,4688,15584,4,17,5237,7174692,200,0,381,0,0,1034,2824
749,2026-08-04T05:55:30Z,1785822930489351020,752,4688,15584,4,17,5244,7175489,200,0,381,0,0,1034,2824
750,2026-08-04T05:55:31Z,1785822931493302142,753,4688,15584,4,17,5252,7176284,200,0,381,0,0,1034,2824
751,2026-08-04T05:55:32Z,1785822932496377537,754,4688,15584,4,17,5259,7177077,200,0,381,0,0,1034,2824
752,2026-08-04T05:55:33Z,1785822933500322249,755,4688,15584,4,17,5267,7177877,200,0,381,0,0,1034,2824
753,2026-08-04T05:55:34Z,1785822934504134775,756,4688,15584,4,17,5274,7178674,200,0,381,0,0,1034,2824
754,2026-08-04T05:55:35Z,1785822935508172991,757,4688,15584,4,17,5282,7179468,200,0,381,0,0,1034,2824
755,2026-08-04T05:55:36Z,1785822936512629417,758,4688,15584,4,17,5289,7180266,200,0,381,0,0,1034,2824
756,2026-08-04T05:55:37Z,1785822937515636077,759,4688,15584,4,17,5297,7181065,200,0,381,0,0,1034,2824
757,2026-08-04T05:55:38Z,1785822938519327195,760,4688,15584,4,17,5303,7181865,200,0,381,0,0,1034,2824
758,2026-08-04T05:55:39Z,1785822939523353012,761,4688,15584,4,17,5311,7182659,200,0,381,0,0,1034,2824
759,2026-08-04T05:55:40Z,1785822940527779935,762,4688,15584,4,17,5319,7183457,200,0,381,0,0,1034,2824
760,2026-08-04T05:55:41Z,1785822941530557220,763,4688,15584,4,17,5326,7184252,200,0,381,0,0,1034,2824
761,2026-08-04T05:55:42Z,1785822942534479214,764,4688,15584,4,17,5333,7185047,200,0,381,0,0,1034,2824
762,2026-08-04T05:55:43Z,1785822943538318101,765,4688,15584,4,17,5340,7185841,200,0,381,0,0,1034,2824
763,2026-08-04T05:55:44Z,1785822944542858859,766,4688,15584,4,17,5348,7186639,200,0,381,0,0,1034,2824
764,2026-08-04T05:55:45Z,1785822945545875656,767,4684,15584,4,16,5356,7187433,200,0,381,0,0,1034,2824
765,2026-08-04T05:55:46Z,1785822946549406325,768,4684,15584,4,16,5363,7188233,200,0,381,0,0,1034,2824
766,2026-08-04T05:55:47Z,1785822947552818077,769,4656,15584,4,14,5369,7189031,200,0,381,0,0,1034,2824
767,2026-08-04T05:55:48Z,1785822948555283329,770,4632,15584,4,13,5372,7189830,200,0,381,0,0,1034,2824
768,2026-08-04T05:55:49Z,1785822949559595766,771,4304,15584,4,10,5373,7190631,200,0,381,0,0,1034,2824
769,2026-08-04T05:55:50Z,1785822950561964901,772,4300,15584,4,10,5373,7191433,200,0,381,0,0,1034,2824
770,2026-08-04T05:55:51Z,1785822951565721027,773,4300,15584,4,10,5373,7192235,200,0,381,0,0,1034,2824
771,2026-08-04T05:55:52Z,1785822952569303322,774,4300,15584,4,10,5373,7193037,200,0,381,0,0,1034,2824
772,2026-08-04T05:55:53Z,1785822953572743261,775,4300,15584,4,10,5373,7193839,200,0,381,0,0,1034,2824
773,2026-08-04T05:55:54Z,1785822954576829438,776,4300,15584,4,10,5373,7194642,200,0,381,0,0,1034,2824
774,2026-08-04T05:55:55Z,1785822955580645400,777,4304,15584,4,11,5373,7195443,200,0,381,0,0,1034,2824
775,2026-08-04T05:55:56Z,1785822956584778727,778,4308,15584,4,12,5374,7196243,200,0,381,0,0,1034,2824
776,2026-08-04T05:55:57Z,1785822957587892930,779,4332,15584,4,13,5378,7197039,200,0,381,0,0,1034,2824
777,2026-08-04T05:55:58Z,1785822958591730112,780,4336,15584,4,14,5384,7197832,200,0,381,0,0,1034,2824
778,2026-08-04T05:55:59Z,1785822959596214279,781,4660,15584,4,15,5392,7198626,200,0,381,0,0,1034,2824
779,2026-08-04T05:56:00Z,1785822960601768637,782,4672,15584,4,18,5400,7199419,200,0,381,0,0,1034,2825
780,2026-08-04T05:56:01Z,1785822961604215442,783,4672,15584,4,18,5408,7200213,200,0,381,0,0,1034,2826
781,2026-08-04T05:56:02Z,1785822962608589625,784,4672,15584,4,18,5416,7201005,200,0,381,0,0,1034,2827
782,2026-08-04T05:56:03Z,1785822963612945311,785,4672,15584,4,18,5423,7201801,200,0,381,0,0,1034,2827
783,2026-08-04T05:56:04Z,1785822964616009171,786,4672,15584,4,18,5431,7202594,200,0,381,0,0,1034,2827
784,2026-08-04T05:56:05Z,1785822965620032174,787,4672,15584,4,18,5438,7203388,200,0,381,0,0,1034,2827
785,2026-08-04T05:56:06Z,1785822966623731397,788,4672,15584,4,18,5446,7204182,200,0,381,0,0,1034,2827
786,2026-08-04T05:56:07Z,1785822967627856511,789,4672,15584,4,18,5454,7204979,200,0,381,0,0,1034,2827
787,2026-08-04T05:56:08Z,1785822968631548177,790,4672,15584,4,18,5461,7205774,200,0,381,0,0,1034,2827
788,2026-08-04T05:56:09Z,1785822969634901225,791,4672,15584,4,18,5468,7206569,200,0,381,0,0,1034,2827
789,2026-08-04T05:56:10Z,1785822970638678646,792,4672,15584,4,18,5476,7207364,200,0,381,0,0,1034,2828
790,2026-08-04T05:56:11Z,1785822971642249380,793,4672,15584,4,18,5483,7208159,200,0,381,0,0,1034,2829
791,2026-08-04T05:56:12Z,1785822972646241994,794,4672,15584,4,18,5490,7208952,200,0,381,0,0,1034,2829
792,2026-08-04T05:56:13Z,1785822973649832808,795,4672,15584,4,18,5499,7209749,200,0,381,0,0,1034,2829
793,2026-08-04T05:56:14Z,1785822974654613251,796,4672,15584,4,18,5505,7210546,200,0,381,0,0,1034,2829
794,2026-08-04T05:56:15Z,1785822975657725009,797,4672,15584,4,18,5513,7211339,200,0,381,0,0,1034,2830
795,2026-08-04T05:56:16Z,1785822976661730122,798,4672,15584,4,18,5521,7212134,200,0,381,0,0,1034,2831
796,2026-08-04T05:56:17Z,1785822977665900345,799,4672,15584,4,18,5528,7212929,200,0,381,0,0,1034,2831
797,2026-08-04T05:56:18Z,1785822978669618830,800,4672,15584,4,18,5536,7213726,200,0,381,0,0,1034,2831
798,2026-08-04T05:56:19Z,1785822979673722614,801,4672,15584,4,18,5543,7214519,200,0,381,0,0,1034,2831
799,2026-08-04T05:56:20Z,1785822980677491021,802,4672,15584,4,18,5551,7215313,200,0,381,0,0,1034,2832
800,2026-08-04T05:56:21Z,1785822981681453395,803,4672,15584,4,18,5559,7216110,200,0,381,0,0,1034,2832
801,2026-08-04T05:56:22Z,1785822982685276698,804,4672,15584,4,18,5566,7216905,200,0,381,0,0,1034,2833
802,2026-08-04T05:56:23Z,1785822983688692515,805,4672,15584,4,18,5574,7217699,200,0,381,0,0,1034,2834
803,2026-08-04T05:56:24Z,1785822984692870549,806,4672,15584,4,18,5581,7218493,200,0,381,0,0,1034,2835
804,2026-08-04T05:56:25Z,1785822985697170192,807,4672,15584,4,18,5589,7219286,200,0,381,0,0,1034,2835
805,2026-08-04T05:56:26Z,1785822986700194836,808,4672,15584,4,18,5596,7220081,200,0,381,0,0,1034,2835
806,2026-08-04T05:56:27Z,1785822987704059227,809,4672,15584,4,18,5604,7220877,200,0,381,0,0,1034,2835
807,2026-08-04T05:56:28Z,1785822988708131840,810,4672,15584,4,18,5611,7221670,200,0,381,0,0,1034,2836
808,2026-08-04T05:56:29Z,1785822989712428198,811,4672,15584,4,18,5619,7222467,200,0,381,0,0,1034,2837
809,2026-08-04T05:56:30Z,1785822990716699762,812,4672,15584,4,18,5628,7223260,200,0,381,0,0,1034,2838
810,2026-08-04T05:56:31Z,1785822991720915906,813,4672,15584,4,18,5635,7224055,200,0,381,0,0,1034,2839
811,2026-08-04T05:56:32Z,1785822992724910654,814,4672,15584,4,18,5644,7224848,200,0,381,0,0,1034,2840
812,2026-08-04T05:56:33Z,1785822993727968889,815,4672,15584,4,18,5651,7225641,200,0,381,0,0,1034,2840
813,2026-08-04T05:56:34Z,1785822994732676518,816,4672,15584,4,18,5659,7226437,200,0,381,0,0,1034,2841
814,2026-08-04T05:56:35Z,1785822995735795888,817,4672,15584,4,18,5667,7227231,200,0,381,0,0,1034,2841
815,2026-08-04T05:56:36Z,1785822996740183057,818,4672,15584,4,18,5674,7228026,200,0,381,0,0,1034,2841
816,2026-08-04T05:56:37Z,1785822997742987678,819,4672,15584,4,18,5682,7228821,200,0,381,0,0,1034,2841
817,2026-08-04T05:56:38Z,1785822998747092330,820,4672,15584,4,18,5690,7229615,200,0,381,0,0,1034,2841
818,2026-08-04T05:56:39Z,1785822999751012756,821,4672,15584,4,18,5697,7230411,200,0,381,0,0,1034,2841
819,2026-08-04T05:56:40Z,1785823000754740937,822,4672,15584,4,18,5705,7231204,200,0,381,0,0,1034,2842
820,2026-08-04T05:56:41Z,1785823001758291028,823,4672,15584,4,18,5712,7231999,200,0,381,0,0,1034,2843
821,2026-08-04T05:56:42Z,1785823002762214473,824,4672,15584,4,18,5720,7232792,200,0,381,0,0,1034,2843
822,2026-08-04T05:56:43Z,1785823003765915960,825,4672,15584,4,18,5728,7233588,200,0,381,0,0,1034,2844
823,2026-08-04T05:56:44Z,1785823004770157719,826,4672,15584,4,18,5735,7234382,200,0,381,0,0,1034,2844
824,2026-08-04T05:56:45Z,1785823005773279800,827,4672,15584,4,18,5742,7235177,200,0,381,0,0,1034,2845
825,2026-08-04T05:56:46Z,1785823006776965695,828,4672,15584,4,18,5750,7235971,200,0,381,0,0,1034,2846
826,2026-08-04T05:56:47Z,1785823007780382473,829,4672,15584,4,18,5758,7236765,200,0,381,0,0,1034,2847
827,2026-08-04T05:56:48Z,1785823008784258316,830,4672,15584,4,18,5765,7237561,200,0,381,0,0,1034,2847
828,2026-08-04T05:56:49Z,1785823009787776614,831,4672,15584,4,18,5772,7238357,200,0,381,0,0,1034,2847
829,2026-08-04T05:56:50Z,1785823010791573653,832,4672,15584,4,18,5780,7239152,200,0,381,0,0,1034,2848
830,2026-08-04T05:56:51Z,1785823011795823717,833,4672,15584,4,18,5787,7239946,200,0,381,0,0,1034,2849
831,2026-08-04T05:56:52Z,1785823012799612476,834,4672,15584,4,18,5795,7240742,200,0,381,0,0,1034,2850
832,2026-08-04T05:56:53Z,1785823013803614509,835,4672,15584,4,18,5802,7241538,200,0,381,0,0,1034,2851
833,2026-08-04T05:56:54Z,1785823014807712467,836,4672,15584,4,18,5810,7242333,200,0,381,0,0,1034,2852
834,2026-08-04T05:56:55Z,1785823015811495881,837,4672,15584,4,18,5817,7243130,200,0,381,0,0,1034,2852
835,2026-08-04T05:56:56Z,1785823016815420904,838,4672,15584,4,18,5825,7243926,200,0,381,0,0,1034,2853
836,2026-08-04T05:56:57Z,1785823017819095682,839,4672,15584,4,18,5832,7244722,200,0,381,0,0,1034,2854
837,2026-08-04T05:56:58Z,1785823018822743997,840,4668,15584,4,17,5840,7245514,200,0,381,0,0,1034,2855
838,2026-08-04T05:56:59Z,1785823019827353062,841,4668,15584,4,17,5848,7246310,200,0,381,0,0,1034,2855
839,2026-08-04T05:57:00Z,1785823020830918664,842,4668,15584,4,17,5855,7247104,200,0,381,0,0,1034,2855
840,2026-08-04T05:57:01Z,1785823021834773731,843,4668,15584,4,17,5863,7247899,200,0,381,0,0,1034,2857
841,2026-08-04T05:57:02Z,1785823022839211268,844,4668,15584,4,17,5871,7248692,200,0,381,0,0,1034,2857
842,2026-08-04T05:57:03Z,1785823023842335459,845,4668,15584,4,17,5879,7249486,200,0,381,0,0,1034,2858
843,2026-08-04T05:57:04Z,1785823024847196754,846,4668,15584,4,17,5887,7250283,200,0,381,0,0,1034,2858
844,2026-08-04T05:57:05Z,1785823025850251983,847,4668,15584,4,17,5895,7251076,200,0,381,0,0,1034,2859
845,2026-08-04T05:57:06Z,1785823026854211134,848,4668,15584,4,17,5902,7251871,200,0,381,0,0,1034,2859
846,2026-08-04T05:57:07Z,1785823027858243720,849,4668,15584,4,17,5911,7252666,200,0,381,0,0,1034,2860
847,2026-08-04T05:57:08Z,1785823028862702557,850,4668,15584,4,17,5918,7253461,200,0,381,0,0,1034,2861
848,2026-08-04T05:57:09Z,1785823029865839578,851,4668,15584,4,17,5926,7254254,200,0,381,0,0,1034,2861
849,2026-08-04T05:57:10Z,1785823030869873470,852,4668,15584,4,17,5933,7255049,200,0,381,0,0,1034,2862
850,2026-08-04T05:57:11Z,1785823031873454696,853,4668,15584,4,17,5940,7255844,200,0,381,0,0,1034,2862
851,2026-08-04T05:57:12Z,1785823032877275351,854,4668,15584,4,17,5949,7256641,200,0,381,0,0,1034,2863
852,2026-08-04T05:57:13Z,1785823033881072389,855,4668,15584,4,17,5956,7257436,200,0,381,0,0,1034,2863
853,2026-08-04T05:57:14Z,1785823034885795727,856,4668,15584,4,17,5963,7258229,200,0,381,0,0,1034,2863
854,2026-08-04T05:57:15Z,1785823035889198002,857,4668,15584,4,17,5972,7259025,200,0,381,0,0,1034,2864
855,2026-08-04T05:57:16Z,1785823036891938049,858,4668,15584,4,17,5980,7259819,200,0,381,0,0,1034,2865
856,2026-08-04T05:57:17Z,1785823037895802354,859,4668,15584,4,17,5987,7260612,200,0,381,0,0,1034,2866
857,2026-08-04T05:57:18Z,1785823038899445565,860,4668,15584,4,17,5994,7261407,200,0,381,0,0,1034,2866
858,2026-08-04T05:57:19Z,1785823039903551853,861,4668,15584,4,17,6002,7262200,200,0,381,0,0,1034,2866
859,2026-08-04T05:57:20Z,1785823040907679015,862,4668,15584,4,17,6010,7262997,200,0,381,0,0,1034,2866
860,2026-08-04T05:57:21Z,1785823041911762955,863,4668,15584,4,17,6017,7263792,200,0,381,0,0,1034,2866
861,2026-08-04T05:57:22Z,1785823042915844948,864,4668,15584,4,17,6025,7264587,200,0,381,0,0,1034,2866
862,2026-08-04T05:57:23Z,1785823043919966079,865,4668,15584,4,17,6032,7265384,200,0,381,0,0,1034,2867
863,2026-08-04T05:57:24Z,1785823044924083298,866,4668,15584,4,17,6041,7266176,200,0,381,0,0,1034,2868
864,2026-08-04T05:57:25Z,1785823045927647455,867,4668,15584,4,17,6048,7266969,200,0,381,0,0,1034,2871
865,2026-08-04T05:57:26Z,1785823046931958599,868,4668,15584,4,17,6055,7267765,200,0,381,0,0,1034,2873
866,2026-08-04T05:57:27Z,1785823047936058091,869,4668,15584,4,17,6063,7268561,200,0,381,0,0,1034,2873
867,2026-08-04T05:57:28Z,1785823048939872378,870,4668,15584,4,17,6070,7269358,200,0,381,0,0,1034,2874
868,2026-08-04T05:57:29Z,1785823049944221262,871,4668,15584,4,17,6077,7270152,200,0,381,0,0,1034,2875
869,2026-08-04T05:57:30Z,1785823050947051771,872,4668,15584,4,17,6085,7270946,200,0,382,0,0,1034,2876
870,2026-08-04T05:57:31Z,1785823051951149405,873,4668,15584,4,17,6094,7271740,200,0,382,0,0,1034,2878
871,2026-08-04T05:57:32Z,1785823052955168297,874,4668,15584,4,17,6102,7272534,200,0,382,0,0,1034,2879
872,2026-08-04T05:57:33Z,1785823053959216110,875,4668,15584,4,17,6109,7273330,200,0,382,0,0,1034,2879
873,2026-08-04T05:57:34Z,1785823054963165456,876,4668,15584,4,17,6116,7274125,200,0,382,0,0,1034,2879
874,2026-08-04T05:57:35Z,1785823055967303588,877,4668,15584,4,17,6125,7274921,200,0,382,0,0,1034,2880
875,2026-08-04T05:57:36Z,1785823056972350143,878,4668,15584,4,17,6132,7275718,200,0,382,0,0,1034,2881
876,2026-08-04T05:57:37Z,1785823057975399865,879,4668,15584,4,17,6139,7276510,200,0,382,0,0,1034,2883
877,2026-08-04T05:57:38Z,1785823058979073260,880,4668,15584,4,17,6147,7277306,200,0,382,0,0,1034,2883
878,2026-08-04T05:57:39Z,1785823059983473704,881,4668,15584,4,17,6155,7278100,200,0,382,0,0,1034,2883
879,2026-08-04T05:57:40Z,1785823060986620696,882,4668,15584,4,17,6163,7278896,200,0,382,0,0,1034,2884
880,2026-08-04T05:57:41Z,1785823061991884092,883,4668,15584,4,17,6171,7279692,200,0,382,0,0,1034,2885
881,2026-08-04T05:57:42Z,1785823062994914278,884,4668,15584,4,17,6179,7280486,200,0,382,0,0,1034,2886
882,2026-08-04T05:57:43Z,1785823063998792213,885,4668,15584,4,17,6187,7281278,200,0,382,0,0,1034,2887
883,2026-08-04T05:57:45Z,1785823065004047687,887,4668,15584,4,17,6195,7282073,200,0,382,0,0,1034,2887
884,2026-08-04T05:57:46Z,1785823066007340259,888,4668,15584,4,17,6202,7282864,200,0,382,0,0,1034,2888
885,2026-08-04T05:57:47Z,1785823067011387810,889,4668,15584,4,17,6210,7283661,200,0,382,0,0,1034,2888
886,2026-08-04T05:57:48Z,1785823068015228902,890,4668,15584,4,17,6217,7284455,200,0,382,0,0,1034,2888
887,2026-08-04T05:57:49Z,1785823069019023980,891,4668,15584,4,17,6225,7285249,200,0,382,0,0,1034,2889
888,2026-08-04T05:57:50Z,1785823070022767642,892,4668,15584,4,17,6232,7286042,200,0,382,0,0,1034,2890
889,2026-08-04T05:57:51Z,1785823071026794475,893,4668,15584,4,17,6240,7286836,200,0,382,0,0,1034,2890
890,2026-08-04T05:57:52Z,1785823072031143341,894,4668,15584,4,17,6248,7287633,200,0,382,0,0,1034,2892
891,2026-08-04T05:57:53Z,1785823073034248387,895,4668,15584,4,17,6255,7288425,200,0,382,0,0,1034,2893
892,2026-08-04T05:57:54Z,1785823074038005204,896,4668,15584,4,17,6262,7289219,200,0,382,0,0,1034,2894
893,2026-08-04T05:57:55Z,1785823075041748831,897,4664,15584,4,16,6270,7290015,200,0,382,0,0,1034,2895
894,2026-08-04T05:57:56Z,1785823076045402143,898,4660,15584,4,15,6277,7290812,200,0,382,0,0,1034,2896
895,2026-08-04T05:57:57Z,1785823077048593198,899,4636,15584,4,14,6283,7291612,200,0,382,0,0,1034,2897
896,2026-08-04T05:57:58Z,1785823078052463957,900,4628,15584,4,12,6286,7292413,200,0,382,0,0,1034,2897
897,2026-08-04T05:57:59Z,1785823079056139580,901,4300,15584,4,10,6287,7293214,200,0,382,0,0,1034,2897
898,2026-08-04T05:58:00Z,1785823080060284749,902,4300,15584,4,10,6287,7294017,200,0,382,0,0,1034,2897
899,2026-08-04T05:58:01Z,1785823081063911022,903,4300,15584,4,10,6287,7294819,200,0,382,0,0,1034,2897
900,2026-08-04T05:58:02Z,1785823082068133737,904,4300,15584,4,10,6287,7295622,200,0,382,0,0,1034,2897
901,2026-08-04T05:58:03Z,1785823083071052692,905,4300,15584,4,10,6287,7296425,200,0,382,0,0,1034,2897
902,2026-08-04T05:58:04Z,1785823084074998133,906,4300,15584,4,10,6287,7297227,200,0,382,0,0,1034,2897
903,2026-08-04T05:58:05Z,1785823085078905317,907,4304,15584,4,11,6287,7298029,200,0,382,0,0,1034,2897
904,2026-08-04T05:58:06Z,1785823086083369168,908,4308,15584,4,12,6288,7298828,200,0,382,0,0,1034,2897
905,2026-08-04T05:58:07Z,1785823087086834189,909,4332,15584,4,13,6292,7299628,200,0,382,0,0,1034,2897
906,2026-08-04T05:58:08Z,1785823088090705531,910,4336,15584,4,14,6299,7300426,200,0,382,0,0,1034,2897
907,2026-08-04T05:58:09Z,1785823089094760499,911,4660,15584,4,15,6306,7301225,200,0,382,0,0,1034,2897
908,2026-08-04T05:58:10Z,1785823090099148280,912,4672,15584,4,18,6313,7302023,200,0,382,0,0,1034,2898
909,2026-08-04T05:58:11Z,1785823091102643922,913,4672,15584,4,18,6321,7302819,200,0,382,0,0,1034,2899
910,2026-08-04T05:58:12Z,1785823092105504144,914,4672,15584,4,18,6328,7303617,200,0,382,0,0,1034,2900
911,2026-08-04T05:58:13Z,1785823093109161381,915,4672,15584,4,18,6336,7304414,200,0,382,0,0,1034,2901
912,2026-08-04T05:58:14Z,1785823094112739253,916,4672,15584,4,18,6344,7305214,200,0,382,0,0,1034,2901
913,2026-08-04T05:58:15Z,1785823095117073600,917,4672,15584,4,18,6351,7306011,200,0,382,0,0,1034,2902
914,2026-08-04T05:58:16Z,1785823096120951623,918,4672,15584,4,18,6359,7306807,200,0,382,0,0,1034,2903
915,2026-08-04T05:58:17Z,1785823097124338901,919,4672,15584,4,18,6367,7307605,200,0,382,0,0,1034,2904
916,2026-08-04T05:58:18Z,1785823098127390073,920,4672,15584,4,18,6375,7308402,200,0,382,0,0,1034,2904
917,2026-08-04T05:58:19Z,1785823099131481257,921,4672,15584,4,18,6382,7309200,200,0,382,0,0,1034,2905
918,2026-08-04T05:58:20Z,1785823100135226822,922,4672,15584,4,18,6390,7309997,200,0,382,0,0,1034,2906
919,2026-08-04T05:58:21Z,1785823101140024455,923,4672,15584,4,18,6397,7310796,200,0,382,0,0,1034,2907
920,2026-08-04T05:58:22Z,1785823102142912137,924,4672,15584,4,18,6404,7311593,200,0,382,0,0,1034,2907
921,2026-08-04T05:58:23Z,1785823103146415339,925,4672,15584,4,18,6412,7312393,200,0,382,0,0,1034,2908
922,2026-08-04T05:58:24Z,1785823104150392994,926,4672,15584,4,18,6420,7313191,200,0,382,0,0,1034,2909
923,2026-08-04T05:58:25Z,1785823105154344631,927,4672,15584,4,18,6427,7313989,200,0,382,0,0,1034,2909
924,2026-08-04T05:58:26Z,1785823106158238510,928,4672,15584,4,18,6434,7314789,200,0,382,0,0,1034,2911
925,2026-08-04T05:58:27Z,1785823107162488023,929,4672,15584,4,18,6443,7315585,200,0,382,0,0,1034,2912
926,2026-08-04T05:58:28Z,1785823108166548089,930,4672,15584,4,18,6449,7316383,200,0,382,0,0,1034,2912
927,2026-08-04T05:58:29Z,1785823109170749339,931,4672,15584,4,18,6458,7317182,200,0,382,0,0,1034,2913
928,2026-08-04T05:58:30Z,1785823110175292688,932,4672,15584,4,18,6465,7317979,200,0,382,0,0,1034,2914
929,2026-08-04T05:58:31Z,1785823111178690085,933,4672,15584,4,18,6473,7318778,200,0,382,0,0,1034,2914
930,2026-08-04T05:58:32Z,1785823112181504756,934,4672,15584,4,18,6481,7319578,200,0,382,0,0,1034,2915
931,2026-08-04T05:58:33Z,1785823113185876716,935,4672,15584,4,18,6489,7320374,200,0,382,0,0,1034,2916
932,2026-08-04T05:58:34Z,1785823114188752964,936,4672,15584,4,18,6496,7321172,200,0,382,0,0,1034,2917
933,2026-08-04T05:58:35Z,1785823115193043409,937,4672,15584,4,18,6504,7321970,200,0,382,0,0,1034,2918
934,2026-08-04T05:58:36Z,1785823116196098155,938,4672,15584,4,18,6511,7322767,200,0,382,0,0,1034,2918
935,2026-08-04T05:58:37Z,1785823117200294538,939,4672,15584,4,18,6520,7323564,200,0,382,0,0,1034,2918
936,2026-08-04T05:58:38Z,1785823118204097705,940,4672,15584,4,18,6527,7324362,200,0,382,0,0,1034,2919
937,2026-08-04T05:58:39Z,1785823119208358392,941,4672,15584,4,17,6534,7325161,200,0,382,0,0,1034,2920
938,2026-08-04T05:58:40Z,1785823120212497877,942,4668,15584,4,17,6542,7325959,200,0,382,0,0,1034,2920
939,2026-08-04T05:58:41Z,1785823121216333459,943,4668,15584,4,17,6550,7326759,200,0,382,0,0,1034,2921
940,2026-08-04T05:58:42Z,1785823122220343027,944,4668,15584,4,17,6557,7327557,200,0,382,0,0,1034,2922
941,2026-08-04T05:58:43Z,1785823123224371693,945,4668,15584,4,17,6565,7328354,200,0,382,0,0,1034,2922
942,2026-08-04T05:58:44Z,1785823124228340430,946,4668,15584,4,17,6573,7329152,200,0,382,0,0,1034,2923
943,2026-08-04T05:58:45Z,1785823125232440980,947,4668,15584,4,17,6580,7329950,200,0,382,0,0,1034,2923
944,2026-08-04T05:58:46Z,1785823126236865056,948,4668,15584,4,17,6588,7330750,200,0,382,0,0,1034,2924
945,2026-08-04T05:58:47Z,1785823127239923919,949,4668,15584,4,17,6596,7331548,200,0,382,0,0,1034,2924
946,2026-08-04T05:58:48Z,1785823128243934015,950,4668,15584,4,17,6603,7332346,200,0,382,0,0,1034,2925
947,2026-08-04T05:58:49Z,1785823129248018658,951,4668,15584,4,17,6611,7333143,200,0,382,0,0,1034,2926
948,2026-08-04T05:58:50Z,1785823130251965716,952,4668,15584,4,17,6619,7333942,200,0,382,0,0,1034,2926
949,2026-08-04T05:58:51Z,1785823131256231173,953,4668,15584,4,17,6627,7334741,200,0,382,0,0,1034,2926
950,2026-08-04T05:58:52Z,1785823132260503786,954,4668,15584,4,17,6634,7335539,200,0,382,0,0,1034,2926
951,2026-08-04T05:58:53Z,1785823133263421870,955,4668,15584,4,17,6641,7336337,200,0,382,0,0,1034,2927
952,2026-08-04T05:58:54Z,1785823134267566605,956,4668,15584,4,17,6649,7337135,200,0,382,0,0,1034,2927
953,2026-08-04T05:58:55Z,1785823135271218007,957,4668,15584,4,17,6657,7337936,200,0,382,0,0,1034,2928
954,2026-08-04T05:58:56Z,1785823136275190044,958,4668,15584,4,17,6664,7338736,200,0,382,0,0,1034,2928
955,2026-08-04T05:58:57Z,1785823137279494967,959,4668,15584,4,17,6672,7339535,200,0,382,0,0,1034,2930
956,2026-08-04T05:58:58Z,1785823138283099324,960,4668,15584,4,17,6679,7340335,200,0,382,0,0,1034,2931
957,2026-08-04T05:58:59Z,1785823139287021968,961,4668,15584,4,17,6687,7341132,200,0,382,0,0,1034,2931
958,2026-08-04T05:59:00Z,1785823140291363751,962,4668,15584,4,17,6695,7341931,200,0,382,0,0,1034,2931
959,2026-08-04T05:59:01Z,1785823141294710446,963,4668,15584,4,17,6703,7342729,200,0,382,0,0,1034,2931
960,2026-08-04T05:59:02Z,1785823142299304510,964,4668,15584,4,17,6710,7343526,200,0,382,0,0,1034,2932
961,2026-08-04T05:59:03Z,1785823143302487818,965,4668,15584,4,17,6718,7344326,200,0,382,0,0,1034,2932
962,2026-08-04T05:59:04Z,1785823144306395963,966,4668,15584,4,17,6726,7345124,200,0,382,0,0,1034,2933
963,2026-08-04T05:59:05Z,1785823145310484658,967,4668,15584,4,17,6734,7345919,200,0,382,0,0,1034,2933
964,2026-08-04T05:59:06Z,1785823146314790761,968,4668,15584,4,17,6742,7346716,200,0,382,0,0,1034,2934
965,2026-08-04T05:59:07Z,1785823147317692341,969,4668,15584,4,17,6749,7347512,200,0,382,0,0,1034,2935
966,2026-08-04T05:59:08Z,1785823148321476496,970,4668,15584,4,17,6756,7348310,200,0,382,0,0,1034,2935
967,2026-08-04T05:59:09Z,1785823149325239170,971,4668,15584,4,17,6764,7349109,200,0,382,0,0,1034,2936
968,2026-08-04T05:59:10Z,1785823150329335283,972,4668,15584,4,17,6771,7349907,200,0,382,0,0,1034,2937
969,2026-08-04T05:59:11Z,1785823151333519974,973,4668,15584,4,17,6779,7350705,200,0,382,0,0,1034,2938
970,2026-08-04T05:59:12Z,1785823152337433959,974,4668,15584,4,17,6787,7351502,200,0,382,0,0,1034,2939
971,2026-08-04T05:59:13Z,1785823153341836078,975,4668,15584,4,17,6795,7352302,200,0,382,0,0,1034,2940
972,2026-08-04T05:59:14Z,1785823154344982673,976,4668,15584,4,17,6802,7353100,200,0,382,0,0,1034,2941
973,2026-08-04T05:59:15Z,1785823155349569836,977,4668,15584,4,17,6810,7353897,200,0,382,0,0,1034,2942
974,2026-08-04T05:59:16Z,1785823156353074480,978,4668,15584,4,17,6818,7354694,200,0,382,0,0,1034,2943
975,2026-08-04T05:59:17Z,1785823157356255531,979,4668,15584,4,17,6825,7355491,200,0,382,0,0,1034,2944
976,2026-08-04T05:59:18Z,1785823158360362483,980,4668,15584,4,17,6833,7356291,200,0,382,0,0,1034,2945
977,2026-08-04T05:59:19Z,1785823159364703146,981,4668,15584,4,17,6841,7357091,200,0,382,0,0,1034,2945
978,2026-08-04T05:59:20Z,1785823160367510915,982,4668,15584,4,17,6848,7357887,200,0,382,0,0,1034,2945
979,2026-08-04T05:59:21Z,1785823161371773563,983,4668,15584,4,17,6855,7358683,200,0,382,0,0,1034,2946
980,2026-08-04T05:59:22Z,1785823162375957909,984,4668,15584,4,17,6863,7359480,200,0,382,0,0,1034,2946
981,2026-08-04T05:59:23Z,1785823163380400581,985,4668,15584,4,17,6871,7360280,200,0,382,0,0,1034,2947
982,2026-08-04T05:59:24Z,1785823164384027113,986,4668,15584,4,17,6879,7361078,200,0,382,0,0,1034,2948
983,2026-08-04T05:59:25Z,1785823165389027694,987,4668,15584,4,17,6886,7361873,200,0,382,0,0,1034,2949
984,2026-08-04T05:59:26Z,1785823166391063020,988,4668,15584,4,17,6894,7362670,200,0,382,0,0,1034,2950
985,2026-08-04T05:59:27Z,1785823167395403735,989,4668,15584,4,17,6902,7363465,200,0,382,0,0,1034,2951
986,2026-08-04T05:59:28Z,1785823168400126213,990,4668,15584,4,17,6910,7364265,200,0,382,0,0,1034,2952
987,2026-08-04T05:59:29Z,1785823169402898282,991,4668,15584,4,17,6917,7365061,200,0,382,0,0,1034,2953
988,2026-08-04T05:59:30Z,1785823170407362301,992,4668,15584,4,17,6926,7365859,200,0,382,0,0,1034,2953
989,2026-08-04T05:59:31Z,1785823171410528284,993,4668,15584,4,17,6933,7366656,200,0,382,0,0,1034,2954
990,2026-08-04T05:59:32Z,1785823172414430016,994,4668,15584,4,17,6940,7367456,200,0,382,0,0,1034,2954
991,2026-08-04T05:59:33Z,1785823173418724527,995,4668,15584,4,17,6948,7368255,200,0,382,0,0,1034,2954
992,2026-08-04T05:59:34Z,1785823174422756401,996,4668,15584,4,17,6955,7369054,200,0,382,0,0,1034,2955
993,2026-08-04T05:59:35Z,1785823175426916155,997,4668,15584,4,17,6963,7369853,200,0,382,0,0,1034,2955
994,2026-08-04T05:59:36Z,1785823176430688835,998,4668,15584,4,17,6971,7370651,200,0,382,0,0,1034,2956
995,2026-08-04T05:59:37Z,1785823177434480543,999,4668,15584,4,17,6979,7371452,200,0,382,0,0,1034,2957
996,2026-08-04T05:59:38Z,1785823178438349653,1000,4668,15584,4,17,6986,7372248,200,0,382,0,0,1034,2958
997,2026-08-04T05:59:39Z,1785823179442263278,1001,4668,15584,4,17,6994,7373046,200,0,382,0,0,1034,2958
998,2026-08-04T05:59:40Z,1785823180446474398,1002,4668,15584,4,17,7001,7373845,200,0,382,0,0,1034,2958
999,2026-08-04T05:59:41Z,1785823181450024384,1003,4668,15584,4,17,7009,7374640,200,0,382,0,0,1034,2959
1000,2026-08-04T05:59:42Z,1785823182454103249,1004,4668,15584,4,17,7017,7375440,200,0,382,0,0,1034,2959
1001,2026-08-04T05:59:43Z,1785823183458080173,1005,4668,15584,4,17,7024,7376238,200,0,382,0,0,1034,2960
1002,2026-08-04T05:59:44Z,1785823184462146065,1006,4668,15584,4,17,7032,7377037,200,0,382,0,0,1034,2960
1003,2026-08-04T05:59:45Z,1785823185466115840,1007,4668,15584,4,17,7039,7377835,200,0,382,0,0,1034,2961
1004,2026-08-04T05:59:46Z,1785823186470388999,1008,4668,15584,4,17,7047,7378632,200,0,382,0,0,1034,2961
1005,2026-08-04T05:59:47Z,1785823187473968152,1009,4668,15584,4,17,7054,7379430,200,0,382,0,0,1034,2961
1006,2026-08-04T05:59:48Z,1785823188477931085,1010,4668,15584,4,17,7062,7380229,200,0,382,0,0,1034,2962
1007,2026-08-04T05:59:49Z,1785823189482361015,1011,4668,15584,4,17,7069,7381028,200,0,382,0,0,1034,2962
1008,2026-08-04T05:59:50Z,1785823190485250068,1012,4668,15584,4,17,7077,7381825,200,0,382,0,0,1034,2963
1009,2026-08-04T05:59:51Z,1785823191489310832,1013,4668,15584,4,17,7085,7382623,200,0,382,0,0,1034,2963
1010,2026-08-04T05:59:52Z,1785823192493537207,1014,4668,15584,4,17,7093,7383422,200,0,382,0,0,1034,2963
1011,2026-08-04T05:59:53Z,1785823193497618981,1015,4668,15584,4,17,7100,7384218,200,0,382,0,0,1034,2964
1012,2026-08-04T05:59:54Z,1785823194501893272,1016,4668,15584,4,17,7107,7385013,200,0,382,0,0,1034,2965
1013,2026-08-04T05:59:55Z,1785823195505506337,1017,4668,15584,4,17,7115,7385813,200,0,382,0,0,1034,2966
1014,2026-08-04T05:59:56Z,1785823196509270451,1018,4668,15584,4,17,7122,7386610,200,0,382,0,0,1034,2967
1015,2026-08-04T05:59:57Z,1785823197513403126,1019,4668,15584,4,17,7129,7387407,200,0,382,0,0,1034,2968
1016,2026-08-04T05:59:58Z,1785823198517424957,1020,4668,15584,4,17,7138,7388205,200,0,382,0,0,1034,2968
1017,2026-08-04T05:59:59Z,1785823199522632665,1021,4668,15584,4,17,7145,7389007,200,0,382,0,0,1034,2969
1018,2026-08-04T06:00:00Z,1785823200526418225,1022,4668,15584,4,17,7153,7389805,200,0,382,0,0,1034,2970
1019,2026-08-04T06:00:01Z,1785823201530346475,1023,4668,15584,4,17,7161,7390603,200,0,382,0,0,1034,2970
1020,2026-08-04T06:00:02Z,1785823202534098810,1024,4668,15584,4,17,7169,7391400,200,0,382,0,0,1034,2971
1021,2026-08-04T06:00:03Z,1785823203537369217,1025,4668,15584,4,17,7177,7392198,200,0,382,0,0,1034,2972
1022,2026-08-04T06:00:04Z,1785823204541195134,1026,4664,15584,4,16,7185,7392996,200,0,382,0,0,1034,2973
1023,2026-08-04T06:00:05Z,1785823205545181997,1027,4660,15584,4,15,7192,7393796,200,0,382,0,0,1034,2974
1024,2026-08-04T06:00:06Z,1785823206549000316,1028,4636,15584,4,14,7197,7394596,200,0,382,0,0,1034,2974
1025,2026-08-04T06:00:07Z,1785823207552292317,1029,4628,15584,4,12,7199,7395399,200,0,382,0,0,1034,2974
1026,2026-08-04T06:00:08Z,1785823208556003479,1030,4300,15584,4,10,7199,7396202,200,0,382,0,0,1034,2974
1027,2026-08-04T06:00:09Z,1785823209559778022,1031,4300,15584,4,10,7200,7397004,200,0,382,0,0,1034,2974
1028,2026-08-04T06:00:10Z,1785823210563719003,1032,4300,15584,4,10,7200,7397807,200,0,382,0,0,1034,2974
1029,2026-08-04T06:00:11Z,1785823211567722595,1033,4300,15584,4,10,7200,7398609,200,0,382,0,0,1034,2974
1030,2026-08-04T06:00:12Z,1785823212571286505,1034,4300,15584,4,10,7200,7399412,200,0,382,0,0,1034,2974
1031,2026-08-04T06:00:13Z,1785823213575119505,1035,4304,15584,4,11,7200,7400215,200,0,382,0,0,1034,2974
1032,2026-08-04T06:00:14Z,1785823214579480890,1036,4308,15584,4,12,7201,7401016,200,0,382,0,0,1034,2974
1033,2026-08-04T06:00:15Z,1785823215583137084,1037,4332,15584,4,13,7203,7401814,200,0,382,0,0,1034,2974
1034,2026-08-04T06:00:16Z,1785823216587000914,1038,4336,15584,4,14,7206,7402611,200,0,382,0,0,1034,2974
1035,2026-08-04T06:00:17Z,1785823217591239150,1039,4660,15584,4,15,7214,7403406,200,0,382,0,0,1034,2974
1036,2026-08-04T06:00:18Z,1785823218595380060,1040,4680,15584,4,18,7221,7404201,200,0,382,0,0,1034,2975
1037,2026-08-04T06:00:19Z,1785823219598360483,1041,4680,15584,4,18,7229,7404995,200,0,382,0,0,1034,2975
1038,2026-08-04T06:00:20Z,1785823220602256553,1042,4680,15584,4,18,7236,7405788,200,0,382,0,0,1034,2976
1039,2026-08-04T06:00:21Z,1785823221606715386,1043,4684,15584,4,18,7243,7406584,200,0,382,0,0,1034,2976
1040,2026-08-04T06:00:22Z,1785823222609865877,1044,4684,15584,4,18,7251,7407376,200,0,382,0,0,1034,2977
1041,2026-08-04T06:00:23Z,1785823223614221406,1045,4684,15584,4,18,7259,7408171,200,0,382,0,0,1034,2978
1042,2026-08-04T06:00:24Z,1785823224617517518,1046,4684,15584,4,18,7266,7408967,200,0,382,0,0,1034,2979
1043,2026-08-04T06:00:25Z,1785823225621221513,1047,4684,15584,4,18,7274,7409760,200,0,382,0,0,1034,2979
1044,2026-08-04T06:00:26Z,1785823226625790726,1048,4684,15584,4,18,7281,7410557,200,0,382,0,0,1034,2979
1045,2026-08-04T06:00:27Z,1785823227628880040,1049,4684,15584,4,18,7289,7411349,200,0,382,0,0,1034,2979
1046,2026-08-04T06:00:28Z,1785823228632920292,1050,4684,15584,4,18,7297,7412143,200,0,382,0,0,1034,2979
1047,2026-08-04T06:00:29Z,1785823229638034726,1051,4684,15584,4,18,7304,7412939,200,0,382,0,0,1034,2980
1048,2026-08-04T06:00:30Z,1785823230641434245,1052,4684,15584,4,18,7312,7413732,200,0,382,0,0,1034,2981
1049,2026-08-04T06:00:31Z,1785823231644974900,1053,4684,15584,4,18,7320,7414525,200,0,382,0,0,1034,2982
1050,2026-08-04T06:00:32Z,1785823232648372811,1054,4684,15584,4,18,7328,7415317,200,0,382,0,0,1034,2983
1051,2026-08-04T06:00:33Z,1785823233652054998,1055,4684,15584,4,18,7335,7416114,200,0,382,0,0,1034,2983
1052,2026-08-04T06:00:34Z,1785823234654989467,1056,4684,15584,4,18,7342,7416904,200,0,382,0,0,1034,2983
1053,2026-08-04T06:00:35Z,1785823235658930543,1057,4684,15584,4,18,7351,7417699,200,0,382,0,0,1034,2984
1054,2026-08-04T06:00:36Z,1785823236662905486,1058,4684,15584,4,18,7359,7418490,200,0,382,0,0,1034,2984
1055,2026-08-04T06:00:37Z,1785823237667184238,1059,4684,15584,4,18,7366,7419289,200,0,382,0,0,1034,2984
1056,2026-08-04T06:00:38Z,1785823238669950455,1060,4684,15584,4,18,7373,7420084,200,0,382,0,0,1034,2985
1057,2026-08-04T06:00:39Z,1785823239674121688,1061,4684,15584,4,18,7381,7420880,200,0,382,0,0,1034,2985
1058,2026-08-04T06:00:40Z,1785823240678361691,1062,4684,15584,4,18,7389,7421672,200,0,382,0,0,1034,2985
1059,2026-08-04T06:00:41Z,1785823241681645774,1063,4684,15584,4,18,7397,7422466,200,0,382,0,0,1034,2985
1060,2026-08-04T06:00:42Z,1785823242685997516,1064,4684,15584,4,18,7404,7423262,200,0,382,0,0,1034,2986
1061,2026-08-04T06:00:43Z,1785823243689075623,1065,4684,15584,4,18,7412,7424057,200,0,382,0,0,1034,2986
1062,2026-08-04T06:00:44Z,1785823244694481434,1066,4684,15584,4,18,7419,7424851,200,0,382,0,0,1034,2986
1063,2026-08-04T06:00:45Z,1785823245696784257,1067,4684,15584,4,18,7427,7425643,200,0,382,0,0,1034,2986
1064,2026-08-04T06:00:46Z,1785823246701129887,1068,4684,15584,4,18,7434,7426438,200,0,382,0,0,1034,2987
1065,2026-08-04T06:00:47Z,1785823247704132213,1069,4684,15584,4,18,7441,7427231,200,0,382,0,0,1034,2987
1066,2026-08-04T06:00:48Z,1785823248708013339,1070,4680,15584,4,17,7450,7428026,200,0,382,0,0,1034,2987
1067,2026-08-04T06:00:49Z,1785823249712103624,1071,4680,15584,4,17,7457,7428821,200,0,382,0,0,1034,2987
1068,2026-08-04T06:00:50Z,1785823250716166737,1072,4680,15584,4,17,7464,7429618,200,0,382,0,0,1034,2987
1069,2026-08-04T06:00:51Z,1785823251719790908,1073,4680,15584,4,17,7471,7430411,200,0,382,0,0,1034,2988
1070,2026-08-04T06:00:52Z,1785823252723876105,1074,4680,15584,4,17,7479,7431208,200,0,382,0,0,1034,2988
1071,2026-08-04T06:00:53Z,1785823253727841647,1075,4680,15584,4,17,7488,7432003,200,0,382,0,0,1034,2988
1072,2026-08-04T06:00:54Z,1785823254731939133,1076,4680,15584,4,17,7494,7432799,200,0,382,0,0,1034,2989
1073,2026-08-04T06:00:55Z,1785823255735733327,1077,4680,15584,4,17,7502,7433592,200,0,382,0,0,1034,2989
1074,2026-08-04T06:00:56Z,1785823256739548726,1078,4680,15584,4,17,7510,7434386,200,0,382,0,0,1034,2990
1075,2026-08-04T06:00:57Z,1785823257743698188,1079,4680,15584,4,17,7518,7435180,200,0,382,0,0,1034,2991
1076,2026-08-04T06:00:58Z,1785823258747951548,1080,4680,15584,4,17,7525,7435973,200,0,382,0,0,1034,2992
1077,2026-08-04T06:00:59Z,1785823259752647104,1081,4680,15584,4,17,7533,7436768,200,0,382,0,0,1034,2993
1078,2026-08-04T06:01:00Z,1785823260755953740,1082,4680,15584,4,17,7540,7437561,200,0,382,0,0,1034,2993
1079,2026-08-04T06:01:01Z,1785823261759468597,1083,4680,15584,4,17,7548,7438355,200,0,382,0,0,1034,2993
1080,2026-08-04T06:01:02Z,1785823262762869734,1084,4680,15584,4,17,7556,7439145,200,0,382,0,0,1034,2993
1081,2026-08-04T06:01:03Z,1785823263765956256,1085,4680,15584,4,17,7564,7439939,200,0,382,0,0,1034,2993
1082,2026-08-04T06:01:04Z,1785823264770766203,1086,4680,15584,4,17,7572,7440736,200,0,382,0,0,1034,2994
1083,2026-08-04T06:01:05Z,1785823265773765923,1087,4680,15584,4,17,7580,7441530,200,0,382,0,0,1034,2994
1084,2026-08-04T06:01:06Z,1785823266777991765,1088,4684,15584,4,18,7587,7442326,200,0,382,0,0,1034,2994
1085,2026-08-04T06:01:07Z,1785823267781305176,1089,4684,15584,4,18,7595,7443120,200,0,382,0,0,1034,2994
1086,2026-08-04T06:01:08Z,1785823268785115304,1090,4684,15584,4,18,7603,7443914,200,0,382,0,0,1034,2994
1087,2026-08-04T06:01:09Z,1785823269789351303,1091,4684,15584,4,18,7610,7444711,200,0,382,0,0,1034,2995
1088,2026-08-04T06:01:10Z,1785823270792638032,1092,4684,15584,4,18,7618,7445502,200,0,382,0,0,1034,2996
1089,2026-08-04T06:01:11Z,1785823271796820269,1093,4684,15584,4,18,7626,7446296,200,0,382,0,0,1034,2996
1090,2026-08-04T06:01:12Z,1785823272801320489,1094,4684,15584,4,18,7634,7447092,200,0,382,0,0,1034,2997
1091,2026-08-04T06:01:13Z,1785823273804423844,1095,4684,15584,4,18,7641,7447886,200,0,382,0,0,1034,2997
1092,2026-08-04T06:01:14Z,1785823274808930280,1096,4684,15584,4,18,7648,7448680,200,0,382,0,0,1034,2998
1093,2026-08-04T06:01:15Z,1785823275812289082,1097,4684,15584,4,18,7656,7449475,200,0,382,0,0,1034,2998
1094,2026-08-04T06:01:16Z,1785823276816528838,1098,4684,15584,4,18,7664,7450272,200,0,382,0,0,1034,2999
1095,2026-08-04T06:01:17Z,1785823277819236114,1099,4684,15584,4,18,7672,7451066,200,0,382,0,0,1034,2999
1096,2026-08-04T06:01:18Z,1785823278823123271,1100,4684,15584,4,18,7680,7451861,200,0,382,0,0,1034,2999
1097,2026-08-04T06:01:19Z,1785823279827343436,1101,4684,15584,4,18,7686,7452657,200,0,382,0,0,1034,2999
1098,2026-08-04T06:01:20Z,1785823280830776708,1102,4684,15584,4,18,7694,7453453,200,0,382,0,0,1034,2999
1099,2026-08-04T06:01:21Z,1785823281834919238,1103,4684,15584,4,18,7702,7454249,200,0,382,0,0,1034,3000
1100,2026-08-04T06:01:22Z,1785823282839350206,1104,4684,15584,4,18,7709,7455047,200,0,382,0,0,1034,3000
1101,2026-08-04T06:01:23Z,1785823283842225211,1105,4684,15584,4,18,7716,7455842,200,0,382,0,0,1034,3000
1102,2026-08-04T06:01:24Z,1785823284846271507,1106,4684,15584,4,18,7724,7456636,200,0,382,0,0,1034,3001
1103,2026-08-04T06:01:25Z,1785823285850198362,1107,4684,15584,4,18,7732,7457430,200,0,382,0,0,1034,3001
1104,2026-08-04T06:01:26Z,1785823286854373665,1108,4684,15584,4,18,7739,7458223,200,0,382,0,0,1034,3002
1105,2026-08-04T06:01:27Z,1785823287858634115,1109,4684,15584,4,18,7747,7459015,200,0,382,0,0,1034,3002
1106,2026-08-04T06:01:28Z,1785823288862428563,1110,4684,15584,4,18,7754,7459810,200,0,382,0,0,1034,3002
1107,2026-08-04T06:01:29Z,1785823289866975863,1111,4684,15584,4,18,7763,7460605,200,0,382,0,0,1034,3003
1108,2026-08-04T06:01:30Z,1785823290870848803,1112,4684,15584,4,18,7770,7461397,200,0,382,0,0,1034,3004
1109,2026-08-04T06:01:31Z,1785823291874028705,1113,4684,15584,4,18,7779,7462190,200,0,382,0,0,1034,3005
1110,2026-08-04T06:01:32Z,1785823292878071736,1114,4684,15584,4,18,7786,7462984,200,0,382,0,0,1034,3006
1111,2026-08-04T06:01:33Z,1785823293881953205,1115,4684,15584,4,18,7794,7463780,200,0,382,0,0,1034,3007
1112,2026-08-04T06:01:34Z,1785823294885945640,1116,4684,15584,4,18,7801,7464575,200,0,382,0,0,1034,3008
1113,2026-08-04T06:01:35Z,1785823295890119894,1117,4684,15584,4,18,7808,7465368,200,0,382,0,0,1034,3009
1114,2026-08-04T06:01:36Z,1785823296894694868,1118,4684,15584,4,18,7817,7466163,200,0,383,0,0,1034,3009
1115,2026-08-04T06:01:37Z,1785823297897373463,1119,4684,15584,4,18,7824,7466956,200,0,383,0,0,1034,3009
1116,2026-08-04T06:01:38Z,1785823298900947357,1120,4684,15584,4,18,7832,7467752,200,0,383,0,0,1034,3009
1117,2026-08-04T06:01:39Z,1785823299905320813,1121,4684,15584,4,18,7839,7468549,200,0,383,0,0,1034,3010
1118,2026-08-04T06:01:40Z,1785823300908746364,1122,4684,15584,4,18,7846,7469342,200,0,383,0,0,1034,3010
1119,2026-08-04T06:01:41Z,1785823301912025853,1123,4684,15584,4,18,7854,7470137,200,0,383,0,0,1034,3010
1120,2026-08-04T06:01:42Z,1785823302915420942,1124,4684,15584,4,18,7862,7470931,200,0,383,0,0,1034,3010
1121,2026-08-04T06:01:43Z,1785823303919849255,1125,4684,15584,4,18,7870,7471724,200,0,383,0,0,1034,3011
1122,2026-08-04T06:01:44Z,1785823304923403573,1126,4684,15584,4,18,7878,7472522,200,0,383,0,0,1034,3011
1123,2026-08-04T06:01:45Z,1785823305926903490,1127,4684,15584,4,18,7885,7473311,200,0,383,0,0,1034,3011
1124,2026-08-04T06:01:46Z,1785823306930386378,1128,4684,15584,4,18,7893,7474107,200,0,383,0,0,1034,3012
1125,2026-08-04T06:01:47Z,1785823307933184117,1129,4684,15584,4,18,7901,7474903,200,0,383,0,0,1034,3013
1126,2026-08-04T06:01:48Z,1785823308937087100,1130,4684,15584,4,18,7908,7475699,200,0,383,0,0,1034,3014
1127,2026-08-04T06:01:49Z,1785823309941177057,1131,4684,15584,4,18,7915,7476495,200,0,383,0,0,1034,3015
1128,2026-08-04T06:01:50Z,1785823310945470819,1132,4684,15584,4,18,7923,7477289,200,0,383,0,0,1034,3015
1129,2026-08-04T06:01:51Z,1785823311949682300,1133,4684,15584,4,18,7930,7478084,200,0,383,0,0,1034,3016
1130,2026-08-04T06:01:52Z,1785823312953527511,1134,4684,15584,4,18,7938,7478879,200,0,383,0,0,1034,3017
1131,2026-08-04T06:01:53Z,1785823313957106079,1135,4684,15584,4,18,7946,7479675,200,0,383,0,0,1034,3018
1132,2026-08-04T06:01:54Z,1785823314961063003,1136,4684,15584,4,18,7953,7480471,200,0,383,0,0,1034,3019
1133,2026-08-04T06:01:55Z,1785823315965039136,1137,4684,15584,4,18,7961,7481263,200,0,383,0,0,1034,3020
1134,2026-08-04T06:01:56Z,1785823316969534230,1138,4684,15584,4,18,7968,7482057,200,0,383,0,0,1034,3021
1135,2026-08-04T06:01:57Z,1785823317972489020,1139,4684,15584,4,18,7976,7482852,200,0,383,0,0,1034,3022
1136,2026-08-04T06:01:58Z,1785823318976547945,1140,4684,15584,4,18,7983,7483648,200,0,383,0,0,1034,3022
1137,2026-08-04T06:01:59Z,1785823319981702139,1141,4684,15584,4,18,7991,7484443,200,0,383,0,0,1034,3023
1138,2026-08-04T06:02:00Z,1785823320984937607,1142,4684,15584,4,18,7998,7485240,200,0,383,0,0,1034,3023
1139,2026-08-04T06:02:01Z,1785823321989520783,1143,4684,15584,4,18,8007,7486036,200,0,383,0,0,1034,3023
1140,2026-08-04T06:02:02Z,1785823322992769000,1144,4684,15584,4,18,8015,7486830,200,0,383,0,0,1034,3023
1141,2026-08-04T06:02:03Z,1785823323997375706,1145,4684,15584,4,18,8023,7487626,200,0,383,0,0,1034,3023
1142,2026-08-04T06:02:04Z,1785823325000229105,1147,4684,15584,4,18,8030,7488421,200,0,383,0,0,1034,3023
1143,2026-08-04T06:02:06Z,1785823326004539821,1148,4684,15584,4,18,8038,7489214,200,0,383,0,0,1034,3023
1144,2026-08-04T06:02:07Z,1785823327007500403,1149,4684,15584,4,18,8045,7490010,200,0,383,0,0,1034,3024
1145,2026-08-04T06:02:08Z,1785823328011787947,1150,4684,15584,4,18,8052,7490805,200,0,383,0,0,1034,3025
1146,2026-08-04T06:02:09Z,1785823329014837153,1151,4684,15584,4,18,8060,7491601,200,0,383,0,0,1034,3025
1147,2026-08-04T06:02:10Z,1785823330019115911,1152,4684,15584,4,18,8068,7492397,200,0,383,0,0,1034,3026
1148,2026-08-04T06:02:11Z,1785823331023461110,1153,4684,15584,4,18,8076,7493193,200,0,383,0,0,1034,3026
1149,2026-08-04T06:02:12Z,1785823332027256407,1154,4684,15584,4,18,8083,7493988,200,0,383,0,0,1034,3027
1150,2026-08-04T06:02:13Z,1785823333031367572,1155,4684,15584,4,18,8090,7494783,200,0,383,0,0,1034,3027
1151,2026-08-04T06:02:14Z,1785823334035566456,1156,4680,15584,4,17,8099,7495576,200,0,383,0,0,1034,3027
1152,2026-08-04T06:02:15Z,1785823335040075362,1157,4672,15584,4,15,8106,7496374,200,0,383,0,0,1034,3028
1153,2026-08-04T06:02:16Z,1785823336042845570,1158,4648,15584,4,14,8110,7497173,200,0,383,0,0,1034,3029
1154,2026-08-04T06:02:17Z,1785823337046185525,1159,4640,15584,4,12,8112,7497971,200,0,383,0,0,1034,3029
1155,2026-08-04T06:02:18Z,1785823338049220402,1160,4312,15584,4,10,8112,7498775,200,0,383,0,0,1034,3029
1156,2026-08-04T06:02:19Z,1785823339053000642,1161,4312,15584,4,10,8112,7499578,200,0,383,0,0,1034,3029
1157,2026-08-04T06:02:20Z,1785823340057149672,1162,4312,15584,4,10,8112,7500379,200,0,383,0,0,1034,3029
1158,2026-08-04T06:02:21Z,1785823341061137211,1163,4312,15584,4,10,8112,7501182,200,0,383,0,0,1034,3029
1159,2026-08-04T06:02:22Z,1785823342065087963,1164,4312,15584,4,10,8113,7501984,200,0,383,0,0,1034,3029
1160,2026-08-04T06:02:23Z,1785823343069120468,1165,4316,15584,4,11,8113,7502788,200,0,383,0,0,1034,3029
1161,2026-08-04T06:02:24Z,1785823344073253256,1166,4320,15584,4,12,8113,7503590,200,0,383,0,0,1034,3029
1162,2026-08-04T06:02:25Z,1785823345077157940,1167,4344,15584,4,13,8115,7504389,200,0,383,0,0,1034,3029
1163,2026-08-04T06:02:26Z,1785823346081547947,1168,4348,15584,4,14,8120,7505187,200,0,383,0,0,1034,3029
1164,2026-08-04T06:02:27Z,1785823347085009797,1169,4672,15584,4,15,8128,7505982,200,0,383,0,0,1034,3029
1165,2026-08-04T06:02:28Z,1785823348088129318,1170,6664,17716,4,24,8142,7506775,200,0,385,0,0,1142,3130
1166,2026-08-04T06:02:29Z,1785823349092626379,1171,6656,17716,4,22,8150,7507573,200,0,385,0,0,1142,3130
1167,2026-08-04T06:02:30Z,1785823350096508223,1172,6656,17716,4,22,8158,7508369,200,0,385,0,0,1142,3131
1168,2026-08-04T06:02:31Z,1785823351100366729,1173,6656,17716,4,22,8166,7509163,200,0,385,0,0,1142,3132
1169,2026-08-04T06:02:32Z,1785823352103728122,1174,6656,17716,4,22,8174,7509959,200,0,385,0,0,1142,3133
1170,2026-08-04T06:02:33Z,1785823353108050152,1175,6656,17716,4,22,8181,7510754,200,0,385,0,0,1142,3134
1171,2026-08-04T06:02:34Z,1785823354112275058,1176,6656,17716,4,22,8189,7511552,200,0,385,0,0,1142,3135
1172,2026-08-04T06:02:35Z,1785823355116609900,1177,6656,17716,4,22,8197,7512346,200,0,385,0,0,1142,3136
1173,2026-08-04T06:02:36Z,1785823356120534831,1178,6656,17716,4,22,8204,7513143,200,0,385,0,0,1144,3137
1174,2026-08-04T06:02:37Z,1785823357125061524,1179,6656,17716,4,22,8212,7513940,200,0,385,0,0,1144,3138
1175,2026-08-04T06:02:38Z,1785823358128432250,1180,6656,17716,4,22,8220,7514734,200,0,385,0,0,1144,3138
1176,2026-08-04T06:02:39Z,1785823359132507144,1181,6656,17716,4,22,8228,7515529,200,0,385,0,0,1144,3138
1177,2026-08-04T06:02:40Z,1785823360137226105,1182,6656,17716,4,22,8236,7516325,200,0,385,0,0,1144,3138
1178,2026-08-04T06:02:41Z,1785823361140664508,1183,6656,17716,4,22,8243,7517120,200,0,385,0,0,1144,3138
1179,2026-08-04T06:02:42Z,1785823362143963260,1184,6656,17716,4,22,8251,7517915,200,0,385,0,0,1144,3139
1180,2026-08-04T06:02:43Z,1785823363148271228,1185,6656,17716,4,22,8258,7518711,200,0,385,0,0,1144,3139
1181,2026-08-04T06:02:44Z,1785823364152894397,1186,6656,17716,4,22,8267,7519507,200,0,385,0,0,1144,3140
1182,2026-08-04T06:02:45Z,1785823365156544460,1187,6656,17716,4,22,8274,7520306,200,0,385,0,0,1144,3141
1183,2026-08-04T06:02:46Z,1785823366159417601,1188,6656,17716,4,22,8282,7521100,200,0,385,0,0,1144,3141
1184,2026-08-04T06:02:47Z,1785823367163093640,1189,6656,17716,4,22,8289,7521894,200,0,385,0,0,1144,3141
1185,2026-08-04T06:02:48Z,1785823368166974782,1190,6656,17716,4,22,8297,7522690,200,0,385,0,0,1144,3141
1186,2026-08-04T06:02:49Z,1785823369171092979,1191,6656,17716,4,22,8304,7523486,200,0,385,0,0,1144,3141
1187,2026-08-04T06:02:50Z,1785823370175242346,1192,6656,17716,4,22,8312,7524282,200,0,385,0,0,1144,3141
1188,2026-08-04T06:02:51Z,1785823371179386774,1193,6656,17716,4,22,8320,7525079,200,0,385,0,0,1144,3141
1189,2026-08-04T06:02:52Z,1785823372183235977,1194,6656,17716,4,22,8328,7525874,200,0,385,0,0,1144,3141
1190,2026-08-04T06:02:53Z,1785823373187420135,1195,6656,17716,4,22,8335,7526668,200,0,385,0,0,1144,3141
1191,2026-08-04T06:02:54Z,1785823374191265102,1196,6656,17716,4,22,8343,7527465,200,0,385,0,0,1144,3142
1192,2026-08-04T06:02:55Z,1785823375195693556,1197,6656,17716,4,22,8351,7528260,200,0,385,0,0,1144,3142
1193,2026-08-04T06:02:56Z,1785823376199069309,1198,6656,17716,4,22,8358,7529052,200,0,385,0,0,1144,3143
1194,2026-08-04T06:02:57Z,1785823377201966453,1199,6656,17716,4,22,8365,7529848,200,0,385,0,0,1144,3143
1195,2026-08-04T06:02:58Z,1785823378205830814,1200,6640,17716,4,18,8373,7530644,200,0,384,0,0,1144,3143
1196,2026-08-04T06:02:59Z,1785823379209710518,1201,6640,17716,4,18,8381,7531442,200,0,384,0,0,1144,3143
1197,2026-08-04T06:03:00Z,1785823380214520172,1202,6640,17716,4,18,8389,7532237,200,0,384,0,0,1144,3144
1198,2026-08-04T06:03:01Z,1785823381218250561,1203,6640,17716,4,18,8396,7533031,200,0,384,0,0,1144,3144
1199,2026-08-04T06:03:02Z,1785823382221596197,1204,6640,17716,4,18,8404,7533826,200,0,384,0,0,1144,3145
1200,2026-08-04T06:03:03Z,1785823383225711000,1205,6640,17716,4,18,8413,7534619,200,0,384,0,0,1144,3146
1201,2026-08-04T06:03:04Z,1785823384230301576,1206,6640,17716,4,18,8420,7535414,200,0,384,0,0,1144,3147
1202,2026-08-04T06:03:05Z,1785823385233289535,1207,6640,17716,4,18,8428,7536210,200,0,384,0,0,1144,3147
1203,2026-08-04T06:03:06Z,1785823386237754116,1208,6640,17716,4,18,8435,7537003,200,0,384,0,0,1144,3147
1204,2026-08-04T06:03:07Z,1785823387240883795,1209,6640,17716,4,18,8443,7537800,200,0,384,0,0,1144,3147
1205,2026-08-04T06:03:08Z,1785823388244728914,1210,6640,17716,4,18,8451,7538597,200,0,384,0,0,1144,3148
1206,2026-08-04T06:03:09Z,1785823389249020258,1211,6640,17716,4,18,8458,7539394,200,0,384,0,0,1144,3148
1207,2026-08-04T06:03:10Z,1785823390252139127,1212,6640,17716,4,18,8465,7540187,200,0,384,0,0,1144,3149
1208,2026-08-04T06:03:11Z,1785823391256174130,1213,6640,17716,4,18,8473,7540983,200,0,384,0,0,1144,3149
1209,2026-08-04T06:03:12Z,1785823392260201598,1214,6640,17716,4,18,8480,7541778,200,0,384,0,0,1144,3149
1210,2026-08-04T06:03:13Z,1785823393264061459,1215,6640,17716,4,18,8488,7542574,200,0,384,0,0,1144,3149
1211,2026-08-04T06:03:14Z,1785823394267856547,1216,6640,17716,4,18,8495,7543370,200,0,384,0,0,1144,3149
1212,2026-08-04T06:03:15Z,1785823395272100972,1217,6640,17716,4,18,8504,7544164,200,0,384,0,0,1144,3150
1213,2026-08-04T06:03:16Z,1785823396275077677,1218,6640,17716,4,18,8511,7544962,200,0,384,0,0,1144,3150
1214,2026-08-04T06:03:17Z,1785823397279359658,1219,6640,17716,4,18,8519,7545759,200,0,384,0,0,1144,3151
1215,2026-08-04T06:03:18Z,1785823398283228049,1220,6640,17716,4,18,8527,7546557,200,0,384,0,0,1144,3152
1216,2026-08-04T06:03:19Z,1785823399287239807,1221,6640,17716,4,18,8534,7547353,200,0,384,0,0,1144,3152
1217,2026-08-04T06:03:20Z,1785823400291200369,1222,6640,17716,4,18,8542,7548149,200,0,384,0,0,1144,3153
1218,2026-08-04T06:03:21Z,1785823401295290263,1223,6640,17716,4,18,8549,7548947,200,0,384,0,0,1144,3154
1219,2026-08-04T06:03:22Z,1785823402299019205,1224,6640,17716,4,18,8556,7549741,200,0,384,0,0,1144,3154
1220,2026-08-04T06:03:23Z,1785823403302295073,1225,6640,17716,4,18,8564,7550538,200,0,384,0,0,1144,3154
1221,2026-08-04T06:03:24Z,1785823404307177367,1226,6640,17716,4,18,8572,7551334,200,0,384,0,0,1144,3154
1222,2026-08-04T06:03:25Z,1785823405311046507,1227,6640,17716,4,18,8579,7552129,200,0,384,0,0,1144,3154
1223,2026-08-04T06:03:26Z,1785823406315194296,1228,6640,17716,4,18,8587,7552925,200,0,384,0,0,1144,3154
1224,2026-08-04T06:03:27Z,1785823407319400283,1229,6640,17716,4,18,8595,7553720,200,0,384,0,0,1144,3155
1225,2026-08-04T06:03:28Z,1785823408323463728,1230,6640,17716,4,18,8603,7554517,200,0,384,0,0,1144,3156
1226,2026-08-04T06:03:29Z,1785823409327696876,1231,6640,17716,4,18,8611,7555313,200,0,384,0,0,1144,3157
1227,2026-08-04T06:03:30Z,1785823410332382402,1232,6640,17716,4,18,8618,7556108,200,0,384,0,0,1144,3157
1228,2026-08-04T06:03:31Z,1785823411336425674,1233,6640,17716,4,18,8627,7556903,200,0,384,0,0,1144,3157
1229,2026-08-04T06:03:32Z,1785823412339898248,1234,6640,17716,4,18,8635,7557701,200,0,384,0,0,1144,3157
1230,2026-08-04T06:03:33Z,1785823413342829218,1235,6640,17716,4,18,8643,7558493,200,0,384,0,0,1144,3158
1231,2026-08-04T06:03:34Z,1785823414346999486,1236,6640,17716,4,18,8650,7559291,200,0,384,0,0,1144,3158
1232,2026-08-04T06:03:35Z,1785823415350798534,1237,6640,17716,4,18,8658,7560087,200,0,384,0,0,1144,3159
1233,2026-08-04T06:03:36Z,1785823416355345927,1238,6640,17716,4,18,8665,7560881,200,0,384,0,0,1144,3160
1234,2026-08-04T06:03:37Z,1785823417358373420,1239,6640,17716,4,18,8673,7561676,200,0,384,0,0,1144,3160
1235,2026-08-04T06:03:38Z,1785823418362351398,1240,6640,17716,4,18,8681,7562473,200,0,384,0,0,1144,3161
1236,2026-08-04T06:03:39Z,1785823419366280137,1241,6640,17716,4,18,8688,7563269,200,0,384,0,0,1144,3161
1237,2026-08-04T06:03:40Z,1785823420370340602,1242,6640,17716,4,18,8695,7564065,200,0,384,0,0,1144,3161
1238,2026-08-04T06:03:41Z,1785823421374958016,1243,6640,17716,4,18,8703,7564861,200,0,384,0,0,1144,3161
1239,2026-08-04T06:03:42Z,1785823422378074220,1244,6640,17716,4,18,8711,7565654,200,0,384,0,0,1144,3162
1240,2026-08-04T06:03:43Z,1785823423382135084,1245,6640,17716,4,18,8719,7566450,200,0,384,0,0,1144,3162
1241,2026-08-04T06:03:44Z,1785823424386305425,1246,6640,17716,4,18,8726,7567244,200,0,384,0,0,1144,3162
1242,2026-08-04T06:03:45Z,1785823425390640779,1247,6640,17716,4,18,8734,7568039,200,0,384,0,0,1144,3163
1243,2026-08-04T06:03:46Z,1785823426393778073,1248,6640,17716,4,18,8742,7568834,200,0,384,0,0,1144,3164
1244,2026-08-04T06:03:47Z,1785823427397477645,1249,6640,17716,4,18,8749,7569630,200,0,384,0,0,1144,3165
1245,2026-08-04T06:03:48Z,1785823428401051399,1250,6640,17716,4,18,8757,7570426,200,0,384,0,0,1144,3166
1246,2026-08-04T06:03:49Z,1785823429404672563,1251,6640,17716,4,18,8764,7571223,200,0,384,0,0,1144,3166
1247,2026-08-04T06:03:50Z,1785823430408859669,1252,6640,17716,4,18,8771,7572021,200,0,384,0,0,1144,3166
1248,2026-08-04T06:03:51Z,1785823431413063935,1253,6640,17716,4,18,8779,7572817,200,0,384,0,0,1144,3167
1249,2026-08-04T06:03:52Z,1785823432417037543,1254,6640,17716,4,18,8787,7573614,200,0,384,0,0,1144,3168
1250,2026-08-04T06:03:53Z,1785823433420764285,1255,6640,17716,4,18,8794,7574407,200,0,384,0,0,1144,3169
1251,2026-08-04T06:03:54Z,1785823434425200163,1256,6640,17716,4,18,8801,7575204,200,0,384,0,0,1144,3170
1252,2026-08-04T06:03:55Z,1785823435428429937,1257,6640,17716,4,18,8809,7576000,200,0,384,0,0,1144,3171
1253,2026-08-04T06:03:56Z,1785823436432385585,1258,6640,17716,4,18,8817,7576796,200,0,384,0,0,1144,3171
1254,2026-08-04T06:03:57Z,1785823437436227968,1259,6640,17716,4,18,8824,7577589,200,0,384,0,0,1144,3172
1255,2026-08-04T06:03:58Z,1785823438440113604,1260,6640,17716,4,18,8832,7578385,200,0,384,0,0,1144,3172
1256,2026-08-04T06:03:59Z,1785823439444013565,1261,6640,17716,4,18,8839,7579179,200,0,384,0,0,1144,3172
1257,2026-08-04T06:04:00Z,1785823440448934056,1262,6640,17716,4,18,8847,7579978,200,0,384,0,0,1144,3173
1258,2026-08-04T06:04:01Z,1785823441452860030,1263,6640,17716,4,18,8855,7580774,200,0,384,0,0,1144,3173
1259,2026-08-04T06:04:02Z,1785823442457000107,1264,6640,17716,4,18,8863,7581570,200,0,384,0,0,1144,3173
1260,2026-08-04T06:04:03Z,1785823443460637170,1265,6640,17716,4,18,8871,7582366,200,0,384,0,0,1144,3174
1261,2026-08-04T06:04:04Z,1785823444463940641,1266,6640,17716,4,18,8879,7583158,200,0,384,0,0,1144,3175
1262,2026-08-04T06:04:05Z,1785823445468455774,1267,6640,17716,4,18,8887,7583952,200,0,384,0,0,1144,3176
1263,2026-08-04T06:04:06Z,1785823446471361799,1268,6640,17716,4,18,8894,7584746,200,0,384,0,0,1144,3176
1264,2026-08-04T06:04:07Z,1785823447475322634,1269,6640,17716,4,18,8901,7585542,200,0,384,0,0,1144,3177
1265,2026-08-04T06:04:08Z,1785823448479282728,1270,6640,17716,4,18,8909,7586338,200,0,384,0,0,1144,3177
1266,2026-08-04T06:04:09Z,1785823449483417301,1271,6640,17716,4,18,8917,7587134,200,0,384,0,0,1144,3178
1267,2026-08-04T06:04:10Z,1785823450487403998,1272,6640,17716,4,18,8924,7587930,200,0,384,0,0,1144,3178
1268,2026-08-04T06:04:11Z,1785823451491114020,1273,6640,17716,4,18,8932,7588729,200,0,384,0,0,1144,3178
1269,2026-08-04T06:04:12Z,1785823452495135708,1274,6640,17716,4,18,8939,7589524,200,0,384,0,0,1144,3178
1270,2026-08-04T06:04:13Z,1785823453498874277,1275,6640,17716,4,18,8947,7590321,200,0,384,0,0,1144,3179
1271,2026-08-04T06:04:14Z,1785823454503059556,1276,6640,17716,4,18,8955,7591117,200,0,384,0,0,1144,3180
1272,2026-08-04T06:04:15Z,1785823455507469360,1277,6640,17716,4,18,8963,7591912,200,0,384,0,0,1144,3181
1273,2026-08-04T06:04:16Z,1785823456511076022,1278,6640,17716,4,18,8970,7592710,200,0,384,0,0,1144,3182
1274,2026-08-04T06:04:17Z,1785823457514182023,1279,6640,17716,4,18,8978,7593504,200,0,384,0,0,1144,3183
1275,2026-08-04T06:04:18Z,1785823458518136908,1280,6640,17716,4,18,8985,7594300,200,0,384,0,0,1144,3184
1276,2026-08-04T06:04:19Z,1785823459522400382,1281,6640,17716,4,18,8993,7595098,200,0,384,0,0,1144,3184
1277,2026-08-04T06:04:20Z,1785823460526339854,1282,6640,17716,4,18,9001,7595893,200,0,384,0,0,1144,3185
1278,2026-08-04T06:04:21Z,1785823461530152530,1283,6640,17716,4,18,9008,7596690,200,0,384,0,0,1144,3185
1279,2026-08-04T06:04:22Z,1785823462533608450,1284,6640,17716,4,18,9015,7597487,200,0,384,0,0,1144,3186
1280,2026-08-04T06:04:23Z,1785823463537645457,1285,6636,17716,4,17,9023,7598284,200,0,384,0,0,1144,3187
1281,2026-08-04T06:04:24Z,1785823464541074401,1286,6632,17716,4,16,9029,7599082,200,0,384,0,0,1144,3188
1282,2026-08-04T06:04:25Z,1785823465544497275,1287,6584,17716,4,14,9034,7599880,200,0,384,0,0,1144,3189
1283,2026-08-04T06:04:26Z,1785823466547709724,1288,6576,17716,4,12,9035,7600683,200,0,384,0,0,1144,3189
1284,2026-08-04T06:04:27Z,1785823467551606663,1289,6248,17716,4,10,9035,7601485,200,0,384,0,0,1144,3189
1285,2026-08-04T06:04:28Z,1785823468555738611,1290,6248,17716,4,10,9035,7602288,200,0,384,0,0,1144,3189
1286,2026-08-04T06:04:29Z,1785823469559908039,1291,6248,17716,4,10,9035,7603091,200,0,384,0,0,1144,3189
1287,2026-08-04T06:04:30Z,1785823470563493421,1292,6248,17716,4,10,9035,7603893,200,0,384,0,0,1144,3189
1288,2026-08-04T06:04:31Z,1785823471566824439,1293,6248,17716,4,10,9035,7604696,200,0,384,0,0,1144,3189
1289,2026-08-04T06:04:32Z,1785823472569949847,1294,6252,17716,4,11,9035,7605497,200,0,384,0,0,1144,3189
1290,2026-08-04T06:04:33Z,1785823473574523491,1295,6256,17716,4,12,9036,7606298,200,0,384,0,0,1144,3189
1291,2026-08-04T06:04:34Z,1785823474578417659,1296,6280,17716,4,13,9039,7607097,200,0,384,0,0,1144,3189
1292,2026-08-04T06:04:35Z,1785823475582619855,1297,6284,17716,4,14,9044,7607895,200,0,384,0,0,1144,3189
1293,2026-08-04T06:04:36Z,1785823476586723088,1298,6608,17716,4,15,9052,7608690,200,0,384,0,0,1144,3189
1294,2026-08-04T06:04:37Z,1785823477590568008,1299,6620,17716,4,18,9059,7609483,200,0,384,0,0,1144,3190
1295,2026-08-04T06:04:38Z,1785823478594821322,1300,6620,17716,4,18,9068,7610282,200,0,384,0,0,1144,3191
1296,2026-08-04T06:04:39Z,1785823479598296756,1301,6620,17716,4,18,9075,7611075,200,0,384,0,0,1144,3191
1297,2026-08-04T06:04:40Z,1785823480602098571,1302,6620,17716,4,18,9083,7611870,200,0,384,0,0,1144,3192
1298,2026-08-04T06:04:41Z,1785823481606185479,1303,6620,17716,4,18,9091,7612667,200,0,384,0,0,1144,3192
1299,2026-08-04T06:04:42Z,1785823482610091819,1304,6620,17716,4,18,9099,7613465,200,0,384,0,0,1144,3193
1300,2026-08-04T06:04:43Z,1785823483614142752,1305,6620,17716,4,18,9106,7614261,200,0,384,0,0,1144,3194
1301,2026-08-04T06:04:44Z,1785823484619196406,1306,6620,17716,4,18,9114,7615057,200,0,384,0,0,1144,3195
1302,2026-08-04T06:04:45Z,1785823485622728614,1307,6620,17716,4,18,9121,7615854,200,0,384,0,0,1144,3196
1303,2026-08-04T06:04:46Z,1785823486625550095,1308,6620,17716,4,18,9129,7616648,200,0,384,0,0,1144,3197
1304,2026-08-04T06:04:47Z,1785823487630353186,1309,6620,17716,4,18,9136,7617446,200,0,384,0,0,1144,3198
1305,2026-08-04T06:04:48Z,1785823488633390012,1310,6620,17716,4,18,9144,7618239,200,0,384,0,0,1144,3198
1306,2026-08-04T06:04:49Z,1785823489637755852,1311,6620,17716,4,18,9152,7619036,200,0,384,0,0,1144,3198
1307,2026-08-04T06:04:50Z,1785823490641116067,1312,6620,17716,4,18,9159,7619832,200,0,384,0,0,1144,3199
1308,2026-08-04T06:04:51Z,1785823491644942183,1313,6620,17716,4,18,9167,7620627,200,0,384,0,0,1144,3200
1309,2026-08-04T06:04:52Z,1785823492649319029,1314,6620,17716,4,18,9174,7621421,200,0,384,0,0,1144,3201
1310,2026-08-04T06:04:53Z,1785823493652108661,1315,6620,17716,4,18,9182,7622218,200,0,384,0,0,1144,3202
1311,2026-08-04T06:04:54Z,1785823494656345002,1316,6620,17716,4,18,9190,7623016,200,0,384,0,0,1144,3203
1312,2026-08-04T06:04:55Z,1785823495659399014,1317,6620,17716,4,18,9197,7623811,200,0,384,0,0,1144,3204
1313,2026-08-04T06:04:56Z,1785823496663830356,1318,6620,17716,4,18,9205,7624607,200,0,384,0,0,1144,3204
1314,2026-08-04T06:04:57Z,1785823497667952527,1319,6620,17716,4,18,9212,7625405,200,0,384,0,0,1144,3205
1315,2026-08-04T06:04:58Z,1785823498670575046,1320,6620,17716,4,18,9220,7626201,200,0,385,0,0,1144,3206
1316,2026-08-04T06:04:59Z,1785823499675677440,1321,6620,17716,4,18,9228,7626999,200,0,385,0,0,1144,3207
1317,2026-08-04T06:05:00Z,1785823500679385065,1322,6620,17716,4,18,9236,7627792,200,0,385,0,0,1144,3208
1318,2026-08-04T06:05:01Z,1785823501683733502,1323,6620,17716,4,18,9243,7628591,200,0,385,0,0,1144,3208
1319,2026-08-04T06:05:02Z,1785823502688407760,1324,6620,17716,4,18,9251,7629386,200,0,385,0,0,1144,3209
1320,2026-08-04T06:05:03Z,1785823503691068043,1325,6620,17716,4,18,9260,7630180,200,0,385,0,0,1144,3210
1321,2026-08-04T06:05:04Z,1785823504694615133,1326,6620,17716,4,18,9268,7630975,200,0,385,0,0,1144,3211
1322,2026-08-04T06:05:05Z,1785823505698054134,1327,6620,17716,4,18,9275,7631770,200,0,385,0,0,1144,3211
1323,2026-08-04T06:05:06Z,1785823506701194521,1328,6620,17716,4,18,9283,7632566,200,0,385,0,0,1144,3212
1324,2026-08-04T06:05:07Z,1785823507705569328,1329,6616,17716,4,17,9291,7633361,200,0,385,0,0,1144,3213
1325,2026-08-04T06:05:08Z,1785823508708448275,1330,6616,17716,4,17,9299,7634157,200,0,385,0,0,1144,3213
1326,2026-08-04T06:05:09Z,1785823509712523972,1331,6616,17716,4,17,9307,7634953,200,0,385,0,0,1144,3214
1327,2026-08-04T06:05:10Z,1785823510716968793,1332,6616,17716,4,17,9314,7635748,200,0,385,0,0,1144,3215
1328,2026-08-04T06:05:11Z,1785823511720344655,1333,6616,17716,4,17,9322,7636545,200,0,385,0,0,1144,3215
1329,2026-08-04T06:05:12Z,1785823512723492095,1334,6616,17716,4,17,9330,7637341,200,0,385,0,0,1144,3215
1330,2026-08-04T06:05:13Z,1785823513728058271,1335,6616,17716,4,17,9338,7638135,200,0,385,0,0,1144,3216
1331,2026-08-04T06:05:14Z,1785823514731976665,1336,6616,17716,4,17,9346,7638933,200,0,385,0,0,1144,3217
1332,2026-08-04T06:05:15Z,1785823515735437529,1337,6616,17716,4,17,9353,7639727,200,0,385,0,0,1144,3217
1333,2026-08-04T06:05:16Z,1785823516738420994,1338,6616,17716,4,17,9361,7640522,200,0,385,0,0,1144,3217
1334,2026-08-04T06:05:17Z,1785823517742237813,1339,6616,17716,4,17,9368,7641320,200,0,385,0,0,1144,3217
1335,2026-08-04T06:05:18Z,1785823518746222916,1340,6616,17716,4,17,9376,7642115,200,0,385,0,0,1144,3218
1336,2026-08-04T06:05:19Z,1785823519750313643,1341,6616,17716,4,17,9383,7642914,200,0,385,0,0,1144,3218
1337,2026-08-04T06:05:20Z,1785823520754766874,1342,6616,17716,4,17,9391,7643713,200,0,385,0,0,1144,3219
1338,2026-08-04T06:05:21Z,1785823521757465218,1343,6616,17716,4,17,9399,7644506,200,0,385,0,0,1144,3220
1339,2026-08-04T06:05:22Z,1785823522761333205,1344,6616,17716,4,17,9406,7645302,200,0,385,0,0,1144,3221
1340,2026-08-04T06:05:23Z,1785823523765261966,1345,6616,17716,4,17,9413,7646096,200,0,385,0,0,1144,3222
1341,2026-08-04T06:05:24Z,1785823524769251675,1346,6616,17716,4,17,9420,7646892,200,0,385,0,0,1144,3223
1342,2026-08-04T06:05:25Z,1785823525773191091,1347,6616,17716,4,17,9428,7647685,200,0,385,0,0,1144,3223
1343,2026-08-04T06:05:26Z,1785823526777097914,1348,6616,17716,4,17,9436,7648483,200,0,385,0,0,1144,3224
1344,2026-08-04T06:05:27Z,1785823527781198577,1349,6616,17716,4,17,9443,7649278,200,0,385,0,0,1144,3225
1345,2026-08-04T06:05:28Z,1785823528785479150,1350,6616,17716,4,17,9451,7650074,200,0,385,0,0,1144,3226
1346,2026-08-04T06:05:29Z,1785823529790212868,1351,6616,17716,4,17,9459,7650869,200,0,385,0,0,1144,3227
1347,2026-08-04T06:05:30Z,1785823530793957735,1352,6616,17716,4,17,9466,7651664,200,0,385,0,0,1144,3228
1348,2026-08-04T06:05:31Z,1785823531796714410,1353,6616,17716,4,17,9474,7652459,200,0,385,0,0,1144,3228
1349,2026-08-04T06:05:32Z,1785823532800896396,1354,6616,17716,4,17,9481,7653256,200,0,385,0,0,1144,3229
1350,2026-08-04T06:05:33Z,1785823533805077337,1355,6616,17716,4,17,9489,7654053,200,0,385,0,0,1144,3230
1351,2026-08-04T06:05:34Z,1785823534809684464,1356,6616,17716,4,17,9497,7654850,200,0,385,0,0,1144,3231
1352,2026-08-04T06:05:35Z,1785823535812898732,1357,6616,17716,4,17,9505,7655644,200,0,385,0,0,1144,3231
1353,2026-08-04T06:05:36Z,1785823536817086995,1358,6616,17716,4,17,9512,7656439,200,0,385,0,0,1144,3232
1354,2026-08-04T06:05:37Z,1785823537821147012,1359,6616,17716,4,17,9521,7657235,200,0,385,0,0,1144,3232
1355,2026-08-04T06:05:38Z,1785823538825340155,1360,6616,17716,4,17,9528,7658032,200,0,385,0,0,1144,3233
1356,2026-08-04T06:05:39Z,1785823539829084733,1361,6616,17716,4,17,9535,7658827,200,0,385,0,0,1144,3234
1357,2026-08-04T06:05:40Z,1785823540833055879,1362,6616,17716,4,17,9543,7659621,200,0,385,0,0,1144,3235
1358,2026-08-04T06:05:41Z,1785823541838347817,1363,6616,17716,4,17,9551,7660416,200,0,385,0,0,1144,3236
1359,2026-08-04T06:05:42Z,1785823542840337628,1364,6616,17716,4,17,9559,7661211,200,0,385,0,0,1144,3237
1360,2026-08-04T06:05:43Z,1785823543845369344,1365,6616,17716,4,17,9566,7662005,200,0,385,0,0,1144,3237
1361,2026-08-04T06:05:44Z,1785823544849715056,1366,6616,17716,4,17,9574,7662800,200,0,385,0,0,1144,3238
1362,2026-08-04T06:05:45Z,1785823545853177076,1367,6616,17716,4,17,9582,7663596,200,0,385,0,0,1144,3238
1363,2026-08-04T06:05:46Z,1785823546856633260,1368,6616,17716,4,17,9590,7664390,200,0,385,0,0,1144,3239
1364,2026-08-04T06:05:47Z,1785823547859413777,1369,6616,17716,4,17,9597,7665186,200,0,385,0,0,1144,3240
1365,2026-08-04T06:05:48Z,1785823548864753091,1370,6616,17716,4,17,9605,7665981,200,0,385,0,0,1144,3241
1366,2026-08-04T06:05:49Z,1785823549867913540,1371,6616,17716,4,17,9612,7666776,200,0,385,0,0,1144,3242
1367,2026-08-04T06:05:50Z,1785823550872319907,1372,6616,17716,4,17,9620,7667572,200,0,385,0,0,1144,3243
1368,2026-08-04T06:05:51Z,1785823551875309335,1373,6616,17716,4,17,9627,7668368,200,0,385,0,0,1144,3244
1369,2026-08-04T06:05:52Z,1785823552878991446,1374,6616,17716,4,17,9635,7669164,200,0,385,0,0,1144,3244
1370,2026-08-04T06:05:53Z,1785823553883201427,1375,6616,17716,4,17,9643,7669960,200,0,385,0,0,1144,3244
1371,2026-08-04T06:05:54Z,1785823554887235814,1376,6616,17716,4,17,9649,7670755,200,0,385,0,0,1144,3245
1372,2026-08-04T06:05:55Z,1785823555891074955,1377,6616,17716,4,17,9658,7671554,200,0,385,0,0,1144,3245
1373,2026-08-04T06:05:56Z,1785823556894906994,1378,6616,17716,4,17,9666,7672349,200,0,385,0,0,1144,3246
1374,2026-08-04T06:05:57Z,1785823557898818390,1379,6616,17716,4,17,9673,7673144,200,0,385,0,0,1144,3247
1375,2026-08-04T06:05:58Z,1785823558902779162,1380,6616,17716,4,17,9680,7673940,200,0,385,0,0,1144,3248
1376,2026-08-04T06:05:59Z,1785823559908061975,1381,6616,17716,4,17,9688,7674735,200,0,385,0,0,1144,3248
1377,2026-08-04T06:06:00Z,1785823560911271746,1382,6616,17716,4,17,9696,7675531,200,0,385,0,0,1144,3249
1378,2026-08-04T06:06:01Z,1785823561914899994,1383,6616,17716,4,17,9704,7676327,200,0,385,0,0,1144,3250
1379,2026-08-04T06:06:02Z,1785823562918348108,1384,6616,17716,4,17,9711,7677119,200,0,385,0,0,1144,3251
1380,2026-08-04T06:06:03Z,1785823563921808538,1385,6616,17716,4,17,9720,7677913,200,0,385,0,0,1144,3252
1381,2026-08-04T06:06:04Z,1785823564924937819,1386,6616,17716,4,17,9727,7678709,200,0,385,0,0,1144,3253
1382,2026-08-04T06:06:05Z,1785823565928901698,1387,6616,17716,4,17,9734,7679502,200,0,385,0,0,1144,3254
1383,2026-08-04T06:06:06Z,1785823566933225999,1388,6616,17716,4,17,9742,7680299,200,0,385,0,0,1144,3255
1384,2026-08-04T06:06:07Z,1785823567936173157,1389,6616,17716,4,17,9750,7681094,200,0,385,0,0,1144,3255
1385,2026-08-04T06:06:08Z,1785823568940241047,1390,6616,17716,4,17,9757,7681891,200,0,385,0,0,1144,3255
1386,2026-08-04T06:06:09Z,1785823569944460998,1391,6616,17716,4,17,9764,7682685,200,0,385,0,0,1144,3255
1387,2026-08-04T06:06:10Z,1785823570948623924,1392,6616,17716,4,17,9773,7683481,200,0,385,0,0,1144,3256
1388,2026-08-04T06:06:11Z,1785823571953187127,1393,6616,17716,4,17,9780,7684279,200,0,385,0,0,1144,3257
1389,2026-08-04T06:06:12Z,1785823572956588478,1394,6616,17716,4,17,9788,7685075,200,0,385,0,0,1144,3258
1390,2026-08-04T06:06:13Z,1785823573959788485,1395,6616,17716,4,17,9795,7685867,200,0,385,0,0,1144,3259
1391,2026-08-04T06:06:14Z,1785823574964932890,1396,6616,17716,4,17,9803,7686663,200,0,385,0,0,1144,3260
1392,2026-08-04T06:06:15Z,1785823575968301873,1397,6616,17716,4,17,9810,7687460,200,0,385,0,0,1144,3261
1393,2026-08-04T06:06:16Z,1785823576972555180,1398,6616,17716,4,17,9818,7688255,200,0,385,0,0,1144,3262
1394,2026-08-04T06:06:17Z,1785823577975755846,1399,6616,17716,4,17,9826,7689051,200,0,385,0,0,1144,3262
1395,2026-08-04T06:06:18Z,1785823578980005592,1400,6616,17716,4,17,9834,7689847,200,0,385,0,0,1144,3263
1396,2026-08-04T06:06:19Z,1785823579984994054,1401,6616,17716,4,17,9841,7690642,200,0,385,0,0,1144,3264
1397,2026-08-04T06:06:20Z,1785823580988544216,1402,6616,17716,4,17,9849,7691435,200,0,385,0,0,1144,3265
1398,2026-08-04T06:06:21Z,1785823581991982838,1403,6616,17716,4,17,9857,7692227,200,0,385,0,0,1144,3266
1399,2026-08-04T06:06:22Z,1785823582995155418,1404,6616,17716,4,17,9864,7693024,200,0,385,0,0,1144,3267
1400,2026-08-04T06:06:23Z,1785823583998975940,1405,6616,17716,4,17,9871,7693819,200,0,385,0,0,1144,3268
1401,2026-08-04T06:06:25Z,1785823585003209137,1407,6616,17716,4,17,9879,7694615,200,0,385,0,0,1144,3268
1402,2026-08-04T06:06:26Z,1785823586007278208,1408,6616,17716,4,17,9887,7695411,200,0,385,0,0,1144,3269
1403,2026-08-04T06:06:27Z,1785823587011640600,1409,6616,17716,4,17,9894,7696207,200,0,385,0,0,1144,3270
1404,2026-08-04T06:06:28Z,1785823588015184208,1410,6616,17716,4,17,9902,7697001,200,0,385,0,0,1144,3270
1405,2026-08-04T06:06:29Z,1785823589018758082,1411,6616,17716,4,17,9910,7697798,200,0,385,0,0,1144,3271
1406,2026-08-04T06:06:30Z,1785823590023269786,1412,6616,17716,4,17,9917,7698593,200,0,385,0,0,1144,3272
1407,2026-08-04T06:06:31Z,1785823591026346401,1413,6616,17716,4,17,9925,7699387,200,0,385,0,0,1144,3273
1408,2026-08-04T06:06:32Z,1785823592029544460,1414,6616,17716,4,17,9933,7700181,200,0,385,0,0,1144,3274
1409,2026-08-04T06:06:33Z,1785823593033443850,1415,6612,17716,4,16,9941,7700977,200,0,385,0,0,1144,3275
1410,2026-08-04T06:06:34Z,1785823594037158854,1416,6608,17716,4,15,9946,7701776,200,0,385,0,0,1144,3276
1411,2026-08-04T06:06:35Z,1785823595040969004,1417,6584,17716,4,14,9951,7702575,200,0,385,0,0,1144,3277
1412,2026-08-04T06:06:36Z,1785823596043886830,1418,6252,17716,4,11,9951,7703376,200,0,385,0,0,1144,3277
1413,2026-08-04T06:06:37Z,1785823597048604390,1419,6248,17716,4,10,9951,7704179,200,0,385,0,0,1144,3277
1414,2026-08-04T06:06:38Z,1785823598051365652,1420,6248,17716,4,10,9951,7704982,200,0,385,0,0,1144,3277
1415,2026-08-04T06:06:39Z,1785823599055106140,1421,6248,17716,4,10,9951,7705784,200,0,385,0,0,1144,3277
1416,2026-08-04T06:06:40Z,1785823600059305021,1422,6248,17716,4,10,9951,7706587,200,0,385,0,0,1144,3277
1417,2026-08-04T06:06:41Z,1785823601063384735,1423,6248,17716,4,10,9951,7707389,200,0,385,0,0,1144,3277
1418,2026-08-04T06:06:42Z,1785823602067190200,1424,6252,17716,4,11,9952,7708192,200,0,385,0,0,1144,3277
1419,2026-08-04T06:06:43Z,1785823603072065915,1425,6256,17716,4,12,9954,7708993,200,0,385,0,0,1144,3277
1420,2026-08-04T06:06:44Z,1785823604075727290,1426,6280,17716,4,13,9956,7709790,200,0,385,0,0,1144,3277
1421,2026-08-04T06:06:45Z,1785823605080626677,1427,6284,17716,4,14,9963,7710586,200,0,385,0,0,1144,3277
1422,2026-08-04T06:06:46Z,1785823606084092571,1428,6608,17716,4,15,9970,7711382,200,0,385,0,0,1144,3277
1423,2026-08-04T06:06:47Z,1785823607087571859,1429,6620,17716,4,18,9977,7712177,200,0,385,0,0,1144,3278
1424,2026-08-04T06:06:48Z,1785823608090458004,1430,6620,17716,4,18,9985,7712973,200,0,385,0,0,1144,3279
1425,2026-08-04T06:06:49Z,1785823609094611077,1431,6620,17716,4,18,9992,7713771,200,0,385,0,0,1144,3280
1426,2026-08-04T06:06:50Z,1785823610098894247,1432,6620,17716,4,18,10000,7714567,200,0,385,0,0,1144,3281
1427,2026-08-04T06:06:51Z,1785823611102064904,1433,6620,17716,4,18,10008,7715359,200,0,385,0,0,1144,3282
1428,2026-08-04T06:06:52Z,1785823612106425705,1434,6620,17716,4,18,10015,7716154,200,0,385,0,0,1144,3282
1429,2026-08-04T06:06:53Z,1785823613110304916,1435,6620,17716,4,18,10023,7716952,200,0,385,0,0,1144,3283
1430,2026-08-04T06:06:54Z,1785823614114601758,1436,6620,17716,4,18,10031,7717745,200,0,385,0,0,1144,3283
1431,2026-08-04T06:06:55Z,1785823615118477184,1437,6620,17716,4,18,10039,7718539,200,0,385,0,0,1144,3284
1432,2026-08-04T06:06:56Z,1785823616122153033,1438,6620,17716,4,18,10047,7719333,200,0,385,0,0,1144,3285
1433,2026-08-04T06:06:57Z,1785823617125311475,1439,6620,17716,4,18,10054,7720130,200,0,385,0,0,1144,3286
1434,2026-08-04T06:06:58Z,1785823618129382245,1440,6620,17716,4,18,10062,7720928,200,0,385,0,0,1144,3287
1435,2026-08-04T06:06:59Z,1785823619133878990,1441,6620,17716,4,18,10069,7721725,200,0,385,0,0,1144,3288
1436,2026-08-04T06:07:00Z,1785823620138571440,1442,6620,17716,4,18,10077,7722521,200,0,385,0,0,1144,3289
1437,2026-08-04T06:07:01Z,1785823621142951412,1443,6620,17716,4,18,10085,7723315,200,0,385,0,0,1144,3290
1438,2026-08-04T06:07:02Z,1785823622145277483,1444,6620,17716,4,18,10093,7724109,200,0,385,0,0,1144,3291
1439,2026-08-04T06:07:03Z,1785823623149487782,1445,6620,17716,4,18,10101,7724907,200,0,385,0,0,1144,3292
1440,2026-08-04T06:07:04Z,1785823624153928010,1446,6620,17716,4,18,10109,7725700,200,0,385,0,0,1144,3293
1441,2026-08-04T06:07:05Z,1785823625157107478,1447,6620,17716,4,18,10116,7726494,200,0,385,0,0,1144,3293
1442,2026-08-04T06:07:06Z,1785823626161174361,1448,6620,17716,4,18,10124,7727288,200,0,385,0,0,1144,3294
1443,2026-08-04T06:07:07Z,1785823627165307566,1449,6620,17716,4,18,10132,7728084,200,0,385,0,0,1144,3295
1444,2026-08-04T06:07:08Z,1785823628169578393,1450,6620,17716,4,18,10139,7728880,200,0,385,0,0,1144,3296
1445,2026-08-04T06:07:09Z,1785823629173546516,1451,6620,17716,4,18,10147,7729673,200,0,385,0,0,1144,3296
1446,2026-08-04T06:07:10Z,1785823630177889763,1452,6620,17716,4,18,10155,7730471,200,0,385,0,0,1144,3297
1447,2026-08-04T06:07:11Z,1785823631180972751,1453,6620,17716,4,18,10162,7731265,200,0,385,0,0,1144,3298
1448,2026-08-04T06:07:12Z,1785823632185252101,1454,6620,17716,4,18,10170,7732061,200,0,385,0,0,1144,3298
1449,2026-08-04T06:07:13Z,1785823633188565057,1455,6620,17716,4,18,10177,7732858,200,0,385,0,0,1144,3299
1450,2026-08-04T06:07:14Z,1785823634192646223,1456,6620,17716,4,18,10185,7733653,200,0,385,0,0,1144,3299
1451,2026-08-04T06:07:15Z,1785823635196956271,1457,6620,17716,4,18,10192,7734448,200,0,385,0,0,1144,3300
1452,2026-08-04T06:07:16Z,1785823636200429286,1458,6620,17716,4,18,10200,7735245,200,0,385,0,0,1144,3301
1453,2026-08-04T06:07:17Z,1785823637204459296,1459,6616,17716,4,17,10208,7736042,200,0,385,0,0,1144,3302
1454,2026-08-04T06:07:18Z,1785823638208883130,1460,6616,17716,4,17,10216,7736838,200,0,385,0,0,1144,3303
1455,2026-08-04T06:07:19Z,1785823639212082581,1461,6616,17716,4,17,10223,7737631,200,0,385,0,0,1144,3303
1456,2026-08-04T06:07:20Z,1785823640216180836,1462,6616,17716,4,17,10231,7738427,200,0,385,0,0,1144,3304
1457,2026-08-04T06:07:21Z,1785823641220164151,1463,6616,17716,4,17,10239,7739224,200,0,385,0,0,1144,3304
1458,2026-08-04T06:07:22Z,1785823642223914920,1464,6616,17716,4,17,10246,7740022,200,0,385,0,0,1144,3304
1459,2026-08-04T06:07:23Z,1785823643228219366,1465,6616,17716,4,17,10253,7740813,200,0,385,0,0,1144,3305
1460,2026-08-04T06:07:24Z,1785823644232437454,1466,6616,17716,4,17,10261,7741611,200,0,385,0,0,1144,3306
1461,2026-08-04T06:07:25Z,1785823645236797734,1467,6616,17716,4,17,10269,7742408,200,0,385,0,0,1144,3307
1462,2026-08-04T06:07:26Z,1785823646241058864,1468,6616,17716,4,17,10276,7743204,200,0,385,0,0,1144,3308
1463,2026-08-04T06:07:27Z,1785823647244400859,1469,6616,17716,4,17,10284,7743997,200,0,385,0,0,1144,3309
1464,2026-08-04T06:07:28Z,1785823648248756699,1470,6616,17716,4,17,10292,7744793,200,0,385,0,0,1144,3310
1465,2026-08-04T06:07:29Z,1785823649252199281,1471,6616,17716,4,17,10299,7745587,200,0,385,0,0,1144,3311
1466,2026-08-04T06:07:30Z,1785823650257259818,1472,6616,17716,4,17,10307,7746383,200,0,385,0,0,1144,3312
1467,2026-08-04T06:07:31Z,1785823651261862144,1473,6616,17716,4,17,10315,7747177,200,0,385,0,0,1144,3313
1468,2026-08-04T06:07:32Z,1785823652264051929,1474,6616,17716,4,17,10324,7747972,200,0,385,0,0,1144,3314
1469,2026-08-04T06:07:33Z,1785823653268393324,1475,6616,17716,4,17,10331,7748767,200,0,385,0,0,1144,3315
1470,2026-08-04T06:07:34Z,1785823654271830897,1476,6616,17716,4,17,10339,7749563,200,0,385,0,0,1144,3315
1471,2026-08-04T06:07:35Z,1785823655274820085,1477,6616,17716,4,17,10346,7750358,200,0,385,0,0,1144,3315
1472,2026-08-04T06:07:36Z,1785823656279073966,1478,6616,17716,4,17,10354,7751153,200,0,385,0,0,1144,3316
1473,2026-08-04T06:07:37Z,1785823657283550542,1479,6616,17716,4,17,10361,7751952,200,0,385,0,0,1144,3317
1474,2026-08-04T06:07:38Z,1785823658286201479,1480,6616,17716,4,17,10369,7752747,200,0,385,0,0,1144,3317
1475,2026-08-04T06:07:39Z,1785823659289935240,1481,6616,17716,4,17,10377,7753541,200,0,385,0,0,1144,3317
1476,2026-08-04T06:07:40Z,1785823660294042272,1482,6616,17716,4,17,10385,7754337,200,0,385,0,0,1144,3317
1477,2026-08-04T06:07:41Z,1785823661298000156,1483,6616,17716,4,17,10392,7755132,200,0,385,0,0,1144,3317
1478,2026-08-04T06:07:42Z,1785823662302114507,1484,6616,17716,4,17,10400,7755927,200,0,385,0,0,1144,3318
1479,2026-08-04T06:07:43Z,1785823663306023286,1485,6616,17716,4,17,10408,7756724,200,0,385,0,0,1144,3318
1480,2026-08-04T06:07:44Z,1785823664309904457,1486,6616,17716,4,17,10416,7757521,200,0,385,0,0,1144,3318
1481,2026-08-04T06:07:45Z,1785823665314479389,1487,6616,17716,4,17,10424,7758317,200,0,385,0,0,1144,3319
1482,2026-08-04T06:07:46Z,1785823666317443209,1488,6616,17716,4,17,10431,7759115,200,0,385,0,0,1144,3320
1483,2026-08-04T06:07:47Z,1785823667321602652,1489,6616,17716,4,17,10438,7759908,200,0,385,0,0,1144,3321
1484,2026-08-04T06:07:48Z,1785823668325417975,1490,6616,17716,4,17,10446,7760706,200,0,385,0,0,1144,3321
1485,2026-08-04T06:07:49Z,1785823669329719766,1491,6616,17716,4,17,10453,7761503,200,0,385,0,0,1144,3322
1486,2026-08-04T06:07:50Z,1785823670333699913,1492,6616,17716,4,17,10461,7762299,200,0,385,0,0,1144,3323
1487,2026-08-04T06:07:51Z,1785823671337375234,1493,6616,17716,4,17,10469,7763098,200,0,385,0,0,1144,3323
1488,2026-08-04T06:07:52Z,1785823672341467297,1494,6616,17716,4,17,10476,7763894,200,0,385,0,0,1144,3324
1489,2026-08-04T06:07:53Z,1785823673345975143,1495,6616,17716,4,17,10484,7764691,200,0,385,0,0,1144,3324
1490,2026-08-04T06:07:54Z,1785823674349043426,1496,6616,17716,4,17,10491,7765487,200,0,385,0,0,1144,3325
1491,2026-08-04T06:07:55Z,1785823675353183579,1497,6616,17716,4,17,10499,7766284,200,0,385,0,0,1144,3325
1492,2026-08-04T06:07:56Z,1785823676357612910,1498,6616,17716,4,17,10506,7767082,200,0,385,0,0,1144,3326
1493,2026-08-04T06:07:57Z,1785823677360720392,1499,6616,17716,4,17,10514,7767877,200,0,385,0,0,1144,3327
1494,2026-08-04T06:07:58Z,1785823678365036014,1500,6620,17716,4,18,10521,7768676,200,0,385,0,0,1144,3327
1495,2026-08-04T06:07:59Z,1785823679367778759,1501,6620,17716,4,18,10529,7769473,200,0,385,0,0,1144,3328
1496,2026-08-04T06:08:00Z,1785823680372065217,1502,6620,17716,4,18,10536,7770269,200,0,385,0,0,1144,3329
1497,2026-08-04T06:08:01Z,1785823681376610505,1503,6620,17716,4,18,10545,7771061,200,0,385,0,0,1144,3329
1498,2026-08-04T06:08:02Z,1785823682380426782,1504,6620,17716,4,18,10553,7771856,200,0,385,0,0,1144,3329
1499,2026-08-04T06:08:03Z,1785823683383867192,1505,6620,17716,4,18,10561,7772650,200,0,385,0,0,1144,3330
1500,2026-08-04T06:08:04Z,1785823684387639661,1506,6620,17716,4,18,10568,7773446,200,0,385,0,0,1144,3330
1501,2026-08-04T06:08:05Z,1785823685392881392,1507,6620,17716,4,18,10576,7774242,200,0,385,0,0,1144,3331
1502,2026-08-04T06:08:06Z,1785823686394953256,1508,6620,17716,4,18,10584,7775036,200,0,385,0,0,1144,3332
1503,2026-08-04T06:08:07Z,1785823687399099008,1509,6620,17716,4,18,10592,7775834,200,0,385,0,0,1144,3332
1504,2026-08-04T06:08:08Z,1785823688403172274,1510,6620,17716,4,18,10600,7776632,200,0,385,0,0,1144,3333
1505,2026-08-04T06:08:09Z,1785823689407222726,1511,6620,17716,4,18,10608,7777427,200,0,385,0,0,1144,3334
1506,2026-08-04T06:08:10Z,1785823690411585253,1512,6620,17716,4,18,10615,7778225,200,0,385,0,0,1144,3335
1507,2026-08-04T06:08:11Z,1785823691414857817,1513,6620,17716,4,18,10622,7779021,200,0,385,0,0,1144,3336
1508,2026-08-04T06:08:12Z,1785823692417946811,1514,6620,17716,4,18,10630,7779817,200,0,385,0,0,1144,3337
1509,2026-08-04T06:08:13Z,1785823693422041952,1515,6620,17716,4,18,10638,7780611,200,0,385,0,0,1144,3337
1510,2026-08-04T06:08:14Z,1785823694426178020,1516,6620,17716,4,18,10645,7781406,200,0,385,0,0,1144,3338
1511,2026-08-04T06:08:15Z,1785823695430322580,1517,6620,17716,4,18,10653,7782200,200,0,385,0,0,1144,3339
1512,2026-08-04T06:08:16Z,1785823696434575528,1518,6620,17716,4,18,10661,7782991,200,0,385,0,0,1144,3340
1513,2026-08-04T06:08:17Z,1785823697438635414,1519,6620,17716,4,18,10668,7783788,200,0,385,0,0,1144,3341
1514,2026-08-04T06:08:18Z,1785823698442791371,1520,6620,17716,4,18,10676,7784585,200,0,385,0,0,1144,3342
1515,2026-08-04T06:08:19Z,1785823699447303394,1521,6620,17716,4,18,10684,7785381,200,0,385,0,0,1144,3343
1516,2026-08-04T06:08:20Z,1785823700450372224,1522,6620,17716,4,18,10691,7786176,200,0,385,0,0,1144,3344
1517,2026-08-04T06:08:21Z,1785823701454526646,1523,6620,17716,4,18,10699,7786973,200,0,385,0,0,1144,3345
1518,2026-08-04T06:08:22Z,1785823702459138439,1524,6620,17716,4,18,10706,7787769,200,0,385,0,0,1144,3346
1519,2026-08-04T06:08:23Z,1785823703463246767,1525,6620,17716,4,18,10714,7788565,200,0,385,0,0,1144,3346
1520,2026-08-04T06:08:24Z,1785823704466321487,1526,6620,17716,4,18,10721,7789362,200,0,385,0,0,1144,3347
1521,2026-08-04T06:08:25Z,1785823705469838837,1527,6620,17716,4,18,10729,7790156,200,0,385,0,0,1144,3347
1522,2026-08-04T06:08:26Z,1785823706473910100,1528,6620,17716,4,18,10737,7790953,200,0,385,0,0,1144,3347
1523,2026-08-04T06:08:27Z,1785823707478840400,1529,6616,17716,4,17,10744,7791753,200,0,385,0,0,1144,3347
1524,2026-08-04T06:08:28Z,1785823708482523554,1530,6616,17716,4,17,10752,7792549,200,0,385,0,0,1144,3348
1525,2026-08-04T06:08:29Z,1785823709485463741,1531,6616,17716,4,17,10760,7793343,200,0,385,0,0,1144,3348
1526,2026-08-04T06:08:30Z,1785823710490405844,1532,6616,17716,4,17,10767,7794139,200,0,385,0,0,1144,3349
1527,2026-08-04T06:08:31Z,1785823711494120311,1533,6616,17716,4,17,10774,7794935,200,0,385,0,0,1144,3349
1528,2026-08-04T06:08:32Z,1785823712496768323,1534,6616,17716,4,17,10782,7795729,200,0,385,0,0,1144,3349
1529,2026-08-04T06:08:33Z,1785823713501113629,1535,6616,17716,4,17,10789,7796524,200,0,385,0,0,1144,3349
1530,2026-08-04T06:08:34Z,1785823714505113038,1536,6616,17716,4,17,10796,7797322,200,0,385,0,0,1144,3349
1531,2026-08-04T06:08:35Z,1785823715508988348,1537,6616,17716,4,17,10803,7798117,200,0,385,0,0,1144,3349
1532,2026-08-04T06:08:36Z,1785823716513154813,1538,6616,17716,4,17,10810,7798914,200,0,385,0,0,1144,3349
1533,2026-08-04T06:08:37Z,1785823717516967502,1539,6616,17716,4,17,10817,7799710,200,0,385,0,0,1144,3349
1534,2026-08-04T06:08:38Z,1785823718520931926,1540,6616,17716,4,17,10824,7800507,200,0,385,0,0,1144,3349
1535,2026-08-04T06:08:39Z,1785823719525192454,1541,6616,17716,4,17,10832,7801303,200,0,385,0,0,1144,3349
1536,2026-08-04T06:08:40Z,1785823720528333752,1542,6616,17716,4,17,10839,7802097,200,0,385,0,0,1144,3349
1537,2026-08-04T06:08:41Z,1785823721532228690,1543,6612,17716,4,16,10847,7802892,200,0,385,0,0,1144,3349
1538,2026-08-04T06:08:42Z,1785823722536379317,1544,6612,17716,4,16,10853,7803689,200,0,385,0,0,1144,3349
1539,2026-08-04T06:08:43Z,1785823723538937382,1545,6584,17716,4,14,10858,7804487,200,0,385,0,0,1144,3349
1540,2026-08-04T06:08:44Z,1785823724542358843,1546,6576,17716,4,12,10862,7805286,200,0,385,0,0,1144,3349
1541,2026-08-04T06:08:45Z,1785823725545435188,1547,6248,17716,4,10,10862,7806087,200,0,385,0,0,1144,3349
1542,2026-08-04T06:08:46Z,1785823726549404742,1548,6248,17716,4,10,10862,7806890,200,0,385,0,0,1144,3349
1543,2026-08-04T06:08:47Z,1785823727553422925,1549,6248,17716,4,10,10862,7807693,200,0,385,0,0,1144,3349
1544,2026-08-04T06:08:48Z,1785823728557247631,1550,6248,17716,4,10,10862,7808496,200,0,385,0,0,1144,3349
1545,2026-08-04T06:08:49Z,1785823729561062241,1551,6248,17716,4,10,10862,7809299,200,0,385,0,0,1144,3349
1546,2026-08-04T06:08:50Z,1785823730564098797,1552,6248,17716,4,10,10862,7810101,200,0,385,0,0,1144,3349
1547,2026-08-04T06:08:51Z,1785823731566941596,1553,6252,17716,4,11,10862,7810902,200,0,385,0,0,1144,3349
1548,2026-08-04T06:08:52Z,1785823732571854599,1554,6256,17716,4,12,10865,7811704,200,0,385,0,0,1144,3349
1549,2026-08-04T06:08:53Z,1785823733575638262,1555,6280,17716,4,13,10868,7812501,200,0,385,0,0,1144,3349
1550,2026-08-04T06:08:54Z,1785823734580387669,1556,6284,17716,4,14,10874,7813297,200,0,385,0,0,1144,3349
1551,2026-08-04T06:08:55Z,1785823735584170645,1557,6608,17716,4,15,10881,7814092,200,0,385,0,0,1144,3349
1552,2026-08-04T06:08:56Z,1785823736588479604,1558,6620,17716,4,18,10888,7814889,200,0,385,0,0,1144,3350
1553,2026-08-04T06:08:57Z,1785823737591560510,1559,6620,17716,4,18,10896,7815681,200,0,385,0,0,1144,3351
1554,2026-08-04T06:08:58Z,1785823738595522643,1560,6620,17716,4,18,10904,7816473,200,0,385,0,0,1144,3352
1555,2026-08-04T06:08:59Z,1785823739599876040,1561,6620,17716,4,18,10911,7817269,200,0,385,0,0,1144,3353
1556,2026-08-04T06:09:00Z,1785823740603548693,1562,6620,17716,4,18,10919,7818060,200,0,385,0,0,1144,3354
1557,2026-08-04T06:09:01Z,1785823741607156589,1563,6620,17716,4,18,10927,7818857,200,0,385,0,0,1144,3355
1558,2026-08-04T06:09:02Z,1785823742610252837,1564,6620,17716,4,18,10935,7819650,200,0,385,0,0,1144,3356
1559,2026-08-04T06:09:03Z,1785823743614994958,1565,6620,17716,4,18,10942,7820444,200,0,385,0,0,1144,3357
1560,2026-08-04T06:09:04Z,1785823744617935137,1566,6620,17716,4,18,10950,7821239,200,0,385,0,0,1144,3358
1561,2026-08-04T06:09:05Z,1785823745622191076,1567,6620,17716,4,18,10958,7822033,200,0,385,0,0,1144,3359
1562,2026-08-04T06:09:06Z,1785823746625632576,1568,6620,17716,4,18,10965,7822825,200,0,385,0,0,1144,3360
1563,2026-08-04T06:09:07Z,1785823747629106875,1569,6620,17716,4,18,10973,7823620,200,0,385,0,0,1144,3361
1564,2026-08-04T06:09:08Z,1785823748632156474,1570,6620,17716,4,18,10981,7824412,200,0,385,0,0,1144,3361
1565,2026-08-04T06:09:09Z,1785823749636341609,1571,6620,17716,4,18,10988,7825207,200,0,385,0,0,1144,3362
1566,2026-08-04T06:09:10Z,1785823750640755209,1572,6620,17716,4,18,10996,7826000,200,0,385,0,0,1144,3362
1567,2026-08-04T06:09:11Z,1785823751644533294,1573,6620,17716,4,18,11003,7826796,200,0,385,0,0,1144,3362
1568,2026-08-04T06:09:12Z,1785823752648216141,1574,6620,17716,4,18,11012,7827588,200,0,385,0,0,1144,3363
1569,2026-08-04T06:09:13Z,1785823753651877762,1575,6620,17716,4,18,11019,7828378,200,0,385,0,0,1144,3364
1570,2026-08-04T06:09:14Z,1785823754655510971,1576,6620,17716,4,18,11027,7829169,200,0,385,0,0,1144,3365
1571,2026-08-04T06:09:15Z,1785823755659387924,1577,6620,17716,4,18,11035,7829961,200,0,385,0,0,1144,3366
1572,2026-08-04T06:09:16Z,1785823756662955535,1578,6620,17716,4,18,11043,7830755,200,0,385,0,0,1144,3367
1573,2026-08-04T06:09:17Z,1785823757666697111,1579,6620,17716,4,18,11050,7831550,200,0,385,0,0,1144,3368
1574,2026-08-04T06:09:18Z,1785823758670710678,1580,6620,17716,4,18,11058,7832345,200,0,385,0,0,1144,3369
1575,2026-08-04T06:09:19Z,1785823759674354913,1581,6620,17716,4,18,11065,7833139,200,0,385,0,0,1144,3370
1576,2026-08-04T06:09:20Z,1785823760677965278,1582,6620,17716,4,18,11073,7833932,200,0,385,0,0,1144,3370
1577,2026-08-04T06:09:21Z,1785823761681066311,1583,6620,17716,4,18,11080,7834727,200,0,385,0,0,1144,3371
1578,2026-08-04T06:09:22Z,1785823762685162804,1584,6620,17716,4,18,11087,7835520,200,0,385,0,0,1144,3372
1579,2026-08-04T06:09:23Z,1785823763689406210,1585,6620,17716,4,18,11095,7836314,200,0,385,0,0,1144,3372
1580,2026-08-04T06:09:24Z,1785823764693253464,1586,6620,17716,4,18,11103,7837109,200,0,385,0,0,1144,3373
1581,2026-08-04T06:09:25Z,1785823765697275558,1587,6620,17716,4,18,11111,7837903,200,0,385,0,0,1144,3374
1582,2026-08-04T06:09:26Z,1785823766700930804,1588,6620,17716,4,18,11119,7838699,200,0,385,0,0,1144,3375
1583,2026-08-04T06:09:27Z,1785823767705100920,1589,6620,17716,4,18,11126,7839493,200,0,385,0,0,1144,3376
1584,2026-08-04T06:09:28Z,1785823768709200037,1590,6620,17716,4,18,11133,7840287,200,0,385,0,0,1144,3377
1585,2026-08-04T06:09:29Z,1785823769713748561,1591,6620,17716,4,18,11140,7841082,200,0,385,0,0,1144,3378
1586,2026-08-04T06:09:30Z,1785823770717644783,1592,6616,17716,4,17,11149,7841875,200,0,385,0,0,1144,3378
1587,2026-08-04T06:09:31Z,1785823771721072954,1593,6616,17716,4,17,11156,7842668,200,0,385,0,0,1144,3379
1588,2026-08-04T06:09:32Z,1785823772724341765,1594,6616,17716,4,17,11164,7843462,200,0,385,0,0,1144,3380
1589,2026-08-04T06:09:33Z,1785823773728715500,1595,6616,17716,4,17,11171,7844254,200,0,385,0,0,1144,3381
1590,2026-08-04T06:09:34Z,1785823774732946615,1596,6616,17716,4,17,11180,7845049,200,0,385,0,0,1144,3381
1591,2026-08-04T06:09:35Z,1785823775737229656,1597,6616,17716,4,17,11187,7845843,200,0,385,0,0,1144,3382
1592,2026-08-04T06:09:36Z,1785823776740588870,1598,6616,17716,4,17,11194,7846639,200,0,385,0,0,1144,3382
1593,2026-08-04T06:09:37Z,1785823777744165420,1599,6616,17716,4,17,11202,7847432,200,0,385,0,0,1144,3383
1594,2026-08-04T06:09:38Z,1785823778747171117,1600,6616,17716,4,17,11210,7848225,200,0,385,0,0,1144,3383
1595,2026-08-04T06:09:39Z,1785823779751831715,1601,6616,17716,4,17,11217,7849022,200,0,385,0,0,1144,3383
1596,2026-08-04T06:09:40Z,1785823780755031310,1602,6616,17716,4,17,11226,7849812,200,0,385,0,0,1144,3384
1597,2026-08-04T06:09:41Z,1785823781758751163,1603,6616,17716,4,17,11233,7850607,200,0,385,0,0,1144,3385
1598,2026-08-04T06:09:42Z,1785823782761860561,1604,6616,17716,4,17,11241,7851400,200,0,385,0,0,1144,3386
1599,2026-08-04T06:09:43Z,1785823783765814312,1605,6616,17716,4,17,11248,7852195,200,0,385,0,0,1144,3387
1600,2026-08-04T06:09:44Z,1785823784770584039,1606,6616,17716,4,17,11256,7852990,200,0,385,0,0,1144,3388
1601,2026-08-04T06:09:45Z,1785823785774906589,1607,6620,17716,4,18,11263,7853781,200,0,385,0,0,1144,3389
1602,2026-08-04T06:09:46Z,1785823786778855407,1608,6620,17716,4,18,11271,7854574,200,0,385,0,0,1144,3389
1603,2026-08-04T06:09:47Z,1785823787781996916,1609,6620,17716,4,18,11279,7855369,200,0,385,0,0,1144,3390
1604,2026-08-04T06:09:48Z,1785823788786380170,1610,6620,17716,4,18,11287,7856165,200,0,385,0,0,1144,3391
1605,2026-08-04T06:09:49Z,1785823789790941430,1611,6620,17716,4,18,11295,7856957,200,0,385,0,0,1144,3392
1606,2026-08-04T06:09:50Z,1785823790794198970,1612,6620,17716,4,18,11302,7857752,200,0,385,0,0,1144,3393
1607,2026-08-04T06:09:51Z,1785823791798696022,1613,6620,17716,4,18,11309,7858545,200,0,385,0,0,1144,3393
1608,2026-08-04T06:09:52Z,1785823792801402311,1614,6620,17716,4,18,11317,7859339,200,0,385,0,0,1144,3394
1609,2026-08-04T06:09:53Z,1785823793805190118,1615,6620,17716,4,18,11324,7860134,200,0,385,0,0,1144,3395
1610,2026-08-04T06:09:54Z,1785823794809269961,1616,6620,17716,4,18,11332,7860928,200,0,385,0,0,1144,3396
1611,2026-08-04T06:09:55Z,1785823795813422928,1617,6620,17716,4,18,11339,7861721,200,0,385,0,0,1144,3396
1612,2026-08-04T06:09:56Z,1785823796817887838,1618,6620,17716,4,18,11347,7862516,200,0,385,0,0,1144,3397
1613,2026-08-04T06:09:57Z,1785823797821370185,1619,6620,17716,4,18,11355,7863311,200,0,385,0,0,1144,3397
1614,2026-08-04T06:09:58Z,1785823798824289633,1620,6620,17716,4,18,11362,7864104,200,0,385,0,0,1144,3398
1615,2026-08-04T06:09:59Z,1785823799828322318,1621,6620,17716,4,18,11370,7864897,200,0,385,0,0,1144,3398
1616,2026-08-04T06:10:00Z,1785823800833519951,1622,6620,17716,4,18,11377,7865693,200,0,385,0,0,1144,3399
1617,2026-08-04T06:10:01Z,1785823801837453199,1623,6620,17716,4,18,11385,7866487,200,0,385,0,0,1144,3400
1618,2026-08-04T06:10:02Z,1785823802840976376,1624,6620,17716,4,18,11393,7867281,200,0,385,0,0,1144,3401
1619,2026-08-04T06:10:03Z,1785823803844387594,1625,6620,17716,4,18,11401,7868073,200,0,385,0,0,1144,3402
1620,2026-08-04T06:10:04Z,1785823804849037014,1626,6620,17716,4,18,11409,7868868,200,0,385,0,0,1144,3403
1621,2026-08-04T06:10:05Z,1785823805852331225,1627,6620,17716,4,18,11417,7869661,200,0,385,0,0,1144,3404
1622,2026-08-04T06:10:06Z,1785823806855792949,1628,6620,17716,4,18,11425,7870455,200,0,385,0,0,1144,3405
1623,2026-08-04T06:10:07Z,1785823807859013283,1629,6620,17716,4,18,11432,7871247,200,0,385,0,0,1144,3406
1624,2026-08-04T06:10:08Z,1785823808862922834,1630,6620,17716,4,18,11440,7872043,200,0,385,0,0,1144,3407
1625,2026-08-04T06:10:09Z,1785823809867125757,1631,6620,17716,4,18,11447,7872837,200,0,385,0,0,1144,3408
1626,2026-08-04T06:10:10Z,1785823810871000639,1632,6620,17716,4,18,11455,7873628,200,0,385,0,0,1144,3409
1627,2026-08-04T06:10:11Z,1785823811874895134,1633,6620,17716,4,18,11463,7874423,200,0,385,0,0,1144,3410
1628,2026-08-04T06:10:12Z,1785823812878966952,1634,6620,17716,4,18,11470,7875218,200,0,385,0,0,1144,3410
1629,2026-08-04T06:10:13Z,1785823813883034176,1635,6620,17716,4,18,11477,7876014,200,0,385,0,0,1144,3410
1630,2026-08-04T06:10:14Z,1785823814888123655,1636,6620,17716,4,18,11485,7876808,200,0,385,0,0,1144,3411
1631,2026-08-04T06:10:15Z,1785823815891544884,1637,6620,17716,4,18,11493,7877601,200,0,385,0,0,1144,3411
1632,2026-08-04T06:10:16Z,1785823816895235475,1638,6620,17716,4,18,11500,7878393,200,0,385,0,0,1144,3412
1633,2026-08-04T06:10:17Z,1785823817899602736,1639,6616,17716,4,17,11508,7879187,200,0,385,0,0,1144,3413
1634,2026-08-04T06:10:18Z,1785823818902965935,1640,6616,17716,4,17,11515,7879979,200,0,385,0,0,1144,3414
1635,2026-08-04T06:10:19Z,1785823819906693078,1641,6616,17716,4,17,11523,7880773,200,0,385,0,0,1144,3415
1636,2026-08-04T06:10:20Z,1785823820911010962,1642,6616,17716,4,17,11531,7881565,200,0,385,0,0,1144,3415
1637,2026-08-04T06:10:21Z,1785823821914152141,1643,6616,17716,4,17,11539,7882357,200,0,385,0,0,1144,3415
1638,2026-08-04T06:10:22Z,1785823822918400145,1644,6616,17716,4,17,11546,7883153,200,0,385,0,0,1144,3416
1639,2026-08-04T06:10:23Z,1785823823922365049,1645,6616,17716,4,17,11554,7883946,200,0,385,0,0,1144,3416
1640,2026-08-04T06:10:24Z,1785823824926287251,1646,6616,17716,4,17,11562,7884741,200,0,385,0,0,1144,3417
1641,2026-08-04T06:10:25Z,1785823825930419554,1647,6616,17716,4,17,11569,7885538,200,0,385,0,0,1144,3418
1642,2026-08-04T06:10:26Z,1785823826934434985,1648,6616,17716,4,17,11576,7886330,200,0,385,0,0,1144,3419
1643,2026-08-04T06:10:27Z,1785823827938604944,1649,6616,17716,4,17,11584,7887123,200,0,385,0,0,1144,3420
1644,2026-08-04T06:10:28Z,1785823828942677747,1650,6616,17716,4,17,11592,7887917,200,0,385,0,0,1144,3420
1645,2026-08-04T06:10:29Z,1785823829947264912,1651,6616,17716,4,17,11600,7888710,200,0,385,0,0,1144,3420
1646,2026-08-04T06:10:30Z,1785823830950747001,1652,6616,17716,4,17,11608,7889503,200,0,385,0,0,1144,3421
1647,2026-08-04T06:10:31Z,1785823831954173553,1653,6616,17716,4,17,11616,7890295,200,0,385,0,0,1144,3422
1648,2026-08-04T06:10:32Z,1785823832957336323,1654,6616,17716,4,17,11623,7891090,200,0,385,0,0,1144,3422
1649,2026-08-04T06:10:33Z,1785823833961430384,1655,6616,17716,4,17,11631,7891885,200,0,385,0,0,1144,3423
1650,2026-08-04T06:10:34Z,1785823834965852768,1656,6616,17716,4,17,11639,7892679,200,0,385,0,0,1144,3423
1651,2026-08-04T06:10:35Z,1785823835969117419,1657,6616,17716,4,17,11646,7893473,200,0,385,0,0,1144,3424
1652,2026-08-04T06:10:36Z,1785823836973580627,1658,6616,17716,4,17,11654,7894268,200,0,385,0,0,1144,3425
1653,2026-08-04T06:10:37Z,1785823837976897447,1659,6616,17716,4,17,11661,7895061,200,0,385,0,0,1144,3426
1654,2026-08-04T06:10:38Z,1785823838980914987,1660,6616,17716,4,17,11669,7895855,200,0,385,0,0,1144,3426
1655,2026-08-04T06:10:39Z,1785823839984863410,1661,6616,17716,4,17,11676,7896651,200,0,385,0,0,1144,3427
1656,2026-08-04T06:10:40Z,1785823840988589582,1662,6616,17716,4,17,11684,7897444,200,0,385,0,0,1144,3427
1657,2026-08-04T06:10:41Z,1785823841993157293,1663,6616,17716,4,17,11692,7898238,200,0,385,0,0,1144,3428
1658,2026-08-04T06:10:42Z,1785823842996595741,1664,6616,17716,4,17,11699,7899033,200,0,385,0,0,1144,3428
1659,2026-08-04T06:10:43Z,1785823843999434344,1665,6616,17716,4,17,11707,7899829,200,0,385,0,0,1144,3429
1660,2026-08-04T06:10:45Z,1785823845004549858,1667,6616,17716,4,17,11714,7900621,200,0,385,0,0,1144,3429
1661,2026-08-04T06:10:46Z,1785823846008010609,1668,6616,17716,4,17,11722,7901413,200,0,385,0,0,1144,3430
1662,2026-08-04T06:10:47Z,1785823847011056497,1669,6616,17716,4,17,11730,7902207,200,0,385,0,0,1144,3431
1663,2026-08-04T06:10:48Z,1785823848015579208,1670,6616,17716,4,17,11737,7903000,200,0,385,0,0,1144,3432
1664,2026-08-04T06:10:49Z,1785823849019063562,1671,6616,17716,4,17,11745,7903794,200,0,385,0,0,1144,3433
1665,2026-08-04T06:10:50Z,1785823850022461928,1672,6616,17716,4,17,11752,7904588,200,0,385,0,0,1144,3434
1666,2026-08-04T06:10:51Z,1785823851025121268,1673,6612,17716,4,16,11759,7905380,200,0,385,0,0,1144,3435
1667,2026-08-04T06:10:52Z,1785823852028426029,1674,6608,17716,4,15,11766,7906173,200,0,385,0,0,1144,3436
1668,2026-08-04T06:10:53Z,1785823853031827820,1675,6584,17716,4,14,11772,7906972,200,0,385,0,0,1144,3437
1669,2026-08-04T06:10:54Z,1785823854034813032,1676,6576,17716,4,12,11775,7907771,200,0,385,0,0,1144,3437
1670,2026-08-04T06:10:55Z,1785823855038288044,1677,6248,17716,4,10,11775,7908575,200,0,385,0,0,1144,3437
1671,2026-08-04T06:10:56Z,1785823856042032429,1678,6248,17716,4,10,11775,7909377,200,0,385,0,0,1144,3437
1672,2026-08-04T06:10:57Z,1785823857046206494,1679,6248,17716,4,10,11775,7910180,200,0,385,0,0,1144,3437
1673,2026-08-04T06:10:58Z,1785823858048836412,1680,6248,17716,4,10,11775,7910981,200,0,385,0,0,1144,3437
1674,2026-08-04T06:10:59Z,1785823859052885204,1681,6248,17716,4,10,11776,7911783,200,0,385,0,0,1144,3437
1675,2026-08-04T06:11:00Z,1785823860057065922,1682,6248,17716,4,10,11776,7912586,200,0,385,0,0,1144,3437
1676,2026-08-04T06:11:01Z,1785823861060483066,1683,6252,17716,4,11,11776,7913389,200,0,385,0,0,1144,3437
1677,2026-08-04T06:11:02Z,1785823862063722919,1684,6256,17716,4,12,11777,7914186,200,0,385,0,0,1144,3437
1678,2026-08-04T06:11:03Z,1785823863067667100,1685,6280,17716,4,13,11781,7914982,200,0,385,0,0,1144,3437
1679,2026-08-04T06:11:04Z,1785823864071849756,1686,6284,17716,4,14,11788,7915781,200,0,385,0,0,1144,3437
1680,2026-08-04T06:11:05Z,1785823865075985522,1687,6608,17716,4,15,11796,7916576,200,0,385,0,0,1144,3437
1681,2026-08-04T06:11:06Z,1785823866080450942,1688,6620,17716,4,18,11804,7917373,200,0,385,0,0,1144,3438
1682,2026-08-04T06:11:07Z,1785823867083716189,1689,6620,17716,4,18,11811,7918170,200,0,385,0,0,1144,3439
1683,2026-08-04T06:11:08Z,1785823868087885118,1690,6620,17716,4,18,11818,7918967,200,0,385,0,0,1144,3439
1684,2026-08-04T06:11:09Z,1785823869091101745,1691,6620,17716,4,18,11825,7919766,200,0,385,0,0,1144,3440
1685,2026-08-04T06:11:10Z,1785823870095384338,1692,6620,17716,4,18,11833,7920561,200,0,385,0,0,1144,3441
1686,2026-08-04T06:11:11Z,1785823871098573377,1693,6620,17716,4,18,11841,7921356,200,0,385,0,0,1144,3442
1687,2026-08-04T06:11:12Z,1785823872103003885,1694,6620,17716,4,18,11849,7922153,200,0,385,0,0,1144,3443
1688,2026-08-04T06:11:13Z,1785823873106193588,1695,6620,17716,4,18,11856,7922945,200,0,385,0,0,1144,3444
1689,2026-08-04T06:11:14Z,1785823874110250783,1696,6620,17716,4,18,11863,7923743,200,0,385,0,0,1144,3444
1690,2026-08-04T06:11:15Z,1785823875114976455,1697,6620,17716,4,18,11871,7924540,200,0,385,0,0,1144,3445
1691,2026-08-04T06:11:16Z,1785823876118596948,1698,6620,17716,4,18,11878,7925337,200,0,385,0,0,1144,3446
1692,2026-08-04T06:11:17Z,1785823877122124961,1699,6620,17716,4,18,11887,7926130,200,0,385,0,0,1144,3446
1693,2026-08-04T06:11:18Z,1785823878125451632,1700,6620,17716,4,18,11894,7926927,200,0,385,0,0,1144,3446
1694,2026-08-04T06:11:19Z,1785823879128749869,1701,6620,17716,4,18,11901,7927721,200,0,385,0,0,1144,3447
1695,2026-08-04T06:11:20Z,1785823880131987770,1702,6620,17716,4,18,11909,7928518,200,0,385,0,0,1144,3447
1696,2026-08-04T06:11:21Z,1785823881136027740,1703,6620,17716,4,18,11916,7929314,200,0,385,0,0,1144,3448
1697,2026-08-04T06:11:22Z,1785823882140393038,1704,6620,17716,4,18,11924,7930108,200,0,385,0,0,1144,3449
1698,2026-08-04T06:11:23Z,1785823883144785899,1705,6620,17716,4,18,11932,7930904,200,0,385,0,0,1144,3449
1699,2026-08-04T06:11:24Z,1785823884147894681,1706,6620,17716,4,18,11940,7931699,200,0,385,0,0,1144,3449
1700,2026-08-04T06:11:25Z,1785823885152048733,1707,6620,17716,4,18,11947,7932494,200,0,385,0,0,1144,3450
1701,2026-08-04T06:11:26Z,1785823886156159203,1708,6620,17716,4,18,11955,7933290,200,0,385,0,0,1144,3450
1702,2026-08-04T06:11:27Z,1785823887160286311,1709,6620,17716,4,18,11963,7934089,200,0,385,0,0,1144,3451
1703,2026-08-04T06:11:28Z,1785823888164519427,1710,6620,17716,4,18,11970,7934885,200,0,385,0,0,1144,3452
1704,2026-08-04T06:11:29Z,1785823889168742765,1711,6620,17716,4,18,11978,7935683,200,0,385,0,0,1144,3453
1705,2026-08-04T06:11:30Z,1785823890173881758,1712,6620,17716,4,18,11986,7936483,200,0,385,0,0,1144,3454
1706,2026-08-04T06:11:31Z,1785823891177345204,1713,6620,17716,4,18,11994,7937277,200,0,385,0,0,1144,3454
1707,2026-08-04T06:11:32Z,1785823892181864969,1714,6620,17716,4,18,12003,7938071,200,0,385,0,0,1144,3454
1708,2026-08-04T06:11:33Z,1785823893185393249,1715,6620,17716,4,18,12010,7938867,200,0,385,0,0,1144,3455
1709,2026-08-04T06:11:34Z,1785823894189083714,1716,6620,17716,4,18,12018,7939664,200,0,385,0,0,1144,3456
1710,2026-08-04T06:11:35Z,1785823895192247884,1717,6620,17716,4,18,12025,7940460,200,0,385,0,0,1144,3456
1711,2026-08-04T06:11:36Z,1785823896197007549,1718,6620,17716,4,18,12033,7941258,200,0,385,0,0,1144,3457
1712,2026-08-04T06:11:37Z,1785823897200811039,1719,6620,17716,4,18,12041,7942052,200,0,385,0,0,1144,3458
1713,2026-08-04T06:11:38Z,1785823898203977456,1720,6620,17716,4,18,12050,7942846,200,0,385,0,0,1144,3458
1714,2026-08-04T06:11:39Z,1785823899209001835,1721,6620,17716,4,18,12057,7943643,200,0,385,0,0,1144,3459
1715,2026-08-04T06:11:40Z,1785823900212240469,1722,6620,17716,4,18,12065,7944438,200,0,385,0,0,1144,3459
1716,2026-08-04T06:11:41Z,1785823901216723613,1723,6620,17716,4,18,12073,7945235,200,0,385,0,0,1144,3459
1717,2026-08-04T06:11:42Z,1785823902219915191,1724,6620,17716,4,18,12081,7946029,200,0,385,0,0,1144,3459
1718,2026-08-04T06:11:43Z,1785823903224093977,1725,6620,17716,4,18,12089,7946825,200,0,385,0,0,1144,3460
1719,2026-08-04T06:11:44Z,1785823904228359714,1726,6620,17716,4,18,12097,7947621,200,0,385,0,0,1144,3462
1720,2026-08-04T06:11:45Z,1785823905231604333,1727,6620,17716,4,18,12104,7948419,200,0,385,0,0,1144,3463
1721,2026-08-04T06:11:46Z,1785823906236208071,1728,6620,17716,4,18,12111,7949218,200,0,385,0,0,1144,3463
1722,2026-08-04T06:11:47Z,1785823907239196459,1729,6620,17716,4,18,12119,7950015,200,0,385,0,0,1144,3464
1723,2026-08-04T06:11:48Z,1785823908243200547,1730,6620,17716,4,18,12127,7950812,200,0,385,0,0,1144,3465
1724,2026-08-04T06:11:49Z,1785823909247240156,1731,6620,17716,4,18,12135,7951609,200,0,385,0,0,1144,3466
1725,2026-08-04T06:11:50Z,1785823910251645664,1732,6620,17716,4,18,12142,7952407,200,0,385,0,0,1144,3467
1726,2026-08-04T06:11:51Z,1785823911255119781,1733,6620,17716,4,18,12150,7953203,200,0,385,0,0,1144,3467
1727,2026-08-04T06:11:52Z,1785823912258351562,1734,6620,17716,4,18,12157,7954001,200,0,385,0,0,1144,3467
1728,2026-08-04T06:11:53Z,1785823913262331186,1735,6620,17716,4,18,12164,7954797,200,0,385,0,0,1144,3467
1729,2026-08-04T06:11:54Z,1785823914266326066,1736,6620,17716,4,18,12172,7955595,200,0,385,0,0,1144,3468
1730,2026-08-04T06:11:55Z,1785823915270666163,1737,6620,17716,4,18,12180,7956390,200,0,385,0,0,1144,3469
1731,2026-08-04T06:11:56Z,1785823916275106965,1738,6620,17716,4,18,12187,7957186,200,0,385,0,0,1144,3469
1732,2026-08-04T06:11:57Z,1785823917279060993,1739,6620,17716,4,18,12195,7957984,200,0,385,0,0,1144,3470
1733,2026-08-04T06:11:58Z,1785823918282499769,1740,6620,17716,4,18,12202,7958779,200,0,385,0,0,1144,3471
1734,2026-08-04T06:11:59Z,1785823919286829614,1741,6620,17716,4,18,12210,7959577,200,0,385,0,0,1144,3472
1735,2026-08-04T06:12:00Z,1785823920290875140,1742,6616,17716,4,17,12218,7960372,200,0,385,0,0,1144,3472
1736,2026-08-04T06:12:01Z,1785823921294303305,1743,6616,17716,4,17,12226,7961168,200,0,385,0,0,1144,3472
1737,2026-08-04T06:12:02Z,1785823922297999461,1744,6616,17716,4,17,12234,7961964,200,0,385,0,0,1144,3473
1738,2026-08-04T06:12:03Z,1785823923301335829,1745,6616,17716,4,17,12242,7962760,200,0,385,0,0,1144,3474
1739,2026-08-04T06:12:04Z,1785823924305234198,1746,6616,17716,4,17,12250,7963558,200,0,385,0,0,1144,3475
1740,2026-08-04T06:12:05Z,1785823925308336134,1747,6616,17716,4,17,12257,7964356,200,0,385,0,0,1144,3476
1741,2026-08-04T06:12:06Z,1785823926312886983,1748,6616,17716,4,17,12265,7965149,200,0,385,0,0,1144,3476
1742,2026-08-04T06:12:07Z,1785823927316296218,1749,6616,17716,4,17,12273,7965944,200,0,385,0,0,1144,3476
1743,2026-08-04T06:12:08Z,1785823928320873235,1750,6616,17716,4,17,12281,7966743,200,0,385,0,0,1144,3477
1744,2026-08-04T06:12:09Z,1785823929324224072,1751,6616,17716,4,17,12288,7967538,200,0,385,0,0,1144,3477
1745,2026-08-04T06:12:10Z,1785823930327324646,1752,6616,17716,4,17,12295,7968333,200,0,385,0,0,1144,3478
1746,2026-08-04T06:12:11Z,1785823931331905032,1753,6616,17716,4,17,12303,7969131,200,0,385,0,0,1144,3479
1747,2026-08-04T06:12:12Z,1785823932335382543,1754,6616,17716,4,17,12311,7969929,200,0,385,0,0,1144,3480
1748,2026-08-04T06:12:13Z,1785823933338616625,1755,6616,17716,4,17,12318,7970723,200,0,385,0,0,1144,3481
1749,2026-08-04T06:12:14Z,1785823934343121224,1756,6616,17716,4,17,12326,7971518,200,0,385,0,0,1144,3482
1750,2026-08-04T06:12:15Z,1785823935346681987,1757,6616,17716,4,17,12334,7972313,200,0,385,0,0,1144,3483
1751,2026-08-04T06:12:16Z,1785823936350043606,1758,6616,17716,4,17,12341,7973110,200,0,385,0,0,1144,3484
1752,2026-08-04T06:12:17Z,1785823937354418759,1759,6616,17716,4,17,12349,7973905,200,0,385,0,0,1144,3484
1753,2026-08-04T06:12:18Z,1785823938357741867,1760,6616,17716,4,17,12357,7974702,200,0,385,0,0,1144,3485
1754,2026-08-04T06:12:19Z,1785823939361750485,1761,6616,17716,4,17,12364,7975499,200,0,385,0,0,1144,3485
1755,2026-08-04T06:12:20Z,1785823940365596179,1762,6616,17716,4,17,12372,7976295,200,0,385,0,0,1144,3485
1756,2026-08-04T06:12:21Z,1785823941369524294,1763,6616,17716,4,17,12379,7977095,200,0,385,0,0,1144,3486
1757,2026-08-04T06:12:22Z,1785823942373365705,1764,6616,17716,4,17,12387,7977889,200,0,385,0,0,1144,3486
1758,2026-08-04T06:12:23Z,1785823943377147262,1765,6616,17716,4,17,12395,7978686,200,0,385,0,0,1144,3487
1759,2026-08-04T06:12:24Z,1785823944381640563,1766,6616,17716,4,17,12402,7979482,200,0,385,0,0,1144,3487
1760,2026-08-04T06:12:25Z,1785823945384899543,1767,6616,17716,4,17,12410,7980278,200,0,385,0,0,1144,3488
1761,2026-08-04T06:12:26Z,1785823946388877741,1768,6616,17716,4,17,12417,7981076,200,0,385,0,0,1144,3488
1762,2026-08-04T06:12:27Z,1785823947392667027,1769,6616,17716,4,17,12425,7981869,200,0,385,0,0,1144,3488
1763,2026-08-04T06:12:28Z,1785823948396189776,1770,6616,17716,4,17,12432,7982661,200,0,385,0,0,1144,3489
1764,2026-08-04T06:12:29Z,1785823949399934267,1771,6616,17716,4,17,12440,7983458,200,0,385,0,0,1144,3490
1765,2026-08-04T06:12:30Z,1785823950404378985,1772,6616,17716,4,17,12447,7984255,200,0,385,0,0,1144,3490
1766,2026-08-04T06:12:31Z,1785823951407583056,1773,6616,17716,4,17,12455,7985050,200,0,385,0,0,1144,3491
1767,2026-08-04T06:12:32Z,1785823952411440114,1774,6616,17716,4,17,12463,7985847,200,0,385,0,0,1144,3491
1768,2026-08-04T06:12:33Z,1785823953414949652,1775,6616,17716,4,17,12471,7986643,200,0,385,0,0,1144,3492
1769,2026-08-04T06:12:34Z,1785823954418929797,1776,6616,17716,4,17,12478,7987440,200,0,385,0,0,1144,3492
1770,2026-08-04T06:12:35Z,1785823955422889550,1777,6616,17716,4,17,12486,7988236,200,0,385,0,0,1144,3493
1771,2026-08-04T06:12:36Z,1785823956426807148,1778,6616,17716,4,17,12493,7989033,200,0,385,0,0,1144,3493
1772,2026-08-04T06:12:37Z,1785823957431413409,1779,6616,17716,4,17,12501,7989829,200,0,385,0,0,1144,3493
1773,2026-08-04T06:12:38Z,1785823958434467407,1780,6616,17716,4,17,12508,7990626,200,0,385,0,0,1144,3493
1774,2026-08-04T06:12:39Z,1785823959439095263,1781,6616,17716,4,17,12516,7991421,200,0,385,0,0,1144,3493
1775,2026-08-04T06:12:40Z,1785823960442716779,1782,6616,17716,4,17,12524,7992218,200,0,385,0,0,1144,3494
1776,2026-08-04T06:12:41Z,1785823961446977522,1783,6616,17716,4,17,12532,7993013,200,0,385,0,0,1144,3495
1777,2026-08-04T06:12:42Z,1785823962450251304,1784,6616,17716,4,17,12539,7993816,200,0,385,0,0,1144,3495
1778,2026-08-04T06:12:43Z,1785823963454255769,1785,6616,17716,4,17,12547,7994610,200,0,385,0,0,1144,3496
1779,2026-08-04T06:12:44Z,1785823964458035928,1786,6616,17716,4,17,12555,7995409,200,0,385,0,0,1144,3497
1780,2026-08-04T06:12:45Z,1785823965462416764,1787,6616,17716,4,17,12563,7996204,200,0,385,0,0,1144,3498
1781,2026-08-04T06:12:46Z,1785823966465289008,1788,6616,17716,4,17,12570,7997001,200,0,385,0,0,1144,3498
1782,2026-08-04T06:12:47Z,1785823967469039115,1789,6616,17716,4,17,12578,7997796,200,0,385,0,0,1144,3498
1783,2026-08-04T06:12:48Z,1785823968472962680,1790,6616,17716,4,17,12585,7998596,200,0,385,0,0,1144,3499
1784,2026-08-04T06:12:49Z,1785823969476837820,1791,6616,17716,4,17,12593,7999391,200,0,385,0,0,1144,3500
1785,2026-08-04T06:12:50Z,1785823970480735424,1792,6616,17716,4,17,12601,8000187,200,0,385,0,0,1144,3500
1786,2026-08-04T06:12:51Z,1785823971484981337,1793,6616,17716,4,17,12608,8000983,200,0,385,0,0,1144,3501
1787,2026-08-04T06:12:52Z,1785823972489784426,1794,6616,17716,4,17,12615,8001777,200,0,385,0,0,1144,3502
1788,2026-08-04T06:12:53Z,1785823973493874008,1795,6616,17716,4,17,12624,8002573,200,0,385,0,0,1144,3502
1789,2026-08-04T06:12:54Z,1785823974497029413,1796,6616,17716,4,17,12631,8003372,200,0,385,0,0,1144,3503
1790,2026-08-04T06:12:55Z,1785823975500922023,1797,6616,17716,4,17,12639,8004166,200,0,385,0,0,1144,3503
1791,2026-08-04T06:12:56Z,1785823976505180887,1798,6616,17716,4,17,12647,8004960,200,0,385,0,0,1144,3504
1792,2026-08-04T06:12:57Z,1785823977509214514,1799,6616,17716,4,17,12654,8005755,200,0,385,0,0,1144,3505
1793,2026-08-04T06:12:58Z,1785823978513275121,1800,6616,17716,4,17,12662,8006553,200,0,385,0,0,1144,3505
1794,2026-08-04T06:12:59Z,1785823979517404168,1801,6616,17716,4,17,12669,8007348,200,0,385,0,0,1144,3506
1795,2026-08-04T06:13:00Z,1785823980521763141,1802,6612,17716,4,16,12676,8008145,200,0,385,0,0,1144,3507
1796,2026-08-04T06:13:01Z,1785823981524818931,1803,6608,17716,4,15,12684,8008941,200,0,385,0,0,1144,3508
1797,2026-08-04T06:13:02Z,1785823982528770688,1804,6584,17716,4,14,12689,8009742,200,0,385,0,0,1144,3508
1798,2026-08-04T06:13:03Z,1785823983532054612,1805,6576,17716,4,12,12691,8010543,200,0,385,0,0,1144,3508
1799,2026-08-04T06:13:04Z,1785823984536525858,1806,6248,17716,4,10,12691,8011346,200,0,385,0,0,1144,3508
1800,2026-08-04T06:13:05Z,1785823985539737410,1807,6248,17716,4,10,12692,8012147,200,0,385,0,0,1144,3508
1801,2026-08-04T06:13:06Z,1785823986542605786,1808,6248,17716,4,10,12692,8012950,200,0,385,0,0,1144,3508
1802,2026-08-04T06:13:07Z,1785823987546695997,1809,6248,17716,4,10,12692,8013752,200,0,385,0,0,1144,3508
1803,2026-08-04T06:13:08Z,1785823988550386053,1810,6248,17716,4,10,12692,8014556,200,0,385,0,0,1144,3508
1804,2026-08-04T06:13:09Z,1785823989553952797,1811,6252,17716,4,11,12693,8015357,200,0,385,0,0,1144,3508
1805,2026-08-04T06:13:10Z,1785823990558337934,1812,6256,17716,4,12,12693,8016159,200,0,385,0,0,1144,3508
1806,2026-08-04T06:13:11Z,1785823991562070355,1813,6280,17716,4,13,12695,8016957,200,0,385,0,0,1144,3508
1807,2026-08-04T06:13:12Z,1785823992566094623,1814,6284,17716,4,14,12698,8017753,200,0,385,0,0,1144,3508
1808,2026-08-04T06:13:13Z,1785823993570429764,1815,6608,17716,4,15,12706,8018549,200,0,385,0,0,1144,3508
1809,2026-08-04T06:13:14Z,1785823994574358712,1816,17328,24988,4,114,12730,8019340,200,0,385,0,0,1236,3626
1810,2026-08-04T06:13:15Z,1785823995578570720,1817,6864,24988,4,58,12737,8020134,200,0,387,0,0,1236,3627
1811,2026-08-04T06:13:16Z,1785823996582473283,1818,6864,24988,4,58,12746,8020931,200,0,387,0,0,1236,3628
1812,2026-08-04T06:13:17Z,1785823997586000835,1819,6864,24988,4,58,12753,8021724,200,0,387,0,0,1236,3628
1813,2026-08-04T06:13:18Z,1785823998590107439,1820,6864,24988,4,58,12761,8022518,200,0,387,0,0,1236,3629
1814,2026-08-04T06:13:19Z,1785823999594872106,1821,6864,24988,4,58,12768,8023316,200,0,387,0,0,1236,3630
1815,2026-08-04T06:13:20Z,1785824000598002344,1822,6864,24988,4,58,12776,8024110,200,0,387,0,0,1236,3631
1816,2026-08-04T06:13:21Z,1785824001602375391,1823,6864,24988,4,58,12784,8024905,200,0,387,0,0,1236,3631
1817,2026-08-04T06:13:22Z,1785824002605245227,1824,6864,24988,4,58,12792,8025698,200,0,387,0,0,1260,3632
1818,2026-08-04T06:13:23Z,1785824003609533633,1825,6864,24988,4,58,12799,8026493,200,0,387,0,0,1260,3633
1819,2026-08-04T06:13:24Z,1785824004613253976,1826,6864,24988,4,58,12807,8027289,200,0,387,0,0,1260,3633
1820,2026-08-04T06:13:25Z,1785824005617620991,1827,6864,24988,4,58,12815,8028087,200,0,387,0,0,1260,3634
1821,2026-08-04T06:13:26Z,1785824006620785156,1828,6864,24988,4,58,12822,8028878,200,0,387,0,0,1260,3634
1822,2026-08-04T06:13:27Z,1785824007624957976,1829,6864,24988,4,58,12830,8029673,200,0,387,0,0,1260,3635
1823,2026-08-04T06:13:28Z,1785824008628999259,1830,6864,24988,4,58,12837,8030468,200,0,387,0,0,1260,3636
1824,2026-08-04T06:13:29Z,1785824009633706878,1831,6864,24988,4,58,12845,8031261,200,0,387,0,0,1260,3637
1825,2026-08-04T06:13:30Z,1785824010637235134,1832,6864,24988,4,58,12853,8032057,200,0,387,0,0,1260,3638
1826,2026-08-04T06:13:31Z,1785824011640405001,1833,6864,24988,4,58,12861,8032852,200,0,387,0,0,1260,3639
1827,2026-08-04T06:13:32Z,1785824012644516639,1834,6864,24988,4,58,12868,8033646,200,0,387,0,0,1260,3640
1828,2026-08-04T06:13:33Z,1785824013648387572,1835,6864,24988,4,58,12877,8034440,200,0,387,0,0,1260,3640
1829,2026-08-04T06:13:34Z,1785824014653142936,1836,6864,24988,4,58,12883,8035235,200,0,387,0,0,1260,3641
1830,2026-08-04T06:13:35Z,1785824015655982816,1837,6864,24988,4,58,12892,8036031,200,0,387,0,0,1260,3642
1831,2026-08-04T06:13:36Z,1785824016660048208,1838,6864,24988,4,58,12899,8036825,200,0,387,0,0,1260,3643
1832,2026-08-04T06:13:37Z,1785824017664842103,1839,6864,24988,4,58,12908,8037619,200,0,387,0,0,1260,3644
1833,2026-08-04T06:13:38Z,1785824018667974119,1840,6864,24988,4,58,12914,8038413,200,0,387,0,0,1260,3645
1834,2026-08-04T06:13:39Z,1785824019672325611,1841,6864,24988,4,58,12923,8039209,200,0,387,0,0,1260,3645
1835,2026-08-04T06:13:40Z,1785824020676693201,1842,6864,24988,4,58,12930,8040002,200,0,387,0,0,1260,3645
1836,2026-08-04T06:13:41Z,1785824021679791394,1843,6864,24988,4,58,12937,8040794,200,0,387,0,0,1260,3646
1837,2026-08-04T06:13:42Z,1785824022684366406,1844,6864,24988,4,58,12945,8041589,200,0,387,0,0,1260,3647
1838,2026-08-04T06:13:43Z,1785824023687026715,1845,6864,24988,4,58,12953,8042383,200,0,387,0,0,1260,3648
1839,2026-08-04T06:13:44Z,1785824024691166998,1846,6688,24988,4,19,12961,8043176,200,0,387,0,0,1260,3649
1840,2026-08-04T06:13:45Z,1785824025695717323,1847,6688,24988,4,19,12969,8043970,200,0,386,0,0,1260,3649
1841,2026-08-04T06:13:46Z,1785824026698852170,1848,6684,24988,4,18,12976,8044764,200,0,386,0,0,1260,3650
1842,2026-08-04T06:13:47Z,1785824027702866706,1849,6684,24988,4,18,12985,8045559,200,0,386,0,0,1260,3650
1843,2026-08-04T06:13:48Z,1785824028707267095,1850,6684,24988,4,18,12992,8046352,200,0,386,0,0,1260,3651
1844,2026-08-04T06:13:49Z,1785824029711328486,1851,6684,24988,4,18,13000,8047148,200,0,386,0,0,1260,3652
1845,2026-08-04T06:13:50Z,1785824030715279006,1852,6684,24988,4,18,13007,8047940,200,0,386,0,0,1260,3652
1846,2026-08-04T06:13:51Z,1785824031719233931,1853,6684,24988,4,18,13015,8048733,200,0,386,0,0,1260,3653
1847,2026-08-04T06:13:52Z,1785824032723424580,1854,6684,24988,4,18,13023,8049527,200,0,386,0,0,1260,3654
1848,2026-08-04T06:13:53Z,1785824033727804006,1855,6684,24988,4,18,13030,8050325,200,0,386,0,0,1260,3655
1849,2026-08-04T06:13:54Z,1785824034730947304,1856,6684,24988,4,18,13038,8051118,200,0,386,0,0,1260,3656
1850,2026-08-04T06:13:55Z,1785824035735017949,1857,6684,24988,4,18,13045,8051915,200,0,386,0,0,1260,3657
1851,2026-08-04T06:13:56Z,1785824036739141013,1858,6684,24988,4,18,13053,8052707,200,0,386,0,0,1260,3658
1852,2026-08-04T06:13:57Z,1785824037743445646,1859,6684,24988,4,18,13061,8053500,200,0,386,0,0,1260,3658
1853,2026-08-04T06:13:58Z,1785824038747313572,1860,6684,24988,4,18,13068,8054294,200,0,386,0,0,1260,3659
1854,2026-08-04T06:13:59Z,1785824039750983239,1861,6684,24988,4,18,13076,8055089,200,0,386,0,0,1260,3659
1855,2026-08-04T06:14:00Z,1785824040754882135,1862,6684,24988,4,18,13084,8055886,200,0,386,0,0,1260,3659
1856,2026-08-04T06:14:01Z,1785824041758606728,1863,6684,24988,4,18,13092,8056678,200,0,386,0,0,1260,3660
1857,2026-08-04T06:14:02Z,1785824042762896019,1864,6684,24988,4,18,13100,8057472,200,0,386,0,0,1260,3661
1858,2026-08-04T06:14:03Z,1785824043766399924,1865,6684,24988,4,18,13108,8058266,200,0,386,0,0,1260,3661
1859,2026-08-04T06:14:04Z,1785824044769383699,1866,6684,24988,4,18,13116,8059063,200,0,386,0,0,1260,3661
1860,2026-08-04T06:14:05Z,1785824045773912678,1867,6684,24988,4,18,13123,8059857,200,0,386,0,0,1260,3661
1861,2026-08-04T06:14:06Z,1785824046777026625,1868,6684,24988,4,18,13131,8060650,200,0,386,0,0,1260,3662
1862,2026-08-04T06:14:07Z,1785824047781069330,1869,6684,24988,4,18,13138,8061443,200,0,386,0,0,1260,3663
1863,2026-08-04T06:14:08Z,1785824048785064232,1870,6684,24988,4,18,13146,8062236,200,0,386,0,0,1260,3663
1864,2026-08-04T06:14:09Z,1785824049789043648,1871,6684,24988,4,18,13154,8063033,200,0,386,0,0,1260,3664
1865,2026-08-04T06:14:10Z,1785824050792953528,1872,6684,24988,4,18,13161,8063829,200,0,386,0,0,1260,3664
1866,2026-08-04T06:14:11Z,1785824051797576654,1873,6684,24988,4,18,13169,8064625,200,0,386,0,0,1260,3665
1867,2026-08-04T06:14:12Z,1785824052800974533,1874,6684,24988,4,18,13177,8065421,200,0,386,0,0,1260,3666
1868,2026-08-04T06:14:13Z,1785824053805110829,1875,6684,24988,4,18,13184,8066216,200,0,386,0,0,1260,3667
1869,2026-08-04T06:14:14Z,1785824054809592931,1876,6684,24988,4,18,13191,8067012,200,0,386,0,0,1260,3668
1870,2026-08-04T06:14:15Z,1785824055813558736,1877,6684,24988,4,18,13199,8067804,200,0,386,0,0,1260,3669
1871,2026-08-04T06:14:16Z,1785824056816997058,1878,6684,24988,4,18,13207,8068599,200,0,386,0,0,1260,3669
1872,2026-08-04T06:14:17Z,1785824057819896680,1879,6684,24988,4,18,13214,8069395,200,0,386,0,0,1260,3670
1873,2026-08-04T06:14:18Z,1785824058823862948,1880,6684,24988,4,18,13222,8070188,200,0,386,0,0,1260,3670
1874,2026-08-04T06:14:19Z,1785824059827914825,1881,6684,24988,4,18,13230,8070983,200,0,386,0,0,1260,3671
1875,2026-08-04T06:14:20Z,1785824060831873733,1882,6684,24988,4,18,13237,8071775,200,0,386,0,0,1260,3672
1876,2026-08-04T06:14:21Z,1785824061836196343,1883,6684,24988,4,18,13245,8072570,200,0,386,0,0,1260,3672
1877,2026-08-04T06:14:22Z,1785824062839079560,1884,6684,24988,4,18,13252,8073365,200,0,386,0,0,1260,3673
1878,2026-08-04T06:14:23Z,1785824063843984007,1885,6684,24988,4,18,13260,8074162,200,0,386,0,0,1260,3674
1879,2026-08-04T06:14:24Z,1785824064847074953,1886,6684,24988,4,18,13268,8074955,200,0,386,0,0,1260,3675
1880,2026-08-04T06:14:25Z,1785824065851228475,1887,6684,24988,4,18,13276,8075749,200,0,386,0,0,1260,3675
1881,2026-08-04T06:14:26Z,1785824066855144848,1888,6684,24988,4,18,13284,8076542,200,0,386,0,0,1260,3676
1882,2026-08-04T06:14:27Z,1785824067859242410,1889,6684,24988,4,18,13291,8077338,200,0,386,0,0,1260,3677
1883,2026-08-04T06:14:28Z,1785824068863215925,1890,6684,24988,4,18,13299,8078130,200,0,386,0,0,1260,3677
1884,2026-08-04T06:14:29Z,1785824069867527194,1891,6684,24988,4,18,13306,8078925,200,0,386,0,0,1260,3677
1885,2026-08-04T06:14:30Z,1785824070871945249,1892,6684,24988,4,18,13315,8079717,200,0,386,0,0,1260,3678
1886,2026-08-04T06:14:31Z,1785824071876228657,1893,6684,24988,4,18,13322,8080513,200,0,386,0,0,1260,3679
1887,2026-08-04T06:14:32Z,1785824072879065055,1894,6684,24988,4,18,13330,8081307,200,0,386,0,0,1260,3679
1888,2026-08-04T06:14:33Z,1785824073882860852,1895,6684,24988,4,18,13338,8082102,200,0,386,0,0,1260,3680
1889,2026-08-04T06:14:34Z,1785824074887069054,1896,6684,24988,4,18,13346,8082896,200,0,386,0,0,1260,3681
1890,2026-08-04T06:14:35Z,1785824075891360178,1897,6684,24988,4,18,13354,8083692,200,0,386,0,0,1260,3682
1891,2026-08-04T06:14:36Z,1785824076896265912,1898,6684,24988,4,18,13360,8084485,200,0,386,0,0,1260,3682
1892,2026-08-04T06:14:37Z,1785824077899343755,1899,6684,24988,4,18,13369,8085279,200,0,386,0,0,1260,3683
1893,2026-08-04T06:14:38Z,1785824078903409923,1900,6684,24988,4,18,13377,8086074,200,0,386,0,0,1260,3684
1894,2026-08-04T06:14:39Z,1785824079907044907,1901,6684,24988,4,18,13384,8086867,200,0,386,0,0,1260,3685
1895,2026-08-04T06:14:40Z,1785824080911200647,1902,6688,24988,4,19,13391,8087663,200,0,386,0,0,1260,3686
1896,2026-08-04T06:14:41Z,1785824081915479417,1903,6688,24988,4,19,13399,8088457,200,0,386,0,0,1260,3686
1897,2026-08-04T06:14:42Z,1785824082919866719,1904,6688,24988,4,19,13407,8089249,200,0,386,0,0,1260,3687
1898,2026-08-04T06:14:43Z,1785824083924006771,1905,6688,24988,4,19,13414,8090043,200,0,386,0,0,1260,3688
1899,2026-08-04T06:14:44Z,1785824084929192142,1906,6688,24988,4,19,13422,8090837,200,0,386,0,0,1260,3689
1900,2026-08-04T06:14:45Z,1785824085932957245,1907,6688,24988,4,19,13430,8091631,200,0,386,0,0,1260,3690
1901,2026-08-04T06:14:46Z,1785824086936136298,1908,6688,24988,4,19,13437,8092426,200,0,386,0,0,1260,3691
1902,2026-08-04T06:14:47Z,1785824087939735759,1909,6688,24988,4,19,13446,8093220,200,0,386,0,0,1260,3692
1903,2026-08-04T06:14:48Z,1785824088943539694,1910,6688,24988,4,19,13453,8094015,200,0,386,0,0,1260,3693
1904,2026-08-04T06:14:49Z,1785824089947274735,1911,6688,24988,4,19,13460,8094811,200,0,386,0,0,1260,3694
1905,2026-08-04T06:14:50Z,1785824090951134863,1912,6688,24988,4,19,13467,8095607,200,0,386,0,0,1260,3695
1906,2026-08-04T06:14:51Z,1785824091955007712,1913,6688,24988,4,19,13475,8096403,200,0,386,0,0,1260,3696
1907,2026-08-04T06:14:52Z,1785824092959270924,1914,6688,24988,4,19,13482,8097197,200,0,386,0,0,1260,3697
1908,2026-08-04T06:14:53Z,1785824093962844475,1915,6688,24988,4,19,13490,8097990,200,0,386,0,0,1260,3698
1909,2026-08-04T06:14:54Z,1785824094966823167,1916,6688,24988,4,19,13498,8098787,200,0,386,0,0,1260,3699
1910,2026-08-04T06:14:55Z,1785824095970629427,1917,6688,24988,4,19,13505,8099581,200,0,386,0,0,1260,3699
1911,2026-08-04T06:14:56Z,1785824096974492395,1918,6688,24988,4,19,13513,8100376,200,0,386,0,0,1260,3699
1912,2026-08-04T06:14:57Z,1785824097978472128,1919,6688,24988,4,19,13521,8101168,200,0,386,0,0,1260,3700
1913,2026-08-04T06:14:58Z,1785824098982694459,1920,6688,24988,4,19,13529,8101963,200,0,386,0,0,1260,3701
1914,2026-08-04T06:14:59Z,1785824099987775064,1921,6688,24988,4,19,13536,8102756,200,0,386,0,0,1260,3701
1915,2026-08-04T06:15:00Z,1785824100991170963,1922,6688,24988,4,19,13544,8103549,200,0,386,0,0,1260,3701
1916,2026-08-04T06:15:01Z,1785824101995353459,1923,6688,24988,4,19,13552,8104343,200,0,386,0,0,1260,3702
1917,2026-08-04T06:15:02Z,1785824103000037400,1925,6688,24988,4,19,13560,8105137,200,0,386,0,0,1260,3703
1918,2026-08-04T06:15:04Z,1785824104003146799,1926,6688,24988,4,19,13568,8105932,200,0,386,0,0,1260,3704
1919,2026-08-04T06:15:05Z,1785824105006967305,1927,6688,24988,4,19,13575,8106727,200,0,386,0,0,1260,3705
1920,2026-08-04T06:15:06Z,1785824106011245130,1928,6688,24988,4,19,13583,8107523,200,0,386,0,0,1260,3705
1921,2026-08-04T06:15:07Z,1785824107015854982,1929,6688,24988,4,19,13591,8108319,200,0,386,0,0,1260,3706
1922,2026-08-04T06:15:08Z,1785824108019219493,1930,6688,24988,4,19,13599,8109112,200,0,386,0,0,1260,3707
1923,2026-08-04T06:15:09Z,1785824109022364934,1931,6688,24988,4,19,13607,8109906,200,0,386,0,0,1260,3707
1924,2026-08-04T06:15:10Z,1785824110026870529,1932,6684,24988,4,18,13615,8110700,200,0,386,0,0,1260,3707
1925,2026-08-04T06:15:11Z,1785824111029674856,1933,6676,24988,4,16,13621,8111496,200,0,386,0,0,1260,3708
1926,2026-08-04T06:15:12Z,1785824112033253824,1934,6628,24988,4,14,13625,8112296,200,0,386,0,0,1260,3708
1927,2026-08-04T06:15:13Z,1785824113036182551,1935,6620,24988,4,12,13628,8113097,200,0,386,0,0,1260,3708
1928,2026-08-04T06:15:14Z,1785824114039984082,1936,6292,24988,4,10,13628,8113899,200,0,386,0,0,1260,3708
1929,2026-08-04T06:15:15Z,1785824115044719595,1937,6292,24988,4,10,13628,8114701,200,0,386,0,0,1260,3708
1930,2026-08-04T06:15:16Z,1785824116047521764,1938,6292,24988,4,10,13628,8115504,200,0,386,0,0,1260,3708
1931,2026-08-04T06:15:17Z,1785824117051319766,1939,6292,24988,4,10,13628,8116305,200,0,386,0,0,1260,3708
1932,2026-08-04T06:15:18Z,1785824118055238580,1940,6292,24988,4,10,13628,8117109,200,0,386,0,0,1260,3708
1933,2026-08-04T06:15:19Z,1785824119059479340,1941,6296,24988,4,11,13628,8117912,200,0,386,0,0,1260,3708
1934,2026-08-04T06:15:20Z,1785824120063930203,1942,6300,24988,4,12,13629,8118712,200,0,386,0,0,1260,3708
1935,2026-08-04T06:15:21Z,1785824121067441344,1943,6324,24988,4,13,13631,8119512,200,0,386,0,0,1260,3708
1936,2026-08-04T06:15:22Z,1785824122071419665,1944,6328,24988,4,14,13635,8120309,200,0,386,0,0,1260,3708
1937,2026-08-04T06:15:23Z,1785824123075145341,1945,6652,24988,4,15,13643,8121104,200,0,386,0,0,1260,3708
1938,2026-08-04T06:15:24Z,1785824124079205370,1946,6664,24988,4,18,13651,8121897,200,0,386,0,0,1260,3709
1939,2026-08-04T06:15:25Z,1785824125083304418,1947,6664,24988,4,18,13658,8122693,200,0,386,0,0,1260,3710
1940,2026-08-04T06:15:26Z,1785824126087270691,1948,6664,24988,4,18,13665,8123491,200,0,386,0,0,1260,3710
1941,2026-08-04T06:15:27Z,1785824127091894312,1949,6664,24988,4,18,13673,8124287,200,0,386,0,0,1260,3710
1942,2026-08-04T06:15:28Z,1785824128095286227,1950,6664,24988,4,18,13681,8125079,200,0,386,0,0,1260,3710
1943,2026-08-04T06:15:29Z,1785824129098490203,1951,6664,24988,4,18,13688,8125875,200,0,386,0,0,1260,3711
1944,2026-08-04T06:15:30Z,1785824130103164932,1952,6664,24988,4,18,13696,8126670,200,0,386,0,0,1260,3712
1945,2026-08-04T06:15:31Z,1785824131106909564,1953,6664,24988,4,18,13704,8127461,200,0,386,0,0,1260,3712
1946,2026-08-04T06:15:32Z,1785824132110921412,1954,6664,24988,4,18,13712,8128257,200,0,386,0,0,1260,3713
1947,2026-08-04T06:15:33Z,1785824133114172126,1955,6664,24988,4,18,13720,8129051,200,0,386,0,0,1260,3714
1948,2026-08-04T06:15:34Z,1785824134117214272,1956,6664,24988,4,18,13727,8129845,200,0,386,0,0,1260,3714
1949,2026-08-04T06:15:35Z,1785824135121765533,1957,6664,24988,4,18,13735,8130639,200,0,386,0,0,1260,3714
1950,2026-08-04T06:15:36Z,1785824136125120421,1958,6664,24988,4,18,13743,8131432,200,0,386,0,0,1260,3714
1951,2026-08-04T06:15:37Z,1785824137129333337,1959,6664,24988,4,18,13751,8132227,200,0,386,0,0,1260,3715
1952,2026-08-04T06:15:38Z,1785824138132610618,1960,6664,24988,4,18,13759,8133019,200,0,386,0,0,1260,3716
1953,2026-08-04T06:15:39Z,1785824139136267570,1961,6664,24988,4,18,13766,8133816,200,0,386,0,0,1260,3717
1954,2026-08-04T06:15:40Z,1785824140140323050,1962,6664,24988,4,18,13774,8134612,200,0,386,0,0,1260,3718
1955,2026-08-04T06:15:41Z,1785824141144340508,1963,6664,24988,4,18,13781,8135406,200,0,386,0,0,1260,3718
1956,2026-08-04T06:15:42Z,1785824142147967594,1964,6664,24988,4,18,13789,8136200,200,0,386,0,0,1260,3718
1957,2026-08-04T06:15:43Z,1785824143151836039,1965,6664,24988,4,18,13797,8136995,200,0,386,0,0,1260,3718
1958,2026-08-04T06:15:44Z,1785824144156138280,1966,6664,24988,4,18,13804,8137792,200,0,386,0,0,1260,3719
1959,2026-08-04T06:15:45Z,1785824145160731122,1967,6664,24988,4,18,13812,8138586,200,0,386,0,0,1260,3719
1960,2026-08-04T06:15:46Z,1785824146164725597,1968,6664,24988,4,18,13819,8139379,200,0,386,0,0,1260,3720
1961,2026-08-04T06:15:47Z,1785824147168251621,1969,6664,24988,4,18,13827,8140179,200,0,386,0,0,1260,3721
1962,2026-08-04T06:15:48Z,1785824148171242606,1970,6664,24988,4,18,13835,8140971,200,0,386,0,0,1260,3721
1963,2026-08-04T06:15:49Z,1785824149175044327,1971,6664,24988,4,18,13843,8141766,200,0,386,0,0,1260,3721
1964,2026-08-04T06:15:50Z,1785824150179326208,1972,6664,24988,4,18,13851,8142562,200,0,386,0,0,1260,3721
1965,2026-08-04T06:15:51Z,1785824151183108000,1973,6664,24988,4,18,13858,8143358,200,0,386,0,0,1260,3722
1966,2026-08-04T06:15:52Z,1785824152187223712,1974,6664,24988,4,18,13866,8144152,200,0,386,0,0,1260,3723
1967,2026-08-04T06:15:53Z,1785824153191422120,1975,6664,24988,4,18,13873,8144950,200,0,386,0,0,1260,3723
1968,2026-08-04T06:15:54Z,1785824154195459780,1976,6660,24988,4,17,13881,8145747,200,0,386,0,0,1260,3724
1969,2026-08-04T06:15:55Z,1785824155200072624,1977,6660,24988,4,17,13889,8146544,200,0,386,0,0,1260,3725
1970,2026-08-04T06:15:56Z,1785824156203836043,1978,6660,24988,4,17,13896,8147335,200,0,386,0,0,1260,3726
1971,2026-08-04T06:15:57Z,1785824157207066245,1979,6660,24988,4,17,13904,8148129,200,0,386,0,0,1260,3726
1972,2026-08-04T06:15:58Z,1785824158210848731,1980,6660,24988,4,17,13911,8148928,200,0,386,0,0,1260,3727
1973,2026-08-04T06:15:59Z,1785824159214859803,1981,6660,24988,4,17,13919,8149724,200,0,386,0,0,1260,3728
1974,2026-08-04T06:16:00Z,1785824160219531668,1982,6660,24988,4,17,13926,8150520,200,0,386,0,0,1260,3728
1975,2026-08-04T06:16:01Z,1785824161223020049,1983,6660,24988,4,17,13934,8151313,200,0,386,0,0,1260,3729
1976,2026-08-04T06:16:02Z,1785824162226399581,1984,6660,24988,4,17,13942,8152106,200,0,386,0,0,1260,3730
1977,2026-08-04T06:16:03Z,1785824163230196150,1985,6660,24988,4,17,13950,8152900,200,0,386,0,0,1260,3730
1978,2026-08-04T06:16:04Z,1785824164233290425,1986,6660,24988,4,17,13958,8153694,200,0,386,0,0,1260,3731
1979,2026-08-04T06:16:05Z,1785824165238022276,1987,6660,24988,4,17,13966,8154491,200,0,386,0,0,1260,3732
1980,2026-08-04T06:16:06Z,1785824166242062963,1988,6660,24988,4,17,13974,8155288,200,0,386,0,0,1260,3733
1981,2026-08-04T06:16:07Z,1785824167245621742,1989,6660,24988,4,17,13982,8156083,200,0,386,0,0,1260,3734
1982,2026-08-04T06:16:08Z,1785824168248985075,1990,6660,24988,4,17,13989,8156876,200,0,386,0,0,1260,3735
1983,2026-08-04T06:16:09Z,1785824169252123717,1991,6660,24988,4,17,13998,8157673,200,0,386,0,0,1260,3736
1984,2026-08-04T06:16:10Z,1785824170256132957,1992,6660,24988,4,17,14005,8158466,200,0,386,0,0,1260,3736
1985,2026-08-04T06:16:11Z,1785824171260014118,1993,6660,24988,4,17,14013,8159261,200,0,386,0,0,1260,3736
1986,2026-08-04T06:16:12Z,1785824172264179592,1994,6660,24988,4,17,14020,8160056,200,0,386,0,0,1260,3737
1987,2026-08-04T06:16:13Z,1785824173268065380,1995,6660,24988,4,17,14028,8160853,200,0,386,0,0,1260,3738
1988,2026-08-04T06:16:14Z,1785824174272332484,1996,6660,24988,4,17,14036,8161648,200,0,386,0,0,1260,3738
1989,2026-08-04T06:16:15Z,1785824175277237870,1997,6660,24988,4,17,14044,8162442,200,0,386,0,0,1260,3739
1990,2026-08-04T06:16:16Z,1785824176280786218,1998,6660,24988,4,17,14051,8163240,200,0,386,0,0,1260,3740
1991,2026-08-04T06:16:17Z,1785824177284064821,1999,6660,24988,4,17,14059,8164032,200,0,386,0,0,1260,3741
1992,2026-08-04T06:16:18Z,1785824178287218651,2000,6660,24988,4,17,14066,8164825,200,0,386,0,0,1260,3741
1993,2026-08-04T06:16:19Z,1785824179291071393,2001,6660,24988,4,17,14074,8165623,200,0,386,0,0,1260,3742
1994,2026-08-04T06:16:20Z,1785824180295383641,2002,6660,24988,4,17,14082,8166420,200,0,386,0,0,1260,3743
1995,2026-08-04T06:16:21Z,1785824181298992476,2003,6660,24988,4,17,14090,8167217,200,0,386,0,0,1260,3744
1996,2026-08-04T06:16:22Z,1785824182302132566,2004,6660,24988,4,17,14097,8168011,200,0,386,0,0,1260,3745
1997,2026-08-04T06:16:23Z,1785824183305829922,2005,6660,24988,4,17,14105,8168804,200,0,386,0,0,1260,3745
1998,2026-08-04T06:16:24Z,1785824184310482521,2006,6660,24988,4,17,14112,8169599,200,0,386,0,0,1260,3746
1999,2026-08-04T06:16:25Z,1785824185314134950,2007,6660,24988,4,17,14120,8170396,200,0,386,0,0,1260,3746
2000,2026-08-04T06:16:26Z,1785824186317245831,2008,6660,24988,4,17,14127,8171189,200,0,386,0,0,1260,3746
2001,2026-08-04T06:16:27Z,1785824187321503167,2009,6660,24988,4,17,14135,8171985,200,0,386,0,0,1260,3747
2002,2026-08-04T06:16:28Z,1785824188325490765,2010,6660,24988,4,17,14142,8172780,200,0,386,0,0,1260,3748
2003,2026-08-04T06:16:29Z,1785824189329050293,2011,6660,24988,4,17,14150,8173575,200,0,386,0,0,1260,3748
2004,2026-08-04T06:16:30Z,1785824190333274299,2012,6660,24988,4,17,14158,8174367,200,0,386,0,0,1260,3749
2005,2026-08-04T06:16:31Z,1785824191337257833,2013,6660,24988,4,17,14165,8175161,200,0,386,0,0,1260,3749
2006,2026-08-04T06:16:32Z,1785824192341419874,2014,6660,24988,4,17,14174,8175960,200,0,386,0,0,1260,3749
2007,2026-08-04T06:16:33Z,1785824193345296874,2015,6660,24988,4,17,14180,8176754,200,0,386,0,0,1260,3749
2008,2026-08-04T06:16:34Z,1785824194349339989,2016,6660,24988,4,17,14188,8177547,200,0,386,0,0,1260,3749
2009,2026-08-04T06:16:35Z,1785824195353288046,2017,6660,24988,4,17,14196,8178341,200,0,386,0,0,1260,3749
2010,2026-08-04T06:16:36Z,1785824196357497423,2018,6660,24988,4,17,14204,8179137,200,0,386,0,0,1260,3750
2011,2026-08-04T06:16:37Z,1785824197360930920,2019,6660,24988,4,17,14211,8179933,200,0,386,0,0,1260,3751
2012,2026-08-04T06:16:38Z,1785824198363919740,2020,6660,24988,4,17,14219,8180727,200,0,386,0,0,1260,3752
2013,2026-08-04T06:16:39Z,1785824199368078507,2021,6660,24988,4,17,14227,8181521,200,0,386,0,0,1260,3752
2014,2026-08-04T06:16:40Z,1785824200372293804,2022,6660,24988,4,17,14234,8182315,200,0,386,0,0,1260,3752
2015,2026-08-04T06:16:41Z,1785824201376375184,2023,6660,24988,4,17,14242,8183111,200,0,386,0,0,1260,3752
2016,2026-08-04T06:16:42Z,1785824202380379492,2024,6660,24988,4,17,14250,8183907,200,0,386,0,0,1260,3752
2017,2026-08-04T06:16:43Z,1785824203384606994,2025,6660,24988,4,17,14258,8184702,200,0,386,0,0,1260,3753
2018,2026-08-04T06:16:44Z,1785824204388743014,2026,6660,24988,4,17,14265,8185496,200,0,386,0,0,1260,3753
2019,2026-08-04T06:16:45Z,1785824205393579516,2027,6660,24988,4,17,14274,8186289,200,0,386,0,0,1260,3754
2020,2026-08-04T06:16:46Z,1785824206396594879,2028,6660,24988,4,17,14281,8187082,200,0,386,0,0,1260,3755
2021,2026-08-04T06:16:47Z,1785824207400368217,2029,6660,24988,4,17,14288,8187879,200,0,386,0,0,1260,3755
2022,2026-08-04T06:16:48Z,1785824208404189334,2030,6660,24988,4,17,14296,8188673,200,0,386,0,0,1260,3755
2023,2026-08-04T06:16:49Z,1785824209408157938,2031,6660,24988,4,17,14304,8189471,200,0,386,0,0,1260,3755
2024,2026-08-04T06:16:50Z,1785824210412043579,2032,6660,24988,4,17,14312,8190268,200,0,386,0,0,1260,3755
2025,2026-08-04T06:16:51Z,1785824211415865165,2033,6660,24988,4,17,14319,8191065,200,0,386,0,0,1260,3755
2026,2026-08-04T06:16:52Z,1785824212419682121,2034,6660,24988,4,17,14327,8191860,200,0,386,0,0,1260,3755
2027,2026-08-04T06:16:53Z,1785824213423434315,2035,6660,24988,4,17,14334,8192657,200,0,386,0,0,1260,3755
2028,2026-08-04T06:16:54Z,1785824214427530668,2036,6660,24988,4,17,14342,8193454,200,0,386,0,0,1260,3756
2029,2026-08-04T06:16:55Z,1785824215431439153,2037,6660,24988,4,17,14350,8194246,200,0,386,0,0,1260,3757
2030,2026-08-04T06:16:56Z,1785824216435244444,2038,6660,24988,4,17,14357,8195044,200,0,386,0,0,1260,3758
2031,2026-08-04T06:16:57Z,1785824217439395785,2039,6660,24988,4,17,14364,8195839,200,0,386,0,0,1260,3758
2032,2026-08-04T06:16:58Z,1785824218443708763,2040,6664,24988,4,18,14373,8196635,200,0,386,0,0,1260,3759
2033,2026-08-04T06:16:59Z,1785824219447205335,2041,6664,24988,4,18,14379,8197430,200,0,386,0,0,1260,3759
2034,2026-08-04T06:17:00Z,1785824220451895499,2042,6664,24988,4,18,14388,8198225,200,0,386,0,0,1260,3760
2035,2026-08-04T06:17:01Z,1785824221455430677,2043,6664,24988,4,18,14395,8199020,200,0,386,0,0,1260,3761
2036,2026-08-04T06:17:02Z,1785824222458885069,2044,6664,24988,4,18,14404,8199814,200,0,386,0,0,1260,3761
2037,2026-08-04T06:17:03Z,1785824223462368724,2045,6664,24988,4,18,14411,8200609,200,0,386,0,0,1260,3761
2038,2026-08-04T06:17:04Z,1785824224465832418,2046,6664,24988,4,18,14419,8201402,200,0,386,0,0,1260,3761
2039,2026-08-04T06:17:05Z,1785824225469249521,2047,6664,24988,4,18,14427,8202196,200,0,386,0,0,1260,3762
2040,2026-08-04T06:17:06Z,1785824226472210719,2048,6664,24988,4,18,14434,8202992,200,0,386,0,0,1260,3762
2041,2026-08-04T06:17:07Z,1785824227476048829,2049,6664,24988,4,18,14442,8203789,200,0,386,0,0,1260,3762
2042,2026-08-04T06:17:08Z,1785824228479745979,2050,6664,24988,4,18,14449,8204587,200,0,386,0,0,1260,3763
2043,2026-08-04T06:17:09Z,1785824229483605271,2051,6664,24988,4,18,14457,8205382,200,0,386,0,0,1260,3764
2044,2026-08-04T06:17:10Z,1785824230487360258,2052,6664,24988,4,18,14464,8206176,200,0,386,0,0,1260,3764
2045,2026-08-04T06:17:11Z,1785824231491159348,2053,6664,24988,4,18,14472,8206971,200,0,386,0,0,1260,3765
2046,2026-08-04T06:17:12Z,1785824232494869016,2054,6664,24988,4,18,14480,8207768,200,0,386,0,0,1260,3766
2047,2026-08-04T06:17:13Z,1785824233499096352,2055,6664,24988,4,18,14487,8208561,200,0,386,0,0,1260,3766
2048,2026-08-04T06:17:14Z,1785824234503409661,2056,6664,24988,4,18,14495,8209356,200,0,386,0,0,1260,3766
2049,2026-08-04T06:17:15Z,1785824235506513363,2057,6664,24988,4,18,14504,8210151,200,0,386,0,0,1260,3766
2050,2026-08-04T06:17:16Z,1785824236510829231,2058,6664,24988,4,18,14511,8210948,200,0,386,0,0,1260,3767
2051,2026-08-04T06:17:17Z,1785824237515058691,2059,6664,24988,4,18,14519,8211740,200,0,386,0,0,1260,3768
2052,2026-08-04T06:17:18Z,1785824238518696602,2060,6664,24988,4,18,14527,8212535,200,0,386,0,0,1260,3768
2053,2026-08-04T06:17:19Z,1785824239522995158,2061,6660,24988,4,17,14535,8213329,200,0,386,0,0,1260,3768
2054,2026-08-04T06:17:20Z,1785824240526726636,2062,6652,24988,4,15,14541,8214124,200,0,386,0,0,1260,3769
2055,2026-08-04T06:17:21Z,1785824241530513202,2063,6628,24988,4,14,14545,8214924,200,0,386,0,0,1260,3769
2056,2026-08-04T06:17:22Z,1785824242533516701,2064,6620,24988,4,12,14547,8215726,200,0,386,0,0,1260,3769
2057,2026-08-04T06:17:23Z,1785824243537795239,2065,6292,24988,4,10,14547,8216529,200,0,386,0,0,1260,3769
2058,2026-08-04T06:17:24Z,1785824244540804699,2066,6292,24988,4,10,14547,8217330,200,0,386,0,0,1260,3769
2059,2026-08-04T06:17:25Z,1785824245544719485,2067,6292,24988,4,10,14547,8218133,200,0,386,0,0,1260,3769
2060,2026-08-04T06:17:26Z,1785824246548769657,2068,6292,24988,4,10,14547,8218936,200,0,386,0,0,1260,3769
2061,2026-08-04T06:17:27Z,1785824247552455262,2069,6292,24988,4,10,14547,8219737,200,0,386,0,0,1260,3769
2062,2026-08-04T06:17:28Z,1785824248556372733,2070,6296,24988,4,11,14547,8220540,200,0,386,0,0,1260,3769
2063,2026-08-04T06:17:29Z,1785824249561545146,2071,6300,24988,4,12,14548,8221340,200,0,386,0,0,1260,3769
2064,2026-08-04T06:17:30Z,1785824250566068027,2072,6324,24988,4,13,14551,8222135,200,0,386,0,0,1260,3769
2065,2026-08-04T06:17:31Z,1785824251569327760,2073,6328,24988,4,14,14557,8222931,200,0,386,0,0,1260,3769
2066,2026-08-04T06:17:32Z,1785824252572953689,2074,6652,24988,4,15,14564,8223726,200,0,386,0,0,1260,3769
2067,2026-08-04T06:17:33Z,1785824253577108041,2075,6664,24988,4,18,14572,8224521,200,0,386,0,0,1260,3770
2068,2026-08-04T06:17:34Z,1785824254580831418,2076,6664,24988,4,18,14579,8225317,200,0,386,0,0,1260,3770
2069,2026-08-04T06:17:35Z,1785824255585172717,2077,6664,24988,4,18,14587,8226115,200,0,386,0,0,1260,3771
2070,2026-08-04T06:17:36Z,1785824256588125187,2078,6664,24988,4,18,14595,8226911,200,0,386,0,0,1260,3772
2071,2026-08-04T06:17:37Z,1785824257592128043,2079,6664,24988,4,18,14602,8227704,200,0,386,0,0,1260,3773
2072,2026-08-04T06:17:38Z,1785824258596307178,2080,6664,24988,4,18,14610,8228498,200,0,386,0,0,1260,3773
2073,2026-08-04T06:17:39Z,1785824259600959611,2081,6664,24988,4,18,14617,8229292,200,0,386,0,0,1260,3774
2074,2026-08-04T06:17:40Z,1785824260603714972,2082,6664,24988,4,18,14625,8230088,200,0,386,0,0,1260,3775
2075,2026-08-04T06:17:41Z,1785824261607884539,2083,6664,24988,4,18,14633,8230882,200,0,386,0,0,1260,3775
2076,2026-08-04T06:17:42Z,1785824262613239286,2084,6664,24988,4,18,14641,8231674,200,0,386,0,0,1260,3775
2077,2026-08-04T06:17:43Z,1785824263615052367,2085,6664,24988,4,18,14649,8232468,200,0,386,0,0,1260,3776
2078,2026-08-04T06:17:44Z,1785824264619538151,2086,6664,24988,4,18,14656,8233265,200,0,386,0,0,1260,3777
2079,2026-08-04T06:17:45Z,1785824265623240038,2087,6664,24988,4,18,14664,8234060,200,0,386,0,0,1260,3777
2080,2026-08-04T06:17:46Z,1785824266626676385,2088,6664,24988,4,18,14672,8234854,200,0,386,0,0,1260,3778
2081,2026-08-04T06:17:47Z,1785824267630179362,2089,6664,24988,4,18,14679,8235649,200,0,386,0,0,1260,3779
2082,2026-08-04T06:17:48Z,1785824268633400248,2090,6664,24988,4,18,14687,8236445,200,0,386,0,0,1260,3780
2083,2026-08-04T06:17:49Z,1785824269637306245,2091,6664,24988,4,18,14695,8237241,200,0,386,0,0,1260,3781
2084,2026-08-04T06:17:50Z,1785824270641382420,2092,6664,24988,4,18,14703,8238034,200,0,386,0,0,1260,3782
2085,2026-08-04T06:17:51Z,1785824271645595224,2093,6664,24988,4,18,14711,8238824,200,0,386,0,0,1260,3783
2086,2026-08-04T06:17:52Z,1785824272649847789,2094,6664,24988,4,18,14719,8239618,200,0,386,0,0,1260,3784
2087,2026-08-04T06:17:53Z,1785824273654052702,2095,6664,24988,4,18,14727,8240413,200,0,386,0,0,1260,3784
2088,2026-08-04T06:17:54Z,1785824274658033039,2096,6664,24988,4,18,14734,8241208,200,0,386,0,0,1260,3785
2089,2026-08-04T06:17:55Z,1785824275662595522,2097,6664,24988,4,18,14742,8242004,200,0,386,0,0,1260,3786
2090,2026-08-04T06:17:56Z,1785824276665730183,2098,6664,24988,4,18,14750,8242799,200,0,386,0,0,1260,3786
2091,2026-08-04T06:17:57Z,1785824277670284813,2099,6664,24988,4,18,14758,8243595,200,0,386,0,0,1260,3787
2092,2026-08-04T06:17:58Z,1785824278673102123,2100,6664,24988,4,18,14765,8244391,200,0,386,0,0,1260,3788
2093,2026-08-04T06:17:59Z,1785824279678072726,2101,6664,24988,4,18,14773,8245186,200,0,386,0,0,1260,3789
2094,2026-08-04T06:18:00Z,1785824280681956865,2102,6664,24988,4,18,14781,8245980,200,0,386,0,0,1260,3789
2095,2026-08-04T06:18:01Z,1785824281685925148,2103,6664,24988,4,18,14789,8246773,200,0,386,0,0,1260,3789
2096,2026-08-04T06:18:02Z,1785824282689730950,2104,6664,24988,4,18,14797,8247566,200,0,386,0,0,1260,3789
2097,2026-08-04T06:18:03Z,1785824283693254818,2105,6660,24988,4,17,14805,8248360,200,0,386,0,0,1260,3789
2098,2026-08-04T06:18:04Z,1785824284696447804,2106,6660,24988,4,17,14813,8249156,200,0,386,0,0,1260,3789
2099,2026-08-04T06:18:05Z,1785824285701334685,2107,6660,24988,4,17,14821,8249954,200,0,386,0,0,1260,3790
2100,2026-08-04T06:18:06Z,1785824286705001157,2108,6660,24988,4,17,14829,8250747,200,0,386,0,0,1260,3790
2101,2026-08-04T06:18:07Z,1785824287708710445,2109,6660,24988,4,17,14836,8251538,200,0,386,0,0,1260,3790
2102,2026-08-04T06:18:08Z,1785824288712019982,2110,6660,24988,4,17,14844,8252335,200,0,386,0,0,1260,3791
2103,2026-08-04T06:18:09Z,1785824289715870451,2111,6660,24988,4,17,14852,8253129,200,0,386,0,0,1260,3792
2104,2026-08-04T06:18:10Z,1785824290720446359,2112,6660,24988,4,17,14860,8253923,200,0,386,0,0,1260,3793
2105,2026-08-04T06:18:11Z,1785824291723643304,2113,6660,24988,4,17,14868,8254719,200,0,386,0,0,1260,3794
2106,2026-08-04T06:18:12Z,1785824292728225261,2114,6660,24988,4,17,14876,8255516,200,0,386,0,0,1260,3795
2107,2026-08-04T06:18:13Z,1785824293731869556,2115,6660,24988,4,17,14883,8256309,200,0,386,0,0,1260,3795
2108,2026-08-04T06:18:14Z,1785824294736431439,2116,6660,24988,4,17,14891,8257104,200,0,386,0,0,1260,3796
2109,2026-08-04T06:18:15Z,1785824295741039663,2117,6660,24988,4,17,14899,8257897,200,0,386,0,0,1260,3797
2110,2026-08-04T06:18:16Z,1785824296743900004,2118,6660,24988,4,17,14907,8258689,200,0,386,0,0,1260,3798
2111,2026-08-04T06:18:17Z,1785824297748049385,2119,6660,24988,4,17,14914,8259483,200,0,386,0,0,1260,3799
2112,2026-08-04T06:18:18Z,1785824298750900789,2120,6660,24988,4,17,14923,8260280,200,0,386,0,0,1260,3799
2113,2026-08-04T06:18:19Z,1785824299755167567,2121,6660,24988,4,17,14930,8261073,200,0,386,0,0,1260,3800
2114,2026-08-04T06:18:20Z,1785824300760106418,2122,6660,24988,4,17,14938,8261869,200,0,386,0,0,1260,3800
2115,2026-08-04T06:18:21Z,1785824301764004989,2123,6660,24988,4,17,14945,8262664,200,0,386,0,0,1260,3801
2116,2026-08-04T06:18:22Z,1785824302767785898,2124,6660,24988,4,17,14953,8263458,200,0,386,0,0,1260,3802
2117,2026-08-04T06:18:23Z,1785824303771222154,2125,6660,24988,4,17,14960,8264254,200,0,386,0,0,1260,3802
2118,2026-08-04T06:18:24Z,1785824304774079620,2126,6660,24988,4,17,14969,8265047,200,0,386,0,0,1260,3803
2119,2026-08-04T06:18:25Z,1785824305778385250,2127,6660,24988,4,17,14976,8265845,200,0,386,0,0,1260,3804
2120,2026-08-04T06:18:26Z,1785824306782161776,2128,6660,24988,4,17,14985,8266638,200,0,386,0,0,1260,3805
2121,2026-08-04T06:18:27Z,1785824307785756649,2129,6660,24988,4,17,14992,8267430,200,0,386,0,0,1260,3806
2122,2026-08-04T06:18:28Z,1785824308789751611,2130,6660,24988,4,17,15000,8268226,200,0,386,0,0,1260,3807
2123,2026-08-04T06:18:29Z,1785824309793368273,2131,6660,24988,4,17,15008,8269020,200,0,386,0,0,1260,3807
2124,2026-08-04T06:18:30Z,1785824310797037316,2132,6660,24988,4,17,15016,8269815,200,0,386,0,0,1260,3808
2125,2026-08-04T06:18:31Z,1785824311800138210,2133,6660,24988,4,17,15024,8270607,200,0,386,0,0,1260,3809
2126,2026-08-04T06:18:32Z,1785824312804309327,2134,6660,24988,4,17,15032,8271404,200,0,386,0,0,1260,3810
2127,2026-08-04T06:18:33Z,1785824313808553657,2135,6660,24988,4,17,15040,8272199,200,0,386,0,0,1260,3811
2128,2026-08-04T06:18:34Z,1785824314813186261,2136,6660,24988,4,17,15048,8272994,200,0,386,0,0,1260,3812
2129,2026-08-04T06:18:35Z,1785824315816396815,2137,6660,24988,4,17,15055,8273791,200,0,386,0,0,1260,3813
2130,2026-08-04T06:18:36Z,1785824316820437487,2138,6660,24988,4,17,15063,8274584,200,0,386,0,0,1260,3814
2131,2026-08-04T06:18:37Z,1785824317825064214,2139,6660,24988,4,17,15071,8275381,200,0,386,0,0,1260,3815
2132,2026-08-04T06:18:38Z,1785824318828945145,2140,6660,24988,4,17,15079,8276172,200,0,386,0,0,1260,3816
2133,2026-08-04T06:18:39Z,1785824319832377041,2141,6660,24988,4,17,15086,8276968,200,0,386,0,0,1260,3817
2134,2026-08-04T06:18:40Z,1785824320835331059,2142,6660,24988,4,17,15094,8277764,200,0,386,0,0,1260,3818
2135,2026-08-04T06:18:41Z,1785824321839776447,2143,6660,24988,4,17,15102,8278560,200,0,386,0,0,1260,3819
2136,2026-08-04T06:18:42Z,1785824322843421742,2144,6660,24988,4,17,15110,8279356,200,0,386,0,0,1260,3820
2137,2026-08-04T06:18:43Z,1785824323847128347,2145,6660,24988,4,17,15118,8280151,200,0,386,0,0,1260,3821
2138,2026-08-04T06:18:44Z,1785824324851438800,2146,6660,24988,4,17,15125,8280947,200,0,386,0,0,1260,3822
2139,2026-08-04T06:18:45Z,1785824325854944086,2147,6660,24988,4,17,15133,8281741,200,0,386,0,0,1260,3822
2140,2026-08-04T06:18:46Z,1785824326858597226,2148,6660,24988,4,17,15141,8282536,200,0,386,0,0,1260,3822
2141,2026-08-04T06:18:47Z,1785824327862104714,2149,6660,24988,4,17,15149,8283331,200,0,386,0,0,1260,3823
2142,2026-08-04T06:18:48Z,1785824328865818024,2150,6660,24988,4,17,15156,8284126,200,0,386,0,0,1260,3824
2143,2026-08-04T06:18:49Z,1785824329869368441,2151,6660,24988,4,17,15165,8284919,200,0,386,0,0,1260,3824
2144,2026-08-04T06:18:50Z,1785824330872414493,2152,6660,24988,4,17,15172,8285714,200,0,386,0,0,1260,3824
2145,2026-08-04T06:18:51Z,1785824331876880632,2153,6660,24988,4,17,15180,8286512,200,0,386,0,0,1260,3824
2146,2026-08-04T06:18:52Z,1785824332880237477,2154,6660,24988,4,17,15187,8287306,200,0,386,0,0,1260,3824
2147,2026-08-04T06:18:53Z,1785824333883867906,2155,6660,24988,4,17,15195,8288100,200,0,386,0,0,1260,3824
2148,2026-08-04T06:18:54Z,1785824334887061545,2156,6660,24988,4,17,15203,8288894,200,0,386,0,0,1260,3824
2149,2026-08-04T06:18:55Z,1785824335891968219,2157,6660,24988,4,17,15210,8289690,200,0,386,0,0,1260,3825
2150,2026-08-04T06:18:56Z,1785824336894795437,2158,6660,24988,4,17,15218,8290485,200,0,386,0,0,1260,3826
2151,2026-08-04T06:18:57Z,1785824337898979371,2159,6660,24988,4,17,15225,8291280,200,0,386,0,0,1260,3827
2152,2026-08-04T06:18:58Z,1785824338903149905,2160,6660,24988,4,17,15234,8292075,200,0,386,0,0,1260,3828
2153,2026-08-04T06:18:59Z,1785824339907741313,2161,6660,24988,4,17,15241,8292867,200,0,386,0,0,1260,3828
2154,2026-08-04T06:19:00Z,1785824340911820099,2162,6660,24988,4,17,15249,8293660,200,0,386,0,0,1260,3829
2155,2026-08-04T06:19:01Z,1785824341916491098,2163,6660,24988,4,17,15257,8294451,200,0,386,0,0,1260,3830
2156,2026-08-04T06:19:02Z,1785824342919139242,2164,6660,24988,4,17,15266,8295250,200,0,386,0,0,1260,3831
2157,2026-08-04T06:19:03Z,1785824343923574806,2165,6660,24988,4,17,15273,8296044,200,0,386,0,0,1260,3832
2158,2026-08-04T06:19:04Z,1785824344926778982,2166,6660,24988,4,17,15281,8296839,200,0,386,0,0,1260,3833
2159,2026-08-04T06:19:05Z,1785824345931232783,2167,6660,24988,4,17,15289,8297634,200,0,386,0,0,1260,3834
2160,2026-08-04T06:19:06Z,1785824346934543838,2168,6660,24988,4,17,15297,8298428,200,0,386,0,0,1260,3835
2161,2026-08-04T06:19:07Z,1785824347938212171,2169,6660,24988,4,17,15304,8299221,200,0,386,0,0,1260,3836
2162,2026-08-04T06:19:08Z,1785824348942241024,2170,6660,24988,4,17,15312,8300017,200,0,386,0,0,1260,3836
2163,2026-08-04T06:19:09Z,1785824349946275262,2171,6660,24988,4,17,15319,8300811,200,0,386,0,0,1260,3836
2164,2026-08-04T06:19:10Z,1785824350950234282,2172,6660,24988,4,17,15327,8301606,200,0,386,0,0,1260,3837
2165,2026-08-04T06:19:11Z,1785824351954215438,2173,6660,24988,4,17,15334,8302399,200,0,386,0,0,1260,3838
2166,2026-08-04T06:19:12Z,1785824352958035827,2174,6660,24988,4,17,15342,8303193,200,0,386,0,0,1260,3839
2167,2026-08-04T06:19:13Z,1785824353962189452,2175,6660,24988,4,17,15350,8303986,200,0,386,0,0,1260,3839
2168,2026-08-04T06:19:14Z,1785824354966782137,2176,6660,24988,4,17,15357,8304781,200,0,386,0,0,1260,3840
2169,2026-08-04T06:19:15Z,1785824355970124348,2177,6660,24988,4,17,15365,8305577,200,0,386,0,0,1260,3841
2170,2026-08-04T06:19:16Z,1785824356974423851,2178,6660,24988,4,17,15372,8306372,200,0,386,0,0,1260,3842
2171,2026-08-04T06:19:17Z,1785824357979049492,2179,6660,24988,4,17,15380,8307167,200,0,386,0,0,1260,3843
2172,2026-08-04T06:19:18Z,1785824358982169378,2180,6660,24988,4,17,15389,8307963,200,0,386,0,0,1260,3844
2173,2026-08-04T06:19:19Z,1785824359986074740,2181,6660,24988,4,17,15396,8308759,200,0,386,0,0,1260,3844
2174,2026-08-04T06:19:20Z,1785824360990209150,2182,6660,24988,4,17,15404,8309552,200,0,386,0,0,1260,3845
2175,2026-08-04T06:19:21Z,1785824361993994630,2183,6660,24988,4,17,15411,8310347,200,0,386,0,0,1260,3846
2176,2026-08-04T06:19:22Z,1785824362997846481,2184,6660,24988,4,17,15418,8311144,200,0,386,0,0,1260,3847
2177,2026-08-04T06:19:24Z,1785824364001550416,2186,6660,24988,4,17,15425,8311938,200,0,386,0,0,1260,3847
2178,2026-08-04T06:19:25Z,1785824365005173897,2187,6660,24988,4,17,15434,8312732,200,0,386,0,0,1260,3848
2179,2026-08-04T06:19:26Z,1785824366008860267,2188,6660,24988,4,17,15441,8313527,200,0,386,0,0,1260,3849
2180,2026-08-04T06:19:27Z,1785824367012930458,2189,6660,24988,4,17,15449,8314322,200,0,386,0,0,1260,3849
2181,2026-08-04T06:19:28Z,1785824368016879007,2190,6660,24988,4,17,15457,8315121,200,0,386,0,0,1260,3849
2182,2026-08-04T06:19:29Z,1785824369020892253,2191,6656,24988,4,16,15463,8315918,200,0,386,0,0,1260,3850
2183,2026-08-04T06:19:30Z,1785824370025270597,2192,6652,24988,4,15,15469,8316719,200,0,386,0,0,1260,3851
2184,2026-08-04T06:19:31Z,1785824371028348975,2193,6628,24988,4,14,15474,8317517,200,0,386,0,0,1260,3852
2185,2026-08-04T06:19:32Z,1785824372031226646,2194,6296,24988,4,11,15474,8318319,200,0,386,0,0,1260,3852
2186,2026-08-04T06:19:33Z,1785824373035221262,2195,6292,24988,4,10,15474,8319121,200,0,386,0,0,1260,3852
2187,2026-08-04T06:19:34Z,1785824374038892770,2196,6292,24988,4,10,15475,8319924,200,0,386,0,0,1260,3852
2188,2026-08-04T06:19:35Z,1785824375042841799,2197,6292,24988,4,10,15475,8320726,200,0,386,0,0,1260,3852
2189,2026-08-04T06:19:36Z,1785824376046684927,2198,6292,24988,4,10,15475,8321529,200,0,386,0,0,1260,3852
2190,2026-08-04T06:19:37Z,1785824377051563735,2199,6292,24988,4,10,15475,8322333,200,0,386,0,0,1260,3852
2191,2026-08-04T06:19:38Z,1785824378054896446,2200,6296,24988,4,11,15475,8323137,200,0,386,0,0,1260,3852
2192,2026-08-04T06:19:39Z,1785824379058567570,2201,6300,24988,4,12,15477,8323935,200,0,386,0,0,1260,3852
2193,2026-08-04T06:19:40Z,1785824380062113129,2202,6324,24988,4,13,15480,8324732,200,0,386,0,0,1260,3852
2194,2026-08-04T06:19:41Z,1785824381065945375,2203,6328,24988,4,14,15486,8325528,200,0,386,0,0,1260,3852
2195,2026-08-04T06:19:42Z,1785824382070346102,2204,6652,24988,4,15,15492,8326324,200,0,386,0,0,1260,3852
2196,2026-08-04T06:19:43Z,1785824383074374056,2205,6664,24988,4,18,15500,8327118,200,0,386,0,0,1260,3853
2197,2026-08-04T06:19:44Z,1785824384078258353,2206,6664,24988,4,18,15507,8327913,200,0,386,0,0,1260,3854
2198,2026-08-04T06:19:45Z,1785824385082381678,2207,6664,24988,4,18,15516,8328706,200,0,386,0,0,1260,3855
2199,2026-08-04T06:19:46Z,1785824386086731282,2208,6664,24988,4,18,15523,8329504,200,0,386,0,0,1260,3855
2200,2026-08-04T06:19:47Z,1785824387090605803,2209,6664,24988,4,18,15531,8330299,200,0,386,0,0,1260,3856
2201,2026-08-04T06:19:48Z,1785824388094417771,2210,6664,24988,4,18,15538,8331093,200,0,386,0,0,1260,3857
2202,2026-08-04T06:19:49Z,1785824389098267668,2211,6664,24988,4,18,15545,8331888,200,0,386,0,0,1260,3858
2203,2026-08-04T06:19:50Z,1785824390101933110,2212,6664,24988,4,18,15553,8332682,200,0,386,0,0,1260,3859
2204,2026-08-04T06:19:51Z,1785824391106015652,2213,6664,24988,4,18,15561,8333480,200,0,386,0,0,1260,3859
2205,2026-08-04T06:19:52Z,1785824392110186315,2214,6664,24988,4,18,15569,8334273,200,0,386,0,0,1260,3860
2206,2026-08-04T06:19:53Z,1785824393114553424,2215,6664,24988,4,18,15577,8335065,200,0,386,0,0,1260,3862
2207,2026-08-04T06:19:54Z,1785824394118013868,2216,6664,24988,4,18,15583,8335861,200,0,386,0,0,1260,3863
2208,2026-08-04T06:19:55Z,1785824395121849847,2217,6664,24988,4,18,15592,8336653,200,0,386,0,0,1260,3865
2209,2026-08-04T06:19:56Z,1785824396126374244,2218,6664,24988,4,18,15599,8337449,200,0,386,0,0,1260,3866
2210,2026-08-04T06:19:57Z,1785824397129301580,2219,6664,24988,4,18,15607,8338242,200,0,386,0,0,1260,3866
2211,2026-08-04T06:19:58Z,1785824398133537981,2220,6664,24988,4,18,15614,8339036,200,0,386,0,0,1260,3866
2212,2026-08-04T06:19:59Z,1785824399136549543,2221,6664,24988,4,18,15622,8339831,200,0,386,0,0,1260,3867
2213,2026-08-04T06:20:00Z,1785824400140901578,2222,6664,24988,4,18,15630,8340628,200,0,386,0,0,1260,3867
2214,2026-08-04T06:20:01Z,1785824401144392803,2223,6664,24988,4,18,15637,8341419,200,0,386,0,0,1260,3867
2215,2026-08-04T06:20:02Z,1785824402148169626,2224,6664,24988,4,18,15645,8342211,200,0,386,0,0,1260,3867
2216,2026-08-04T06:20:03Z,1785824403151006259,2225,6664,24988,4,18,15654,8343003,200,0,386,0,0,1260,3868
2217,2026-08-04T06:20:04Z,1785824404155183832,2226,6664,24988,4,18,15661,8343794,200,0,386,0,0,1260,3868
2218,2026-08-04T06:20:05Z,1785824405159385846,2227,6664,24988,4,18,15669,8344587,200,0,386,0,0,1260,3868
2219,2026-08-04T06:20:06Z,1785824406163781391,2228,6664,24988,4,18,15677,8345381,200,0,386,0,0,1260,3868
2220,2026-08-04T06:20:07Z,1785824407169501174,2229,6664,24988,4,18,15684,8346176,200,0,386,0,0,1260,3868
2221,2026-08-04T06:20:08Z,1785824408171286221,2230,6664,24988,4,18,15692,8346969,200,0,386,0,0,1260,3868
2222,2026-08-04T06:20:09Z,1785824409174787643,2231,6664,24988,4,18,15701,8347763,200,0,386,0,0,1260,3869
2223,2026-08-04T06:20:10Z,1785824410178385110,2232,6664,24988,4,18,15708,8348558,200,0,386,0,0,1260,3869
2224,2026-08-04T06:20:11Z,1785824411182265008,2233,6664,24988,4,18,15715,8349347,200,0,386,0,0,1260,3869
2225,2026-08-04T06:20:12Z,1785824412185818652,2234,6664,24988,4,18,15724,8350139,200,0,386,0,0,1260,3870
2226,2026-08-04T06:20:13Z,1785824413188937890,2235,6664,24988,4,18,15731,8350932,200,0,386,0,0,1260,3871
2227,2026-08-04T06:20:14Z,1785824414192561393,2236,6664,24988,4,18,15739,8351727,200,0,386,0,0,1260,3872
2228,2026-08-04T06:20:15Z,1785824415197147478,2237,6664,24988,4,18,15747,8352519,200,0,386,0,0,1260,3873
2229,2026-08-04T06:20:16Z,1785824416200644150,2238,6664,24988,4,18,15754,8353312,200,0,386,0,0,1260,3874
2230,2026-08-04T06:20:17Z,1785824417203703506,2239,6664,24988,4,18,15762,8354108,200,0,386,0,0,1260,3874
2231,2026-08-04T06:20:18Z,1785824418207409728,2240,6664,24988,4,18,15770,8354905,200,0,386,0,0,1260,3875
2232,2026-08-04T06:20:19Z,1785824419211593671,2241,6664,24988,4,18,15776,8355697,200,0,386,0,0,1260,3876
2233,2026-08-04T06:20:20Z,1785824420215787634,2242,6664,24988,4,18,15784,8356491,200,0,386,0,0,1260,3877
2234,2026-08-04T06:20:21Z,1785824421219454761,2243,6664,24988,4,18,15792,8357287,200,0,386,0,0,1260,3878
2235,2026-08-04T06:20:22Z,1785824422223358886,2244,6664,24988,4,18,15799,8358079,200,0,386,0,0,1260,3878
2236,2026-08-04T06:20:23Z,1785824423227276094,2245,6664,24988,4,18,15807,8358873,200,0,386,0,0,1260,3879
2237,2026-08-04T06:20:24Z,1785824424231022682,2246,6664,24988,4,18,15814,8359668,200,0,386,0,0,1260,3880
2238,2026-08-04T06:20:25Z,1785824425235395913,2247,6664,24988,4,18,15822,8360461,200,0,386,0,0,1260,3880
2239,2026-08-04T06:20:26Z,1785824426238794890,2248,6664,24988,4,18,15829,8361254,200,0,386,0,0,1260,3880
2240,2026-08-04T06:20:27Z,1785824427241900796,2249,6664,24988,4,18,15837,8362046,200,0,386,0,0,1260,3881
2241,2026-08-04T06:20:28Z,1785824428246108149,2250,6664,24988,4,18,15844,8362842,200,0,386,0,0,1260,3881
2242,2026-08-04T06:20:29Z,1785824429250264578,2251,6664,24988,4,18,15852,8363639,200,0,386,0,0,1260,3882
2243,2026-08-04T06:20:30Z,1785824430255199677,2252,6664,24988,4,18,15860,8364433,200,0,386,0,0,1260,3882
2244,2026-08-04T06:20:31Z,1785824431259051865,2253,6664,24988,4,18,15867,8365228,200,0,386,0,0,1260,3883
2245,2026-08-04T06:20:32Z,1785824432262198293,2254,6664,24988,4,18,15875,8366021,200,0,386,0,0,1260,3884
2246,2026-08-04T06:20:33Z,1785824433266293299,2255,6664,24988,4,18,15883,8366818,200,0,386,0,0,1260,3884
2247,2026-08-04T06:20:34Z,1785824434270138089,2256,6664,24988,4,18,15890,8367613,200,0,386,0,0,1260,3885
2248,2026-08-04T06:20:35Z,1785824435274260560,2257,6664,24988,4,18,15898,8368407,200,0,386,0,0,1260,3886
2249,2026-08-04T06:20:36Z,1785824436278692917,2258,6664,24988,4,18,15906,8369202,200,0,386,0,0,1260,3886
2250,2026-08-04T06:20:37Z,1785824437282414915,2259,6664,24988,4,18,15914,8369995,200,0,386,0,0,1260,3886
2251,2026-08-04T06:20:38Z,1785824438285734847,2260,6664,24988,4,18,15921,8370790,200,0,386,0,0,1260,3887
2252,2026-08-04T06:20:39Z,1785824439290047813,2261,6664,24988,4,18,15928,8371584,200,0,386,0,0,1260,3887
2253,2026-08-04T06:20:40Z,1785824440293311792,2262,6664,24988,4,18,15936,8372377,200,0,386,0,0,1260,3888
2254,2026-08-04T06:20:41Z,1785824441297592271,2263,6664,24988,4,18,15943,8373174,200,0,386,0,0,1260,3889
2255,2026-08-04T06:20:42Z,1785824442301113332,2264,6664,24988,4,18,15951,8373968,200,0,386,0,0,1260,3890
2256,2026-08-04T06:20:43Z,1785824443304626645,2265,6664,24988,4,18,15959,8374762,200,0,386,0,0,1260,3890
2257,2026-08-04T06:20:44Z,1785824444307873658,2266,6664,24988,4,18,15967,8375556,200,0,386,0,0,1260,3891
2258,2026-08-04T06:20:45Z,1785824445312596740,2267,6664,24988,4,18,15975,8376348,200,0,386,0,0,1260,3892
2259,2026-08-04T06:20:46Z,1785824446315854783,2268,6660,24988,4,17,15983,8377143,200,0,386,0,0,1260,3893
2260,2026-08-04T06:20:47Z,1785824447319786157,2269,6660,24988,4,17,15991,8377938,200,0,386,0,0,1260,3893
2261,2026-08-04T06:20:48Z,1785824448323836078,2270,6660,24988,4,17,15998,8378732,200,0,386,0,0,1260,3893
2262,2026-08-04T06:20:49Z,1785824449328379306,2271,6660,24988,4,17,16006,8379526,200,0,386,0,0,1260,3894
2263,2026-08-04T06:20:50Z,1785824450331466197,2272,6660,24988,4,17,16013,8380318,200,0,386,0,0,1260,3895
2264,2026-08-04T06:20:51Z,1785824451335294100,2273,6660,24988,4,17,16021,8381112,200,0,386,0,0,1260,3895
2265,2026-08-04T06:20:52Z,1785824452339803564,2274,6660,24988,4,17,16028,8381907,200,0,386,0,0,1260,3896
2266,2026-08-04T06:20:53Z,1785824453342526153,2275,6660,24988,4,17,16035,8382704,200,0,386,0,0,1260,3897
2267,2026-08-04T06:20:54Z,1785824454346642778,2276,6660,24988,4,17,16043,8383497,200,0,386,0,0,1260,3898
2268,2026-08-04T06:20:55Z,1785824455350593124,2277,6660,24988,4,17,16051,8384290,200,0,386,0,0,1260,3899
2269,2026-08-04T06:20:56Z,1785824456354341335,2278,6660,24988,4,17,16058,8385086,200,0,386,0,0,1260,3900
2270,2026-08-04T06:20:57Z,1785824457358838767,2279,6660,24988,4,17,16066,8385881,200,0,386,0,0,1260,3901
2271,2026-08-04T06:20:58Z,1785824458362066399,2280,6660,24988,4,17,16073,8386676,200,0,386,0,0,1260,3902
2272,2026-08-04T06:20:59Z,1785824459365854212,2281,6660,24988,4,17,16081,8387468,200,0,386,0,0,1260,3903
2273,2026-08-04T06:21:00Z,1785824460369927338,2282,6660,24988,4,17,16089,8388261,200,0,386,0,0,1260,3904
2274,2026-08-04T06:21:01Z,1785824461373369533,2283,6660,24988,4,17,16097,8389056,200,0,386,0,0,1260,3904
2275,2026-08-04T06:21:02Z,1785824462377194803,2284,6660,24988,4,17,16105,8389849,200,0,386,0,0,1260,3905
2276,2026-08-04T06:21:03Z,1785824463380202400,2285,6660,24988,4,17,16113,8390642,200,0,386,0,0,1260,3905
2277,2026-08-04T06:21:04Z,1785824464384382465,2286,6660,24988,4,17,16121,8391434,200,0,386,0,0,1260,3906
2278,2026-08-04T06:21:05Z,1785824465388025131,2287,6660,24988,4,17,16128,8392229,200,0,386,0,0,1260,3907
2279,2026-08-04T06:21:06Z,1785824466391007954,2288,6660,24988,4,17,16135,8393023,200,0,386,0,0,1260,3908
2280,2026-08-04T06:21:07Z,1785824467395395072,2289,6660,24988,4,17,16143,8393819,200,0,386,0,0,1260,3909
2281,2026-08-04T06:21:08Z,1785824468399327303,2290,6660,24988,4,17,16151,8394614,200,0,386,0,0,1260,3910
2282,2026-08-04T06:21:09Z,1785824469403137499,2291,6660,24988,4,17,16158,8395409,200,0,386,0,0,1260,3912
2283,2026-08-04T06:21:10Z,1785824470407451258,2292,6660,24988,4,17,16165,8396204,200,0,386,0,0,1260,3912
2284,2026-08-04T06:21:11Z,1785824471411562564,2293,6660,24988,4,17,16173,8397000,200,0,386,0,0,1260,3912
2285,2026-08-04T06:21:12Z,1785824472415682564,2294,6660,24988,4,17,16181,8397791,200,0,386,0,0,1260,3912
2286,2026-08-04T06:21:13Z,1785824473419519005,2295,6660,24988,4,17,16188,8398585,200,0,386,0,0,1260,3912
2287,2026-08-04T06:21:14Z,1785824474423332753,2296,6660,24988,4,17,16196,8399378,200,0,386,0,0,1260,3913
2288,2026-08-04T06:21:15Z,1785824475427191929,2297,6660,24988,4,17,16204,8400172,200,0,386,0,0,1260,3914
2289,2026-08-04T06:21:16Z,1785824476431166076,2298,6660,24988,4,17,16210,8400967,200,0,386,0,0,1260,3914
2290,2026-08-04T06:21:17Z,1785824477435119007,2299,6660,24988,4,17,16219,8401763,200,0,386,0,0,1260,3915
2291,2026-08-04T06:21:18Z,1785824478439400372,2300,6660,24988,4,17,16226,8402556,200,0,386,0,0,1260,3916
2292,2026-08-04T06:21:19Z,1785824479443160620,2301,6660,24988,4,17,16234,8403350,200,0,386,0,0,1260,3916
2293,2026-08-04T06:21:20Z,1785824480447281845,2302,6660,24988,4,17,16242,8404142,200,0,386,0,0,1260,3917
2294,2026-08-04T06:21:21Z,1785824481451345753,2303,6660,24988,4,17,16250,8404938,200,0,386,0,0,1260,3917
2295,2026-08-04T06:21:22Z,1785824482455480362,2304,6660,24988,4,17,16257,8405732,200,0,386,0,0,1260,3917
2296,2026-08-04T06:21:23Z,1785824483459538683,2305,6660,24988,4,17,16265,8406528,200,0,386,0,0,1260,3918
2297,2026-08-04T06:21:24Z,1785824484463781518,2306,6660,24988,4,17,16272,8407324,200,0,386,0,0,1260,3919
2298,2026-08-04T06:21:25Z,1785824485468423798,2307,6660,24988,4,17,16280,8408119,200,0,386,0,0,1260,3920
2299,2026-08-04T06:21:26Z,1785824486471074252,2308,6660,24988,4,17,16288,8408913,200,0,386,0,0,1260,3920
2300,2026-08-04T06:21:27Z,1785824487475198323,2309,6660,24988,4,17,16295,8409707,200,0,386,0,0,1260,3920
2301,2026-08-04T06:21:28Z,1785824488478830470,2310,6660,24988,4,17,16303,8410501,200,0,386,0,0,1260,3921
2302,2026-08-04T06:21:29Z,1785824489482828272,2311,6660,24988,4,17,16310,8411295,200,0,386,0,0,1260,3922
2303,2026-08-04T06:21:30Z,1785824490487813081,2312,6660,24988,4,17,16319,8412089,200,0,386,0,0,1260,3922
2304,2026-08-04T06:21:31Z,1785824491490986270,2313,6660,24988,4,17,16327,8412885,200,0,386,0,0,1260,3922
2305,2026-08-04T06:21:32Z,1785824492495003406,2314,6660,24988,4,17,16334,8413679,200,0,386,0,0,1260,3923
2306,2026-08-04T06:21:33Z,1785824493498819560,2315,6660,24988,4,17,16341,8414473,200,0,386,0,0,1260,3924
2307,2026-08-04T06:21:34Z,1785824494502727116,2316,6660,24988,4,17,16349,8415265,200,0,386,0,0,1260,3925
2308,2026-08-04T06:21:35Z,1785824495506886828,2317,6660,24988,4,17,16357,8416060,200,0,386,0,0,1260,3926
2309,2026-08-04T06:21:36Z,1785824496510854399,2318,6660,24988,4,17,16364,8416855,200,0,386,0,0,1260,3927
2310,2026-08-04T06:21:37Z,1785824497515117511,2319,6656,24988,4,16,16372,8417650,200,0,386,0,0,1260,3927
2311,2026-08-04T06:21:38Z,1785824498518459929,2320,6656,24988,4,16,16379,8418445,200,0,386,0,0,1260,3928
2312,2026-08-04T06:21:39Z,1785824499521663261,2321,6628,24988,4,14,16385,8419243,200,0,386,0,0,1260,3928
2313,2026-08-04T06:21:40Z,1785824500524994382,2322,6620,24988,4,12,16389,8420043,200,0,386,0,0,1260,3928
2314,2026-08-04T06:21:41Z,1785824501527607497,2323,6292,24988,4,10,16389,8420844,200,0,386,0,0,1260,3928
2315,2026-08-04T06:21:42Z,1785824502531346837,2324,6292,24988,4,10,16389,8421647,200,0,386,0,0,1260,3928
2316,2026-08-04T06:21:43Z,1785824503534905003,2325,6292,24988,4,10,16389,8422449,200,0,386,0,0,1260,3928
2317,2026-08-04T06:21:44Z,1785824504538784370,2326,6292,24988,4,10,16389,8423251,200,0,386,0,0,1260,3928
2318,2026-08-04T06:21:45Z,1785824505543128970,2327,6292,24988,4,10,16389,8424055,200,0,386,0,0,1260,3928
2319,2026-08-04T06:21:46Z,1785824506545613314,2328,6292,24988,4,10,16389,8424857,200,0,386,0,0,1260,3928
2320,2026-08-04T06:21:47Z,1785824507548942955,2329,6296,24988,4,11,16389,8425660,200,0,386,0,0,1260,3928
2321,2026-08-04T06:21:48Z,1785824508553011538,2330,6300,24988,4,12,16391,8426461,200,0,386,0,0,1260,3928
2322,2026-08-04T06:21:49Z,1785824509557245347,2331,6324,24988,4,13,16394,8427260,200,0,386,0,0,1260,3928
2323,2026-08-04T06:21:50Z,1785824510561326416,2332,6328,24988,4,14,16401,8428057,200,0,386,0,0,1260,3928
2324,2026-08-04T06:21:51Z,1785824511565134494,2333,6652,24988,4,15,16408,8428849,200,0,386,0,0,1260,3928
2325,2026-08-04T06:21:52Z,1785824512569457028,2334,6664,24988,4,18,16416,8429645,200,0,386,0,0,1260,3929
2326,2026-08-04T06:21:53Z,1785824513573303694,2335,6664,24988,4,18,16424,8430439,200,0,386,0,0,1260,3930
2327,2026-08-04T06:21:54Z,1785824514576542897,2336,6664,24988,4,18,16431,8431235,200,0,386,0,0,1260,3931
2328,2026-08-04T06:21:55Z,1785824515580854411,2337,6664,24988,4,18,16439,8432030,200,0,386,0,0,1260,3932
2329,2026-08-04T06:21:56Z,1785824516584053489,2338,6664,24988,4,18,16447,8432822,200,0,386,0,0,1260,3933
2330,2026-08-04T06:21:57Z,1785824517587929587,2339,6664,24988,4,18,16456,8433618,200,0,386,0,0,1260,3933
2331,2026-08-04T06:21:58Z,1785824518592835570,2340,6664,24988,4,18,16463,8434415,200,0,386,0,0,1260,3934
2332,2026-08-04T06:21:59Z,1785824519596351178,2341,6664,24988,4,18,16471,8435211,200,0,386,0,0,1260,3935
2333,2026-08-04T06:22:00Z,1785824520599895839,2342,6664,24988,4,18,16479,8436008,200,0,386,0,0,1260,3935
2334,2026-08-04T06:22:01Z,1785824521604173176,2343,6664,24988,4,18,16486,8436803,200,0,386,0,0,1260,3935
2335,2026-08-04T06:22:02Z,1785824522607690953,2344,6664,24988,4,18,16495,8437597,200,0,386,0,0,1260,3935
2336,2026-08-04T06:22:03Z,1785824523610907292,2345,6664,24988,4,18,16503,8438392,200,0,386,0,0,1260,3935
2337,2026-08-04T06:22:04Z,1785824524615211377,2346,6664,24988,4,18,16510,8439188,200,0,386,0,0,1260,3936
2338,2026-08-04T06:22:05Z,1785824525618787367,2347,6664,24988,4,18,16518,8439980,200,0,386,0,0,1260,3937
2339,2026-08-04T06:22:06Z,1785824526622053179,2348,6664,24988,4,18,16526,8440776,200,0,386,0,0,1260,3938
2340,2026-08-04T06:22:07Z,1785824527625072650,2349,6664,24988,4,18,16533,8441573,200,0,386,0,0,1260,3939
2341,2026-08-04T06:22:08Z,1785824528629375860,2350,6664,24988,4,18,16540,8442370,200,0,386,0,0,1260,3939
2342,2026-08-04T06:22:09Z,1785824529633056840,2351,6664,24988,4,18,16549,8443169,200,0,386,0,0,1260,3939
2343,2026-08-04T06:22:10Z,1785824530636872249,2352,6664,24988,4,18,16556,8443964,200,0,386,0,0,1260,3939
2344,2026-08-04T06:22:11Z,1785824531640957080,2353,6664,24988,4,18,16563,8444760,200,0,386,0,0,1260,3939
2345,2026-08-04T06:22:12Z,1785824532644953419,2354,6664,24988,4,18,16571,8445557,200,0,386,0,0,1260,3940
2346,2026-08-04T06:22:13Z,1785824533649008481,2355,6664,24988,4,18,16579,8446350,200,0,386,0,0,1260,3940
2347,2026-08-04T06:22:14Z,1785824534653436834,2356,6664,24988,4,18,16586,8447147,200,0,386,0,0,1260,3941
2348,2026-08-04T06:22:15Z,1785824535656390521,2357,6664,24988,4,18,16594,8447942,200,0,386,0,0,1260,3941
2349,2026-08-04T06:22:16Z,1785824536660318741,2358,6664,24988,4,18,16602,8448737,200,0,386,0,0,1260,3942
2350,2026-08-04T06:22:17Z,1785824537663982100,2359,6664,24988,4,18,16610,8449533,200,0,386,0,0,1260,3942
2351,2026-08-04T06:22:18Z,1785824538667410559,2360,6664,24988,4,18,16617,8450329,200,0,386,0,0,1260,3943
2352,2026-08-04T06:22:19Z,1785824539671900357,2361,6664,24988,4,18,16624,8451126,200,0,386,0,0,1260,3944
2353,2026-08-04T06:22:20Z,1785824540676168156,2362,6664,24988,4,18,16631,8451923,200,0,386,0,0,1260,3945
2354,2026-08-04T06:22:21Z,1785824541680145299,2363,6664,24988,4,18,16639,8452719,200,0,386,0,0,1260,3946
2355,2026-08-04T06:22:22Z,1785824542684258418,2364,6660,24988,4,17,16646,8453516,200,0,386,0,0,1260,3947
2356,2026-08-04T06:22:23Z,1785824543688056369,2365,6660,24988,4,17,16654,8454313,200,0,386,0,0,1260,3948
2357,2026-08-04T06:22:24Z,1785824544692176701,2366,6660,24988,4,17,16662,8455113,200,0,386,0,0,1260,3949
2358,2026-08-04T06:22:25Z,1785824545696231501,2367,6660,24988,4,17,16670,8455910,200,0,386,0,0,1260,3950
2359,2026-08-04T06:22:26Z,1785824546700282355,2368,6660,24988,4,17,16677,8456708,200,0,386,0,0,1260,3951
2360,2026-08-04T06:22:27Z,1785824547704015783,2369,6660,24988,4,17,16685,8457505,200,0,386,0,0,1260,3951
2361,2026-08-04T06:22:28Z,1785824548708201076,2370,6660,24988,4,17,16692,8458301,200,0,386,0,0,1260,3951
2362,2026-08-04T06:22:29Z,1785824549713505161,2371,6660,24988,4,17,16700,8459098,200,0,386,0,0,1260,3952
2363,2026-08-04T06:22:30Z,1785824550717355924,2372,6660,24988,4,17,16709,8459895,200,0,386,0,0,1260,3953
2364,2026-08-04T06:22:31Z,1785824551720966453,2373,6660,24988,4,17,16717,8460687,200,0,386,0,0,1260,3954
2365,2026-08-04T06:22:32Z,1785824552724238451,2374,6660,24988,4,17,16724,8461482,200,0,386,0,0,1260,3955
2366,2026-08-04T06:22:33Z,1785824553727287996,2375,6660,24988,4,17,16732,8462278,200,0,386,0,0,1260,3955
2367,2026-08-04T06:22:34Z,1785824554731291744,2376,6660,24988,4,17,16740,8463073,200,0,386,0,0,1260,3956
2368,2026-08-04T06:22:35Z,1785824555735278213,2377,6660,24988,4,17,16748,8463867,200,0,386,0,0,1260,3957
2369,2026-08-04T06:22:36Z,1785824556740185129,2378,6660,24988,4,17,16755,8464663,200,0,386,0,0,1260,3957
2370,2026-08-04T06:22:37Z,1785824557743216668,2379,6660,24988,4,17,16763,8465458,200,0,386,0,0,1260,3958
2371,2026-08-04T06:22:38Z,1785824558747025625,2380,6660,24988,4,17,16770,8466253,200,0,386,0,0,1260,3958
2372,2026-08-04T06:22:39Z,1785824559750852994,2381,6660,24988,4,17,16778,8467049,200,0,386,0,0,1260,3958
2373,2026-08-04T06:22:40Z,1785824560754965535,2382,6660,24988,4,17,16786,8467847,200,0,386,0,0,1260,3958
2374,2026-08-04T06:22:41Z,1785824561759674136,2383,6660,24988,4,17,16793,8468642,200,0,386,0,0,1260,3958
2375,2026-08-04T06:22:42Z,1785824562762821673,2384,6660,24988,4,17,16801,8469437,200,0,386,0,0,1260,3958
2376,2026-08-04T06:22:43Z,1785824563766913494,2385,6660,24988,4,17,16809,8470236,200,0,386,0,0,1260,3959
2377,2026-08-04T06:22:44Z,1785824564771403214,2386,6660,24988,4,17,16816,8471033,200,0,386,0,0,1260,3959
2378,2026-08-04T06:22:45Z,1785824565774367815,2387,6660,24988,4,17,16824,8471828,200,0,386,0,0,1260,3960
2379,2026-08-04T06:22:46Z,1785824566778428135,2388,6660,24988,4,17,16832,8472624,200,0,386,0,0,1260,3961
2380,2026-08-04T06:22:47Z,1785824567782824390,2389,6660,24988,4,17,16839,8473423,200,0,386,0,0,1260,3961
2381,2026-08-04T06:22:48Z,1785824568786020645,2390,6660,24988,4,17,16847,8474218,200,0,386,0,0,1260,3961
2382,2026-08-04T06:22:49Z,1785824569790291592,2391,6660,24988,4,17,16854,8475015,200,0,386,0,0,1260,3962
2383,2026-08-04T06:22:50Z,1785824570794257096,2392,6660,24988,4,17,16862,8475811,200,0,386,0,0,1260,3962
2384,2026-08-04T06:22:51Z,1785824571798129053,2393,6660,24988,4,17,16869,8476608,200,0,386,0,0,1260,3963
2385,2026-08-04T06:22:52Z,1785824572801917107,2394,6660,24988,4,17,16877,8477404,200,0,386,0,0,1260,3964
2386,2026-08-04T06:22:53Z,1785824573805629858,2395,6660,24988,4,17,16884,8478200,200,0,386,0,0,1260,3964
2387,2026-08-04T06:22:54Z,1785824574809610419,2396,6660,24988,4,17,16892,8478996,200,0,386,0,0,1260,3965
2388,2026-08-04T06:22:55Z,1785824575813456184,2397,6660,24988,4,17,16900,8479793,200,0,386,0,0,1260,3965
2389,2026-08-04T06:22:56Z,1785824576817995459,2398,6660,24988,4,17,16907,8480591,200,0,386,0,0,1260,3965
2390,2026-08-04T06:22:57Z,1785824577820834235,2399,6660,24988,4,17,16915,8481388,200,0,386,0,0,1260,3966
2391,2026-08-04T06:22:58Z,1785824578824734978,2400,6660,24988,4,17,16923,8482183,200,0,386,0,0,1260,3967
2392,2026-08-04T06:22:59Z,1785824579829441424,2401,6660,24988,4,17,16931,8482981,200,0,386,0,0,1260,3967
2393,2026-08-04T06:23:00Z,1785824580832774567,2402,6660,24988,4,17,16938,8483776,200,0,386,0,0,1260,3967
2394,2026-08-04T06:23:01Z,1785824581836611953,2403,6660,24988,4,17,16947,8484571,200,0,386,0,0,1260,3968
2395,2026-08-04T06:23:02Z,1785824582840196876,2404,6660,24988,4,17,16955,8485364,200,0,386,0,0,1260,3969
2396,2026-08-04T06:23:03Z,1785824583844059154,2405,6660,24988,4,17,16963,8486161,200,0,386,0,0,1260,3969
2397,2026-08-04T06:23:04Z,1785824584847330132,2406,6660,24988,4,17,16971,8486954,200,0,386,0,0,1260,3969
2398,2026-08-04T06:23:05Z,1785824585851041845,2407,6660,24988,4,17,16979,8487754,200,0,386,0,0,1260,3969
2399,2026-08-04T06:23:06Z,1785824586854513553,2408,6660,24988,4,17,16986,8488550,200,0,386,0,0,1260,3970
2400,2026-08-04T06:23:07Z,1785824587858583549,2409,6660,24988,4,17,16994,8489349,200,0,386,0,0,1260,3970
2401,2026-08-04T06:23:08Z,1785824588862234263,2410,6660,24988,4,17,17001,8490148,200,0,386,0,0,1260,3971
2402,2026-08-04T06:23:09Z,1785824589866036879,2411,6660,24988,4,17,17009,8490945,200,0,386,0,0,1260,3972
2403,2026-08-04T06:23:10Z,1785824590869791461,2412,6660,24988,4,17,17017,8491742,200,0,386,0,0,1260,3973
2404,2026-08-04T06:23:11Z,1785824591873461993,2413,6660,24988,4,17,17024,8492541,200,0,386,0,0,1260,3974
2405,2026-08-04T06:23:12Z,1785824592877510669,2414,6660,24988,4,17,17032,8493338,200,0,386,0,0,1260,3974
2406,2026-08-04T06:23:13Z,1785824593881820507,2415,6660,24988,4,17,17039,8494137,200,0,386,0,0,1260,3975
2407,2026-08-04T06:23:14Z,1785824594886470163,2416,6660,24988,4,17,17047,8494932,200,0,386,0,0,1260,3976
2408,2026-08-04T06:23:15Z,1785824595889247888,2417,6660,24988,4,17,17054,8495729,200,0,386,0,0,1260,3976
2409,2026-08-04T06:23:16Z,1785824596893192718,2418,6660,24988,4,17,17062,8496523,200,0,386,0,0,1260,3976
2410,2026-08-04T06:23:17Z,1785824597896926994,2419,6660,24988,4,17,17070,8497320,200,0,386,0,0,1260,3976
2411,2026-08-04T06:23:18Z,1785824598900937660,2420,6660,24988,4,17,17077,8498116,200,0,386,0,0,1260,3977
2412,2026-08-04T06:23:19Z,1785824599904939172,2421,6660,24988,4,17,17085,8498910,200,0,386,0,0,1260,3978
2413,2026-08-04T06:23:20Z,1785824600909089444,2422,6660,24988,4,17,17093,8499707,200,0,386,0,0,1260,3979
2414,2026-08-04T06:23:21Z,1785824601913244303,2423,6660,24988,4,17,17100,8500502,200,0,386,0,0,1260,3979
2415,2026-08-04T06:23:22Z,1785824602917454812,2424,6660,24988,4,17,17108,8501297,200,0,386,0,0,1260,3980
2416,2026-08-04T06:23:23Z,1785824603921156086,2425,6660,24988,4,17,17115,8502094,200,0,386,0,0,1260,3981
2417,2026-08-04T06:23:24Z,1785824604925239486,2426,6660,24988,4,17,17122,8502888,200,0,386,0,0,1260,3982
2418,2026-08-04T06:23:25Z,1785824605929404663,2427,6660,24988,4,17,17130,8503686,200,0,386,0,0,1260,3983
2419,2026-08-04T06:23:26Z,1785824606933380271,2428,6660,24988,4,17,17137,8504482,200,0,386,0,0,1260,3983
2420,2026-08-04T06:23:27Z,1785824607937330039,2429,6660,24988,4,17,17145,8505276,200,0,386,0,0,1260,3984
2421,2026-08-04T06:23:28Z,1785824608941527973,2430,6660,24988,4,17,17152,8506071,200,0,386,0,0,1260,3984
2422,2026-08-04T06:23:29Z,1785824609946350361,2431,6660,24988,4,17,17160,8506867,200,0,386,0,0,1260,3985
2423,2026-08-04T06:23:30Z,1785824610949581264,2432,6660,24988,4,17,17168,8507662,200,0,386,0,0,1260,3986
2424,2026-08-04T06:23:31Z,1785824611954349568,2433,6660,24988,4,17,17176,8508459,200,0,386,0,0,1260,3986
2425,2026-08-04T06:23:32Z,1785824612957985478,2434,6660,24988,4,17,17183,8509253,200,0,386,0,0,1260,3987
2426,2026-08-04T06:23:33Z,1785824613961077501,2435,6660,24988,4,17,17191,8510049,200,0,386,0,0,1260,3988
2427,2026-08-04T06:23:34Z,1785824614965626533,2436,6660,24988,4,17,17199,8510847,200,0,386,0,0,1260,3988
2428,2026-08-04T06:23:35Z,1785824615969099037,2437,6660,24988,4,17,17207,8511641,200,0,386,0,0,1260,3988
2429,2026-08-04T06:23:36Z,1785824616972160157,2438,6660,24988,4,17,17214,8512437,200,0,386,0,0,1260,3989
2430,2026-08-04T06:23:37Z,1785824617976105586,2439,6660,24988,4,17,17223,8513231,200,0,386,0,0,1260,3990
2431,2026-08-04T06:23:38Z,1785824618980302776,2440,6660,24988,4,17,17231,8514028,200,0,386,0,0,1260,3990
2432,2026-08-04T06:23:39Z,1785824619984472454,2441,6660,24988,4,17,17238,8514822,200,0,386,0,0,1260,3990
2433,2026-08-04T06:23:40Z,1785824620988508045,2442,6660,24988,4,17,17245,8515617,200,0,386,0,0,1260,3991
2434,2026-08-04T06:23:41Z,1785824621992399969,2443,6660,24988,4,17,17253,8516413,200,0,386,0,0,1260,3992
2435,2026-08-04T06:23:42Z,1785824622996455157,2444,6660,24988,4,17,17260,8517210,200,0,386,0,0,1260,3993
2436,2026-08-04T06:23:43Z,1785824624000860090,2446,6660,24988,4,17,17268,8518008,200,0,386,0,0,1260,3994
2437,2026-08-04T06:23:45Z,1785824625005188119,2447,6660,24988,4,17,17275,8518806,200,0,386,0,0,1260,3994
2438,2026-08-04T06:23:46Z,1785824626008147792,2448,6660,24988,4,17,17284,8519601,200,0,386,0,0,1260,3994
2439,2026-08-04T06:23:47Z,1785824627011755126,2449,6656,24988,4,16,17291,8520396,200,0,386,0,0,1260,3995
2440,2026-08-04T06:23:48Z,1785824628014948164,2450,6652,24988,4,15,17298,8521194,200,0,386,0,0,1260,3996
2441,2026-08-04T06:23:49Z,1785824629019574631,2451,6628,24988,4,14,17303,8521994,200,0,386,0,0,1260,3996
2442,2026-08-04T06:23:50Z,1785824630022440335,2452,6620,24988,4,12,17306,8522793,200,0,386,0,0,1260,3996
2443,2026-08-04T06:23:51Z,1785824631026133613,2453,6292,24988,4,10,17306,8523595,200,0,386,0,0,1260,3996
2444,2026-08-04T06:23:52Z,1785824632029866249,2454,6292,24988,4,10,17306,8524397,200,0,386,0,0,1260,3996
2445,2026-08-04T06:23:53Z,1785824633033614680,2455,6292,24988,4,10,17306,8525201,200,0,386,0,0,1260,3996
2446,2026-08-04T06:23:54Z,1785824634037687666,2456,6292,24988,4,10,17306,8526004,200,0,386,0,0,1260,3996
2447,2026-08-04T06:23:55Z,1785824635041435866,2457,6292,24988,4,10,17306,8526806,200,0,386,0,0,1260,3996
2448,2026-08-04T06:23:56Z,1785824636045577865,2458,6292,24988,4,10,17306,8527609,200,0,386,0,0,1260,3996
2449,2026-08-04T06:23:57Z,1785824637049136375,2459,6296,24988,4,11,17306,8528411,200,0,386,0,0,1260,3996
2450,2026-08-04T06:23:58Z,1785824638052889271,2460,6300,24988,4,12,17308,8529209,200,0,386,0,0,1260,3996
2451,2026-08-04T06:23:59Z,1785824639056375961,2461,6324,24988,4,14,17312,8530009,200,0,386,0,0,1260,3996
2452,2026-08-04T06:24:00Z,1785824640061080368,2462,6328,24988,4,15,17320,8530802,200,0,386,0,0,1260,3996
2453,2026-08-04T06:24:01Z,1785824641065261672,2463,6672,24988,4,21,17335,8531599,200,0,386,0,0,1376,4105
2454,2026-08-04T06:24:02Z,1785824642069134849,2464,6672,24988,4,20,17343,8532394,200,0,387,0,0,1376,4105
2455,2026-08-04T06:24:03Z,1785824643072111453,2465,6672,24988,4,20,17351,8533192,200,0,387,0,0,1376,4106
2456,2026-08-04T06:24:04Z,1785824644075969857,2466,6672,24988,4,20,17359,8533990,200,0,387,0,0,1376,4107
2457,2026-08-04T06:24:05Z,1785824645080250208,2467,6672,24988,4,20,17366,8534786,200,0,387,0,0,1376,4108
2458,2026-08-04T06:24:06Z,1785824646083355640,2468,6672,24988,4,20,17373,8535582,200,0,387,0,0,1376,4110
2459,2026-08-04T06:24:07Z,1785824647087377293,2469,6672,24988,4,20,17381,8536380,200,0,387,0,0,1376,4112
2460,2026-08-04T06:24:08Z,1785824648091453687,2470,6672,24988,4,20,17388,8537176,200,0,387,0,0,1376,4113
2461,2026-08-04T06:24:09Z,1785824649095558803,2471,6672,24988,4,20,17396,8537973,200,0,387,0,0,1378,4115
2462,2026-08-04T06:24:10Z,1785824650099557162,2472,6672,24988,4,20,17403,8538771,200,0,387,0,0,1378,4116
2463,2026-08-04T06:24:11Z,1785824651104245966,2473,6672,24988,4,20,17411,8539566,200,0,387,0,0,1378,4117
2464,2026-08-04T06:24:12Z,1785824652108013784,2474,6672,24988,4,20,17419,8540363,200,0,387,0,0,1378,4118
2465,2026-08-04T06:24:13Z,1785824653111394344,2475,6672,24988,4,20,17427,8541161,200,0,387,0,0,1378,4118
2466,2026-08-04T06:24:14Z,1785824654114357644,2476,6672,24988,4,20,17434,8541957,200,0,387,0,0,1378,4119
2467,2026-08-04T06:24:15Z,1785824655118862964,2477,6672,24988,4,20,17442,8542753,200,0,387,0,0,1378,4119
2468,2026-08-04T06:24:16Z,1785824656122020549,2478,6672,24988,4,20,17450,8543551,200,0,387,0,0,1378,4120
2469,2026-08-04T06:24:17Z,1785824657125924091,2479,6672,24988,4,20,17457,8544347,200,0,387,0,0,1378,4121
2470,2026-08-04T06:24:18Z,1785824658129926741,2480,6672,24988,4,20,17465,8545146,200,0,387,0,0,1378,4121
2471,2026-08-04T06:24:19Z,1785824659133770251,2481,6672,24988,4,20,17472,8545942,200,0,387,0,0,1378,4123
2472,2026-08-04T06:24:20Z,1785824660137849437,2482,6672,24988,4,20,17480,8546740,200,0,387,0,0,1378,4123
2473,2026-08-04T06:24:21Z,1785824661142026874,2483,6672,24988,4,20,17488,8547538,200,0,387,0,0,1378,4123
2474,2026-08-04T06:24:22Z,1785824662145817800,2484,6672,24988,4,20,17495,8548336,200,0,387,0,0,1378,4124
2475,2026-08-04T06:24:23Z,1785824663149367655,2485,6672,24988,4,20,17502,8549134,200,0,387,0,0,1378,4125
2476,2026-08-04T06:24:24Z,1785824664153151854,2486,6672,24988,4,20,17510,8549931,200,0,387,0,0,1378,4126
2477,2026-08-04T06:24:25Z,1785824665156922867,2487,6672,24988,4,20,17518,8550731,200,0,387,0,0,1378,4126
2478,2026-08-04T06:24:26Z,1785824666160938763,2488,6672,24988,4,20,17525,8551531,200,0,387,0,0,1378,4127
2479,2026-08-04T06:24:27Z,1785824667165103446,2489,6672,24988,4,20,17532,8552330,200,0,387,0,0,1378,4127
2480,2026-08-04T06:24:28Z,1785824668168756664,2490,6672,24988,4,20,17541,8553126,200,0,387,0,0,1378,4128
2481,2026-08-04T06:24:29Z,1785824669173336857,2491,6672,24988,4,20,17548,8553921,200,0,387,0,0,1378,4129
2482,2026-08-04T06:24:30Z,1785824670177152673,2492,6672,24988,4,20,17556,8554719,200,0,387,0,0,1378,4131
2483,2026-08-04T06:24:31Z,1785824671179980242,2493,6672,24988,4,20,17563,8555515,200,0,387,0,0,1378,4133
2484,2026-08-04T06:24:32Z,1785824672183958801,2494,6672,24988,4,20,17572,8556313,200,0,387,0,0,1378,4134
2485,2026-08-04T06:24:33Z,1785824673187627470,2495,6672,24988,4,20,17579,8557110,200,0,387,0,0,1378,4135
2486,2026-08-04T06:24:34Z,1785824674191267527,2496,6664,24988,4,18,17586,8557908,200,0,387,0,0,1378,4135
2487,2026-08-04T06:24:35Z,1785824675195506157,2497,6664,24988,4,18,17594,8558706,200,0,386,0,0,1378,4137
2488,2026-08-04T06:24:36Z,1785824676199617754,2498,6664,24988,4,18,17602,8559504,200,0,386,0,0,1378,4138
2489,2026-08-04T06:24:37Z,1785824677203522656,2499,6664,24988,4,18,17609,8560299,200,0,386,0,0,1378,4139
2490,2026-08-04T06:24:38Z,1785824678207285015,2500,6664,24988,4,18,17617,8561098,200,0,386,0,0,1378,4139
2491,2026-08-04T06:24:39Z,1785824679211010385,2501,6664,24988,4,18,17625,8561896,200,0,386,0,0,1378,4139
2492,2026-08-04T06:24:40Z,1785824680215191847,2502,6664,24988,4,18,17632,8562694,200,0,386,0,0,1378,4139
2493,2026-08-04T06:24:41Z,1785824681219455237,2503,6664,24988,4,18,17639,8563494,200,0,386,0,0,1378,4140
2494,2026-08-04T06:24:42Z,1785824682222069485,2504,6664,24988,4,18,17647,8564288,200,0,386,0,0,1378,4141
2495,2026-08-04T06:24:43Z,1785824683226087432,2505,6664,24988,4,18,17654,8565086,200,0,386,0,0,1378,4142
2496,2026-08-04T06:24:44Z,1785824684229923296,2506,6664,24988,4,18,17663,8565882,200,0,386,0,0,1378,4142
2497,2026-08-04T06:24:45Z,1785824685234912397,2507,6664,24988,4,18,17670,8566677,200,0,386,0,0,1378,4143
2498,2026-08-04T06:24:46Z,1785824686238561420,2508,6664,24988,4,18,17678,8567472,200,0,386,0,0,1378,4143
2499,2026-08-04T06:24:47Z,1785824687241774787,2509,6664,24988,4,18,17686,8568269,200,0,386,0,0,1378,4145
2500,2026-08-04T06:24:48Z,1785824688245870631,2510,6664,24988,4,18,17693,8569064,200,0,386,0,0,1378,4145
2501,2026-08-04T06:24:49Z,1785824689250292327,2511,6664,24988,4,18,17702,8569859,200,0,386,0,0,1378,4146
2502,2026-08-04T06:24:50Z,1785824690253230864,2512,6664,24988,4,18,17710,8570654,200,0,386,0,0,1378,4146
2503,2026-08-04T06:24:51Z,1785824691257270151,2513,6664,24988,4,18,17717,8571450,200,0,386,0,0,1378,4147
2504,2026-08-04T06:24:52Z,1785824692261349699,2514,6664,24988,4,18,17725,8572247,200,0,386,0,0,1378,4148
2505,2026-08-04T06:24:53Z,1785824693265432270,2515,6664,24988,4,18,17732,8573046,200,0,386,0,0,1378,4149
2506,2026-08-04T06:24:54Z,1785824694270295460,2516,6664,24988,4,18,17740,8573845,200,0,386,0,0,1378,4151
2507,2026-08-04T06:24:55Z,1785824695273142823,2517,6664,24988,4,18,17748,8574641,200,0,386,0,0,1378,4152
2508,2026-08-04T06:24:56Z,1785824696277367015,2518,6664,24988,4,18,17756,8575438,200,0,386,0,0,1378,4153
2509,2026-08-04T06:24:57Z,1785824697280133161,2519,6664,24988,4,18,17764,8576235,200,0,386,0,0,1378,4153
2510,2026-08-04T06:24:58Z,1785824698284393512,2520,6664,24988,4,18,17771,8577033,200,0,386,0,0,1378,4153
2511,2026-08-04T06:24:59Z,1785824699287136752,2521,6664,24988,4,18,17778,8577832,200,0,386,0,0,1378,4153
2512,2026-08-04T06:25:00Z,1785824700291958395,2522,6664,24988,4,18,17786,8578627,200,0,386,0,0,1378,4153
2513,2026-08-04T06:25:01Z,1785824701294838998,2523,6664,24988,4,18,17795,8579425,200,0,386,0,0,1378,4154
2514,2026-08-04T06:25:02Z,1785824702299186024,2524,6664,24988,4,18,17802,8580222,200,0,386,0,0,1378,4155
2515,2026-08-04T06:25:03Z,1785824703302130645,2525,6664,24988,4,18,17810,8581017,200,0,386,0,0,1378,4156
2516,2026-08-04T06:25:04Z,1785824704306067214,2526,6664,24988,4,18,17817,8581814,200,0,386,0,0,1378,4157
2517,2026-08-04T06:25:05Z,1785824705310525815,2527,6664,24988,4,18,17826,8582609,200,0,386,0,0,1378,4157
2518,2026-08-04T06:25:06Z,1785824706314122632,2528,6664,24988,4,18,17833,8583405,200,0,386,0,0,1378,4159
2519,2026-08-04T06:25:07Z,1785824707317135843,2529,6664,24988,4,18,17841,8584202,200,0,386,0,0,1378,4161
2520,2026-08-04T06:25:08Z,1785824708321218305,2530,6664,24988,4,18,17849,8584997,200,0,386,0,0,1378,4162
2521,2026-08-04T06:25:09Z,1785824709325192308,2531,6664,24988,4,18,17856,8585793,200,0,386,0,0,1378,4164
2522,2026-08-04T06:25:10Z,1785824710329067287,2532,6664,24988,4,18,17864,8586589,200,0,386,0,0,1378,4164
2523,2026-08-04T06:25:11Z,1785824711333055504,2533,6664,24988,4,18,17871,8587390,200,0,386,0,0,1378,4164
2524,2026-08-04T06:25:12Z,1785824712337035610,2534,6664,24988,4,18,17879,8588187,200,0,386,0,0,1378,4165
2525,2026-08-04T06:25:13Z,1785824713341076008,2535,6664,24988,4,18,17886,8588987,200,0,386,0,0,1378,4166
2526,2026-08-04T06:25:14Z,1785824714345045996,2536,6664,24988,4,18,17894,8589786,200,0,386,0,0,1378,4166
2527,2026-08-04T06:25:15Z,1785824715349527126,2537,6664,24988,4,18,17902,8590582,200,0,386,0,0,1378,4167
2528,2026-08-04T06:25:16Z,1785824716352142858,2538,6664,24988,4,18,17910,8591380,200,0,386,0,0,1378,4168
2529,2026-08-04T06:25:17Z,1785824717356277157,2539,6664,24988,4,18,17917,8592178,200,0,386,0,0,1378,4170
2530,2026-08-04T06:25:18Z,1785824718360151610,2540,6664,24988,4,18,17925,8592977,200,0,386,0,0,1378,4170
2531,2026-08-04T06:25:19Z,1785824719363964721,2541,6664,24988,4,18,17932,8593775,200,0,386,0,0,1378,4172
2532,2026-08-04T06:25:20Z,1785824720368237892,2542,6664,24988,4,18,17940,8594573,200,0,386,0,0,1378,4174
2533,2026-08-04T06:25:21Z,1785824721371083272,2543,6664,24988,4,18,17947,8595368,200,0,386,0,0,1378,4175
2534,2026-08-04T06:25:22Z,1785824722374909824,2544,6664,24988,4,18,17955,8596164,200,0,386,0,0,1378,4176
2535,2026-08-04T06:25:23Z,1785824723379242159,2545,6664,24988,4,18,17963,8596962,200,0,386,0,0,1378,4177
2536,2026-08-04T06:25:24Z,1785824724382597466,2546,6664,24988,4,18,17970,8597756,200,0,386,0,0,1378,4178
2537,2026-08-04T06:25:25Z,1785824725386806741,2547,6664,24988,4,18,17978,8598556,200,0,386,0,0,1378,4179
2538,2026-08-04T06:25:26Z,1785824726391057474,2548,6664,24988,4,18,17986,8599354,200,0,386,0,0,1378,4181
2539,2026-08-04T06:25:27Z,1785824727395060323,2549,6664,24988,4,18,17993,8600151,200,0,386,0,0,1378,4181
2540,2026-08-04T06:25:28Z,1785824728398742239,2550,6664,24988,4,18,18000,8600951,200,0,386,0,0,1378,4182
2541,2026-08-04T06:25:29Z,1785824729402153070,2551,6664,24988,4,18,18008,8601750,200,0,386,0,0,1378,4182
2542,2026-08-04T06:25:30Z,1785824730406664439,2552,6664,24988,4,18,18016,8602549,200,0,386,0,0,1378,4182
2543,2026-08-04T06:25:31Z,1785824731409903436,2553,6664,24988,4,18,18023,8603343,200,0,386,0,0,1378,4182
2544,2026-08-04T06:25:32Z,1785824732413745674,2554,6664,24988,4,18,18032,8604136,200,0,386,0,0,1378,4183
2545,2026-08-04T06:25:33Z,1785824733418113144,2555,6664,24988,4,18,18039,8604933,200,0,386,0,0,1378,4185
2546,2026-08-04T06:25:34Z,1785824734421261538,2556,6664,24988,4,18,18047,8605731,200,0,386,0,0,1378,4185
2547,2026-08-04T06:25:35Z,1785824735424897332,2557,6664,24988,4,18,18053,8606528,200,0,386,0,0,1378,4185
2548,2026-08-04T06:25:36Z,1785824736428818384,2558,6664,24988,4,18,18061,8607324,200,0,386,0,0,1378,4186
2549,2026-08-04T06:25:37Z,1785824737432805737,2559,6664,24988,4,18,18069,8608117,200,0,386,0,0,1378,4187
2550,2026-08-04T06:25:38Z,1785824738436593182,2560,6664,24988,4,18,18077,8608917,200,0,386,0,0,1378,4189
2551,2026-08-04T06:25:39Z,1785824739440225174,2561,6664,24988,4,18,18084,8609713,200,0,386,0,0,1378,4190
2552,2026-08-04T06:25:40Z,1785824740444221534,2562,6664,24988,4,18,18092,8610511,200,0,386,0,0,1378,4191
2553,2026-08-04T06:25:41Z,1785824741448510155,2563,6664,24988,4,18,18099,8611311,200,0,386,0,0,1378,4192
2554,2026-08-04T06:25:42Z,1785824742452433747,2564,6664,24988,4,18,18107,8612109,200,0,386,0,0,1378,4194
2555,2026-08-04T06:25:43Z,1785824743456240151,2565,6664,24988,4,18,18114,8612904,200,0,386,0,0,1378,4195
2556,2026-08-04T06:25:44Z,1785824744460191638,2566,6664,24988,4,18,18122,8613703,200,0,386,0,0,1378,4195
2557,2026-08-04T06:25:45Z,1785824745464328555,2567,6664,24988,4,18,18129,8614502,200,0,386,0,0,1378,4197
2558,2026-08-04T06:25:46Z,1785824746468186447,2568,6664,24988,4,18,18136,8615298,200,0,386,0,0,1378,4198
2559,2026-08-04T06:25:47Z,1785824747472252646,2569,6664,24988,4,18,18144,8616095,200,0,386,0,0,1378,4199
2560,2026-08-04T06:25:48Z,1785824748475973473,2570,6664,24988,4,18,18152,8616893,200,0,386,0,0,1378,4199
2561,2026-08-04T06:25:49Z,1785824749479721314,2571,6664,24988,4,18,18159,8617692,200,0,386,0,0,1378,4200
2562,2026-08-04T06:25:50Z,1785824750483383925,2572,6664,24988,4,18,18167,8618488,200,0,386,0,0,1378,4201
2563,2026-08-04T06:25:51Z,1785824751487396945,2573,6664,24988,4,18,18174,8619287,200,0,386,0,0,1378,4203
2564,2026-08-04T06:25:52Z,1785824752491406841,2574,6664,24988,4,18,18182,8620083,200,0,386,0,0,1378,4204
2565,2026-08-04T06:25:53Z,1785824753495257481,2575,6664,24988,4,18,18189,8620881,200,0,386,0,0,1378,4205
2566,2026-08-04T06:25:54Z,1785824754499309085,2576,6664,24988,4,18,18197,8621678,200,0,386,0,0,1378,4205
2567,2026-08-04T06:25:55Z,1785824755502753486,2577,6664,24988,4,18,18204,8622477,200,0,386,0,0,1378,4205
2568,2026-08-04T06:25:56Z,1785824756506622828,2578,6660,24988,4,18,18212,8623275,200,0,386,0,0,1378,4205
2569,2026-08-04T06:25:57Z,1785824757510279027,2579,6656,24988,4,16,18218,8624073,200,0,386,0,0,1378,4206
2570,2026-08-04T06:25:58Z,1785824758513810340,2580,6632,24988,4,15,18223,8624873,200,0,386,0,0,1378,4207
2571,2026-08-04T06:25:59Z,1785824759517192936,2581,6620,24988,4,12,18226,8625674,200,0,386,0,0,1378,4207
2572,2026-08-04T06:26:00Z,1785824760520634360,2582,6292,24988,4,10,18226,8626477,200,0,386,0,0,1378,4207
2573,2026-08-04T06:26:01Z,1785824761523916747,2583,6292,24988,4,10,18226,8627278,200,0,386,0,0,1378,4207
2574,2026-08-04T06:26:02Z,1785824762526872678,2584,6292,24988,4,10,18226,8628080,200,0,386,0,0,1378,4207
2575,2026-08-04T06:26:03Z,1785824763530681807,2585,6292,24988,4,10,18226,8628881,200,0,386,0,0,1378,4207
2576,2026-08-04T06:26:04Z,1785824764534192185,2586,6292,24988,4,10,18226,8629684,200,0,386,0,0,1378,4207
2577,2026-08-04T06:26:05Z,1785824765537818906,2587,6296,24988,4,11,18226,8630487,200,0,386,0,0,1378,4207
2578,2026-08-04T06:26:06Z,1785824766542155383,2588,6300,24988,4,12,18227,8631288,200,0,386,0,0,1378,4207
2579,2026-08-04T06:26:07Z,1785824767545599583,2589,6324,24988,4,13,18229,8632088,200,0,386,0,0,1378,4207
2580,2026-08-04T06:26:08Z,1785824768549219806,2590,6328,24988,4,14,18233,8632885,200,0,386,0,0,1378,4207
2581,2026-08-04T06:26:09Z,1785824769552300193,2591,6652,24988,4,15,18241,8633678,200,0,386,0,0,1378,4207
2582,2026-08-04T06:26:10Z,1785824770557418737,2592,6664,24988,4,18,18248,8634473,200,0,386,0,0,1378,4208
2583,2026-08-04T06:26:11Z,1785824771561153465,2593,6664,24988,4,18,18255,8635268,200,0,386,0,0,1378,4209
2584,2026-08-04T06:26:12Z,1785824772565141569,2594,6664,24988,4,18,18262,8636063,200,0,386,0,0,1378,4210
2585,2026-08-04T06:26:13Z,1785824773569096547,2595,6664,24988,4,18,18270,8636860,200,0,386,0,0,1378,4210
2586,2026-08-04T06:26:14Z,1785824774573243109,2596,6664,24988,4,18,18278,8637653,200,0,386,0,0,1378,4211
2587,2026-08-04T06:26:15Z,1785824775577247720,2597,6664,24988,4,18,18286,8638448,200,0,386,0,0,1378,4212
2588,2026-08-04T06:26:16Z,1785824776581771206,2598,6664,24988,4,18,18293,8639243,200,0,386,0,0,1378,4212
2589,2026-08-04T06:26:17Z,1785824777584506263,2599,6664,24988,4,18,18300,8640035,200,0,386,0,0,1378,4213
2590,2026-08-04T06:26:18Z,1785824778588367789,2600,6664,24988,4,18,18308,8640830,200,0,386,0,0,1378,4214
2591,2026-08-04T06:26:19Z,1785824779592044095,2601,6664,24988,4,18,18316,8641625,200,0,386,0,0,1378,4215
2592,2026-08-04T06:26:20Z,1785824780596009336,2602,6664,24988,4,18,18324,8642418,200,0,386,0,0,1378,4215
2593,2026-08-04T06:26:21Z,1785824781600242777,2603,6664,24988,4,18,18331,8643212,200,0,386,0,0,1378,4215
2594,2026-08-04T06:26:22Z,1785824782604399695,2604,6664,24988,4,18,18338,8644010,200,0,386,0,0,1378,4216
2595,2026-08-04T06:26:23Z,1785824783608495406,2605,6664,24988,4,18,18346,8644805,200,0,386,0,0,1378,4216
2596,2026-08-04T06:26:24Z,1785824784612315831,2606,6664,24988,4,18,18354,8645601,200,0,386,0,0,1378,4217
2597,2026-08-04T06:26:25Z,1785824785616381244,2607,6664,24988,4,18,18361,8646396,200,0,386,0,0,1378,4218
2598,2026-08-04T06:26:26Z,1785824786620777117,2608,6664,24988,4,18,18369,8647190,200,0,386,0,0,1378,4218
2599,2026-08-04T06:26:27Z,1785824787623869375,2609,6664,24988,4,18,18377,8647985,200,0,386,0,0,1378,4219
2600,2026-08-04T06:26:28Z,1785824788628307738,2610,6664,24988,4,18,18384,8648781,200,0,386,0,0,1378,4219
2601,2026-08-04T06:26:29Z,1785824789631820569,2611,6664,24988,4,18,18392,8649577,200,0,386,0,0,1378,4220
2602,2026-08-04T06:26:30Z,1785824790635381484,2612,6664,24988,4,18,18400,8650374,200,0,386,0,0,1378,4221
2603,2026-08-04T06:26:31Z,1785824791639259039,2613,6664,24988,4,18,18409,8651163,200,0,386,0,0,1378,4222
2604,2026-08-04T06:26:32Z,1785824792642405294,2614,6664,24988,4,18,18417,8651958,200,0,386,0,0,1378,4223
2605,2026-08-04T06:26:33Z,1785824793646782009,2615,6664,24988,4,18,18425,8652752,200,0,386,0,0,1378,4224
2606,2026-08-04T06:26:34Z,1785824794649884019,2616,6664,24988,4,18,18433,8653548,200,0,386,0,0,1378,4225
2607,2026-08-04T06:26:35Z,1785824795653553327,2617,6664,24988,4,18,18441,8654341,200,0,386,0,0,1378,4226
2608,2026-08-04T06:26:36Z,1785824796657187208,2618,6664,24988,4,18,18448,8655133,200,0,386,0,0,1378,4227
2609,2026-08-04T06:26:37Z,1785824797661370121,2619,6664,24988,4,18,18456,8655930,200,0,386,0,0,1378,4227
2610,2026-08-04T06:26:38Z,1785824798665900717,2620,6664,24988,4,18,18464,8656726,200,0,386,0,0,1378,4228
2611,2026-08-04T06:26:39Z,1785824799669053884,2621,6664,24988,4,18,18471,8657521,200,0,386,0,0,1378,4228
2612,2026-08-04T06:26:40Z,1785824800673198732,2622,6660,24988,4,17,18479,8658312,200,0,386,0,0,1378,4228
2613,2026-08-04T06:26:41Z,1785824801677381398,2623,6660,24988,4,17,18486,8659107,200,0,386,0,0,1378,4229
2614,2026-08-04T06:26:42Z,1785824802681677331,2624,6660,24988,4,17,18494,8659902,200,0,386,0,0,1378,4230
2615,2026-08-04T06:26:43Z,1785824803684455300,2625,6660,24988,4,17,18501,8660694,200,0,386,0,0,1378,4231
2616,2026-08-04T06:26:44Z,1785824804689064685,2626,6660,24988,4,17,18509,8661490,200,0,386,0,0,1378,4231
2617,2026-08-04T06:26:45Z,1785824805692257883,2627,6660,24988,4,17,18517,8662285,200,0,386,0,0,1378,4232
2618,2026-08-04T06:26:46Z,1785824806695994098,2628,6660,24988,4,17,18525,8663081,200,0,386,0,0,1378,4232
2619,2026-08-04T06:26:47Z,1785824807699898055,2629,6660,24988,4,17,18532,8663877,200,0,386,0,0,1378,4233
2620,2026-08-04T06:26:48Z,1785824808703994397,2630,6660,24988,4,17,18539,8664672,200,0,386,0,0,1378,4234
2621,2026-08-04T06:26:49Z,1785824809708013410,2631,6660,24988,4,17,18547,8665467,200,0,386,0,0,1378,4235
2622,2026-08-04T06:26:50Z,1785824810711970313,2632,6660,24988,4,17,18554,8666262,200,0,386,0,0,1378,4236
2623,2026-08-04T06:26:51Z,1785824811715933024,2633,6660,24988,4,17,18562,8667057,200,0,386,0,0,1378,4236
2624,2026-08-04T06:26:52Z,1785824812719682836,2634,6660,24988,4,17,18569,8667852,200,0,386,0,0,1378,4236
2625,2026-08-04T06:26:53Z,1785824813723514478,2635,6660,24988,4,17,18577,8668647,200,0,386,0,0,1378,4237
2626,2026-08-04T06:26:54Z,1785824814727763033,2636,6660,24988,4,17,18585,8669442,200,0,386,0,0,1378,4237
2627,2026-08-04T06:26:55Z,1785824815731997166,2637,6664,24988,4,18,18592,8670238,200,0,386,0,0,1378,4238
2628,2026-08-04T06:26:56Z,1785824816735158087,2638,6664,24988,4,18,18599,8671029,200,0,386,0,0,1378,4239
2629,2026-08-04T06:26:57Z,1785824817739301506,2639,6664,24988,4,18,18606,8671825,200,0,386,0,0,1378,4240
2630,2026-08-04T06:26:58Z,1785824818743063675,2640,6664,24988,4,18,18614,8672618,200,0,386,0,0,1378,4241
2631,2026-08-04T06:26:59Z,1785824819747171327,2641,6664,24988,4,18,18622,8673414,200,0,386,0,0,1378,4242
2632,2026-08-04T06:27:00Z,1785824820751408292,2642,6664,24988,4,18,18629,8674206,200,0,386,0,0,1378,4243
2633,2026-08-04T06:27:01Z,1785824821756179054,2643,6664,24988,4,18,18637,8674999,200,0,386,0,0,1378,4244
2634,2026-08-04T06:27:02Z,1785824822758957571,2644,6664,24988,4,18,18645,8675795,200,0,386,0,0,1378,4244
2635,2026-08-04T06:27:03Z,1785824823763353452,2645,6664,24988,4,18,18652,8676588,200,0,386,0,0,1378,4244
2636,2026-08-04T06:27:04Z,1785824824766819873,2646,6664,24988,4,18,18660,8677384,200,0,386,0,0,1378,4244
2637,2026-08-04T06:27:05Z,1785824825769432072,2647,6664,24988,4,18,18668,8678177,200,0,386,0,0,1378,4245
2638,2026-08-04T06:27:06Z,1785824826773598992,2648,6664,24988,4,18,18675,8678971,200,0,386,0,0,1378,4245
2639,2026-08-04T06:27:07Z,1785824827776508639,2649,6664,24988,4,18,18683,8679764,200,0,386,0,0,1378,4246
2640,2026-08-04T06:27:08Z,1785824828780528512,2650,6664,24988,4,18,18691,8680558,200,0,386,0,0,1378,4246
2641,2026-08-04T06:27:09Z,1785824829784325029,2651,6664,24988,4,18,18698,8681355,200,0,386,0,0,1378,4247
2642,2026-08-04T06:27:10Z,1785824830788339472,2652,6664,24988,4,18,18706,8682151,200,0,386,0,0,1378,4247
2643,2026-08-04T06:27:11Z,1785824831792519034,2653,6664,24988,4,18,18713,8682943,200,0,386,0,0,1378,4247
2644,2026-08-04T06:27:12Z,1785824832796490447,2654,6664,24988,4,18,18721,8683741,200,0,386,0,0,1378,4248
2645,2026-08-04T06:27:13Z,1785824833800541348,2655,6664,24988,4,18,18728,8684535,200,0,386,0,0,1378,4248
2646,2026-08-04T06:27:14Z,1785824834805276709,2656,6664,24988,4,18,18736,8685330,200,0,386,0,0,1378,4248
2647,2026-08-04T06:27:15Z,1785824835808016447,2657,6664,24988,4,18,18744,8686123,200,0,386,0,0,1378,4248
2648,2026-08-04T06:27:16Z,1785824836812323343,2658,6664,24988,4,18,18751,8686918,200,0,386,0,0,1378,4249
2649,2026-08-04T06:27:17Z,1785824837816379827,2659,6664,24988,4,18,18759,8687713,200,0,386,0,0,1378,4249
2650,2026-08-04T06:27:18Z,1785824838820116977,2660,6664,24988,4,18,18767,8688507,200,0,386,0,0,1378,4250
2651,2026-08-04T06:27:19Z,1785824839823746588,2661,6664,24988,4,18,18774,8689306,200,0,386,0,0,1378,4251
2652,2026-08-04T06:27:20Z,1785824840828039256,2662,6664,24988,4,18,18782,8690099,200,0,386,0,0,1378,4252
2653,2026-08-04T06:27:21Z,1785824841832236798,2663,6664,24988,4,18,18789,8690893,200,0,386,0,0,1378,4253
2654,2026-08-04T06:27:22Z,1785824842835226695,2664,6664,24988,4,18,18797,8691687,200,0,386,0,0,1378,4254
2655,2026-08-04T06:27:23Z,1785824843839319946,2665,6664,24988,4,18,18805,8692484,200,0,386,0,0,1378,4255
2656,2026-08-04T06:27:24Z,1785824844843447023,2666,6664,24988,4,18,18812,8693280,200,0,386,0,0,1378,4256
2657,2026-08-04T06:27:25Z,1785824845847439989,2667,6664,24988,4,18,18819,8694074,200,0,386,0,0,1378,4257
2658,2026-08-04T06:27:26Z,1785824846851246158,2668,6664,24988,4,18,18827,8694868,200,0,386,0,0,1378,4257
2659,2026-08-04T06:27:27Z,1785824847855033778,2669,6664,24988,4,18,18834,8695662,200,0,386,0,0,1378,4258
2660,2026-08-04T06:27:28Z,1785824848858943457,2670,6664,24988,4,18,18842,8696458,200,0,386,0,0,1378,4259
2661,2026-08-04T06:27:29Z,1785824849863314719,2671,6664,24988,4,18,18849,8697254,200,0,386,0,0,1378,4259
2662,2026-08-04T06:27:30Z,1785824850866328277,2672,6664,24988,4,18,18857,8698046,200,0,386,0,0,1378,4259
2663,2026-08-04T06:27:31Z,1785824851870995978,2673,6660,24988,4,17,18865,8698844,200,0,386,0,0,1378,4260
2664,2026-08-04T06:27:32Z,1785824852874103411,2674,6660,24988,4,17,18874,8699639,200,0,386,0,0,1378,4261
2665,2026-08-04T06:27:33Z,1785824853878399993,2675,6660,24988,4,17,18881,8700434,200,0,386,0,0,1378,4262
2666,2026-08-04T06:27:34Z,1785824854883309697,2676,6660,24988,4,17,18888,8701230,200,0,386,0,0,1378,4263
2667,2026-08-04T06:27:35Z,1785824855886933605,2677,6660,24988,4,17,18896,8702024,200,0,386,0,0,1378,4264
2668,2026-08-04T06:27:36Z,1785824856890093399,2678,6660,24988,4,17,18904,8702819,200,0,386,0,0,1378,4265
2669,2026-08-04T06:27:37Z,1785824857894124721,2679,6660,24988,4,17,18911,8703614,200,0,386,0,0,1378,4266
2670,2026-08-04T06:27:38Z,1785824858898282553,2680,6660,24988,4,17,18919,8704411,200,0,386,0,0,1378,4267
2671,2026-08-04T06:27:39Z,1785824859902788903,2681,6660,24988,4,17,18927,8705205,200,0,386,0,0,1378,4267
2672,2026-08-04T06:27:40Z,1785824860906129535,2682,6660,24988,4,17,18935,8705998,200,0,386,0,0,1378,4267
2673,2026-08-04T06:27:41Z,1785824861909568473,2683,6660,24988,4,17,18942,8706793,200,0,386,0,0,1378,4268
2674,2026-08-04T06:27:42Z,1785824862912725622,2684,6660,24988,4,17,18950,8707588,200,0,386,0,0,1378,4268
2675,2026-08-04T06:27:43Z,1785824863916935183,2685,6660,24988,4,17,18958,8708386,200,0,386,0,0,1378,4268
2676,2026-08-04T06:27:44Z,1785824864922199302,2686,6660,24988,4,17,18965,8709181,200,0,386,0,0,1378,4268
2677,2026-08-04T06:27:45Z,1785824865924870189,2687,6660,24988,4,17,18974,8709975,200,0,386,0,0,1378,4268
2678,2026-08-04T06:27:46Z,1785824866927713815,2688,6660,24988,4,17,18981,8710769,200,0,386,0,0,1378,4269
2679,2026-08-04T06:27:47Z,1785824867932108188,2689,6660,24988,4,17,18989,8711565,200,0,386,0,0,1378,4269
2680,2026-08-04T06:27:48Z,1785824868936268102,2690,6660,24988,4,17,18996,8712360,200,0,386,0,0,1378,4269
2681,2026-08-04T06:27:49Z,1785824869940608613,2691,6660,24988,4,17,19003,8713156,200,0,386,0,0,1378,4270
2682,2026-08-04T06:27:50Z,1785824870945026012,2692,6660,24988,4,17,19011,8713950,200,0,386,0,0,1378,4271
2683,2026-08-04T06:27:51Z,1785824871947921000,2693,6660,24988,4,17,19018,8714742,200,0,386,0,0,1378,4272
2684,2026-08-04T06:27:52Z,1785824872951641584,2694,6660,24988,4,17,19026,8715537,200,0,386,0,0,1378,4273
2685,2026-08-04T06:27:53Z,1785824873955776587,2695,6660,24988,4,17,19033,8716333,200,0,386,0,0,1378,4274
2686,2026-08-04T06:27:54Z,1785824874959874132,2696,6660,24988,4,17,19041,8717126,200,0,386,0,0,1378,4275
2687,2026-08-04T06:27:55Z,1785824875963780007,2697,6660,24988,4,17,19048,8717920,200,0,386,0,0,1378,4275
2688,2026-08-04T06:27:56Z,1785824876967306943,2698,6660,24988,4,17,19056,8718712,200,0,386,0,0,1378,4276
2689,2026-08-04T06:27:57Z,1785824877971397285,2699,6660,24988,4,17,19063,8719508,200,0,386,0,0,1378,4276
2690,2026-08-04T06:27:58Z,1785824878975075455,2700,6660,24988,4,17,19071,8720303,200,0,386,0,0,1378,4276
2691,2026-08-04T06:27:59Z,1785824879979420936,2701,6660,24988,4,17,19078,8721098,200,0,386,0,0,1378,4276
2692,2026-08-04T06:28:00Z,1785824880982687588,2702,6660,24988,4,17,19087,8721893,200,0,386,0,0,1378,4277
2693,2026-08-04T06:28:01Z,1785824881987491827,2703,6660,24988,4,17,19094,8722689,200,0,386,0,0,1378,4277
2694,2026-08-04T06:28:02Z,1785824882990666111,2704,6660,24988,4,17,19102,8723483,200,0,386,0,0,1378,4277
2695,2026-08-04T06:28:03Z,1785824883995244390,2705,6660,24988,4,17,19110,8724279,200,0,386,0,0,1378,4277
2696,2026-08-04T06:28:04Z,1785824884998458459,2706,6664,24988,4,18,19118,8725068,200,0,386,0,0,1378,4278
2697,2026-08-04T06:28:06Z,1785824886002707691,2708,6660,24988,4,17,19125,8725861,200,0,386,0,0,1378,4279
2698,2026-08-04T06:28:07Z,1785824887006360377,2709,6652,24988,4,15,19132,8726658,200,0,386,0,0,1378,4280
2699,2026-08-04T06:28:08Z,1785824888009928996,2710,6628,24988,4,14,19136,8727456,200,0,386,0,0,1378,4281
2700,2026-08-04T06:28:09Z,1785824889013019930,2711,6620,24988,4,12,19138,8728256,200,0,386,0,0,1378,4281
2701,2026-08-04T06:28:10Z,1785824890017006031,2712,6292,24988,4,10,19138,8729058,200,0,386,0,0,1378,4281
2702,2026-08-04T06:28:11Z,1785824891020852100,2713,6292,24988,4,10,19138,8729862,200,0,386,0,0,1378,4281
2703,2026-08-04T06:28:12Z,1785824892024806871,2714,6292,24988,4,10,19138,8730664,200,0,386,0,0,1378,4281
2704,2026-08-04T06:28:13Z,1785824893028826555,2715,6292,24988,4,10,19138,8731466,200,0,386,0,0,1378,4281
2705,2026-08-04T06:28:14Z,1785824894032908843,2716,6292,24988,4,10,19139,8732268,200,0,386,0,0,1378,4281
2706,2026-08-04T06:28:15Z,1785824895037965224,2717,6296,24988,4,11,19139,8733072,200,0,386,0,0,1378,4281
2707,2026-08-04T06:28:16Z,1785824896041641095,2718,6300,24988,4,12,19139,8733871,200,0,386,0,0,1378,4281
2708,2026-08-04T06:28:17Z,1785824897045848200,2719,6324,24988,4,13,19142,8734670,200,0,386,0,0,1378,4281
2709,2026-08-04T06:28:18Z,1785824898050836706,2720,6328,24988,4,14,19147,8735465,200,0,386,0,0,1378,4281
2710,2026-08-04T06:28:19Z,1785824899054213573,2721,6652,24988,4,15,19154,8736259,200,0,386,0,0,1378,4281
2711,2026-08-04T06:28:20Z,1785824900057560907,2722,6664,24988,4,18,19162,8737051,200,0,386,0,0,1378,4282
2712,2026-08-04T06:28:21Z,1785824901061426017,2723,6664,24988,4,18,19170,8737845,200,0,386,0,0,1378,4283
2713,2026-08-04T06:28:22Z,1785824902065939225,2724,6664,24988,4,18,19176,8738640,200,0,386,0,0,1378,4284
2714,2026-08-04T06:28:23Z,1785824903069197379,2725,6664,24988,4,18,19184,8739434,200,0,386,0,0,1378,4284
2715,2026-08-04T06:28:24Z,1785824904072822048,2726,6664,24988,4,18,19192,8740226,200,0,386,0,0,1378,4285
2716,2026-08-04T06:28:25Z,1785824905077235486,2727,6664,24988,4,18,19199,8741020,200,0,386,0,0,1378,4286
2717,2026-08-04T06:28:26Z,1785824906080247643,2728,6664,24988,4,18,19207,8741813,200,0,386,0,0,1378,4287
2718,2026-08-04T06:28:27Z,1785824907084461961,2729,6664,24988,4,18,19215,8742609,200,0,386,0,0,1378,4287
2719,2026-08-04T06:28:28Z,1785824908088386810,2730,6664,24988,4,18,19222,8743405,200,0,386,0,0,1378,4287
2720,2026-08-04T06:28:29Z,1785824909092368804,2731,6664,24988,4,18,19229,8744200,200,0,386,0,0,1378,4288
2721,2026-08-04T06:28:30Z,1785824910097039054,2732,6664,24988,4,18,19237,8744994,200,0,386,0,0,1378,4289
2722,2026-08-04T06:28:31Z,1785824911100057958,2733,6664,24988,4,18,19245,8745791,200,0,386,0,0,1378,4290
2723,2026-08-04T06:28:32Z,1785824912104682931,2734,6664,24988,4,18,19253,8746584,200,0,386,0,0,1378,4290
2724,2026-08-04T06:28:33Z,1785824913108175129,2735,6664,24988,4,18,19261,8747378,200,0,386,0,0,1378,4291
2725,2026-08-04T06:28:34Z,1785824914111159500,2736,6664,24988,4,18,19268,8748173,200,0,386,0,0,1378,4292
2726,2026-08-04T06:28:35Z,1785824915115072568,2737,6664,24988,4,18,19276,8748967,200,0,386,0,0,1378,4293
2727,2026-08-04T06:28:36Z,1785824916118945261,2738,6664,24988,4,18,19284,8749762,200,0,386,0,0,1378,4294
2728,2026-08-04T06:28:37Z,1785824917123137447,2739,6664,24988,4,18,19291,8750558,200,0,386,0,0,1378,4295
2729,2026-08-04T06:28:38Z,1785824918126994649,2740,6664,24988,4,18,19299,8751352,200,0,386,0,0,1378,4296
2730,2026-08-04T06:28:39Z,1785824919130954701,2741,6664,24988,4,18,19306,8752147,200,0,386,0,0,1378,4297
2731,2026-08-04T06:28:40Z,1785824920134979243,2742,6664,24988,4,18,19313,8752942,200,0,386,0,0,1378,4297
2732,2026-08-04T06:28:41Z,1785824921139084017,2743,6664,24988,4,18,19321,8753737,200,0,386,0,0,1378,4297
2733,2026-08-04T06:28:42Z,1785824922143176349,2744,6664,24988,4,18,19329,8754530,200,0,386,0,0,1378,4297
2734,2026-08-04T06:28:43Z,1785824923146781646,2745,6664,24988,4,18,19336,8755327,200,0,386,0,0,1378,4298
2735,2026-08-04T06:28:44Z,1785824924150520544,2746,6664,24988,4,18,19344,8756123,200,0,386,0,0,1378,4299
2736,2026-08-04T06:28:45Z,1785824925155039967,2747,6664,24988,4,18,19351,8756916,200,0,386,0,0,1378,4300
2737,2026-08-04T06:28:46Z,1785824926158115325,2748,6664,24988,4,18,19359,8757710,200,0,386,0,0,1378,4301
2738,2026-08-04T06:28:47Z,1785824927161828304,2749,6664,24988,4,18,19367,8758505,200,0,386,0,0,1378,4301
2739,2026-08-04T06:28:48Z,1785824928165580515,2750,6664,24988,4,18,19374,8759300,200,0,386,0,0,1378,4302
2740,2026-08-04T06:28:49Z,1785824929170130603,2751,6664,24988,4,18,19382,8760095,200,0,386,0,0,1378,4303
2741,2026-08-04T06:28:50Z,1785824930173628068,2752,6664,24988,4,18,19390,8760893,200,0,386,0,0,1378,4304
2742,2026-08-04T06:28:51Z,1785824931176765347,2753,6664,24988,4,18,19398,8761686,200,0,386,0,0,1378,4305
2743,2026-08-04T06:28:52Z,1785824932181293375,2754,6664,24988,4,18,19405,8762479,200,0,386,0,0,1378,4306
2744,2026-08-04T06:28:53Z,1785824933184186551,2755,6664,24988,4,18,19413,8763273,200,0,386,0,0,1378,4306
2745,2026-08-04T06:28:54Z,1785824934188254999,2756,6664,24988,4,18,19420,8764068,200,0,386,0,0,1378,4306
2746,2026-08-04T06:28:55Z,1785824935192007523,2757,6664,24988,4,18,19428,8764864,200,0,386,0,0,1378,4307
2747,2026-08-04T06:28:56Z,1785824936196287151,2758,6664,24988,4,18,19436,8765660,200,0,386,0,0,1378,4308
2748,2026-08-04T06:28:57Z,1785824937199275450,2759,6664,24988,4,18,19443,8766453,200,0,386,0,0,1378,4309
2749,2026-08-04T06:28:58Z,1785824938203090636,2760,6664,24988,4,18,19450,8767248,200,0,386,0,0,1378,4310
2750,2026-08-04T06:28:59Z,1785824939206886911,2761,6660,24988,4,17,19458,8768042,200,0,386,0,0,1378,4311
2751,2026-08-04T06:29:00Z,1785824940211874584,2762,6660,24988,4,17,19465,8768839,200,0,386,0,0,1378,4312
2752,2026-08-04T06:29:01Z,1785824941215506393,2763,6660,24988,4,17,19474,8769636,200,0,386,0,0,1378,4313
2753,2026-08-04T06:29:02Z,1785824942218637931,2764,6660,24988,4,17,19482,8770427,200,0,386,0,0,1378,4314
2754,2026-08-04T06:29:03Z,1785824943223333364,2765,6660,24988,4,17,19490,8771223,200,0,386,0,0,1378,4315
2755,2026-08-04T06:29:04Z,1785824944226182907,2766,6660,24988,4,17,19498,8772017,200,0,386,0,0,1378,4315
2756,2026-08-04T06:29:05Z,1785824945230310314,2767,6660,24988,4,17,19505,8772810,200,0,386,0,0,1378,4316
2757,2026-08-04T06:29:06Z,1785824946234691962,2768,6660,24988,4,17,19513,8773605,200,0,386,0,0,1378,4317
2758,2026-08-04T06:29:07Z,1785824947238986380,2769,6660,24988,4,17,19520,8774401,200,0,386,0,0,1378,4318
2759,2026-08-04T06:29:08Z,1785824948242963621,2770,6660,24988,4,17,19528,8775194,200,0,386,0,0,1378,4319
2760,2026-08-04T06:29:09Z,1785824949247097706,2771,6660,24988,4,17,19535,8775990,200,0,386,0,0,1378,4319
2761,2026-08-04T06:29:10Z,1785824950251089684,2772,6660,24988,4,17,19542,8776786,200,0,386,0,0,1378,4319
2762,2026-08-04T06:29:11Z,1785824951255399132,2773,6660,24988,4,17,19550,8777581,200,0,386,0,0,1378,4320
2763,2026-08-04T06:29:12Z,1785824952258561049,2774,6660,24988,4,17,19558,8778377,200,0,386,0,0,1378,4321
2764,2026-08-04T06:29:13Z,1785824953262734568,2775,6660,24988,4,17,19565,8779173,200,0,386,0,0,1378,4321
2765,2026-08-04T06:29:14Z,1785824954266675721,2776,6664,24988,4,18,19573,8779965,200,0,386,0,0,1378,4322
2766,2026-08-04T06:29:15Z,1785824955271248277,2777,6664,24988,4,18,19581,8780759,200,0,386,0,0,1378,4322
2767,2026-08-04T06:29:16Z,1785824956274284581,2778,6664,24988,4,18,19588,8781554,200,0,386,0,0,1378,4323
2768,2026-08-04T06:29:17Z,1785824957278308500,2779,6664,24988,4,18,19595,8782349,200,0,386,0,0,1378,4324
2769,2026-08-04T06:29:18Z,1785824958282202389,2780,6664,24988,4,18,19603,8783146,200,0,386,0,0,1378,4325
2770,2026-08-04T06:29:19Z,1785824959286351719,2781,6664,24988,4,18,19610,8783940,200,0,386,0,0,1378,4326
2771,2026-08-04T06:29:20Z,1785824960290540405,2782,6664,24988,4,18,19618,8784738,200,0,386,0,0,1378,4327
2772,2026-08-04T06:29:21Z,1785824961294953618,2783,6664,24988,4,18,19625,8785533,200,0,386,0,0,1378,4328
2773,2026-08-04T06:29:22Z,1785824962298106955,2784,6664,24988,4,18,19632,8786328,200,0,386,0,0,1378,4329
2774,2026-08-04T06:29:23Z,1785824963302368282,2785,6664,24988,4,18,19640,8787124,200,0,386,0,0,1378,4329
2775,2026-08-04T06:29:24Z,1785824964306433597,2786,6664,24988,4,18,19648,8787920,200,0,386,0,0,1378,4330
2776,2026-08-04T06:29:25Z,1785824965310921361,2787,6664,24988,4,18,19655,8788715,200,0,386,0,0,1378,4331
2777,2026-08-04T06:29:26Z,1785824966314324084,2788,6664,24988,4,18,19663,8789512,200,0,386,0,0,1378,4332
2778,2026-08-04T06:29:27Z,1785824967317270991,2789,6664,24988,4,18,19671,8790304,200,0,386,0,0,1378,4332
2779,2026-08-04T06:29:28Z,1785824968321309291,2790,6664,24988,4,18,19678,8791099,200,0,386,0,0,1378,4332
2780,2026-08-04T06:29:29Z,1785824969325295287,2791,6664,24988,4,18,19686,8791896,200,0,386,0,0,1378,4332
2781,2026-08-04T06:29:30Z,1785824970329830030,2792,6664,24988,4,18,19694,8792690,200,0,386,0,0,1378,4333
2782,2026-08-04T06:29:31Z,1785824971333100596,2793,6664,24988,4,18,19701,8793485,200,0,386,0,0,1378,4333
2783,2026-08-04T06:29:32Z,1785824972336737423,2794,6664,24988,4,18,19709,8794278,200,0,386,0,0,1378,4334
2784,2026-08-04T06:29:33Z,1785824973340064614,2795,6664,24988,4,18,19717,8795073,200,0,386,0,0,1378,4334
2785,2026-08-04T06:29:34Z,1785824974343267175,2796,6664,24988,4,18,19725,8795868,200,0,386,0,0,1378,4334
2786,2026-08-04T06:29:35Z,1785824975347261172,2797,6664,24988,4,18,19732,8796666,200,0,386,0,0,1378,4334
2787,2026-08-04T06:29:36Z,1785824976351199886,2798,6664,24988,4,18,19739,8797458,200,0,386,0,0,1378,4335
2788,2026-08-04T06:29:37Z,1785824977355048531,2799,6664,24988,4,18,19747,8798253,200,0,386,0,0,1378,4335
2789,2026-08-04T06:29:38Z,1785824978359219071,2800,6664,24988,4,18,19754,8799045,200,0,386,0,0,1378,4336
2790,2026-08-04T06:29:39Z,1785824979363309986,2801,6664,24988,4,18,19762,8799843,200,0,386,0,0,1378,4337
2791,2026-08-04T06:29:40Z,1785824980367389952,2802,6664,24988,4,18,19770,8800636,200,0,386,0,0,1378,4338
2792,2026-08-04T06:29:41Z,1785824981371403598,2803,6664,24988,4,18,19777,8801432,200,0,386,0,0,1378,4338
2793,2026-08-04T06:29:42Z,1785824982375967721,2804,6664,24988,4,18,19785,8802228,200,0,386,0,0,1378,4338
2794,2026-08-04T06:29:43Z,1785824983379442410,2805,6664,24988,4,18,19792,8803023,200,0,386,0,0,1378,4339
2795,2026-08-04T06:29:44Z,1785824984383390052,2806,6664,24988,4,18,19800,8803819,200,0,386,0,0,1378,4340
2796,2026-08-04T06:29:45Z,1785824985386719801,2807,6664,24988,4,18,19808,8804615,200,0,386,0,0,1378,4341
2797,2026-08-04T06:29:46Z,1785824986390883165,2808,6664,24988,4,18,19816,8805409,200,0,386,0,0,1378,4341
2798,2026-08-04T06:29:47Z,1785824987395071930,2809,6664,24988,4,18,19823,8806205,200,0,386,0,0,1378,4341
2799,2026-08-04T06:29:48Z,1785824988399231591,2810,6664,24988,4,18,19831,8807000,200,0,386,0,0,1378,4341
2800,2026-08-04T06:29:49Z,1785824989403259695,2811,6664,24988,4,18,19839,8807794,200,0,386,0,0,1378,4342
2801,2026-08-04T06:29:50Z,1785824990407256129,2812,6664,24988,4,18,19846,8808589,200,0,386,0,0,1378,4343
2802,2026-08-04T06:29:51Z,1785824991411563932,2813,6664,24988,4,18,19854,8809383,200,0,386,0,0,1378,4344
2803,2026-08-04T06:29:52Z,1785824992415604643,2814,6664,24988,4,18,19861,8810179,200,0,386,0,0,1378,4345
2804,2026-08-04T06:29:53Z,1785824993419583993,2815,6664,24988,4,18,19869,8810974,200,0,386,0,0,1378,4346
2805,2026-08-04T06:29:54Z,1785824994423981653,2816,6664,24988,4,18,19876,8811769,200,0,386,0,0,1378,4346
2806,2026-08-04T06:29:55Z,1785824995427137674,2817,6660,24988,4,17,19883,8812564,200,0,386,0,0,1378,4347
2807,2026-08-04T06:29:56Z,1785824996431452126,2818,6660,24988,4,17,19891,8813359,200,0,386,0,0,1378,4348
2808,2026-08-04T06:29:57Z,1785824997434603543,2819,6660,24988,4,17,19899,8814155,200,0,386,0,0,1378,4349
2809,2026-08-04T06:29:58Z,1785824998438749049,2820,6660,24988,4,17,19907,8814947,200,0,386,0,0,1378,4350
2810,2026-08-04T06:29:59Z,1785824999442956698,2821,6660,24988,4,17,19914,8815744,200,0,386,0,0,1378,4351
2811,2026-08-04T06:30:00Z,1785825000448141260,2822,6660,24988,4,17,19923,8816537,200,0,386,0,0,1378,4352
2812,2026-08-04T06:30:01Z,1785825001452314568,2823,6660,24988,4,17,19931,8817332,200,0,386,0,0,1378,4352
2813,2026-08-04T06:30:02Z,1785825002456174795,2824,6660,24988,4,17,19939,8818125,200,0,386,0,0,1378,4353
2814,2026-08-04T06:30:03Z,1785825003459084550,2825,6660,24988,4,17,19947,8818919,200,0,386,0,0,1378,4353
2815,2026-08-04T06:30:04Z,1785825004463805164,2826,6660,24988,4,17,19954,8819713,200,0,386,0,0,1378,4353
2816,2026-08-04T06:30:05Z,1785825005467298874,2827,6660,24988,4,17,19962,8820506,200,0,386,0,0,1378,4354
2817,2026-08-04T06:30:06Z,1785825006470182941,2828,6660,24988,4,17,19970,8821301,200,0,386,0,0,1378,4355
2818,2026-08-04T06:30:07Z,1785825007474440224,2829,6660,24988,4,17,19978,8822094,200,0,386,0,0,1378,4356
2819,2026-08-04T06:30:08Z,1785825008478419149,2830,6660,24988,4,17,19985,8822891,200,0,386,0,0,1378,4356
2820,2026-08-04T06:30:09Z,1785825009482585002,2831,6660,24988,4,17,19993,8823685,200,0,386,0,0,1378,4356
2821,2026-08-04T06:30:10Z,1785825010486802928,2832,6660,24988,4,17,20001,8824481,200,0,386,0,0,1378,4357
2822,2026-08-04T06:30:11Z,1785825011491576288,2833,6660,24988,4,17,20008,8825277,200,0,386,0,0,1378,4358
2823,2026-08-04T06:30:12Z,1785825012494865072,2834,6660,24988,4,17,20016,8826074,200,0,386,0,0,1378,4359
2824,2026-08-04T06:30:13Z,1785825013499089145,2835,6660,24988,4,17,20023,8826869,200,0,386,0,0,1378,4359
2825,2026-08-04T06:30:14Z,1785825014501775525,2836,6660,24988,4,17,20031,8827663,200,0,386,0,0,1378,4360
2826,2026-08-04T06:30:15Z,1785825015506051088,2837,6656,24988,4,16,20039,8828459,200,0,386,0,0,1378,4360
2827,2026-08-04T06:30:16Z,1785825016508461559,2838,6652,24988,4,15,20044,8829258,200,0,386,0,0,1378,4360
2828,2026-08-04T06:30:17Z,1785825017511853272,2839,6628,24988,4,14,20049,8830056,200,0,386,0,0,1378,4360
2829,2026-08-04T06:30:18Z,1785825018514833193,2840,6620,24988,4,12,20050,8830857,200,0,386,0,0,1378,4360
2830,2026-08-04T06:30:19Z,1785825019518928442,2841,6292,24988,4,10,20050,8831660,200,0,386,0,0,1378,4360
2831,2026-08-04T06:30:20Z,1785825020522819582,2842,6292,24988,4,10,20050,8832463,200,0,386,0,0,1378,4360
2832,2026-08-04T06:30:21Z,1785825021526637722,2843,6292,24988,4,10,20050,8833265,200,0,386,0,0,1378,4360
2833,2026-08-04T06:30:22Z,1785825022530622259,2844,6292,24988,4,10,20050,8834068,200,0,386,0,0,1378,4360
2834,2026-08-04T06:30:23Z,1785825023534307322,2845,6292,24988,4,10,20050,8834871,200,0,386,0,0,1378,4360
2835,2026-08-04T06:30:24Z,1785825024538147320,2846,6296,24988,4,11,20050,8835673,200,0,386,0,0,1378,4360
2836,2026-08-04T06:30:25Z,1785825025542857713,2847,6300,24988,4,12,20052,8836474,200,0,386,0,0,1378,4360
2837,2026-08-04T06:30:26Z,1785825026546183361,2848,6324,24988,4,13,20054,8837273,200,0,386,0,0,1378,4360
2838,2026-08-04T06:30:27Z,1785825027549757329,2849,6328,24988,4,14,20060,8838067,200,0,386,0,0,1378,4360
2839,2026-08-04T06:30:28Z,1785825028553586027,2850,6652,24988,4,15,20067,8838866,200,0,386,0,0,1378,4360
2840,2026-08-04T06:30:29Z,1785825029557685428,2851,6664,24988,4,18,20075,8839658,200,0,386,0,0,1378,4361
2841,2026-08-04T06:30:30Z,1785825030561872094,2852,6664,24988,4,18,20082,8840450,200,0,386,0,0,1378,4362
2842,2026-08-04T06:30:31Z,1785825031566330045,2853,6664,24988,4,18,20089,8841244,200,0,386,0,0,1378,4363
2843,2026-08-04T06:30:32Z,1785825032569489975,2854,6664,24988,4,18,20098,8842040,200,0,386,0,0,1378,4363
2844,2026-08-04T06:30:33Z,1785825033573605742,2855,6664,24988,4,18,20106,8842836,200,0,386,0,0,1378,4363
2845,2026-08-04T06:30:34Z,1785825034578262281,2856,6664,24988,4,18,20113,8843631,200,0,386,0,0,1378,4364
2846,2026-08-04T06:30:35Z,1785825035581405033,2857,6664,24988,4,18,20121,8844427,200,0,386,0,0,1378,4364
2847,2026-08-04T06:30:36Z,1785825036585271365,2858,6664,24988,4,18,20128,8845218,200,0,386,0,0,1378,4365
2848,2026-08-04T06:30:37Z,1785825037588996532,2859,6664,24988,4,18,20136,8846011,200,0,386,0,0,1378,4365
2849,2026-08-04T06:30:38Z,1785825038592949185,2860,6664,24988,4,18,20143,8846808,200,0,386,0,0,1378,4365
2850,2026-08-04T06:30:39Z,1785825039596963193,2861,6664,24988,4,18,20152,8847603,200,0,386,0,0,1378,4365
2851,2026-08-04T06:30:40Z,1785825040601422788,2862,6664,24988,4,18,20159,8848398,200,0,386,0,0,1378,4366
2852,2026-08-04T06:30:41Z,1785825041604838652,2863,6664,24988,4,18,20167,8849192,200,0,386,0,0,1378,4367
2853,2026-08-04T06:30:42Z,1785825042608307095,2864,6664,24988,4,18,20174,8849988,200,0,386,0,0,1378,4367
2854,2026-08-04T06:30:43Z,1785825043611144023,2865,6664,24988,4,18,20181,8850782,200,0,386,0,0,1378,4367
2855,2026-08-04T06:30:44Z,1785825044615449721,2866,6664,24988,4,18,20190,8851576,200,0,386,0,0,1378,4367
2856,2026-08-04T06:30:45Z,1785825045619423959,2867,6664,24988,4,18,20197,8852374,200,0,386,0,0,1378,4367
2857,2026-08-04T06:30:46Z,1785825046624007101,2868,6664,24988,4,18,20204,8853168,200,0,386,0,0,1378,4368
2858,2026-08-04T06:30:47Z,1785825047626954285,2869,6664,24988,4,18,20212,8853962,200,0,386,0,0,1378,4369
2859,2026-08-04T06:30:48Z,1785825048631299825,2870,6664,24988,4,18,20219,8854758,200,0,386,0,0,1378,4370
2860,2026-08-04T06:30:49Z,1785825049634201282,2871,6664,24988,4,18,20227,8855554,200,0,386,0,0,1378,4370
2861,2026-08-04T06:30:50Z,1785825050638212563,2872,6664,24988,4,18,20235,8856351,200,0,386,0,0,1378,4370
2862,2026-08-04T06:30:51Z,1785825051642175942,2873,6664,24988,4,18,20242,8857145,200,0,386,0,0,1378,4371
2863,2026-08-04T06:30:52Z,1785825052646602883,2874,6664,24988,4,18,20250,8857943,200,0,386,0,0,1378,4372
2864,2026-08-04T06:30:53Z,1785825053649256576,2875,6664,24988,4,18,20257,8858737,200,0,386,0,0,1378,4373
2865,2026-08-04T06:30:54Z,1785825054653121657,2876,6664,24988,4,18,20264,8859535,200,0,386,0,0,1378,4374
2866,2026-08-04T06:30:55Z,1785825055656992121,2877,6664,24988,4,18,20272,8860329,200,0,386,0,0,1378,4375
2867,2026-08-04T06:30:56Z,1785825056661168755,2878,6664,24988,4,18,20279,8861125,200,0,386,0,0,1378,4376
2868,2026-08-04T06:30:57Z,1785825057664847515,2879,6664,24988,4,18,20287,8861921,200,0,386,0,0,1378,4377
2869,2026-08-04T06:30:58Z,1785825058667714600,2880,6664,24988,4,18,20295,8862717,200,0,386,0,0,1378,4377
2870,2026-08-04T06:30:59Z,1785825059671866176,2881,6664,24988,4,18,20302,8863511,200,0,386,0,0,1378,4378
2871,2026-08-04T06:31:00Z,1785825060676226669,2882,6660,24988,4,17,20310,8864304,200,0,386,0,0,1378,4378
2872,2026-08-04T06:31:01Z,1785825061680756773,2883,6660,24988,4,17,20318,8865097,200,0,386,0,0,1378,4379
2873,2026-08-04T06:31:02Z,1785825062684254834,2884,6660,24988,4,17,20326,8865894,200,0,386,0,0,1378,4380
2874,2026-08-04T06:31:03Z,1785825063687306025,2885,6660,24988,4,17,20334,8866686,200,0,386,0,0,1378,4381
2875,2026-08-04T06:31:04Z,1785825064691532502,2886,6660,24988,4,17,20342,8867481,200,0,386,0,0,1378,4381
2876,2026-08-04T06:31:05Z,1785825065695382106,2887,6660,24988,4,17,20349,8868274,200,0,386,0,0,1378,4381
2877,2026-08-04T06:31:06Z,1785825066699539826,2888,6660,24988,4,17,20357,8869071,200,0,386,0,0,1378,4382
2878,2026-08-04T06:31:07Z,1785825067704172034,2889,6660,24988,4,17,20364,8869864,200,0,386,0,0,1378,4383
2879,2026-08-04T06:31:08Z,1785825068706850275,2890,6660,24988,4,17,20372,8870655,200,0,386,0,0,1378,4383
2880,2026-08-04T06:31:09Z,1785825069710109446,2891,6660,24988,4,17,20380,8871451,200,0,386,0,0,1378,4383
2881,2026-08-04T06:31:10Z,1785825070714203277,2892,6660,24988,4,17,20387,8872246,200,0,386,0,0,1378,4384
2882,2026-08-04T06:31:11Z,1785825071718169220,2893,6660,24988,4,17,20396,8873042,200,0,386,0,0,1378,4384
2883,2026-08-04T06:31:12Z,1785825072722911760,2894,6660,24988,4,17,20403,8873835,200,0,386,0,0,1378,4385
2884,2026-08-04T06:31:13Z,1785825073725854174,2895,6660,24988,4,17,20411,8874629,200,0,386,0,0,1378,4385
2885,2026-08-04T06:31:14Z,1785825074730553604,2896,6660,24988,4,17,20418,8875424,200,0,386,0,0,1378,4386
2886,2026-08-04T06:31:15Z,1785825075734105058,2897,6660,24988,4,17,20426,8876218,200,0,386,0,0,1378,4387
2887,2026-08-04T06:31:16Z,1785825076737393530,2898,6660,24988,4,17,20433,8877011,200,0,386,0,0,1378,4388
2888,2026-08-04T06:31:17Z,1785825077741385417,2899,6660,24988,4,17,20440,8877804,200,0,386,0,0,1378,4389
2889,2026-08-04T06:31:18Z,1785825078745202508,2900,6660,24988,4,17,20449,8878599,200,0,386,0,0,1378,4390
2890,2026-08-04T06:31:19Z,1785825079749481252,2901,6660,24988,4,17,20456,8879394,200,0,386,0,0,1378,4391
2891,2026-08-04T06:31:20Z,1785825080753024716,2902,6660,24988,4,17,20463,8880190,200,0,386,0,0,1378,4392
2892,2026-08-04T06:31:21Z,1785825081757119255,2903,6660,24988,4,17,20471,8880986,200,0,386,0,0,1378,4392
2893,2026-08-04T06:31:22Z,1785825082761002276,2904,6660,24988,4,17,20478,8881778,200,0,386,0,0,1378,4392
2894,2026-08-04T06:31:23Z,1785825083764979112,2905,6660,24988,4,17,20486,8882575,200,0,386,0,0,1378,4392
2895,2026-08-04T06:31:24Z,1785825084769027722,2906,6660,24988,4,17,20494,8883368,200,0,386,0,0,1378,4392
2896,2026-08-04T06:31:25Z,1785825085772956546,2907,6660,24988,4,17,20501,8884163,200,0,386,0,0,1378,4392
2897,2026-08-04T06:31:26Z,1785825086777052621,2908,6660,24988,4,17,20509,8884957,200,0,386,0,0,1378,4393
2898,2026-08-04T06:31:27Z,1785825087780740784,2909,6660,24988,4,17,20516,8885754,200,0,386,0,0,1378,4393
2899,2026-08-04T06:31:28Z,1785825088784912851,2910,6660,24988,4,17,20523,8886548,200,0,386,0,0,1378,4394
2900,2026-08-04T06:31:29Z,1785825089789179148,2911,6660,24988,4,17,20531,8887344,200,0,386,0,0,1378,4395
2901,2026-08-04T06:31:30Z,1785825090792390080,2912,6660,24988,4,17,20538,8888137,200,0,386,0,0,1378,4395
2902,2026-08-04T06:31:31Z,1785825091796752852,2913,6660,24988,4,17,20546,8888933,200,0,386,0,0,1378,4396
2903,2026-08-04T06:31:32Z,1785825092800332879,2914,6660,24988,4,17,20554,8889726,200,0,386,0,0,1378,4396
2904,2026-08-04T06:31:33Z,1785825093804052066,2915,6660,24988,4,17,20561,8890523,200,0,386,0,0,1378,4396
2905,2026-08-04T06:31:34Z,1785825094807977528,2916,6660,24988,4,17,20569,8891318,200,0,386,0,0,1378,4397
2906,2026-08-04T06:31:35Z,1785825095811819570,2917,6660,24988,4,17,20576,8892113,200,0,386,0,0,1378,4397
2907,2026-08-04T06:31:36Z,1785825096816037964,2918,6660,24988,4,17,20583,8892907,200,0,386,0,0,1378,4398
2908,2026-08-04T06:31:37Z,1785825097820080852,2919,6660,24988,4,17,20592,8893704,200,0,386,0,0,1378,4398
2909,2026-08-04T06:31:38Z,1785825098823975980,2920,6660,24988,4,17,20599,8894498,200,0,386,0,0,1378,4399
2910,2026-08-04T06:31:39Z,1785825099828030303,2921,6660,24988,4,17,20606,8895291,200,0,386,0,0,1378,4400
2911,2026-08-04T06:31:40Z,1785825100832006553,2922,6660,24988,4,17,20614,8896086,200,0,386,0,0,1378,4401
2912,2026-08-04T06:31:41Z,1785825101836617728,2923,6660,24988,4,17,20622,8896883,200,0,386,0,0,1378,4402
2913,2026-08-04T06:31:42Z,1785825102839832519,2924,6660,24988,4,17,20629,8897678,200,0,386,0,0,1378,4402
2914,2026-08-04T06:31:43Z,1785825103844287878,2925,6660,24988,4,17,20637,8898472,200,0,386,0,0,1378,4403
2915,2026-08-04T06:31:44Z,1785825104848266470,2926,6660,24988,4,17,20645,8899266,200,0,386,0,0,1378,4404
2916,2026-08-04T06:31:45Z,1785825105852383836,2927,6660,24988,4,17,20653,8900062,200,0,386,0,0,1378,4405
2917,2026-08-04T06:31:46Z,1785825106855933680,2928,6660,24988,4,17,20661,8900858,200,0,386,0,0,1378,4406
2918,2026-08-04T06:31:47Z,1785825107859909424,2929,6660,24988,4,17,20669,8901653,200,0,386,0,0,1378,4407
2919,2026-08-04T06:31:48Z,1785825108863250695,2930,6660,24988,4,17,20675,8902448,200,0,386,0,0,1378,4407
2920,2026-08-04T06:31:49Z,1785825109867177952,2931,6660,24988,4,17,20683,8903244,200,0,386,0,0,1378,4407
2921,2026-08-04T06:31:50Z,1785825110871585429,2932,6660,24988,4,17,20691,8904037,200,0,386,0,0,1378,4408
2922,2026-08-04T06:31:51Z,1785825111874751212,2933,6660,24988,4,17,20698,8904831,200,0,386,0,0,1378,4409
2923,2026-08-04T06:31:52Z,1785825112878807284,2934,6660,24988,4,17,20705,8905623,200,0,386,0,0,1378,4410
2924,2026-08-04T06:31:53Z,1785825113882848797,2935,6660,24988,4,17,20713,8906419,200,0,386,0,0,1378,4411
2925,2026-08-04T06:31:54Z,1785825114886833768,2936,6660,24988,4,17,20720,8907214,200,0,386,0,0,1378,4412
2926,2026-08-04T06:31:55Z,1785825115890777364,2937,6660,24988,4,17,20728,8908007,200,0,386,0,0,1378,4413
2927,2026-08-04T06:31:56Z,1785825116894969882,2938,6660,24988,4,17,20735,8908804,200,0,386,0,0,1378,4413
2928,2026-08-04T06:31:57Z,1785825117898869520,2939,6660,24988,4,17,20743,8909601,200,0,386,0,0,1378,4414
2929,2026-08-04T06:31:58Z,1785825118902986242,2940,6660,24988,4,17,20750,8910398,200,0,386,0,0,1378,4415
2930,2026-08-04T06:31:59Z,1785825119907874821,2941,6660,24988,4,17,20758,8911192,200,0,386,0,0,1378,4415
2931,2026-08-04T06:32:00Z,1785825120911535158,2942,6660,24988,4,17,20766,8911984,200,0,386,0,0,1378,4416
2932,2026-08-04T06:32:01Z,1785825121915373277,2943,6660,24988,4,17,20773,8912778,200,0,386,0,0,1378,4417
2933,2026-08-04T06:32:02Z,1785825122918363252,2944,6660,24988,4,17,20781,8913576,200,0,386,0,0,1378,4417
2934,2026-08-04T06:32:03Z,1785825123922372605,2945,6660,24988,4,17,20789,8914372,200,0,386,0,0,1378,4418
2935,2026-08-04T06:32:04Z,1785825124926297989,2946,6660,24988,4,17,20797,8915166,200,0,386,0,0,1378,4419
2936,2026-08-04T06:32:05Z,1785825125930267435,2947,6660,24988,4,17,20805,8915961,200,0,386,0,0,1378,4420
2937,2026-08-04T06:32:06Z,1785825126934630396,2948,6660,24988,4,17,20812,8916757,200,0,386,0,0,1378,4420
2938,2026-08-04T06:32:07Z,1785825127937813462,2949,6660,24988,4,17,20819,8917551,200,0,386,0,0,1378,4420
2939,2026-08-04T06:32:08Z,1785825128942733392,2950,6660,24988,4,17,20827,8918346,200,0,386,0,0,1378,4420
2940,2026-08-04T06:32:09Z,1785825129946198460,2951,6660,24988,4,17,20836,8919140,200,0,386,0,0,1378,4420
2941,2026-08-04T06:32:10Z,1785825130950249842,2952,6660,24988,4,17,20843,8919935,200,0,386,0,0,1378,4420
2942,2026-08-04T06:32:11Z,1785825131954197070,2953,6660,24988,4,17,20851,8920731,200,0,386,0,0,1378,4421
2943,2026-08-04T06:32:12Z,1785825132957741003,2954,6660,24988,4,17,20859,8921528,200,0,386,0,0,1378,4421
2944,2026-08-04T06:32:13Z,1785825133961915206,2955,6660,24988,4,17,20866,8922324,200,0,386,0,0,1378,4422
2945,2026-08-04T06:32:14Z,1785825134966807243,2956,6660,24988,4,17,20875,8923117,200,0,386,0,0,1378,4423
2946,2026-08-04T06:32:15Z,1785825135970241390,2957,6660,24988,4,17,20882,8923910,200,0,386,0,0,1378,4423
2947,2026-08-04T06:32:16Z,1785825136974458783,2958,6660,24988,4,17,20890,8924706,200,0,386,0,0,1378,4424
2948,2026-08-04T06:32:17Z,1785825137978900599,2959,6660,24988,4,17,20898,8925502,200,0,386,0,0,1378,4424
2949,2026-08-04T06:32:18Z,1785825138983299594,2960,6660,24988,4,17,20906,8926295,200,0,386,0,0,1378,4425
2950,2026-08-04T06:32:19Z,1785825139987014805,2961,6660,24988,4,17,20914,8927090,200,0,386,0,0,1378,4426
2951,2026-08-04T06:32:20Z,1785825140990065172,2962,6660,24988,4,17,20922,8927882,200,0,386,0,0,1378,4426
2952,2026-08-04T06:32:21Z,1785825141994399396,2963,6660,24988,4,17,20930,8928675,200,0,386,0,0,1378,4426
2953,2026-08-04T06:32:22Z,1785825142997731051,2964,6660,24988,4,17,20938,8929469,200,0,386,0,0,1378,4427
2954,2026-08-04T06:32:24Z,1785825144002217549,2966,6656,24988,4,16,20945,8930265,200,0,386,0,0,1378,4427
2955,2026-08-04T06:32:25Z,1785825145004986420,2967,6656,24988,4,16,20953,8931060,200,0,386,0,0,1378,4427
2956,2026-08-04T06:32:26Z,1785825146009161543,2968,6652,24988,4,15,20958,8931859,200,0,386,0,0,1378,4428
2957,2026-08-04T06:32:27Z,1785825147012395091,2969,6628,24988,4,14,20962,8932657,200,0,386,0,0,1378,4429
2958,2026-08-04T06:32:28Z,1785825148015012974,2970,6296,24988,4,11,20962,8933459,200,0,386,0,0,1378,4429
2959,2026-08-04T06:32:29Z,1785825149018707150,2971,6292,24988,4,10,20962,8934261,200,0,386,0,0,1378,4429
2960,2026-08-04T06:32:30Z,1785825150022989618,2972,6292,24988,4,10,20962,8935063,200,0,386,0,0,1378,4429
2961,2026-08-04T06:32:31Z,1785825151025864663,2973,6292,24988,4,10,20962,8935865,200,0,386,0,0,1378,4429
2962,2026-08-04T06:32:32Z,1785825152030314405,2974,6292,24988,4,10,20962,8936668,200,0,386,0,0,1378,4429
2963,2026-08-04T06:32:33Z,1785825153033066726,2975,6292,24988,4,10,20963,8937470,200,0,386,0,0,1378,4429
2964,2026-08-04T06:32:34Z,1785825154037170754,2976,6296,24988,4,11,20963,8938272,200,0,386,0,0,1378,4429
2965,2026-08-04T06:32:35Z,1785825155042073582,2977,6300,24988,4,12,20965,8939072,200,0,386,0,0,1378,4429
2966,2026-08-04T06:32:36Z,1785825156046016609,2978,6324,24988,4,13,20967,8939869,200,0,386,0,0,1378,4429
2967,2026-08-04T06:32:37Z,1785825157050112820,2979,6328,24988,4,14,20974,8940662,200,0,386,0,0,1378,4429
2968,2026-08-04T06:32:38Z,1785825158053965639,2980,6652,24988,4,15,20982,8941456,200,0,386,0,0,1378,4429
2969,2026-08-04T06:32:39Z,1785825159058259280,2981,6664,24988,4,18,20989,8942250,200,0,386,0,0,1378,4430
2970,2026-08-04T06:32:40Z,1785825160061823249,2982,6664,24988,4,18,20997,8943046,200,0,386,0,0,1378,4431
2971,2026-08-04T06:32:41Z,1785825161064868182,2983,6664,24988,4,18,21004,8943837,200,0,386,0,0,1378,4432
2972,2026-08-04T06:32:42Z,1785825162068967191,2984,6664,24988,4,18,21011,8944632,200,0,386,0,0,1378,4433
2973,2026-08-04T06:32:43Z,1785825163073066603,2985,6664,24988,4,18,21019,8945426,200,0,386,0,0,1378,4434
2974,2026-08-04T06:32:44Z,1785825164077066478,2986,6664,24988,4,18,21027,8946220,200,0,386,0,0,1378,4435
2975,2026-08-04T06:32:45Z,1785825165081455775,2987,6664,24988,4,18,21034,8947016,200,0,386,0,0,1378,4436
2976,2026-08-04T06:32:46Z,1785825166084792876,2988,6664,24988,4,18,21042,8947811,200,0,386,0,0,1378,4437
2977,2026-08-04T06:32:47Z,1785825167088110770,2989,6664,24988,4,18,21049,8948607,200,0,386,0,0,1378,4438
2978,2026-08-04T06:32:48Z,1785825168091372685,2990,6664,24988,4,18,21057,8949399,200,0,386,0,0,1378,4439
2979,2026-08-04T06:32:49Z,1785825169095317419,2991,6664,24988,4,18,21065,8950195,200,0,386,0,0,1378,4440
2980,2026-08-04T06:32:50Z,1785825170099431419,2992,6664,24988,4,18,21072,8950989,200,0,386,0,0,1378,4441
2981,2026-08-04T06:32:51Z,1785825171103141797,2993,6664,24988,4,18,21080,8951783,200,0,386,0,0,1378,4442
2982,2026-08-04T06:32:52Z,1785825172107605540,2994,6664,24988,4,18,21088,8952578,200,0,386,0,0,1378,4443
2983,2026-08-04T06:32:53Z,1785825173110481144,2995,6664,24988,4,18,21095,8953371,200,0,386,0,0,1378,4444
2984,2026-08-04T06:32:54Z,1785825174114300314,2996,6664,24988,4,18,21103,8954166,200,0,386,0,0,1378,4445
2985,2026-08-04T06:32:55Z,1785825175118830846,2997,6664,24988,4,18,21111,8954960,200,0,386,0,0,1378,4446
2986,2026-08-04T06:32:56Z,1785825176122234947,2998,6664,24988,4,18,21119,8955752,200,0,386,0,0,1378,4446
2987,2026-08-04T06:32:57Z,1785825177126059329,2999,6664,24988,4,18,21126,8956546,200,0,386,0,0,1378,4447
2988,2026-08-04T06:32:58Z,1785825178130056380,3000,6664,24988,4,18,21134,8957343,200,0,386,0,0,1378,4447
2989,2026-08-04T06:32:59Z,1785825179134307501,3001,6664,24988,4,18,21141,8958138,200,0,386,0,0,1378,4448
2990,2026-08-04T06:33:00Z,1785825180139221270,3002,6664,24988,4,18,21149,8958930,200,0,386,0,0,1378,4449
2991,2026-08-04T06:33:01Z,1785825181142564001,3003,6664,24988,4,18,21158,8959725,200,0,386,0,0,1378,4450
2992,2026-08-04T06:33:02Z,1785825182145693217,3004,6664,24988,4,18,21165,8960516,200,0,386,0,0,1378,4451
2993,2026-08-04T06:33:03Z,1785825183150178615,3005,6664,24988,4,18,21174,8961310,200,0,386,0,0,1378,4452
2994,2026-08-04T06:33:04Z,1785825184153405387,3006,6664,24988,4,18,21181,8962106,200,0,386,0,0,1378,4453
2995,2026-08-04T06:33:05Z,1785825185157418439,3007,6664,24988,4,18,21189,8962900,200,0,386,0,0,1378,4454
2996,2026-08-04T06:33:06Z,1785825186161144114,3008,6664,24988,4,18,21197,8963694,200,0,386,0,0,1378,4455
2997,2026-08-04T06:33:07Z,1785825187165122954,3009,6664,24988,4,18,21203,8964489,200,0,386,0,0,1378,4456
2998,2026-08-04T06:33:08Z,1785825188169141728,3010,6664,24988,4,18,21211,8965285,200,0,386,0,0,1378,4457
2999,2026-08-04T06:33:09Z,1785825189173125725,3011,6664,24988,4,18,21219,8966079,200,0,386,0,0,1378,4458
3000,2026-08-04T06:33:10Z,1785825190177247685,3012,6660,24988,4,17,21226,8966874,200,0,386,0,0,1378,4458
3001,2026-08-04T06:33:11Z,1785825191181386878,3013,6660,24988,4,17,21234,8967667,200,0,386,0,0,1378,4459
3002,2026-08-04T06:33:12Z,1785825192185397607,3014,6660,24988,4,17,21242,8968462,200,0,386,0,0,1378,4460
3003,2026-08-04T06:33:13Z,1785825193189246837,3015,6660,24988,4,17,21249,8969259,200,0,386,0,0,1378,4460
3004,2026-08-04T06:33:14Z,1785825194193254530,3016,6660,24988,4,17,21256,8970053,200,0,386,0,0,1378,4461
3005,2026-08-04T06:33:15Z,1785825195197688314,3017,6660,24988,4,17,21264,8970845,200,0,386,0,0,1378,4462
3006,2026-08-04T06:33:16Z,1785825196201218451,3018,6660,24988,4,17,21272,8971641,200,0,386,0,0,1378,4463
3007,2026-08-04T06:33:17Z,1785825197204344996,3019,6660,24988,4,17,21280,8972435,200,0,386,0,0,1378,4464
3008,2026-08-04T06:33:18Z,1785825198208546952,3020,6660,24988,4,17,21287,8973230,200,0,386,0,0,1378,4464
3009,2026-08-04T06:33:19Z,1785825199212486231,3021,6660,24988,4,17,21294,8974027,200,0,386,0,0,1378,4464
3010,2026-08-04T06:33:20Z,1785825200216385373,3022,6660,24988,4,17,21303,8974822,200,0,386,0,0,1378,4464
3011,2026-08-04T06:33:21Z,1785825201219956125,3023,6660,24988,4,17,21310,8975616,200,0,386,0,0,1378,4465
3012,2026-08-04T06:33:22Z,1785825202223522222,3024,6660,24988,4,17,21317,8976410,200,0,386,0,0,1378,4466
3013,2026-08-04T06:33:23Z,1785825203227329767,3025,6660,24988,4,17,21324,8977205,200,0,386,0,0,1378,4466
3014,2026-08-04T06:33:24Z,1785825204231038071,3026,6660,24988,4,17,21332,8978000,200,0,386,0,0,1378,4467
3015,2026-08-04T06:33:25Z,1785825205235085191,3027,6660,24988,4,17,21339,8978795,200,0,386,0,0,1378,4468
3016,2026-08-04T06:33:26Z,1785825206239299755,3028,6660,24988,4,17,21348,8979589,200,0,386,0,0,1378,4469
3017,2026-08-04T06:33:27Z,1785825207243622442,3029,6660,24988,4,17,21355,8980384,200,0,386,0,0,1378,4470
3018,2026-08-04T06:33:28Z,1785825208246746678,3030,6660,24988,4,17,21363,8981179,200,0,386,0,0,1378,4471
3019,2026-08-04T06:33:29Z,1785825209250985373,3031,6660,24988,4,17,21371,8981974,200,0,386,0,0,1378,4472
3020,2026-08-04T06:33:30Z,1785825210254454844,3032,6660,24988,4,17,21379,8982767,200,0,386,0,0,1378,4473
3021,2026-08-04T06:33:31Z,1785825211257815435,3033,6660,24988,4,17,21386,8983560,200,0,386,0,0,1378,4474
3022,2026-08-04T06:33:32Z,1785825212261908043,3034,6660,24988,4,17,21394,8984350,200,0,386,0,0,1378,4475
3023,2026-08-04T06:33:33Z,1785825213264756231,3035,6660,24988,4,17,21402,8985146,200,0,386,0,0,1378,4476
3024,2026-08-04T06:33:34Z,1785825214268755542,3036,6660,24988,4,17,21409,8985942,200,0,386,0,0,1378,4476
3025,2026-08-04T06:33:35Z,1785825215272770175,3037,6660,24988,4,17,21417,8986738,200,0,386,0,0,1378,4477
3026,2026-08-04T06:33:36Z,1785825216277276360,3038,6660,24988,4,17,21424,8987532,200,0,386,0,0,1378,4477
3027,2026-08-04T06:33:37Z,1785825217280173919,3039,6660,24988,4,17,21432,8988327,200,0,386,0,0,1378,4478
3028,2026-08-04T06:33:38Z,1785825218284107472,3040,6660,24988,4,17,21440,8989122,200,0,386,0,0,1378,4479
3029,2026-08-04T06:33:39Z,1785825219288026895,3041,6660,24988,4,17,21447,8989918,200,0,386,0,0,1378,4480
3030,2026-08-04T06:33:40Z,1785825220292008033,3042,6660,24988,4,17,21455,8990712,200,0,386,0,0,1378,4480
3031,2026-08-04T06:33:41Z,1785825221296189041,3043,6660,24988,4,17,21462,8991507,200,0,386,0,0,1378,4481
3032,2026-08-04T06:33:42Z,1785825222300211502,3044,6660,24988,4,17,21470,8992301,200,0,386,0,0,1378,4482
3033,2026-08-04T06:33:43Z,1785825223304011208,3045,6660,24988,4,17,21478,8993100,200,0,386,0,0,1378,4482
3034,2026-08-04T06:33:44Z,1785825224308150838,3046,6660,24988,4,17,21485,8993895,200,0,386,0,0,1378,4483
3035,2026-08-04T06:33:45Z,1785825225312502331,3047,6660,24988,4,17,21493,8994688,200,0,386,0,0,1378,4484
3036,2026-08-04T06:33:46Z,1785825226315882024,3048,6660,24988,4,17,21501,8995481,200,0,386,0,0,1378,4485
3037,2026-08-04T06:33:47Z,1785825227319536877,3049,6660,24988,4,17,21508,8996275,200,0,386,0,0,1378,4486
3038,2026-08-04T06:33:48Z,1785825228323096448,3050,6660,24988,4,17,21516,8997070,200,0,386,0,0,1378,4486
3039,2026-08-04T06:33:49Z,1785825229327194539,3051,6660,24988,4,17,21524,8997865,200,0,386,0,0,1378,4487
3040,2026-08-04T06:33:50Z,1785825230331194513,3052,6660,24988,4,17,21531,8998662,200,0,386,0,0,1378,4488
3041,2026-08-04T06:33:51Z,1785825231335717057,3053,6660,24988,4,17,21539,8999456,200,0,386,0,0,1378,4489
3042,2026-08-04T06:33:52Z,1785825232339502599,3054,6660,24988,4,17,21547,9000248,200,0,386,0,0,1378,4489
3043,2026-08-04T06:33:53Z,1785825233343035981,3055,6660,24988,4,17,21554,9001043,200,0,386,0,0,1378,4489
3044,2026-08-04T06:33:54Z,1785825234346219074,3056,6660,24988,4,17,21562,9001837,200,0,386,0,0,1378,4489
3045,2026-08-04T06:33:55Z,1785825235350412147,3057,6660,24988,4,17,21569,9002632,200,0,386,0,0,1378,4491
3046,2026-08-04T06:33:56Z,1785825236354596861,3058,6660,24988,4,17,21577,9003423,200,0,386,0,0,1378,4492
3047,2026-08-04T06:33:57Z,1785825237358319931,3059,6660,24988,4,17,21584,9004218,200,0,386,0,0,1378,4493
3048,2026-08-04T06:33:58Z,1785825238362472979,3060,6660,24988,4,17,21592,9005010,200,0,386,0,0,1378,4493
3049,2026-08-04T06:33:59Z,1785825239366691762,3061,6660,24988,4,17,21599,9005806,200,0,386,0,0,1378,4494
3050,2026-08-04T06:34:00Z,1785825240371471382,3062,6660,24988,4,17,21608,9006602,200,0,386,0,0,1378,4495
3051,2026-08-04T06:34:01Z,1785825241375893146,3063,6660,24988,4,17,21616,9007394,200,0,386,0,0,1378,4496
3052,2026-08-04T06:34:02Z,1785825242377985207,3064,6660,24988,4,17,21624,9008187,200,0,386,0,0,1378,4496
3053,2026-08-04T06:34:03Z,1785825243382777025,3065,6660,24988,4,17,21632,9008980,200,0,386,0,0,1378,4497
3054,2026-08-04T06:34:04Z,1785825244385998131,3066,6660,24988,4,17,21639,9009771,200,0,386,0,0,1378,4498
3055,2026-08-04T06:34:05Z,1785825245389116478,3067,6660,24988,4,17,21648,9010565,200,0,386,0,0,1378,4499
3056,2026-08-04T06:34:06Z,1785825246393687056,3068,6660,24988,4,17,21655,9011357,200,0,386,0,0,1378,4500
3057,2026-08-04T06:34:07Z,1785825247397012296,3069,6660,24988,4,17,21663,9012151,200,0,386,0,0,1378,4501
3058,2026-08-04T06:34:08Z,1785825248400439571,3070,6660,24988,4,17,21670,9012943,200,0,386,0,0,1378,4501
3059,2026-08-04T06:34:09Z,1785825249403388596,3071,6660,24988,4,17,21678,9013738,200,0,386,0,0,1378,4502
3060,2026-08-04T06:34:10Z,1785825250407614342,3072,6660,24988,4,17,21686,9014534,200,0,386,0,0,1378,4502
3061,2026-08-04T06:34:11Z,1785825251410976162,3073,6660,24988,4,17,21693,9015330,200,0,386,0,0,1378,4503
3062,2026-08-04T06:34:12Z,1785825252415330043,3074,6660,24988,4,17,21701,9016124,200,0,386,0,0,1378,4504
3063,2026-08-04T06:34:13Z,1785825253419742422,3075,6660,24988,4,17,21709,9016920,200,0,386,0,0,1378,4504
3064,2026-08-04T06:34:14Z,1785825254422365693,3076,6660,24988,4,17,21717,9017714,200,0,386,0,0,1378,4505
3065,2026-08-04T06:34:15Z,1785825255426611446,3077,6660,24988,4,17,21724,9018510,200,0,386,0,0,1378,4505
3066,2026-08-04T06:34:16Z,1785825256430799858,3078,6660,24988,4,17,21732,9019304,200,0,386,0,0,1378,4505
3067,2026-08-04T06:34:17Z,1785825257434924126,3079,6660,24988,4,17,21740,9020099,200,0,386,0,0,1378,4505
3068,2026-08-04T06:34:18Z,1785825258438775853,3080,6660,24988,4,17,21748,9020894,200,0,386,0,0,1378,4506
3069,2026-08-04T06:34:19Z,1785825259442919837,3081,6660,24988,4,17,21754,9021686,200,0,386,0,0,1378,4507
3070,2026-08-04T06:34:20Z,1785825260446774107,3082,6660,24988,4,17,21762,9022483,200,0,386,0,0,1378,4508
3071,2026-08-04T06:34:21Z,1785825261450920696,3083,6660,24988,4,17,21770,9023278,200,0,386,0,0,1378,4509
3072,2026-08-04T06:34:22Z,1785825262455682707,3084,6660,24988,4,17,21778,9024074,200,0,386,0,0,1378,4510
3073,2026-08-04T06:34:23Z,1785825263458854388,3085,6660,24988,4,17,21785,9024868,200,0,386,0,0,1378,4511
3074,2026-08-04T06:34:24Z,1785825264463068805,3086,6660,24988,4,17,21793,9025665,200,0,386,0,0,1378,4512
3075,2026-08-04T06:34:25Z,1785825265467372355,3087,6660,24988,4,17,21800,9026458,200,0,386,0,0,1378,4513
3076,2026-08-04T06:34:26Z,1785825266470390595,3088,6660,24988,4,17,21807,9027253,200,0,386,0,0,1378,4514
3077,2026-08-04T06:34:27Z,1785825267474286352,3089,6660,24988,4,17,21816,9028050,200,0,386,0,0,1378,4514
3078,2026-08-04T06:34:28Z,1785825268478385682,3090,6660,24988,4,17,21823,9028844,200,0,386,0,0,1378,4514
3079,2026-08-04T06:34:29Z,1785825269482823258,3091,6660,24988,4,17,21830,9029640,200,0,386,0,0,1378,4514
3080,2026-08-04T06:34:30Z,1785825270486527482,3092,6660,24988,4,17,21838,9030433,200,0,386,0,0,1378,4514
3081,2026-08-04T06:34:31Z,1785825271489483792,3093,6660,24988,4,17,21847,9031226,200,0,386,0,0,1378,4514
3082,2026-08-04T06:34:32Z,1785825272494142474,3094,6660,24988,4,17,21855,9032021,200,0,386,0,0,1378,4515
3083,2026-08-04T06:34:33Z,1785825273497472039,3095,6656,24988,4,16,21862,9032815,200,0,386,0,0,1378,4515
3084,2026-08-04T06:34:34Z,1785825274500143745,3096,6656,24988,4,16,21870,9033612,200,0,386,0,0,1378,4515
3085,2026-08-04T06:34:35Z,1785825275503736670,3097,6628,24988,4,14,21875,9034412,200,0,386,0,0,1378,4516
3086,2026-08-04T06:34:36Z,1785825276507079875,3098,6620,24988,4,12,21879,9035209,200,0,386,0,0,1378,4516
3087,2026-08-04T06:34:37Z,1785825277509981893,3099,6292,24988,4,10,21879,9036011,200,0,386,0,0,1378,4516
3088,2026-08-04T06:34:38Z,1785825278514290022,3100,6292,24988,4,10,21879,9036814,200,0,386,0,0,1378,4516
3089,2026-08-04T06:34:39Z,1785825279517180701,3101,6292,24988,4,10,21879,9037615,200,0,386,0,0,1378,4516
3090,2026-08-04T06:34:40Z,1785825280521342920,3102,6292,24988,4,10,21880,9038419,200,0,386,0,0,1378,4516
3091,2026-08-04T06:34:41Z,1785825281525010121,3103,6292,24988,4,10,21880,9039221,200,0,386,0,0,1378,4516
3092,2026-08-04T06:34:42Z,1785825282528640307,3104,6292,24988,4,10,21880,9040025,200,0,386,0,0,1378,4516
3093,2026-08-04T06:34:43Z,1785825283532497980,3105,6296,24988,4,11,21880,9040824,200,0,386,0,0,1378,4516
3094,2026-08-04T06:34:44Z,1785825284537795621,3106,6300,24988,4,12,21882,9041626,200,0,386,0,0,1378,4516
3095,2026-08-04T06:34:45Z,1785825285541344838,3107,6324,24988,4,13,21885,9042425,200,0,386,0,0,1378,4516
3096,2026-08-04T06:34:46Z,1785825286544572884,3108,6328,24988,4,14,21892,9043221,200,0,386,0,0,1378,4516
3097,2026-08-04T06:34:47Z,1785825287549092882,3109,11856,24988,4,36,21904,9044016,200,0,386,0,0,1451,4578
3098,2026-08-04T06:34:48Z,1785825288552550750,3110,6668,24988,4,19,21913,9044814,200,0,386,0,0,1483,4611
3099,2026-08-04T06:34:49Z,1785825289556021171,3111,6668,24988,4,19,21921,9045611,200,0,386,0,0,1483,4612
3100,2026-08-04T06:34:50Z,1785825290558981854,3112,6668,24988,4,19,21928,9046405,200,0,386,0,0,1483,4613
3101,2026-08-04T06:34:51Z,1785825291563059026,3113,6668,24988,4,19,21936,9047202,200,0,386,0,0,1483,4613
3102,2026-08-04T06:34:52Z,1785825292567131301,3114,6668,24988,4,19,21943,9047996,200,0,386,0,0,1483,4614
3103,2026-08-04T06:34:53Z,1785825293571211766,3115,6668,24988,4,19,21951,9048794,200,0,386,0,0,1483,4615
3104,2026-08-04T06:34:54Z,1785825294575286355,3116,6668,24988,4,19,21959,9049590,200,0,386,0,0,1483,4615
3105,2026-08-04T06:34:55Z,1785825295579115855,3117,6668,24988,4,19,21966,9050386,200,0,386,0,0,1485,4616
3106,2026-08-04T06:34:56Z,1785825296583299103,3118,6668,24988,4,19,21973,9051183,200,0,386,0,0,1485,4617
3107,2026-08-04T06:34:57Z,1785825297586030070,3119,6668,24988,4,19,21981,9051976,200,0,386,0,0,1485,4617
3108,2026-08-04T06:34:58Z,1785825298589985999,3120,6668,24988,4,19,21989,9052773,200,0,386,0,0,1485,4618
3109,2026-08-04T06:34:59Z,1785825299594452704,3121,6668,24988,4,19,21996,9053572,200,0,386,0,0,1485,4619
3110,2026-08-04T06:35:00Z,1785825300597998526,3122,6668,24988,4,19,22003,9054366,200,0,386,0,0,1485,4619
3111,2026-08-04T06:35:01Z,1785825301601231851,3123,6668,24988,4,19,22012,9055162,200,0,386,0,0,1485,4620
3112,2026-08-04T06:35:02Z,1785825302604437760,3124,6668,24988,4,19,22019,9055957,200,0,386,0,0,1485,4621
3113,2026-08-04T06:35:03Z,1785825303608835059,3125,6668,24988,4,19,22027,9056756,200,0,386,0,0,1485,4621
3114,2026-08-04T06:35:04Z,1785825304613342148,3126,6668,24988,4,19,22034,9057552,200,0,386,0,0,1485,4621
3115,2026-08-04T06:35:05Z,1785825305616862451,3127,6668,24988,4,19,22043,9058349,200,0,386,0,0,1485,4622
3116,2026-08-04T06:35:06Z,1785825306620258723,3128,6668,24988,4,19,22050,9059146,200,0,386,0,0,1485,4622
3117,2026-08-04T06:35:07Z,1785825307623468266,3129,6668,24988,4,19,22057,9059942,200,0,386,0,0,1485,4622
3118,2026-08-04T06:35:08Z,1785825308628041470,3130,6668,24988,4,19,22065,9060740,200,0,386,0,0,1485,4623
3119,2026-08-04T06:35:09Z,1785825309631410415,3131,6668,24988,4,19,22073,9061537,200,0,386,0,0,1485,4624
3120,2026-08-04T06:35:10Z,1785825310634884127,3132,6668,24988,4,19,22081,9062331,200,0,386,0,0,1485,4625
3121,2026-08-04T06:35:11Z,1785825311638255953,3133,6668,24988,4,19,22089,9063127,200,0,386,0,0,1485,4626
3122,2026-08-04T06:35:12Z,1785825312641945856,3134,6668,24988,4,19,22097,9063925,200,0,386,0,0,1485,4627
3123,2026-08-04T06:35:13Z,1785825313645247495,3135,6668,24988,4,19,22104,9064722,200,0,386,0,0,1485,4627
3124,2026-08-04T06:35:14Z,1785825314649611624,3136,6668,24988,4,19,22112,9065515,200,0,386,0,0,1485,4628
3125,2026-08-04T06:35:15Z,1785825315653233608,3137,6668,24988,4,19,22120,9066314,200,0,386,0,0,1485,4629
3126,2026-08-04T06:35:16Z,1785825316656133113,3138,6668,24988,4,19,22128,9067110,200,0,386,0,0,1485,4630
3127,2026-08-04T06:35:17Z,1785825317660271529,3139,6664,24988,4,18,22135,9067907,200,0,386,0,0,1485,4630
3128,2026-08-04T06:35:18Z,1785825318663935066,3140,6664,24988,4,18,22142,9068701,200,0,386,0,0,1485,4631
3129,2026-08-04T06:35:19Z,1785825319668198094,3141,6664,24988,4,18,22150,9069496,200,0,386,0,0,1485,4632
3130,2026-08-04T06:35:20Z,1785825320671976036,3142,6664,24988,4,18,22158,9070293,200,0,386,0,0,1485,4633
3131,2026-08-04T06:35:21Z,1785825321675864994,3143,6660,24988,4,17,22166,9071088,200,0,386,0,0,1485,4635
3132,2026-08-04T06:35:22Z,1785825322680020992,3144,6660,24988,4,17,22172,9071886,200,0,386,0,0,1485,4635
3133,2026-08-04T06:35:23Z,1785825323684263760,3145,6660,24988,4,17,22180,9072680,200,0,386,0,0,1485,4635
3134,2026-08-04T06:35:24Z,1785825324688393525,3146,6660,24988,4,17,22188,9073477,200,0,386,0,0,1485,4635
3135,2026-08-04T06:35:25Z,1785825325692078600,3147,6660,24988,4,17,22196,9074274,200,0,386,0,0,1485,4636
3136,2026-08-04T06:35:26Z,1785825326695963623,3148,6660,24988,4,17,22203,9075069,200,0,386,0,0,1485,4637
3137,2026-08-04T06:35:27Z,1785825327699853231,3149,6660,24988,4,17,22210,9075868,200,0,386,0,0,1485,4637
3138,2026-08-04T06:35:28Z,1785825328704665428,3150,6660,24988,4,17,22218,9076664,200,0,386,0,0,1485,4638
3139,2026-08-04T06:35:29Z,1785825329708040203,3151,6660,24988,4,17,22225,9077461,200,0,386,0,0,1485,4639
3140,2026-08-04T06:35:30Z,1785825330712297162,3152,6660,24988,4,17,22233,9078257,200,0,386,0,0,1485,4640
3141,2026-08-04T06:35:31Z,1785825331716424644,3153,6660,24988,4,17,22241,9079056,200,0,386,0,0,1485,4640
3142,2026-08-04T06:35:32Z,1785825332720693037,3154,6660,24988,4,17,22248,9079851,200,0,386,0,0,1485,4641
3143,2026-08-04T06:35:33Z,1785825333724346966,3155,6660,24988,4,17,22255,9080646,200,0,386,0,0,1485,4641
3144,2026-08-04T06:35:34Z,1785825334728628576,3156,6660,24988,4,17,22263,9081441,200,0,386,0,0,1485,4642
3145,2026-08-04T06:35:35Z,1785825335732367147,3157,6660,24988,4,17,22271,9082242,200,0,386,0,0,1485,4643
3146,2026-08-04T06:35:36Z,1785825336737015387,3158,6660,24988,4,17,22278,9083039,200,0,386,0,0,1485,4644
3147,2026-08-04T06:35:37Z,1785825337740154625,3159,6660,24988,4,17,22286,9083835,200,0,386,0,0,1485,4644
3148,2026-08-04T06:35:38Z,1785825338744419144,3160,6660,24988,4,17,22294,9084631,200,0,386,0,0,1485,4644
3149,2026-08-04T06:35:39Z,1785825339747803036,3161,6660,24988,4,17,22302,9085426,200,0,386,0,0,1485,4644
3150,2026-08-04T06:35:40Z,1785825340751053406,3162,6660,24988,4,17,22309,9086222,200,0,386,0,0,1485,4645
3151,2026-08-04T06:35:41Z,1785825341755036035,3163,6660,24988,4,17,22316,9087018,200,0,386,0,0,1485,4645
3152,2026-08-04T06:35:42Z,1785825342759528884,3164,6660,24988,4,17,22324,9087815,200,0,386,0,0,1485,4645
3153,2026-08-04T06:35:43Z,1785825343762637662,3165,6660,24988,4,17,22331,9088611,200,0,386,0,0,1485,4646
3154,2026-08-04T06:35:44Z,1785825344767411917,3166,6660,24988,4,17,22339,9089408,200,0,386,0,0,1485,4646
3155,2026-08-04T06:35:45Z,1785825345770953042,3167,6660,24988,4,17,22348,9090203,200,0,386,0,0,1485,4646
3156,2026-08-04T06:35:46Z,1785825346774342792,3168,6660,24988,4,17,22355,9091000,200,0,386,0,0,1485,4647
3157,2026-08-04T06:35:47Z,1785825347778350323,3169,6660,24988,4,17,22363,9091796,200,0,386,0,0,1485,4648
3158,2026-08-04T06:35:48Z,1785825348782261017,3170,6660,24988,4,17,22371,9092592,200,0,386,0,0,1485,4648
3159,2026-08-04T06:35:49Z,1785825349786360989,3171,6660,24988,4,17,22379,9093389,200,0,386,0,0,1485,4648
3160,2026-08-04T06:35:50Z,1785825350790186266,3172,6660,24988,4,17,22386,9094186,200,0,386,0,0,1485,4649
3161,2026-08-04T06:35:51Z,1785825351794332097,3173,6660,24988,4,17,22394,9094981,200,0,386,0,0,1485,4649
3162,2026-08-04T06:35:52Z,1785825352798460822,3174,6660,24988,4,17,22401,9095777,200,0,386,0,0,1485,4649
3163,2026-08-04T06:35:53Z,1785825353802044725,3175,6660,24988,4,17,22408,9096574,200,0,386,0,0,1485,4649
3164,2026-08-04T06:35:54Z,1785825354804758105,3176,6660,24988,4,17,22416,9097372,200,0,386,0,0,1485,4650
3165,2026-08-04T06:35:55Z,1785825355808330996,3177,6660,24988,4,17,22424,9098167,200,0,386,0,0,1485,4651
3166,2026-08-04T06:35:56Z,1785825356812477461,3178,6660,24988,4,17,22432,9098963,200,0,386,0,0,1485,4651
3167,2026-08-04T06:35:57Z,1785825357816778380,3179,6660,24988,4,17,22439,9099763,200,0,386,0,0,1485,4652
3168,2026-08-04T06:35:58Z,1785825358819917449,3180,6660,24988,4,17,22446,9100559,200,0,386,0,0,1485,4653
3169,2026-08-04T06:35:59Z,1785825359823775699,3181,6660,24988,4,17,22454,9101353,200,0,386,0,0,1485,4654
3170,2026-08-04T06:36:00Z,1785825360828111832,3182,6660,24988,4,17,22462,9102151,200,0,386,0,0,1485,4654
3171,2026-08-04T06:36:01Z,1785825361832438869,3183,6660,24988,4,17,22470,9102947,200,0,386,0,0,1485,4655
3172,2026-08-04T06:36:02Z,1785825362835633014,3184,6660,24988,4,17,22478,9103744,200,0,386,0,0,1485,4655
3173,2026-08-04T06:36:03Z,1785825363839882738,3185,6660,24988,4,17,22485,9104539,200,0,386,0,0,1485,4655
3174,2026-08-04T06:36:04Z,1785825364843595191,3186,6660,24988,4,17,22493,9105333,200,0,386,0,0,1485,4655
3175,2026-08-04T06:36:05Z,1785825365847715797,3187,6660,24988,4,17,22501,9106127,200,0,386,0,0,1485,4656
3176,2026-08-04T06:36:06Z,1785825366851532784,3188,6660,24988,4,17,22508,9106923,200,0,386,0,0,1485,4657
3177,2026-08-04T06:36:07Z,1785825367855506169,3189,6660,24988,4,17,22517,9107722,200,0,386,0,0,1485,4658
3178,2026-08-04T06:36:08Z,1785825368859738733,3190,6660,24988,4,17,22524,9108517,200,0,386,0,0,1485,4659
3179,2026-08-04T06:36:09Z,1785825369862992665,3191,6660,24988,4,17,22531,9109315,200,0,386,0,0,1485,4660
3180,2026-08-04T06:36:10Z,1785825370866169132,3192,6660,24988,4,17,22539,9110112,200,0,386,0,0,1485,4660
3181,2026-08-04T06:36:11Z,1785825371870262835,3193,6660,24988,4,17,22547,9110907,200,0,386,0,0,1485,4661
3182,2026-08-04T06:36:12Z,1785825372874400862,3194,6660,24988,4,17,22555,9111704,200,0,386,0,0,1485,4662
3183,2026-08-04T06:36:13Z,1785825373877867661,3195,6660,24988,4,17,22562,9112501,200,0,386,0,0,1485,4662
3184,2026-08-04T06:36:14Z,1785825374883282324,3196,6660,24988,4,17,22570,9113294,200,0,386,0,0,1485,4662
3185,2026-08-04T06:36:15Z,1785825375886310968,3197,6660,24988,4,17,22578,9114091,200,0,386,0,0,1485,4663
3186,2026-08-04T06:36:16Z,1785825376889430809,3198,6660,24988,4,17,22586,9114886,200,0,386,0,0,1485,4664
3187,2026-08-04T06:36:17Z,1785825377893749130,3199,6660,24988,4,17,22593,9115681,200,0,386,0,0,1485,4665
3188,2026-08-04T06:36:18Z,1785825378897880335,3200,6660,24988,4,17,22601,9116476,200,0,386,0,0,1485,4666
3189,2026-08-04T06:36:19Z,1785825379902745841,3201,6660,24988,4,17,22609,9117271,200,0,386,0,0,1485,4666
3190,2026-08-04T06:36:20Z,1785825380906475338,3202,6660,24988,4,17,22617,9118067,200,0,386,0,0,1485,4666
3191,2026-08-04T06:36:21Z,1785825381910184684,3203,6660,24988,4,17,22624,9118865,200,0,386,0,0,1485,4667
3192,2026-08-04T06:36:22Z,1785825382913875714,3204,6660,24988,4,17,22632,9119657,200,0,386,0,0,1485,4667
3193,2026-08-04T06:36:23Z,1785825383917036416,3205,6660,24988,4,17,22640,9120451,200,0,386,0,0,1485,4667
3194,2026-08-04T06:36:24Z,1785825384921113561,3206,6660,24988,4,17,22647,9121250,200,0,386,0,0,1485,4668
3195,2026-08-04T06:36:25Z,1785825385925124068,3207,6660,24988,4,17,22655,9122048,200,0,386,0,0,1485,4669
3196,2026-08-04T06:36:26Z,1785825386929193193,3208,6660,24988,4,17,22663,9122845,200,0,386,0,0,1485,4670
3197,2026-08-04T06:36:27Z,1785825387933198524,3209,6660,24988,4,17,22670,9123643,200,0,386,0,0,1485,4670
3198,2026-08-04T06:36:28Z,1785825388937008705,3210,6660,24988,4,17,22677,9124439,200,0,386,0,0,1485,4670
3199,2026-08-04T06:36:29Z,1785825389941535820,3211,6660,24988,4,17,22685,9125236,200,0,386,0,0,1485,4671
3200,2026-08-04T06:36:30Z,1785825390944699581,3212,6660,24988,4,17,22693,9126031,200,0,386,0,0,1485,4672
3201,2026-08-04T06:36:31Z,1785825391948843071,3213,6660,24988,4,17,22701,9126826,200,0,386,0,0,1485,4673
3202,2026-08-04T06:36:32Z,1785825392952881156,3214,6660,24988,4,17,22709,9127625,200,0,386,0,0,1485,4674
3203,2026-08-04T06:36:33Z,1785825393956418769,3215,6660,24988,4,17,22716,9128421,200,0,386,0,0,1485,4674
3204,2026-08-04T06:36:34Z,1785825394960608153,3216,6660,24988,4,17,22723,9129221,200,0,386,0,0,1485,4675
3205,2026-08-04T06:36:35Z,1785825395964765729,3217,6660,24988,4,17,22732,9130015,200,0,386,0,0,1485,4675
3206,2026-08-04T06:36:36Z,1785825396968950069,3218,6660,24988,4,17,22739,9130812,200,0,386,0,0,1485,4675
3207,2026-08-04T06:36:37Z,1785825397972963268,3219,6660,24988,4,17,22747,9131608,200,0,386,0,0,1485,4676
3208,2026-08-04T06:36:38Z,1785825398977075226,3220,6660,24988,4,17,22755,9132405,200,0,386,0,0,1485,4676
3209,2026-08-04T06:36:39Z,1785825399981311684,3221,6660,24988,4,17,22762,9133203,200,0,386,0,0,1485,4676
3210,2026-08-04T06:36:40Z,1785825400984413979,3222,6660,24988,4,17,22769,9133997,200,0,386,0,0,1485,4676
3211,2026-08-04T06:36:41Z,1785825401988700427,3223,6660,24988,4,17,22777,9134793,200,0,386,0,0,1485,4676
3212,2026-08-04T06:36:42Z,1785825402992872977,3224,6656,24988,4,16,22784,9135591,200,0,386,0,0,1485,4677
3213,2026-08-04T06:36:43Z,1785825403996372530,3225,6652,24988,4,15,22792,9136388,200,0,386,0,0,1485,4677
3214,2026-08-04T06:36:44Z,1785825405000890942,3227,6628,24988,4,14,22796,9137187,200,0,386,0,0,1485,4678
3215,2026-08-04T06:36:46Z,1785825406003360466,3228,6620,24988,4,12,22799,9137987,200,0,386,0,0,1485,4678
3216,2026-08-04T06:36:47Z,1785825407006747871,3229,6292,24988,4,10,22799,9138789,200,0,386,0,0,1485,4678
3217,2026-08-04T06:36:48Z,1785825408009803146,3230,6292,24988,4,10,22800,9139590,200,0,386,0,0,1485,4678
3218,2026-08-04T06:36:49Z,1785825409013510708,3231,6292,24988,4,10,22800,9140394,200,0,386,0,0,1485,4678
3219,2026-08-04T06:36:50Z,1785825410017607538,3232,6292,24988,4,10,22801,9141196,200,0,386,0,0,1485,4678
3220,2026-08-04T06:36:51Z,1785825411021356893,3233,6292,24988,4,10,22801,9142000,200,0,386,0,0,1485,4678
3221,2026-08-04T06:36:52Z,1785825412025275303,3234,6296,24988,4,11,22801,9142801,200,0,386,0,0,1485,4678
3222,2026-08-04T06:36:53Z,1785825413029578305,3235,6300,24988,4,12,22801,9143604,200,0,386,0,0,1485,4678
3223,2026-08-04T06:36:54Z,1785825414033297838,3236,6324,24988,4,13,22802,9144402,200,0,386,0,0,1485,4678
3224,2026-08-04T06:36:55Z,1785825415037485332,3237,6328,24988,4,14,22806,9145199,200,0,386,0,0,1485,4678
3225,2026-08-04T06:36:56Z,1785825416041889851,3238,6652,24988,4,15,22814,9145995,200,0,386,0,0,1485,4678
3226,2026-08-04T06:36:57Z,1785825417045081843,3239,6664,24988,4,18,22822,9146791,200,0,386,0,0,1485,4679
3227,2026-08-04T06:36:58Z,1785825418048834346,3240,6664,24988,4,18,22829,9147589,200,0,386,0,0,1485,4680
3228,2026-08-04T06:36:59Z,1785825419052936811,3241,6664,24988,4,18,22836,9148386,200,0,386,0,0,1485,4681
3229,2026-08-04T06:37:00Z,1785825420057550028,3242,6664,24988,4,18,22845,9149181,200,0,386,0,0,1485,4682
3230,2026-08-04T06:37:01Z,1785825421060399110,3243,6664,24988,4,18,22852,9149979,200,0,386,0,0,1485,4683
3231,2026-08-04T06:37:02Z,1785825422065595925,3244,6664,24988,4,18,22860,9150772,200,0,386,0,0,1485,4684
3232,2026-08-04T06:37:03Z,1785825423069043214,3245,6664,24988,4,18,22868,9151569,200,0,386,0,0,1485,4684
3233,2026-08-04T06:37:04Z,1785825424072591129,3246,6664,24988,4,18,22876,9152362,200,0,386,0,0,1485,4685
3234,2026-08-04T06:37:05Z,1785825425075603079,3247,6664,24988,4,18,22884,9153160,200,0,386,0,0,1485,4686
3235,2026-08-04T06:37:06Z,1785825426079673105,3248,6664,24988,4,18,22891,9153956,200,0,386,0,0,1485,4687
3236,2026-08-04T06:37:07Z,1785825427083641895,3249,6664,24988,4,18,22899,9154753,200,0,386,0,0,1485,4688
3237,2026-08-04T06:37:08Z,1785825428088107585,3250,6664,24988,4,18,22907,9155550,200,0,386,0,0,1485,4689
3238,2026-08-04T06:37:09Z,1785825429091204972,3251,6664,24988,4,18,22914,9156348,200,0,386,0,0,1485,4689
3239,2026-08-04T06:37:10Z,1785825430095187112,3252,6664,24988,4,18,22921,9157144,200,0,386,0,0,1485,4690
3240,2026-08-04T06:37:11Z,1785825431099105066,3253,6664,24988,4,18,22929,9157940,200,0,386,0,0,1485,4690
3241,2026-08-04T06:37:12Z,1785825432103371853,3254,6664,24988,4,18,22936,9158735,200,0,386,0,0,1485,4691
3242,2026-08-04T06:37:13Z,1785825433107771835,3255,6664,24988,4,18,22944,9159530,200,0,386,0,0,1485,4692
3243,2026-08-04T06:37:14Z,1785825434111031104,3256,6664,24988,4,18,22952,9160325,200,0,386,0,0,1485,4693
3244,2026-08-04T06:37:15Z,1785825435115416314,3257,6664,24988,4,18,22959,9161123,200,0,386,0,0,1485,4694
3245,2026-08-04T06:37:16Z,1785825436119067704,3258,6664,24988,4,18,22968,9161919,200,0,386,0,0,1485,4694
3246,2026-08-04T06:37:17Z,1785825437122366922,3259,6664,24988,4,18,22975,9162712,200,0,386,0,0,1485,4695
3247,2026-08-04T06:37:18Z,1785825438126551627,3260,6664,24988,4,18,22982,9163510,200,0,386,0,0,1485,4696
3248,2026-08-04T06:37:19Z,1785825439130829551,3261,6664,24988,4,18,22990,9164304,200,0,386,0,0,1485,4697
3249,2026-08-04T06:37:20Z,1785825440134705830,3262,6664,24988,4,18,22998,9165103,200,0,386,0,0,1485,4698
3250,2026-08-04T06:37:21Z,1785825441138855685,3263,6664,24988,4,18,23005,9165898,200,0,386,0,0,1485,4698
3251,2026-08-04T06:37:22Z,1785825442143278256,3264,6664,24988,4,18,23013,9166693,200,0,386,0,0,1485,4699
3252,2026-08-04T06:37:23Z,1785825443146158554,3265,6664,24988,4,18,23020,9167490,200,0,386,0,0,1485,4700
3253,2026-08-04T06:37:24Z,1785825444150076490,3266,6664,24988,4,18,23028,9168287,200,0,386,0,0,1485,4700
3254,2026-08-04T06:37:25Z,1785825445154362646,3267,6664,24988,4,18,23035,9169084,200,0,386,0,0,1485,4700
3255,2026-08-04T06:37:26Z,1785825446158219018,3268,6664,24988,4,18,23043,9169881,200,0,386,0,0,1485,4701
3256,2026-08-04T06:37:27Z,1785825447162107248,3269,6664,24988,4,18,23051,9170679,200,0,386,0,0,1485,4702
3257,2026-08-04T06:37:28Z,1785825448166463998,3270,6660,24988,4,17,23058,9171475,200,0,386,0,0,1485,4702
3258,2026-08-04T06:37:29Z,1785825449169766734,3271,6660,24988,4,17,23066,9172270,200,0,386,0,0,1485,4703
3259,2026-08-04T06:37:30Z,1785825450173310218,3272,6660,24988,4,17,23074,9173066,200,0,386,0,0,1485,4703
3260,2026-08-04T06:37:31Z,1785825451176756399,3273,6660,24988,4,17,23082,9173861,200,0,386,0,0,1485,4703
3261,2026-08-04T06:37:32Z,1785825452180924218,3274,6660,24988,4,17,23090,9174657,200,0,386,0,0,1485,4704
3262,2026-08-04T06:37:33Z,1785825453185380178,3275,6660,24988,4,17,23098,9175453,200,0,386,0,0,1485,4705
3263,2026-08-04T06:37:34Z,1785825454188511899,3276,6660,24988,4,17,23105,9176249,200,0,386,0,0,1485,4705
3264,2026-08-04T06:37:35Z,1785825455192777396,3277,6660,24988,4,17,23113,9177045,200,0,386,0,0,1485,4705
3265,2026-08-04T06:37:36Z,1785825456197547514,3278,6660,24988,4,17,23121,9177844,200,0,386,0,0,1485,4706
3266,2026-08-04T06:37:37Z,1785825457200941937,3279,6660,24988,4,17,23128,9178639,200,0,386,0,0,1485,4707
3267,2026-08-04T06:37:38Z,1785825458203983218,3280,6660,24988,4,17,23135,9179436,200,0,386,0,0,1485,4708
3268,2026-08-04T06:37:39Z,1785825459208269173,3281,6660,24988,4,17,23143,9180232,200,0,386,0,0,1485,4708
3269,2026-08-04T06:37:40Z,1785825460211433589,3282,6660,24988,4,17,23151,9181032,200,0,386,0,0,1485,4709
3270,2026-08-04T06:37:41Z,1785825461215956388,3283,6660,24988,4,17,23158,9181830,200,0,386,0,0,1485,4709
3271,2026-08-04T06:37:42Z,1785825462219087883,3284,6660,24988,4,17,23166,9182626,200,0,386,0,0,1485,4709
3272,2026-08-04T06:37:43Z,1785825463223229093,3285,6660,24988,4,17,23174,9183422,200,0,386,0,0,1485,4709
3273,2026-08-04T06:37:44Z,1785825464227223240,3286,6660,24988,4,17,23181,9184218,200,0,386,0,0,1485,4710
3274,2026-08-04T06:37:45Z,1785825465232270913,3287,6660,24988,4,17,23189,9185013,200,0,386,0,0,1485,4710
3275,2026-08-04T06:37:46Z,1785825466235647489,3288,6660,24988,4,17,23197,9185809,200,0,386,0,0,1485,4711
3276,2026-08-04T06:37:47Z,1785825467238768559,3289,6660,24988,4,17,23204,9186605,200,0,386,0,0,1485,4711
3277,2026-08-04T06:37:48Z,1785825468243077300,3290,6660,24988,4,17,23212,9187403,200,0,386,0,0,1485,4712
3278,2026-08-04T06:37:49Z,1785825469246073434,3291,6660,24988,4,17,23220,9188197,200,0,386,0,0,1485,4713
3279,2026-08-04T06:37:50Z,1785825470250260749,3292,6660,24988,4,17,23227,9188994,200,0,386,0,0,1485,4713
3280,2026-08-04T06:37:51Z,1785825471254486837,3293,6660,24988,4,17,23235,9189791,200,0,386,0,0,1485,4714
3281,2026-08-04T06:37:52Z,1785825472258221853,3294,6660,24988,4,17,23242,9190589,200,0,386,0,0,1485,4714
3282,2026-08-04T06:37:53Z,1785825473262079339,3295,6660,24988,4,17,23249,9191384,200,0,386,0,0,1485,4715
3283,2026-08-04T06:37:54Z,1785825474266315351,3296,6660,24988,4,17,23257,9192182,200,0,386,0,0,1485,4716
3284,2026-08-04T06:37:55Z,1785825475270132429,3297,6660,24988,4,17,23265,9192977,200,0,386,0,0,1485,4716
3285,2026-08-04T06:37:56Z,1785825476274192455,3298,6660,24988,4,17,23272,9193773,200,0,386,0,0,1485,4717
3286,2026-08-04T06:37:57Z,1785825477278397651,3299,6660,24988,4,17,23280,9194569,200,0,386,0,0,1485,4718
3287,2026-08-04T06:37:58Z,1785825478282431148,3300,6660,24988,4,17,23288,9195364,200,0,386,0,0,1485,4719
3288,2026-08-04T06:37:59Z,1785825479286620511,3301,6660,24988,4,17,23294,9196160,200,0,386,0,0,1485,4720
3289,2026-08-04T06:38:00Z,1785825480291148865,3302,6660,24988,4,17,23303,9196955,200,0,386,0,0,1485,4721
3290,2026-08-04T06:38:01Z,1785825481294353705,3303,6660,24988,4,17,23311,9197748,200,0,386,0,0,1485,4722
3291,2026-08-04T06:38:02Z,1785825482299136665,3304,6660,24988,4,17,23318,9198540,200,0,386,0,0,1485,4723
3292,2026-08-04T06:38:03Z,1785825483302773626,3305,6660,24988,4,17,23326,9199335,200,0,386,0,0,1485,4723
3293,2026-08-04T06:38:04Z,1785825484306283508,3306,6660,24988,4,17,23334,9200131,200,0,386,0,0,1485,4724
3294,2026-08-04T06:38:05Z,1785825485310311514,3307,6660,24988,4,17,23342,9200928,200,0,386,0,0,1485,4724
3295,2026-08-04T06:38:06Z,1785825486313643813,3308,6660,24988,4,17,23350,9201721,200,0,386,0,0,1485,4724
3296,2026-08-04T06:38:07Z,1785825487317894239,3309,6660,24988,4,17,23358,9202515,200,0,386,0,0,1485,4725
3297,2026-08-04T06:38:08Z,1785825488321195020,3310,6660,24988,4,17,23365,9203311,200,0,386,0,0,1485,4725
3298,2026-08-04T06:38:09Z,1785825489325570675,3311,6660,24988,4,17,23373,9204107,200,0,386,0,0,1485,4725
3299,2026-08-04T06:38:10Z,1785825490330019521,3312,6660,24988,4,17,23381,9204904,200,0,386,0,0,1485,4726
3300,2026-08-04T06:38:11Z,1785825491333174584,3313,6660,24988,4,17,23388,9205699,200,0,386,0,0,1485,4727
3301,2026-08-04T06:38:12Z,1785825492337293509,3314,6660,24988,4,17,23395,9206494,200,0,386,0,0,1485,4728
3302,2026-08-04T06:38:13Z,1785825493341440525,3315,6660,24988,4,17,23402,9207287,200,0,386,0,0,1485,4729
3303,2026-08-04T06:38:14Z,1785825494345476383,3316,6660,24988,4,17,23410,9208084,200,0,386,0,0,1485,4730
3304,2026-08-04T06:38:15Z,1785825495350244504,3317,6660,24988,4,17,23418,9208881,200,0,386,0,0,1485,4730
3305,2026-08-04T06:38:16Z,1785825496353610416,3318,6660,24988,4,17,23427,9209673,200,0,386,0,0,1485,4731
3306,2026-08-04T06:38:17Z,1785825497356438828,3319,6660,24988,4,17,23434,9210470,200,0,386,0,0,1485,4731
3307,2026-08-04T06:38:18Z,1785825498359897744,3320,6660,24988,4,17,23441,9211263,200,0,386,0,0,1485,4732
3308,2026-08-04T06:38:19Z,1785825499363686537,3321,6660,24988,4,17,23449,9212060,200,0,386,0,0,1485,4732
3309,2026-08-04T06:38:20Z,1785825500367854232,3322,6660,24988,4,17,23456,9212854,200,0,386,0,0,1485,4732
3310,2026-08-04T06:38:21Z,1785825501371541058,3323,6660,24988,4,17,23464,9213650,200,0,386,0,0,1485,4732
3311,2026-08-04T06:38:22Z,1785825502375415598,3324,6660,24988,4,17,23472,9214445,200,0,386,0,0,1485,4733
3312,2026-08-04T06:38:23Z,1785825503379261196,3325,6660,24988,4,17,23480,9215241,200,0,386,0,0,1485,4734
3313,2026-08-04T06:38:24Z,1785825504383758025,3326,6660,24988,4,17,23487,9216037,200,0,386,0,0,1485,4734
3314,2026-08-04T06:38:25Z,1785825505386774862,3327,6660,24988,4,17,23494,9216833,200,0,386,0,0,1485,4734
3315,2026-08-04T06:38:26Z,1785825506391376150,3328,6660,24988,4,17,23502,9217630,200,0,386,0,0,1485,4734
3316,2026-08-04T06:38:27Z,1785825507394512899,3329,6660,24988,4,17,23510,9218423,200,0,386,0,0,1485,4734
3317,2026-08-04T06:38:28Z,1785825508398558837,3330,6660,24988,4,17,23517,9219219,200,0,386,0,0,1485,4735
3318,2026-08-04T06:38:29Z,1785825509402561213,3331,6660,24988,4,17,23524,9220017,200,0,386,0,0,1485,4735
3319,2026-08-04T06:38:30Z,1785825510406727123,3332,6660,24988,4,17,23533,9220814,200,0,386,0,0,1485,4735
3320,2026-08-04T06:38:31Z,1785825511411414273,3333,6660,24988,4,17,23540,9221608,200,0,386,0,0,1485,4735
3321,2026-08-04T06:38:32Z,1785825512414648366,3334,6660,24988,4,17,23548,9222404,200,0,386,0,0,1485,4735
3322,2026-08-04T06:38:33Z,1785825513418600160,3335,6660,24988,4,17,23555,9223202,200,0,386,0,0,1485,4735
3323,2026-08-04T06:38:34Z,1785825514422467875,3336,6660,24988,4,17,23564,9223996,200,0,386,0,0,1485,4736
3324,2026-08-04T06:38:35Z,1785825515426975664,3337,6660,24988,4,17,23570,9224790,200,0,386,0,0,1485,4737
3325,2026-08-04T06:38:36Z,1785825516430881026,3338,6660,24988,4,17,23578,9225585,200,0,386,0,0,1485,4738
3326,2026-08-04T06:38:37Z,1785825517433850935,3339,6660,24988,4,17,23586,9226378,200,0,386,0,0,1485,4738
3327,2026-08-04T06:38:38Z,1785825518438305486,3340,6660,24988,4,17,23594,9227173,200,0,386,0,0,1485,4738
3328,2026-08-04T06:38:39Z,1785825519441843317,3341,6660,24988,4,17,23602,9227967,200,0,386,0,0,1485,4738
3329,2026-08-04T06:38:40Z,1785825520445266844,3342,6660,24988,4,17,23610,9228760,200,0,386,0,0,1485,4739
3330,2026-08-04T06:38:41Z,1785825521448344070,3343,6660,24988,4,17,23617,9229554,200,0,386,0,0,1485,4740
3331,2026-08-04T06:38:42Z,1785825522452407398,3344,6660,24988,4,17,23624,9230347,200,0,386,0,0,1485,4741
3332,2026-08-04T06:38:43Z,1785825523456531248,3345,6660,24988,4,17,23632,9231143,200,0,386,0,0,1485,4741
3333,2026-08-04T06:38:44Z,1785825524460346480,3346,6660,24988,4,17,23640,9231939,200,0,386,0,0,1485,4741
3334,2026-08-04T06:38:45Z,1785825525464846972,3347,6660,24988,4,17,23648,9232734,200,0,386,0,0,1485,4742
3335,2026-08-04T06:38:46Z,1785825526467903987,3348,6660,24988,4,17,23655,9233531,200,0,386,0,0,1485,4742
3336,2026-08-04T06:38:47Z,1785825527471786793,3349,6660,24988,4,17,23663,9234326,200,0,386,0,0,1485,4743
3337,2026-08-04T06:38:48Z,1785825528475874380,3350,6660,24988,4,17,23670,9235124,200,0,386,0,0,1485,4744
3338,2026-08-04T06:38:49Z,1785825529480265504,3351,6660,24988,4,17,23677,9235920,200,0,386,0,0,1485,4745
3339,2026-08-04T06:38:50Z,1785825530483567384,3352,6660,24988,4,17,23685,9236715,200,0,386,0,0,1485,4745
3340,2026-08-04T06:38:51Z,1785825531487644170,3353,6660,24988,4,17,23693,9237509,200,0,386,0,0,1485,4746
3341,2026-08-04T06:38:52Z,1785825532491869754,3354,6656,24988,4,16,23700,9238302,200,0,386,0,0,1485,4747
3342,2026-08-04T06:38:53Z,1785825533495486736,3355,6652,24988,4,15,23707,9239102,200,0,386,0,0,1485,4748
3343,2026-08-04T06:38:54Z,1785825534498857853,3356,6628,24988,4,14,23712,9239901,200,0,386,0,0,1485,4748
3344,2026-08-04T06:38:55Z,1785825535501941460,3357,6620,24988,4,12,23714,9240701,200,0,386,0,0,1485,4748
3345,2026-08-04T06:38:56Z,1785825536505684524,3358,6292,24988,4,10,23715,9241504,200,0,386,0,0,1485,4748
3346,2026-08-04T06:38:57Z,1785825537509402865,3359,6292,24988,4,10,23715,9242307,200,0,386,0,0,1485,4748
3347,2026-08-04T06:38:58Z,1785825538513217511,3360,6292,24988,4,10,23715,9243109,200,0,386,0,0,1485,4748
3348,2026-08-04T06:38:59Z,1785825539517672020,3361,6292,24988,4,10,23715,9243913,200,0,386,0,0,1485,4748
3349,2026-08-04T06:39:00Z,1785825540521169153,3362,6292,24988,4,10,23715,9244715,200,0,386,0,0,1485,4748
3350,2026-08-04T06:39:01Z,1785825541524258815,3363,6296,24988,4,11,23715,9245518,200,0,386,0,0,1485,4748
3351,2026-08-04T06:39:02Z,1785825542528518890,3364,6300,24988,4,12,23715,9246319,200,0,386,0,0,1485,4748
3352,2026-08-04T06:39:03Z,1785825543532246757,3365,6324,24988,4,13,23718,9247117,200,0,386,0,0,1485,4748
3353,2026-08-04T06:39:04Z,1785825544536093208,3366,6328,24988,4,14,23721,9247918,200,0,386,0,0,1485,4748
3354,2026-08-04T06:39:05Z,1785825545540125941,3367,6652,24988,4,15,23729,9248714,200,0,386,0,0,1485,4748
3355,2026-08-04T06:39:06Z,1785825546544209695,3368,6664,24988,4,18,23737,9249510,200,0,386,0,0,1485,4749
3356,2026-08-04T06:39:07Z,1785825547547992239,3369,6664,24988,4,18,23744,9250307,200,0,386,0,0,1485,4750
3357,2026-08-04T06:39:08Z,1785825548552306369,3370,6664,24988,4,18,23752,9251104,200,0,386,0,0,1485,4751
3358,2026-08-04T06:39:09Z,1785825549555117323,3371,6664,24988,4,18,23760,9251901,200,0,386,0,0,1485,4752
3359,2026-08-04T06:39:10Z,1785825550558768821,3372,6664,24988,4,18,23767,9252696,200,0,386,0,0,1485,4753
3360,2026-08-04T06:39:11Z,1785825551562432378,3373,6664,24988,4,18,23775,9253493,200,0,386,0,0,1485,4754
3361,2026-08-04T06:39:12Z,1785825552566565883,3374,6664,24988,4,18,23782,9254290,200,0,386,0,0,1485,4755
3362,2026-08-04T06:39:13Z,1785825553570362655,3375,6664,24988,4,18,23790,9255085,200,0,386,0,0,1485,4755
3363,2026-08-04T06:39:14Z,1785825554574606332,3376,6664,24988,4,18,23797,9255883,200,0,386,0,0,1485,4756
3364,2026-08-04T06:39:15Z,1785825555578583776,3377,6664,24988,4,18,23806,9256680,200,0,386,0,0,1485,4757
3365,2026-08-04T06:39:16Z,1785825556581630989,3378,6664,24988,4,18,23813,9257474,200,0,386,0,0,1485,4758
3366,2026-08-04T06:39:17Z,1785825557585629827,3379,6664,24988,4,18,23821,9258272,200,0,386,0,0,1485,4759
3367,2026-08-04T06:39:18Z,1785825558589846595,3380,6664,24988,4,18,23829,9259069,200,0,386,0,0,1485,4759
3368,2026-08-04T06:39:19Z,1785825559594214211,3381,6664,24988,4,18,23836,9259865,200,0,386,0,0,1485,4759
3369,2026-08-04T06:39:20Z,1785825560597465276,3382,6664,24988,4,18,23845,9260660,200,0,386,0,0,1485,4759
3370,2026-08-04T06:39:21Z,1785825561600639693,3383,6664,24988,4,18,23851,9261457,200,0,386,0,0,1485,4759
3371,2026-08-04T06:39:22Z,1785825562603963688,3384,6664,24988,4,18,23859,9262255,200,0,386,0,0,1485,4760
3372,2026-08-04T06:39:23Z,1785825563608076937,3385,6664,24988,4,18,23866,9263049,200,0,386,0,0,1485,4760
3373,2026-08-04T06:39:24Z,1785825564612184527,3386,6664,24988,4,18,23875,9263845,200,0,386,0,0,1485,4761
3374,2026-08-04T06:39:25Z,1785825565616173015,3387,6664,24988,4,18,23882,9264639,200,0,386,0,0,1485,4761
3375,2026-08-04T06:39:26Z,1785825566620294603,3388,6664,24988,4,18,23890,9265435,200,0,386,0,0,1485,4762
3376,2026-08-04T06:39:27Z,1785825567624356588,3389,6664,24988,4,18,23897,9266232,200,0,386,0,0,1485,4763
3377,2026-08-04T06:39:28Z,1785825568628528138,3390,6664,24988,4,18,23904,9267028,200,0,386,0,0,1485,4763
3378,2026-08-04T06:39:29Z,1785825569632774194,3391,6664,24988,4,18,23912,9267827,200,0,386,0,0,1485,4764
3379,2026-08-04T06:39:30Z,1785825570637324869,3392,6664,24988,4,18,23919,9268624,200,0,386,0,0,1485,4765
3380,2026-08-04T06:39:31Z,1785825571640989365,3393,6664,24988,4,18,23927,9269420,200,0,386,0,0,1485,4766
3381,2026-08-04T06:39:32Z,1785825572644567658,3394,6664,24988,4,18,23935,9270214,200,0,386,0,0,1485,4767
3382,2026-08-04T06:39:33Z,1785825573647835027,3395,6664,24988,4,18,23943,9271010,200,0,386,0,0,1485,4768
3383,2026-08-04T06:39:34Z,1785825574652197886,3396,6664,24988,4,18,23951,9271807,200,0,386,0,0,1485,4769
3384,2026-08-04T06:39:35Z,1785825575655212171,3397,6664,24988,4,18,23959,9272604,200,0,386,0,0,1485,4769
3385,2026-08-04T06:39:36Z,1785825576660019627,3398,6660,24988,4,17,23965,9273399,200,0,386,0,0,1485,4769
3386,2026-08-04T06:39:37Z,1785825577663224813,3399,6660,24988,4,17,23974,9274195,200,0,386,0,0,1485,4769
3387,2026-08-04T06:39:38Z,1785825578667277199,3400,6660,24988,4,17,23981,9274992,200,0,386,0,0,1485,4770
3388,2026-08-04T06:39:39Z,1785825579671519948,3401,6660,24988,4,17,23989,9275785,200,0,386,0,0,1485,4771
3389,2026-08-04T06:39:40Z,1785825580675473403,3402,6660,24988,4,17,23996,9276582,200,0,386,0,0,1485,4772
3390,2026-08-04T06:39:41Z,1785825581680147558,3403,6660,24988,4,17,24004,9277379,200,0,386,0,0,1485,4773
3391,2026-08-04T06:39:42Z,1785825582683309306,3404,6660,24988,4,17,24011,9278175,200,0,386,0,0,1485,4773
3392,2026-08-04T06:39:43Z,1785825583687241366,3405,6660,24988,4,17,24019,9278971,200,0,386,0,0,1485,4774
3393,2026-08-04T06:39:44Z,1785825584692112004,3406,6660,24988,4,17,24026,9279768,200,0,386,0,0,1485,4775
3394,2026-08-04T06:39:45Z,1785825585695401000,3407,6660,24988,4,17,24034,9280561,200,0,386,0,0,1485,4775
3395,2026-08-04T06:39:46Z,1785825586699640397,3408,6660,24988,4,17,24041,9281356,200,0,386,0,0,1485,4775
3396,2026-08-04T06:39:47Z,1785825587704133674,3409,6660,24988,4,17,24049,9282153,200,0,386,0,0,1485,4775
3397,2026-08-04T06:39:48Z,1785825588707384209,3410,6660,24988,4,17,24057,9282947,200,0,386,0,0,1485,4775
3398,2026-08-04T06:39:49Z,1785825589711631555,3411,6660,24988,4,17,24065,9283746,200,0,386,0,0,1485,4776
3399,2026-08-04T06:39:50Z,1785825590715249920,3412,6660,24988,4,17,24073,9284540,200,0,386,0,0,1485,4776
3400,2026-08-04T06:39:51Z,1785825591719335199,3413,6660,24988,4,17,24080,9285336,200,0,386,0,0,1485,4777
3401,2026-08-04T06:39:52Z,1785825592724040767,3414,6660,24988,4,17,24087,9286133,200,0,386,0,0,1485,4778
3402,2026-08-04T06:39:53Z,1785825593727082571,3415,6660,24988,4,17,24096,9286930,200,0,386,0,0,1485,4779
3403,2026-08-04T06:39:54Z,1785825594731926748,3416,6660,24988,4,17,24103,9287726,200,0,386,0,0,1485,4779
3404,2026-08-04T06:39:55Z,1785825595735116250,3417,6660,24988,4,17,24111,9288520,200,0,386,0,0,1485,4780
3405,2026-08-04T06:39:56Z,1785825596739117365,3418,6660,24988,4,17,24118,9289317,200,0,386,0,0,1485,4781
3406,2026-08-04T06:39:57Z,1785825597743266211,3419,6660,24988,4,17,24126,9290114,200,0,386,0,0,1485,4782
3407,2026-08-04T06:39:58Z,1785825598747155511,3420,6660,24988,4,17,24133,9290912,200,0,386,0,0,1485,4783
3408,2026-08-04T06:39:59Z,1785825599752366412,3421,6660,24988,4,17,24140,9291706,200,0,386,0,0,1485,4784
3409,2026-08-04T06:40:00Z,1785825600755085907,3422,6660,24988,4,17,24148,9292501,200,0,386,0,0,1485,4784
3410,2026-08-04T06:40:01Z,1785825601759014063,3423,6660,24988,4,17,24157,9293296,200,0,386,0,0,1485,4785
3411,2026-08-04T06:40:02Z,1785825602762746217,3424,6660,24988,4,17,24164,9294089,200,0,386,0,0,1485,4785
3412,2026-08-04T06:40:03Z,1785825603766066321,3425,6660,24988,4,17,24173,9294888,200,0,386,0,0,1485,4786
3413,2026-08-04T06:40:04Z,1785825604770116887,3426,6660,24988,4,17,24181,9295684,200,0,386,0,0,1485,4787
3414,2026-08-04T06:40:05Z,1785825605773366620,3427,6660,24988,4,17,24188,9296483,200,0,386,0,0,1485,4787
3415,2026-08-04T06:40:06Z,1785825606777717577,3428,6660,24988,4,17,24196,9297277,200,0,386,0,0,1485,4788
3416,2026-08-04T06:40:07Z,1785825607780865650,3429,6660,24988,4,17,24204,9298073,200,0,386,0,0,1485,4788
3417,2026-08-04T06:40:08Z,1785825608784696302,3430,6660,24988,4,17,24212,9298868,200,0,386,0,0,1485,4789
3418,2026-08-04T06:40:09Z,1785825609789179627,3431,6660,24988,4,17,24219,9299662,200,0,386,0,0,1485,4790
3419,2026-08-04T06:40:10Z,1785825610792235372,3432,6660,24988,4,17,24227,9300460,200,0,386,0,0,1485,4791
3420,2026-08-04T06:40:11Z,1785825611796686821,3433,6660,24988,4,17,24235,9301256,200,0,386,0,0,1485,4792
3421,2026-08-04T06:40:12Z,1785825612800263715,3434,6660,24988,4,17,24243,9302052,200,0,386,0,0,1485,4792
3422,2026-08-04T06:40:13Z,1785825613803128644,3435,6660,24988,4,17,24250,9302848,200,0,386,0,0,1485,4792
3423,2026-08-04T06:40:14Z,1785825614807991900,3436,6660,24988,4,17,24257,9303642,200,0,386,0,0,1485,4792
3424,2026-08-04T06:40:15Z,1785825615811169787,3437,6660,24988,4,17,24265,9304437,200,0,386,0,0,1485,4792
3425,2026-08-04T06:40:16Z,1785825616815436338,3438,6664,24988,4,18,24272,9305233,200,0,386,0,0,1485,4793
3426,2026-08-04T06:40:17Z,1785825617819303947,3439,6664,24988,4,18,24280,9306030,200,0,386,0,0,1485,4794
3427,2026-08-04T06:40:18Z,1785825618823610948,3440,6664,24988,4,18,24289,9306822,200,0,386,0,0,1485,4794
3428,2026-08-04T06:40:19Z,1785825619828054373,3441,6664,24988,4,18,24297,9307619,200,0,386,0,0,1485,4795
3429,2026-08-04T06:40:20Z,1785825620831082351,3442,6664,24988,4,18,24304,9308413,200,0,386,0,0,1485,4796
3430,2026-08-04T06:40:21Z,1785825621835177564,3443,6664,24988,4,18,24312,9309212,200,0,386,0,0,1485,4796
3431,2026-08-04T06:40:22Z,1785825622839871032,3444,6664,24988,4,18,24320,9310008,200,0,386,0,0,1485,4797
3432,2026-08-04T06:40:23Z,1785825623843323952,3445,6664,24988,4,18,24328,9310806,200,0,386,0,0,1485,4798
3433,2026-08-04T06:40:24Z,1785825624846648027,3446,6664,24988,4,18,24336,9311602,200,0,386,0,0,1485,4798
3434,2026-08-04T06:40:25Z,1785825625849354342,3447,6664,24988,4,18,24343,9312397,200,0,386,0,0,1485,4798
3435,2026-08-04T06:40:26Z,1785825626852885307,3448,6664,24988,4,18,24350,9313194,200,0,386,0,0,1485,4798
3436,2026-08-04T06:40:27Z,1785825627857284139,3449,6664,24988,4,18,24358,9313988,200,0,386,0,0,1485,4799
3437,2026-08-04T06:40:28Z,1785825628861308206,3450,6664,24988,4,18,24366,9314783,200,0,386,0,0,1485,4799
3438,2026-08-04T06:40:29Z,1785825629866051723,3451,6664,24988,4,18,24374,9315579,200,0,386,0,0,1485,4799
3439,2026-08-04T06:40:30Z,1785825630869529282,3452,6664,24988,4,18,24381,9316374,200,0,386,0,0,1485,4799
3440,2026-08-04T06:40:31Z,1785825631872898527,3453,6664,24988,4,18,24389,9317168,200,0,386,0,0,1485,4800
3441,2026-08-04T06:40:32Z,1785825632876224262,3454,6664,24988,4,18,24397,9317965,200,0,386,0,0,1485,4801
3442,2026-08-04T06:40:33Z,1785825633879745519,3455,6664,24988,4,18,24404,9318758,200,0,386,0,0,1485,4802
3443,2026-08-04T06:40:34Z,1785825634883116654,3456,6664,24988,4,18,24413,9319556,200,0,386,0,0,1485,4803
3444,2026-08-04T06:40:35Z,1785825635886237832,3457,6664,24988,4,18,24420,9320350,200,0,386,0,0,1485,4803
3445,2026-08-04T06:40:36Z,1785825636891258513,3458,6664,24988,4,18,24428,9321144,200,0,386,0,0,1485,4803
3446,2026-08-04T06:40:37Z,1785825637894412737,3459,6664,24988,4,18,24436,9321936,200,0,386,0,0,1485,4804
3447,2026-08-04T06:40:38Z,1785825638898691979,3460,6664,24988,4,18,24443,9322733,200,0,386,0,0,1485,4804
3448,2026-08-04T06:40:39Z,1785825639902689821,3461,6664,24988,4,18,24451,9323530,200,0,386,0,0,1485,4805
3449,2026-08-04T06:40:40Z,1785825640907158766,3462,6664,24988,4,18,24458,9324325,200,0,386,0,0,1485,4806
3450,2026-08-04T06:40:41Z,1785825641910575001,3463,6664,24988,4,18,24467,9325121,200,0,386,0,0,1485,4807
3451,2026-08-04T06:40:42Z,1785825642913941411,3464,6664,24988,4,18,24474,9325914,200,0,386,0,0,1485,4807
3452,2026-08-04T06:40:43Z,1785825643917247806,3465,6664,24988,4,18,24482,9326709,200,0,386,0,0,1485,4808
3453,2026-08-04T06:40:44Z,1785825644922135148,3466,6664,24988,4,18,24489,9327506,200,0,386,0,0,1485,4809
3454,2026-08-04T06:40:45Z,1785825645924847271,3467,6664,24988,4,18,24497,9328300,200,0,386,0,0,1485,4810
3455,2026-08-04T06:40:46Z,1785825646929229065,3468,6664,24988,4,18,24505,9329092,200,0,386,0,0,1485,4811
3456,2026-08-04T06:40:47Z,1785825647932520999,3469,6660,24988,4,17,24513,9329889,200,0,386,0,0,1485,4811
3457,2026-08-04T06:40:48Z,1785825648935541863,3470,6660,24988,4,17,24520,9330684,200,0,386,0,0,1485,4811
3458,2026-08-04T06:40:49Z,1785825649939143927,3471,6660,24988,4,17,24528,9331481,200,0,386,0,0,1485,4812
3459,2026-08-04T06:40:50Z,1785825650943218628,3472,6660,24988,4,17,24535,9332277,200,0,386,0,0,1485,4812
3460,2026-08-04T06:40:51Z,1785825651947261125,3473,6660,24988,4,17,24543,9333072,200,0,386,0,0,1485,4812
3461,2026-08-04T06:40:52Z,1785825652951053523,3474,6660,24988,4,17,24551,9333867,200,0,386,0,0,1485,4813
3462,2026-08-04T06:40:53Z,1785825653955121862,3475,6660,24988,4,17,24558,9334665,200,0,386,0,0,1485,4814
3463,2026-08-04T06:40:54Z,1785825654959186545,3476,6660,24988,4,17,24565,9335463,200,0,386,0,0,1485,4815
3464,2026-08-04T06:40:55Z,1785825655963423160,3477,6660,24988,4,17,24573,9336261,200,0,386,0,0,1485,4816
3465,2026-08-04T06:40:56Z,1785825656967302950,3478,6660,24988,4,17,24581,9337058,200,0,386,0,0,1485,4817
3466,2026-08-04T06:40:57Z,1785825657971545172,3479,6660,24988,4,17,24589,9337856,200,0,386,0,0,1485,4818
3467,2026-08-04T06:40:58Z,1785825658975767190,3480,6660,24988,4,17,24596,9338650,200,0,386,0,0,1485,4819
3468,2026-08-04T06:40:59Z,1785825659980190424,3481,6660,24988,4,17,24605,9339446,200,0,386,0,0,1485,4819
3469,2026-08-04T06:41:00Z,1785825660983763957,3482,6660,24988,4,17,24612,9340242,200,0,386,0,0,1485,4820
3470,2026-08-04T06:41:01Z,1785825661987393156,3483,6656,24988,4,16,24620,9341037,200,0,386,0,0,1485,4821
3471,2026-08-04T06:41:02Z,1785825662990675146,3484,6652,24988,4,15,24627,9341833,200,0,386,0,0,1485,4822
3472,2026-08-04T06:41:03Z,1785825663994580875,3485,6628,24988,4,14,24631,9342632,200,0,386,0,0,1485,4823
3473,2026-08-04T06:41:04Z,1785825664997798620,3486,6620,24988,4,12,24633,9343433,200,0,386,0,0,1485,4823
3474,2026-08-04T06:41:06Z,1785825666001724009,3488,6292,24988,4,10,24633,9344235,200,0,386,0,0,1485,4823
3475,2026-08-04T06:41:07Z,1785825667005765242,3489,6292,24988,4,10,24633,9345037,200,0,386,0,0,1485,4823
3476,2026-08-04T06:41:08Z,1785825668009712144,3490,6292,24988,4,10,24633,9345841,200,0,386,0,0,1485,4823
3477,2026-08-04T06:41:09Z,1785825669013661136,3491,6292,24988,4,10,24633,9346644,200,0,386,0,0,1485,4823
3478,2026-08-04T06:41:10Z,1785825670017318621,3492,6292,24988,4,10,24633,9347446,200,0,386,0,0,1485,4823
3479,2026-08-04T06:41:11Z,1785825671021043426,3493,6296,24988,4,11,24633,9348248,200,0,386,0,0,1485,4823
3480,2026-08-04T06:41:12Z,1785825672025608959,3494,6300,24988,4,12,24634,9349050,200,0,386,0,0,1485,4823
3481,2026-08-04T06:41:13Z,1785825673029282597,3495,6324,24988,4,13,24637,9349847,200,0,386,0,0,1485,4823
3482,2026-08-04T06:41:14Z,1785825674032986104,3496,6328,24988,4,14,24642,9350643,200,0,386,0,0,1485,4823
3483,2026-08-04T06:41:15Z,1785825675037522539,3497,6652,24988,4,15,24649,9351436,200,0,386,0,0,1485,4823
3484,2026-08-04T06:41:16Z,1785825676040779541,3498,6664,24988,4,18,24657,9352234,200,0,386,0,0,1485,4824
3485,2026-08-04T06:41:17Z,1785825677044869501,3499,6664,24988,4,18,24665,9353029,200,0,386,0,0,1485,4825
3486,2026-08-04T06:41:18Z,1785825678048941348,3500,6664,24988,4,18,24672,9353821,200,0,386,0,0,1485,4826
3487,2026-08-04T06:41:19Z,1785825679053018016,3501,6664,24988,4,18,24679,9354615,200,0,386,0,0,1485,4826
3488,2026-08-04T06:41:20Z,1785825680056773346,3502,6664,24988,4,18,24687,9355410,200,0,386,0,0,1485,4827
3489,2026-08-04T06:41:21Z,1785825681061111760,3503,6664,24988,4,18,24694,9356206,200,0,386,0,0,1485,4828
3490,2026-08-04T06:41:22Z,1785825682065385103,3504,6664,24988,4,18,24702,9357001,200,0,386,0,0,1485,4829
3491,2026-08-04T06:41:23Z,1785825683068863785,3505,6664,24988,4,18,24710,9357795,200,0,386,0,0,1485,4830
3492,2026-08-04T06:41:24Z,1785825684072902007,3506,6664,24988,4,18,24717,9358590,200,0,386,0,0,1485,4831
3493,2026-08-04T06:41:25Z,1785825685077069207,3507,6664,24988,4,18,24725,9359387,200,0,386,0,0,1485,4832
3494,2026-08-04T06:41:26Z,1785825686080968153,3508,6664,24988,4,18,24732,9360180,200,0,386,0,0,1485,4833
3495,2026-08-04T06:41:27Z,1785825687085092364,3509,6664,24988,4,18,24739,9360975,200,0,386,0,0,1485,4834
3496,2026-08-04T06:41:28Z,1785825688089000728,3510,6664,24988,4,18,24747,9361772,200,0,386,0,0,1485,4835
3497,2026-08-04T06:41:29Z,1785825689093105629,3511,6664,24988,4,18,24754,9362568,200,0,386,0,0,1485,4836
3498,2026-08-04T06:41:30Z,1785825690098161676,3512,6664,24988,4,18,24763,9363364,200,0,386,0,0,1485,4836
3499,2026-08-04T06:41:31Z,1785825691101988436,3513,6664,24988,4,18,24770,9364158,200,0,386,0,0,1485,4836
3500,2026-08-04T06:41:32Z,1785825692106120897,3514,6664,24988,4,18,24778,9364951,200,0,386,0,0,1485,4837
3501,2026-08-04T06:41:33Z,1785825693109843162,3515,6664,24988,4,18,24786,9365748,200,0,386,0,0,1485,4838
3502,2026-08-04T06:41:34Z,1785825694113122844,3516,6664,24988,4,18,24794,9366541,200,0,386,0,0,1485,4839
3503,2026-08-04T06:41:35Z,1785825695116988055,3517,6664,24988,4,18,24801,9367335,200,0,386,0,0,1485,4840
3504,2026-08-04T06:41:36Z,1785825696121149744,3518,6664,24988,4,18,24809,9368133,200,0,386,0,0,1485,4840
3505,2026-08-04T06:41:37Z,1785825697124910894,3519,6664,24988,4,18,24816,9368925,200,0,386,0,0,1485,4841
3506,2026-08-04T06:41:38Z,1785825698128592472,3520,6664,24988,4,18,24824,9369721,200,0,386,0,0,1485,4842
3507,2026-08-04T06:41:39Z,1785825699132711359,3521,6664,24988,4,18,24831,9370517,200,0,386,0,0,1485,4842
3508,2026-08-04T06:41:40Z,1785825700137009686,3522,6664,24988,4,18,24839,9371313,200,0,386,0,0,1485,4843
3509,2026-08-04T06:41:41Z,1785825701140245319,3523,6664,24988,4,18,24847,9372107,200,0,386,0,0,1485,4844
3510,2026-08-04T06:41:42Z,1785825702144733654,3524,6664,24988,4,18,24855,9372903,200,0,386,0,0,1485,4845
3511,2026-08-04T06:41:43Z,1785825703147591816,3525,6664,24988,4,18,24863,9373697,200,0,386,0,0,1485,4845
3512,2026-08-04T06:41:44Z,1785825704151365451,3526,6664,24988,4,18,24870,9374491,200,0,386,0,0,1485,4845
3513,2026-08-04T06:41:45Z,1785825705155333237,3527,6664,24988,4,18,24878,9375284,200,0,386,0,0,1485,4845
3514,2026-08-04T06:41:46Z,1785825706159407667,3528,6660,24988,4,17,24886,9376079,200,0,386,0,0,1485,4845
3515,2026-08-04T06:41:47Z,1785825707163957763,3529,6660,24988,4,17,24893,9376875,200,0,386,0,0,1485,4846
3516,2026-08-04T06:41:48Z,1785825708167225047,3530,6660,24988,4,17,24901,9377669,200,0,386,0,0,1485,4846
3517,2026-08-04T06:41:49Z,1785825709171414234,3531,6660,24988,4,17,24908,9378467,200,0,386,0,0,1485,4847
3518,2026-08-04T06:41:50Z,1785825710175362842,3532,6660,24988,4,17,24916,9379264,200,0,386,0,0,1485,4847
3519,2026-08-04T06:41:51Z,1785825711179723563,3533,6660,24988,4,17,24924,9380057,200,0,386,0,0,1485,4848
3520,2026-08-04T06:41:52Z,1785825712183021930,3534,6660,24988,4,17,24931,9380853,200,0,386,0,0,1485,4849
3521,2026-08-04T06:41:53Z,1785825713186953929,3535,6660,24988,4,17,24939,9381648,200,0,386,0,0,1485,4850
3522,2026-08-04T06:41:54Z,1785825714191302368,3536,6660,24988,4,17,24947,9382443,200,0,386,0,0,1485,4851
3523,2026-08-04T06:41:55Z,1785825715195026960,3537,6660,24988,4,17,24955,9383238,200,0,386,0,0,1485,4852
3524,2026-08-04T06:41:56Z,1785825716198292529,3538,6660,24988,4,17,24962,9384032,200,0,386,0,0,1485,4852
3525,2026-08-04T06:41:57Z,1785825717202249937,3539,6660,24988,4,17,24970,9384827,200,0,386,0,0,1485,4853
3526,2026-08-04T06:41:58Z,1785825718206191684,3540,6660,24988,4,17,24978,9385621,200,0,386,0,0,1485,4854
3527,2026-08-04T06:41:59Z,1785825719210274642,3541,6660,24988,4,17,24985,9386419,200,0,386,0,0,1485,4854
3528,2026-08-04T06:42:00Z,1785825720215276447,3542,6660,24988,4,17,24993,9387214,200,0,386,0,0,1485,4855
3529,2026-08-04T06:42:01Z,1785825721219215824,3543,6660,24988,4,17,25001,9388007,200,0,386,0,0,1485,4856
3530,2026-08-04T06:42:02Z,1785825722223493580,3544,6660,24988,4,17,25010,9388802,200,0,386,0,0,1485,4857
3531,2026-08-04T06:42:03Z,1785825723226595813,3545,6660,24988,4,17,25018,9389597,200,0,386,0,0,1485,4858
3532,2026-08-04T06:42:04Z,1785825724230459452,3546,6660,24988,4,17,25025,9390394,200,0,386,0,0,1485,4859
3533,2026-08-04T06:42:05Z,1785825725234736291,3547,6660,24988,4,17,25034,9391188,200,0,386,0,0,1485,4859
3534,2026-08-04T06:42:06Z,1785825726239182272,3548,6660,24988,4,17,25041,9391982,200,0,386,0,0,1485,4860
3535,2026-08-04T06:42:07Z,1785825727242349683,3549,6660,24988,4,17,25048,9392775,200,0,386,0,0,1485,4860
3536,2026-08-04T06:42:08Z,1785825728246606559,3550,6660,24988,4,17,25056,9393570,200,0,386,0,0,1485,4861
3537,2026-08-04T06:42:09Z,1785825729250753572,3551,6660,24988,4,17,25064,9394366,200,0,386,0,0,1485,4862
3538,2026-08-04T06:42:10Z,1785825730254765146,3552,6660,24988,4,17,25072,9395161,200,0,386,0,0,1485,4862
3539,2026-08-04T06:42:11Z,1785825731258970264,3553,6660,24988,4,17,25079,9395955,200,0,386,0,0,1485,4863
3540,2026-08-04T06:42:12Z,1785825732263219384,3554,6660,24988,4,17,25087,9396750,200,0,386,0,0,1485,4863
3541,2026-08-04T06:42:13Z,1785825733267084559,3555,6660,24988,4,17,25094,9397548,200,0,386,0,0,1485,4864
3542,2026-08-04T06:42:14Z,1785825734270933199,3556,6660,24988,4,17,25101,9398342,200,0,386,0,0,1485,4864
3543,2026-08-04T06:42:15Z,1785825735275343531,3557,6660,24988,4,17,25109,9399137,200,0,386,0,0,1485,4865
3544,2026-08-04T06:42:16Z,1785825736278392913,3558,6660,24988,4,17,25117,9399929,200,0,386,0,0,1485,4866
3545,2026-08-04T06:42:17Z,1785825737282079663,3559,6660,24988,4,17,25124,9400728,200,0,386,0,0,1485,4867
3546,2026-08-04T06:42:18Z,1785825738286323497,3560,6660,24988,4,17,25132,9401521,200,0,386,0,0,1485,4868
3547,2026-08-04T06:42:19Z,1785825739290618187,3561,6660,24988,4,17,25139,9402316,200,0,386,0,0,1485,4868
3548,2026-08-04T06:42:20Z,1785825740295010600,3562,6660,24988,4,17,25147,9403110,200,0,386,0,0,1485,4868
3549,2026-08-04T06:42:21Z,1785825741298137111,3563,6660,24988,4,17,25154,9403907,200,0,386,0,0,1485,4869
3550,2026-08-04T06:42:22Z,1785825742302588186,3564,6660,24988,4,17,25161,9404703,200,0,386,0,0,1485,4870
3551,2026-08-04T06:42:23Z,1785825743305594569,3565,6660,24988,4,17,25169,9405497,200,0,386,0,0,1485,4870
3552,2026-08-04T06:42:24Z,1785825744309615600,3566,6660,24988,4,17,25177,9406288,200,0,386,0,0,1485,4870
3553,2026-08-04T06:42:25Z,1785825745313875600,3567,6660,24988,4,17,25184,9407084,200,0,386,0,0,1485,4871
3554,2026-08-04T06:42:26Z,1785825746317799123,3568,6660,24988,4,17,25192,9407878,200,0,386,0,0,1485,4871
3555,2026-08-04T06:42:27Z,1785825747321936907,3569,6660,24988,4,17,25199,9408672,200,0,386,0,0,1485,4872
3556,2026-08-04T06:42:28Z,1785825748326166642,3570,6660,24988,4,17,25207,9409467,200,0,386,0,0,1485,4872
3557,2026-08-04T06:42:29Z,1785825749330257484,3571,6660,24988,4,17,25214,9410264,200,0,386,0,0,1485,4873
3558,2026-08-04T06:42:30Z,1785825750335087928,3572,6660,24988,4,17,25221,9411062,200,0,386,0,0,1485,4873
3559,2026-08-04T06:42:31Z,1785825751337940421,3573,6660,24988,4,17,25229,9411856,200,0,386,0,0,1485,4874
3560,2026-08-04T06:42:32Z,1785825752342326504,3574,6660,24988,4,17,25237,9412653,200,0,386,0,0,1485,4875
3561,2026-08-04T06:42:33Z,1785825753346359108,3575,6660,24988,4,17,25245,9413448,200,0,386,0,0,1485,4876
3562,2026-08-04T06:42:34Z,1785825754349618266,3576,6660,24988,4,17,25253,9414241,200,0,386,0,0,1485,4877
3563,2026-08-04T06:42:35Z,1785825755354046824,3577,6660,24988,4,17,25260,9415038,200,0,386,0,0,1485,4878
3564,2026-08-04T06:42:36Z,1785825756357177462,3578,6660,24988,4,17,25267,9415832,200,0,386,0,0,1485,4878
3565,2026-08-04T06:42:37Z,1785825757361173988,3579,6660,24988,4,17,25275,9416629,200,0,386,0,0,1485,4879
3566,2026-08-04T06:42:38Z,1785825758365868022,3580,6660,24988,4,17,25283,9417426,200,0,386,0,0,1485,4880
3567,2026-08-04T06:42:39Z,1785825759369411374,3581,6660,24988,4,17,25290,9418221,200,0,386,0,0,1485,4881
3568,2026-08-04T06:42:40Z,1785825760372479282,3582,6660,24988,4,17,25298,9419013,200,0,386,0,0,1485,4882
3569,2026-08-04T06:42:41Z,1785825761376530646,3583,6660,24988,4,17,25306,9419811,200,0,386,0,0,1485,4882
3570,2026-08-04T06:42:42Z,1785825762381182367,3584,6660,24988,4,17,25314,9420608,200,0,386,0,0,1485,4882
3571,2026-08-04T06:42:43Z,1785825763384499404,3585,6660,24988,4,17,25321,9421401,200,0,386,0,0,1485,4883
3572,2026-08-04T06:42:44Z,1785825764388744253,3586,6660,24988,4,17,25329,9422199,200,0,386,0,0,1485,4884
3573,2026-08-04T06:42:45Z,1785825765392566335,3587,6660,24988,4,17,25337,9422992,200,0,386,0,0,1485,4885
3574,2026-08-04T06:42:46Z,1785825766395701392,3588,6660,24988,4,17,25344,9423787,200,0,386,0,0,1485,4885
3575,2026-08-04T06:42:47Z,1785825767399781313,3589,6660,24988,4,17,25352,9424580,200,0,386,0,0,1485,4885
3576,2026-08-04T06:42:48Z,1785825768403863655,3590,6660,24988,4,17,25360,9425377,200,0,386,0,0,1485,4886
3577,2026-08-04T06:42:49Z,1785825769407904294,3591,6660,24988,4,17,25367,9426172,200,0,386,0,0,1485,4887
3578,2026-08-04T06:42:50Z,1785825770412042054,3592,6660,24988,4,17,25374,9426970,200,0,386,0,0,1485,4888
3579,2026-08-04T06:42:51Z,1785825771416221552,3593,6660,24988,4,17,25382,9427766,200,0,386,0,0,1485,4888
3580,2026-08-04T06:42:52Z,1785825772420313545,3594,6660,24988,4,17,25389,9428560,200,0,386,0,0,1485,4888
3581,2026-08-04T06:42:53Z,1785825773424638695,3595,6660,24988,4,17,25397,9429358,200,0,386,0,0,1485,4888
3582,2026-08-04T06:42:54Z,1785825774428813313,3596,6660,24988,4,17,25405,9430151,200,0,386,0,0,1485,4889
3583,2026-08-04T06:42:55Z,1785825775433066840,3597,6660,24988,4,17,25412,9430947,200,0,386,0,0,1485,4890
3584,2026-08-04T06:42:56Z,1785825776437315243,3598,6660,24988,4,17,25420,9431742,200,0,386,0,0,1485,4890
3585,2026-08-04T06:42:57Z,1785825777441196661,3599,6660,24988,4,17,25427,9432537,200,0,386,0,0,1485,4891
3586,2026-08-04T06:42:58Z,1785825778445600438,3600,6660,24988,4,17,25434,9433333,200,0,386,0,0,1485,4892
3587,2026-08-04T06:42:59Z,1785825779448749175,3601,6660,24988,4,17,25442,9434126,200,0,386,0,0,1485,4892
3588,2026-08-04T06:43:00Z,1785825780452407460,3602,6660,24988,4,17,25449,9434922,200,0,386,0,0,1485,4892
3589,2026-08-04T06:43:01Z,1785825781455351673,3603,6660,24988,4,17,25457,9435719,200,0,386,0,0,1485,4893
3590,2026-08-04T06:43:02Z,1785825782460326728,3604,6660,24988,4,17,25465,9436513,200,0,386,0,0,1485,4894
3591,2026-08-04T06:43:03Z,1785825783463365240,3605,6660,24988,4,17,25473,9437307,200,0,386,0,0,1485,4895
3592,2026-08-04T06:43:04Z,1785825784467855228,3606,6660,24988,4,17,25481,9438104,200,0,386,0,0,1485,4896
3593,2026-08-04T06:43:05Z,1785825785470773281,3607,6660,24988,4,17,25489,9438898,200,0,386,0,0,1485,4897
3594,2026-08-04T06:43:06Z,1785825786474819944,3608,6660,24988,4,17,25496,9439692,200,0,386,0,0,1485,4898
3595,2026-08-04T06:43:07Z,1785825787479003755,3609,6660,24988,4,17,25504,9440488,200,0,386,0,0,1485,4899
3596,2026-08-04T06:43:08Z,1785825788483002444,3610,6660,24988,4,17,25511,9441284,200,0,386,0,0,1485,4899
3597,2026-08-04T06:43:09Z,1785825789486906434,3611,6660,24988,4,17,25519,9442082,200,0,386,0,0,1485,4900
3598,2026-08-04T06:43:10Z,1785825790491319325,3612,6660,24988,4,17,25527,9442875,200,0,386,0,0,1485,4901
3599,2026-08-04T06:43:11Z,1785825791494723567,3613,6656,24988,4,16,25533,9443670,200,0,386,0,0,1485,4902
3600,2026-08-04T06:43:12Z,1785825792497429174,3614,6652,24988,4,15,25539,9444468,200,0,386,0,0,1485,4902
3601,2026-08-04T06:43:13Z,1785825793500749786,3615,6628,24988,4,14,25544,9445267,200,0,386,0,0,1485,4903
3602,2026-08-04T06:43:14Z,1785825794504024561,3616,6620,24988,4,12,25545,9446068,200,0,386,0,0,1485,4903
3603,2026-08-04T06:43:15Z,1785825795507244480,3617,6292,24988,4,10,25545,9446869,200,0,386,0,0,1485,4903
3604,2026-08-04T06:43:16Z,1785825796510092075,3618,6292,24988,4,10,25545,9447673,200,0,386,0,0,1485,4903
3605,2026-08-04T06:43:17Z,1785825797513946940,3619,6292,24988,4,10,25545,9448475,200,0,386,0,0,1485,4903
3606,2026-08-04T06:43:18Z,1785825798517834090,3620,6292,24988,4,10,25545,9449278,200,0,386,0,0,1485,4903
3607,2026-08-04T06:43:19Z,1785825799522223768,3621,6292,24988,4,10,25545,9450080,200,0,386,0,0,1485,4903
3608,2026-08-04T06:43:20Z,1785825800525007960,3622,6296,24988,4,11,25545,9450882,200,0,386,0,0,1485,4903
3609,2026-08-04T06:43:21Z,1785825801529435726,3623,6300,24988,4,12,25547,9451682,200,0,386,0,0,1485,4903
3610,2026-08-04T06:43:22Z,1785825802533644445,3624,6324,24988,4,13,25550,9452479,200,0,386,0,0,1485,4903
3611,2026-08-04T06:43:23Z,1785825803538081626,3625,6328,24988,4,14,25555,9453275,200,0,386,0,0,1485,4903
3612,2026-08-04T06:43:24Z,1785825804541594196,3626,6652,24988,4,15,25563,9454068,200,0,386,0,0,1485,4903
3613,2026-08-04T06:43:25Z,1785825805545106022,3627,6664,24988,4,18,25571,9454862,200,0,386,0,0,1485,4904
3614,2026-08-04T06:43:26Z,1785825806548790104,3628,6664,24988,4,18,25578,9455656,200,0,386,0,0,1485,4905
3615,2026-08-04T06:43:27Z,1785825807552285896,3629,6664,24988,4,18,25586,9456451,200,0,386,0,0,1485,4906
3616,2026-08-04T06:43:28Z,1785825808555528632,3630,6664,24988,4,18,25593,9457245,200,0,386,0,0,1485,4907
3617,2026-08-04T06:43:29Z,1785825809561049942,3631,6664,24988,4,18,25601,9458041,200,0,386,0,0,1485,4908
3618,2026-08-04T06:43:30Z,1785825810563513386,3632,6664,24988,4,18,25609,9458836,200,0,386,0,0,1485,4908
3619,2026-08-04T06:43:31Z,1785825811567330608,3633,6664,24988,4,18,25616,9459633,200,0,386,0,0,1485,4909
3620,2026-08-04T06:43:32Z,1785825812571032413,3634,6664,24988,4,18,25625,9460430,200,0,386,0,0,1485,4910
3621,2026-08-04T06:43:33Z,1785825813574349070,3635,6664,24988,4,18,25632,9461223,200,0,386,0,0,1485,4911
3622,2026-08-04T06:43:34Z,1785825814577693810,3636,6664,24988,4,18,25640,9462018,200,0,386,0,0,1485,4912
3623,2026-08-04T06:43:35Z,1785825815581344375,3637,6664,24988,4,18,25647,9462814,200,0,386,0,0,1485,4912
3624,2026-08-04T06:43:36Z,1785825816585818307,3638,6664,24988,4,18,25654,9463611,200,0,386,0,0,1485,4913
3625,2026-08-04T06:43:37Z,1785825817588556763,3639,6664,24988,4,18,25663,9464407,200,0,386,0,0,1485,4914
3626,2026-08-04T06:43:38Z,1785825818592843994,3640,6664,24988,4,18,25669,9465200,200,0,386,0,0,1485,4915
3627,2026-08-04T06:43:39Z,1785825819596809151,3641,6664,24988,4,18,25677,9465993,200,0,386,0,0,1485,4916
3628,2026-08-04T06:43:40Z,1785825820600909557,3642,6664,24988,4,18,25685,9466788,200,0,386,0,0,1485,4916
3629,2026-08-04T06:43:41Z,1785825821604990275,3643,6664,24988,4,18,25693,9467584,200,0,386,0,0,1485,4917
3630,2026-08-04T06:43:42Z,1785825822608962166,3644,6664,24988,4,18,25701,9468380,200,0,386,0,0,1485,4917
3631,2026-08-04T06:43:43Z,1785825823613433259,3645,6664,24988,4,18,25708,9469178,200,0,386,0,0,1485,4918
3632,2026-08-04T06:43:44Z,1785825824617358622,3646,6664,24988,4,18,25715,9469970,200,0,386,0,0,1485,4918
3633,2026-08-04T06:43:45Z,1785825825620322128,3647,6664,24988,4,18,25723,9470765,200,0,386,0,0,1485,4919
3634,2026-08-04T06:43:46Z,1785825826624487780,3648,6664,24988,4,18,25731,9471558,200,0,386,0,0,1485,4919
3635,2026-08-04T06:43:47Z,1785825827627496951,3649,6664,24988,4,18,25738,9472355,200,0,386,0,0,1485,4920
3636,2026-08-04T06:43:48Z,1785825828631254772,3650,6664,24988,4,18,25746,9473148,200,0,386,0,0,1485,4921
3637,2026-08-04T06:43:49Z,1785825829635255775,3651,6664,24988,4,18,25754,9473943,200,0,386,0,0,1485,4922
3638,2026-08-04T06:43:50Z,1785825830639273014,3652,6664,24988,4,18,25761,9474738,200,0,386,0,0,1485,4922
3639,2026-08-04T06:43:51Z,1785825831643609959,3653,6664,24988,4,18,25769,9475533,200,0,386,0,0,1485,4922
3640,2026-08-04T06:43:52Z,1785825832646679465,3654,6664,24988,4,18,25777,9476328,200,0,386,0,0,1485,4923
3641,2026-08-04T06:43:53Z,1785825833650787005,3655,6664,24988,4,18,25785,9477123,200,0,386,0,0,1485,4924
3642,2026-08-04T06:43:54Z,1785825834654586527,3656,6664,24988,4,18,25793,9477919,200,0,386,0,0,1485,4925
3643,2026-08-04T06:43:55Z,1785825835658709732,3657,6664,24988,4,18,25800,9478715,200,0,386,0,0,1485,4925
3644,2026-08-04T06:43:56Z,1785825836662750515,3658,6664,24988,4,18,25807,9479509,200,0,386,0,0,1485,4925
3645,2026-08-04T06:43:57Z,1785825837666970400,3659,6664,24988,4,18,25815,9480306,200,0,386,0,0,1485,4925
3646,2026-08-04T06:43:58Z,1785825838670538899,3660,6664,24988,4,18,25823,9481100,200,0,386,0,0,1485,4926
3647,2026-08-04T06:43:59Z,1785825839675140004,3661,6664,24988,4,18,25830,9481896,200,0,386,0,0,1485,4926
3648,2026-08-04T06:44:00Z,1785825840678840316,3662,6664,24988,4,18,25838,9482694,200,0,386,0,0,1485,4926
3649,2026-08-04T06:44:01Z,1785825841682320730,3663,6664,24988,4,18,25846,9483488,200,0,386,0,0,1485,4927
3650,2026-08-04T06:44:02Z,1785825842685546862,3664,6664,24988,4,18,25854,9484283,200,0,386,0,0,1485,4928
3651,2026-08-04T06:44:03Z,1785825843689540409,3665,6660,24988,4,17,25862,9485078,200,0,386,0,0,1485,4928
3652,2026-08-04T06:44:04Z,1785825844693732328,3666,6660,24988,4,17,25869,9485876,200,0,386,0,0,1485,4928
3653,2026-08-04T06:44:05Z,1785825845697851309,3667,6660,24988,4,17,25877,9486671,200,0,386,0,0,1485,4928
3654,2026-08-04T06:44:06Z,1785825846701107715,3668,6660,24988,4,17,25885,9487469,200,0,386,0,0,1485,4928
3655,2026-08-04T06:44:07Z,1785825847706834673,3669,6660,24988,4,17,25892,9488263,200,0,386,0,0,1485,4928
3656,2026-08-04T06:44:08Z,1785825848708914894,3670,6660,24988,4,17,25900,9489057,200,0,386,0,0,1485,4928
3657,2026-08-04T06:44:09Z,1785825849712790283,3671,6660,24988,4,17,25907,9489852,200,0,386,0,0,1485,4928
3658,2026-08-04T06:44:10Z,1785825850717272334,3672,6660,24988,4,17,25916,9490646,200,0,386,0,0,1485,4929
3659,2026-08-04T06:44:11Z,1785825851720228944,3673,6660,24988,4,17,25922,9491440,200,0,386,0,0,1485,4930
3660,2026-08-04T06:44:12Z,1785825852724382137,3674,6660,24988,4,17,25930,9492234,200,0,386,0,0,1485,4930
3661,2026-08-04T06:44:13Z,1785825853728282766,3675,6660,24988,4,17,25938,9493028,200,0,386,0,0,1485,4930
3662,2026-08-04T06:44:14Z,1785825854733098471,3676,6660,24988,4,17,25946,9493827,200,0,386,0,0,1485,4931
3663,2026-08-04T06:44:15Z,1785825855736759691,3677,6660,24988,4,17,25954,9494620,200,0,386,0,0,1485,4932
3664,2026-08-04T06:44:16Z,1785825856740288711,3678,6660,24988,4,17,25962,9495416,200,0,386,0,0,1485,4933
3665,2026-08-04T06:44:17Z,1785825857743909834,3679,6660,24988,4,17,25969,9496212,200,0,386,0,0,1485,4934
3666,2026-08-04T06:44:18Z,1785825858747393036,3680,6660,24988,4,17,25977,9497009,200,0,386,0,0,1485,4934
3667,2026-08-04T06:44:19Z,1785825859750692209,3681,6660,24988,4,17,25984,9497802,200,0,386,0,0,1485,4935
3668,2026-08-04T06:44:20Z,1785825860754991360,3682,6660,24988,4,17,25991,9498598,200,0,386,0,0,1485,4936
3669,2026-08-04T06:44:21Z,1785825861757936260,3683,6660,24988,4,17,25999,9499393,200,0,386,0,0,1485,4937
3670,2026-08-04T06:44:22Z,1785825862762158075,3684,6660,24988,4,17,26007,9500186,200,0,386,0,0,1485,4938
3671,2026-08-04T06:44:23Z,1785825863766334243,3685,6660,24988,4,17,26015,9500982,200,0,386,0,0,1485,4939
3672,2026-08-04T06:44:24Z,1785825864770040304,3686,6660,24988,4,17,26022,9501774,200,0,386,0,0,1485,4940
3673,2026-08-04T06:44:25Z,1785825865774275677,3687,6660,24988,4,17,26030,9502570,200,0,386,0,0,1485,4940
3674,2026-08-04T06:44:26Z,1785825866778622530,3688,6660,24988,4,17,26038,9503364,200,0,386,0,0,1485,4940
3675,2026-08-04T06:44:27Z,1785825867782287872,3689,6660,24988,4,17,26046,9504160,200,0,386,0,0,1485,4940
3676,2026-08-04T06:44:28Z,1785825868786125611,3690,6660,24988,4,17,26053,9504956,200,0,386,0,0,1485,4941
3677,2026-08-04T06:44:29Z,1785825869790788289,3691,6660,24988,4,17,26061,9505752,200,0,386,0,0,1485,4941
3678,2026-08-04T06:44:30Z,1785825870794195517,3692,6660,24988,4,17,26069,9506545,200,0,386,0,0,1485,4941
3679,2026-08-04T06:44:31Z,1785825871798115791,3693,6660,24988,4,17,26076,9507340,200,0,386,0,0,1485,4941
3680,2026-08-04T06:44:32Z,1785825872801301399,3694,6660,24988,4,17,26085,9508137,200,0,386,0,0,1485,4942
3681,2026-08-04T06:44:33Z,1785825873804886864,3695,6660,24988,4,17,26091,9508933,200,0,386,0,0,1485,4943
3682,2026-08-04T06:44:34Z,1785825874809164279,3696,6660,24988,4,17,26099,9509726,200,0,386,0,0,1485,4944
3683,2026-08-04T06:44:35Z,1785825875812130699,3697,6660,24988,4,17,26107,9510523,200,0,386,0,0,1485,4945
3684,2026-08-04T06:44:36Z,1785825876817250428,3698,6660,24988,4,17,26115,9511319,200,0,386,0,0,1485,4946
3685,2026-08-04T06:44:37Z,1785825877820440455,3699,6660,24988,4,17,26122,9512116,200,0,386,0,0,1485,4946
3686,2026-08-04T06:44:38Z,1785825878824452224,3700,6660,24988,4,17,26130,9512913,200,0,386,0,0,1485,4946
3687,2026-08-04T06:44:39Z,1785825879828183934,3701,6660,24988,4,17,26137,9513710,200,0,386,0,0,1485,4947
3688,2026-08-04T06:44:40Z,1785825880831827937,3702,6660,24988,4,17,26145,9514505,200,0,386,0,0,1485,4948
3689,2026-08-04T06:44:41Z,1785825881835533538,3703,6660,24988,4,17,26153,9515299,200,0,386,0,0,1485,4949
3690,2026-08-04T06:44:42Z,1785825882839482329,3704,6660,24988,4,17,26160,9516096,200,0,386,0,0,1485,4950
3691,2026-08-04T06:44:43Z,1785825883843545543,3705,6660,24988,4,17,26168,9516891,200,0,386,0,0,1485,4951
3692,2026-08-04T06:44:44Z,1785825884848243156,3706,6660,24988,4,17,26175,9517685,200,0,386,0,0,1485,4952
3693,2026-08-04T06:44:45Z,1785825885851210230,3707,6660,24988,4,17,26183,9518480,200,0,386,0,0,1485,4952
3694,2026-08-04T06:44:46Z,1785825886855251471,3708,6660,24988,4,17,26191,9519273,200,0,386,0,0,1485,4953
3695,2026-08-04T06:44:47Z,1785825887858988129,3709,6660,24988,4,17,26198,9520070,200,0,386,0,0,1485,4954
3696,2026-08-04T06:44:48Z,1785825888863577076,3710,6660,24988,4,17,26206,9520863,200,0,386,0,0,1485,4954
3697,2026-08-04T06:44:49Z,1785825889866793119,3711,6660,24988,4,17,26214,9521657,200,0,386,0,0,1485,4954
3698,2026-08-04T06:44:50Z,1785825890870800440,3712,6660,24988,4,17,26221,9522453,200,0,386,0,0,1485,4955
3699,2026-08-04T06:44:51Z,1785825891875078407,3713,6660,24988,4,17,26228,9523248,200,0,386,0,0,1485,4955
3700,2026-08-04T06:44:52Z,1785825892877748651,3714,6660,24988,4,17,26236,9524042,200,0,386,0,0,1485,4956
3701,2026-08-04T06:44:53Z,1785825893881983064,3715,6660,24988,4,17,26244,9524836,200,0,386,0,0,1485,4956
3702,2026-08-04T06:44:54Z,1785825894886190676,3716,6660,24988,4,17,26251,9525632,200,0,386,0,0,1485,4957
3703,2026-08-04T06:44:55Z,1785825895890246928,3717,6660,24988,4,17,26258,9526427,200,0,386,0,0,1485,4957
3704,2026-08-04T06:44:56Z,1785825896893701108,3718,6660,24988,4,17,26266,9527222,200,0,386,0,0,1485,4958
3705,2026-08-04T06:44:57Z,1785825897897978513,3719,6660,24988,4,17,26274,9528016,200,0,386,0,0,1485,4959
3706,2026-08-04T06:44:58Z,1785825898901051738,3720,6660,24988,4,17,26281,9528811,200,0,386,0,0,1485,4960
3707,2026-08-04T06:44:59Z,1785825899905822209,3721,6660,24988,4,17,26289,9529607,200,0,386,0,0,1485,4961
3708,2026-08-04T06:45:00Z,1785825900909464598,3722,6660,24988,4,17,26297,9530401,200,0,386,0,0,1485,4962
3709,2026-08-04T06:45:01Z,1785825901913777131,3723,6660,24988,4,17,26306,9531191,200,0,386,0,0,1485,4963
3710,2026-08-04T06:45:02Z,1785825902917273588,3724,6660,24988,4,17,26313,9531986,200,0,386,0,0,1485,4963
3711,2026-08-04T06:45:03Z,1785825903920233051,3725,6660,24988,4,17,26321,9532781,200,0,386,0,0,1485,4963
3712,2026-08-04T06:45:04Z,1785825904924733029,3726,6660,24988,4,17,26328,9533577,200,0,386,0,0,1485,4964
3713,2026-08-04T06:45:05Z,1785825905928573592,3727,6660,24988,4,17,26337,9534373,200,0,386,0,0,1485,4965
3714,2026-08-04T06:45:06Z,1785825906932272367,3728,6660,24988,4,17,26344,9535170,200,0,386,0,0,1485,4965
3715,2026-08-04T06:45:07Z,1785825907936050400,3729,6660,24988,4,17,26353,9535964,200,0,386,0,0,1485,4966
3716,2026-08-04T06:45:08Z,1785825908939294244,3730,6660,24988,4,17,26360,9536756,200,0,386,0,0,1485,4966
3717,2026-08-04T06:45:09Z,1785825909942083459,3731,6660,24988,4,17,26368,9537550,200,0,386,0,0,1485,4967
3718,2026-08-04T06:45:10Z,1785825910946356870,3732,6660,24988,4,17,26375,9538343,200,0,386,0,0,1485,4968
3719,2026-08-04T06:45:11Z,1785825911950416367,3733,6660,24988,4,17,26383,9539139,200,0,386,0,0,1485,4969
3720,2026-08-04T06:45:12Z,1785825912954399119,3734,6660,24988,4,17,26391,9539933,200,0,386,0,0,1485,4969
3721,2026-08-04T06:45:13Z,1785825913958247212,3735,6660,24988,4,17,26397,9540725,200,0,386,0,0,1485,4969
3722,2026-08-04T06:45:14Z,1785825914963552130,3736,6660,24988,4,17,26405,9541520,200,0,386,0,0,1485,4970
3723,2026-08-04T06:45:15Z,1785825915967129450,3737,6660,24988,4,17,26413,9542316,200,0,386,0,0,1485,4970
3724,2026-08-04T06:45:16Z,1785825916970039599,3738,6660,24988,4,17,26421,9543111,200,0,386,0,0,1485,4970
3725,2026-08-04T06:45:17Z,1785825917974216737,3739,6660,24988,4,17,26429,9543907,200,0,386,0,0,1485,4971
3726,2026-08-04T06:45:18Z,1785825918978169718,3740,6660,24988,4,17,26436,9544700,200,0,386,0,0,1485,4971
3727,2026-08-04T06:45:19Z,1785825919981991763,3741,6656,24988,4,16,26443,9545494,200,0,386,0,0,1485,4972
3728,2026-08-04T06:45:20Z,1785825920985392189,3742,6656,24988,4,16,26451,9546292,200,0,386,0,0,1485,4973
3729,2026-08-04T06:45:21Z,1785825921988764888,3743,6652,24988,4,14,26456,9547090,200,0,386,0,0,1485,4973
3730,2026-08-04T06:45:22Z,1785825922991493001,3744,6628,24988,4,14,26460,9547889,200,0,386,0,0,1485,4973
3731,2026-08-04T06:45:23Z,1785825923995091330,3745,6296,24988,4,11,26460,9548691,200,0,386,0,0,1485,4973
3732,2026-08-04T06:45:24Z,1785825924998819195,3746,6292,24988,4,10,26460,9549494,200,0,386,0,0,1485,4973
3733,2026-08-04T06:45:26Z,1785825926002511655,3748,6292,24988,4,10,26460,9550297,200,0,386,0,0,1485,4973
3734,2026-08-04T06:45:27Z,1785825927006355516,3749,6292,24988,4,10,26460,9551099,200,0,386,0,0,1485,4973
3735,2026-08-04T06:45:28Z,1785825928010016309,3750,6292,24988,4,10,26460,9551901,200,0,386,0,0,1485,4973
3736,2026-08-04T06:45:29Z,1785825929013615315,3751,6292,24988,4,10,26460,9552703,200,0,386,0,0,1485,4973
3737,2026-08-04T06:45:30Z,1785825930018228711,3752,6296,24988,4,11,26461,9553507,200,0,386,0,0,1485,4973
3738,2026-08-04T06:45:31Z,1785825931022366986,3753,6300,24988,4,12,26463,9554305,200,0,386,0,0,1485,4973
3739,2026-08-04T06:45:32Z,1785825932026813287,3754,6324,24988,4,13,26466,9555103,200,0,386,0,0,1485,4973
3740,2026-08-04T06:45:33Z,1785825933030218634,3755,6328,24988,4,14,26473,9555897,200,0,386,0,0,1485,4973
3741,2026-08-04T06:45:34Z,1785825934034886040,3756,6652,24988,4,15,26480,9556692,200,0,386,0,0,1485,4973
3742,2026-08-04T06:45:35Z,1785825935038121978,3757,6696,24988,4,21,26495,9557486,200,0,387,0,0,1622,5105
3743,2026-08-04T06:45:36Z,1785825936042470075,3758,6696,24988,4,21,26503,9558280,200,0,387,0,0,1622,5105
3744,2026-08-04T06:45:37Z,1785825937046135432,3759,6696,24988,4,21,26511,9559075,200,0,387,0,0,1622,5105
3745,2026-08-04T06:45:38Z,1785825938049220993,3760,6696,24988,4,21,26518,9559870,200,0,387,0,0,1622,5105
3746,2026-08-04T06:45:39Z,1785825939053075501,3761,6696,24988,4,21,26526,9560665,200,0,387,0,0,1622,5105
3747,2026-08-04T06:45:40Z,1785825940057191233,3762,6696,24988,4,21,26533,9561462,200,0,387,0,0,1622,5105
3748,2026-08-04T06:45:41Z,1785825941061686862,3763,6696,24988,4,21,26540,9562254,200,0,387,0,0,1622,5105
3749,2026-08-04T06:45:42Z,1785825942064781994,3764,6696,24988,4,21,26548,9563050,200,0,387,0,0,1622,5105
3750,2026-08-04T06:45:43Z,1785825943069169560,3765,6696,24988,4,21,26555,9563843,200,0,387,0,0,1626,5105
3751,2026-08-04T06:45:44Z,1785825944072256717,3766,6696,24988,4,21,26562,9564639,200,0,387,0,0,1626,5105
3752,2026-08-04T06:45:45Z,1785825945076982913,3767,6696,24988,4,21,26570,9565435,200,0,387,0,0,1626,5105
3753,2026-08-04T06:45:46Z,1785825946080024172,3768,6696,24988,4,21,26578,9566229,200,0,387,0,0,1626,5105
3754,2026-08-04T06:45:47Z,1785825947084055102,3769,6696,24988,4,21,26586,9567024,200,0,387,0,0,1626,5105
3755,2026-08-04T06:45:48Z,1785825948087891003,3770,6696,24988,4,21,26593,9567818,200,0,387,0,0,1626,5105
3756,2026-08-04T06:45:49Z,1785825949092146741,3771,6696,24988,4,21,26601,9568613,200,0,387,0,0,1626,5105
3757,2026-08-04T06:45:50Z,1785825950096373684,3772,6696,24988,4,21,26608,9569410,200,0,387,0,0,1626,5105
3758,2026-08-04T06:45:51Z,1785825951099409527,3773,6696,24988,4,21,26615,9570202,200,0,387,0,0,1626,5105
3759,2026-08-04T06:45:52Z,1785825952102807714,3774,6696,24988,4,21,26622,9570998,200,0,387,0,0,1626,5105
3760,2026-08-04T06:45:53Z,1785825953106898328,3775,6696,24988,4,21,26630,9571792,200,0,387,0,0,1626,5105
3761,2026-08-04T06:45:54Z,1785825954110634295,3776,6696,24988,4,21,26637,9572586,200,0,387,0,0,1626,5105
3762,2026-08-04T06:45:55Z,1785825955114318134,3777,6696,24988,4,21,26644,9573381,200,0,387,0,0,1626,5105
3763,2026-08-04T06:45:56Z,1785825956118872875,3778,6696,24988,4,21,26652,9574181,200,0,387,0,0,1626,5105
3764,2026-08-04T06:45:57Z,1785825957121705949,3779,6696,24988,4,21,26660,9574974,200,0,387,0,0,1626,5105
3765,2026-08-04T06:45:58Z,1785825958126188072,3780,6696,24988,4,21,26667,9575766,200,0,387,0,0,1626,5105
3766,2026-08-04T06:45:59Z,1785825959129212901,3781,6696,24988,4,21,26674,9576559,200,0,387,0,0,1626,5105
3767,2026-08-04T06:46:00Z,1785825960134206207,3782,6696,24988,4,21,26681,9577356,200,0,387,0,0,1626,5105
3768,2026-08-04T06:46:01Z,1785825961137509559,3783,6696,24988,4,21,26690,9578148,200,0,387,0,0,1626,5105
3769,2026-08-04T06:46:02Z,1785825962142536334,3784,6696,24988,4,21,26697,9578943,200,0,387,0,0,1626,5105
3770,2026-08-04T06:46:03Z,1785825963146122392,3785,6696,24988,4,21,26705,9579736,200,0,387,0,0,1626,5105
3771,2026-08-04T06:46:04Z,1785825964149492308,3786,6684,24988,4,18,26713,9580530,200,0,387,0,0,1626,5105
3772,2026-08-04T06:46:05Z,1785825965153250140,3787,6680,24988,4,17,26720,9581325,200,0,386,0,0,1626,5105
3773,2026-08-04T06:46:06Z,1785825966157905409,3788,6680,24988,4,17,26727,9582121,200,0,386,0,0,1626,5105
3774,2026-08-04T06:46:07Z,1785825967161376860,3789,6680,24988,4,17,26736,9582915,200,0,386,0,0,1626,5105
3775,2026-08-04T06:46:08Z,1785825968164388268,3790,6680,24988,4,17,26743,9583708,200,0,386,0,0,1626,5105
3776,2026-08-04T06:46:09Z,1785825969168526476,3791,6680,24988,4,17,26751,9584502,200,0,386,0,0,1626,5105
3777,2026-08-04T06:46:10Z,1785825970173050358,3792,6680,24988,4,17,26758,9585302,200,0,386,0,0,1626,5105
3778,2026-08-04T06:46:11Z,1785825971176329660,3793,6680,24988,4,17,26766,9586095,200,0,386,0,0,1626,5105
3779,2026-08-04T06:46:12Z,1785825972180480816,3794,6680,24988,4,17,26773,9586893,200,0,386,0,0,1626,5105
3780,2026-08-04T06:46:13Z,1785825973184360107,3795,6680,24988,4,17,26780,9587688,200,0,386,0,0,1626,5105
3781,2026-08-04T06:46:14Z,1785825974188356915,3796,6680,24988,4,17,26787,9588481,200,0,386,0,0,1626,5105
3782,2026-08-04T06:46:15Z,1785825975192527986,3797,6680,24988,4,17,26795,9589276,200,0,386,0,0,1626,5105
3783,2026-08-04T06:46:16Z,1785825976195947588,3798,6680,24988,4,17,26803,9590074,200,0,386,0,0,1626,5105
3784,2026-08-04T06:46:17Z,1785825977199218884,3799,6680,24988,4,17,26810,9590869,200,0,386,0,0,1626,5105
3785,2026-08-04T06:46:18Z,1785825978202200780,3800,6680,24988,4,17,26818,9591664,200,0,386,0,0,1626,5105
3786,2026-08-04T06:46:19Z,1785825979206265798,3801,6680,24988,4,17,26825,9592462,200,0,386,0,0,1626,5105
3787,2026-08-04T06:46:20Z,1785825980210500405,3802,6680,24988,4,17,26832,9593256,200,0,386,0,0,1626,5105
3788,2026-08-04T06:46:21Z,1785825981214528987,3803,6680,24988,4,17,26840,9594051,200,0,386,0,0,1626,5105
3789,2026-08-04T06:46:22Z,1785825982218741445,3804,6680,24988,4,17,26847,9594845,200,0,386,0,0,1626,5105
3790,2026-08-04T06:46:23Z,1785825983222817087,3805,6680,24988,4,17,26855,9595641,200,0,386,0,0,1626,5105
3791,2026-08-04T06:46:24Z,1785825984227042986,3806,6680,24988,4,17,26862,9596435,200,0,386,0,0,1626,5105
3792,2026-08-04T06:46:25Z,1785825985231410874,3807,6680,24988,4,17,26869,9597231,200,0,386,0,0,1626,5105
3793,2026-08-04T06:46:26Z,1785825986235151974,3808,6680,24988,4,17,26877,9598024,200,0,386,0,0,1626,5105
3794,2026-08-04T06:46:27Z,1785825987238561220,3809,6680,24988,4,17,26885,9598819,200,0,386,0,0,1626,5105
3795,2026-08-04T06:46:28Z,1785825988241402139,3810,6680,24988,4,17,26892,9599612,200,0,386,0,0,1626,5105
3796,2026-08-04T06:46:29Z,1785825989245908799,3811,6680,24988,4,17,26899,9600408,200,0,386,0,0,1626,5105
3797,2026-08-04T06:46:30Z,1785825990249313358,3812,6680,24988,4,17,26907,9601203,200,0,386,0,0,1626,5105
3798,2026-08-04T06:46:31Z,1785825991253499388,3813,6680,24988,4,17,26914,9601995,200,0,386,0,0,1626,5105
3799,2026-08-04T06:46:32Z,1785825992257949853,3814,6680,24988,4,17,26922,9602789,200,0,386,0,0,1626,5105
3800,2026-08-04T06:46:33Z,1785825993261009267,3815,6680,24988,4,17,26929,9603585,200,0,386,0,0,1626,5105
3801,2026-08-04T06:46:34Z,1785825994264769442,3816,6680,24988,4,17,26937,9604380,200,0,386,0,0,1626,5105
3802,2026-08-04T06:46:35Z,1785825995269054355,3817,6680,24988,4,17,26945,9605171,200,0,386,0,0,1626,5105
3803,2026-08-04T06:46:36Z,1785825996272686488,3818,6680,24988,4,17,26952,9605966,200,0,386,0,0,1626,5105
3804,2026-08-04T06:46:37Z,1785825997275563446,3819,6680,24988,4,17,26959,9606758,200,0,386,0,0,1626,5105
3805,2026-08-04T06:46:38Z,1785825998279552000,3820,6680,24988,4,17,26967,9607554,200,0,386,0,0,1626,5105
3806,2026-08-04T06:46:39Z,1785825999283496154,3821,6680,24988,4,17,26974,9608350,200,0,386,0,0,1626,5105
3807,2026-08-04T06:46:40Z,1785826000288308279,3822,6680,24988,4,17,26982,9609145,200,0,386,0,0,1626,5105
3808,2026-08-04T06:46:41Z,1785826001291878941,3823,6680,24988,4,17,26989,9609939,200,0,386,0,0,1626,5105
3809,2026-08-04T06:46:42Z,1785826002295533024,3824,6680,24988,4,17,26997,9610734,200,0,386,0,0,1626,5105
3810,2026-08-04T06:46:43Z,1785826003298966317,3825,6680,24988,4,17,27005,9611528,200,0,386,0,0,1626,5105
3811,2026-08-04T06:46:44Z,1785826004301998024,3826,6680,24988,4,17,27012,9612321,200,0,386,0,0,1626,5105
3812,2026-08-04T06:46:45Z,1785826005307041826,3827,6680,24988,4,17,27019,9613117,200,0,386,0,0,1626,5105
3813,2026-08-04T06:46:46Z,1785826006309945986,3828,6680,24988,4,17,27027,9613912,200,0,386,0,0,1626,5105
3814,2026-08-04T06:46:47Z,1785826007313623773,3829,6680,24988,4,17,27034,9614707,200,0,386,0,0,1626,5105
3815,2026-08-04T06:46:48Z,1785826008317492899,3830,6680,24988,4,17,27042,9615504,200,0,386,0,0,1626,5105
3816,2026-08-04T06:46:49Z,1785826009321481078,3831,6680,24988,4,17,27049,9616301,200,0,386,0,0,1626,5105
3817,2026-08-04T06:46:50Z,1785826010325723042,3832,6680,24988,4,17,27056,9617095,200,0,386,0,0,1626,5105
3818,2026-08-04T06:46:51Z,1785826011329883947,3833,6680,24988,4,17,27063,9617890,200,0,386,0,0,1626,5105
3819,2026-08-04T06:46:52Z,1785826012333963192,3834,6680,24988,4,17,27071,9618686,200,0,386,0,0,1626,5105
3820,2026-08-04T06:46:53Z,1785826013337727682,3835,6680,24988,4,17,27078,9619481,200,0,386,0,0,1626,5105
3821,2026-08-04T06:46:54Z,1785826014341348786,3836,6680,24988,4,17,27086,9620278,200,0,386,0,0,1626,5105
3822,2026-08-04T06:46:55Z,1785826015345088606,3837,6680,24988,4,17,27093,9621073,200,0,386,0,0,1626,5105
3823,2026-08-04T06:46:56Z,1785826016349080022,3838,6680,24988,4,17,27100,9621868,200,0,386,0,0,1626,5105
3824,2026-08-04T06:46:57Z,1785826017353045394,3839,6680,24988,4,17,27108,9622666,200,0,386,0,0,1626,5105
3825,2026-08-04T06:46:58Z,1785826018356885268,3840,6680,24988,4,17,27115,9623462,200,0,386,0,0,1626,5105
3826,2026-08-04T06:46:59Z,1785826019361071453,3841,6680,24988,4,17,27123,9624254,200,0,386,0,0,1626,5105
3827,2026-08-04T06:47:00Z,1785826020365749890,3842,6680,24988,4,17,27130,9625050,200,0,386,0,0,1626,5105
3828,2026-08-04T06:47:01Z,1785826021369019195,3843,6680,24988,4,17,27138,9625844,200,0,386,0,0,1626,5105
3829,2026-08-04T06:47:02Z,1785826022373280612,3844,6680,24988,4,17,27146,9626638,200,0,386,0,0,1626,5105
3830,2026-08-04T06:47:03Z,1785826023376853653,3845,6680,24988,4,17,27154,9627434,200,0,386,0,0,1626,5105
3831,2026-08-04T06:47:04Z,1785826024380881833,3846,6680,24988,4,17,27162,9628230,200,0,386,0,0,1626,5105
3832,2026-08-04T06:47:05Z,1785826025385314592,3847,6680,24988,4,17,27169,9629027,200,0,386,0,0,1626,5105
3833,2026-08-04T06:47:06Z,1785826026388327621,3848,6680,24988,4,17,27176,9629822,200,0,386,0,0,1626,5105
3834,2026-08-04T06:47:07Z,1785826027392280741,3849,6680,24988,4,17,27184,9630615,200,0,386,0,0,1626,5105
3835,2026-08-04T06:47:08Z,1785826028396231047,3850,6680,24988,4,17,27192,9631411,200,0,386,0,0,1626,5105
3836,2026-08-04T06:47:09Z,1785826029400249095,3851,6680,24988,4,17,27198,9632205,200,0,386,0,0,1626,5105
3837,2026-08-04T06:47:10Z,1785826030404264810,3852,6680,24988,4,17,27206,9633003,200,0,386,0,0,1626,5105
3838,2026-08-04T06:47:11Z,1785826031408055942,3853,6680,24988,4,17,27214,9633798,200,0,386,0,0,1626,5105
3839,2026-08-04T06:47:12Z,1785826032412284011,3854,6680,24988,4,17,27221,9634590,200,0,386,0,0,1626,5105
3840,2026-08-04T06:47:13Z,1785826033416283805,3855,6680,24988,4,17,27228,9635385,200,0,386,0,0,1626,5105
3841,2026-08-04T06:47:14Z,1785826034420067630,3856,6680,24988,4,17,27235,9636178,200,0,386,0,0,1626,5105
3842,2026-08-04T06:47:15Z,1785826035424506428,3857,6680,24988,4,17,27243,9636972,200,0,386,0,0,1626,5105
3843,2026-08-04T06:47:16Z,1785826036428029809,3858,6680,24988,4,17,27251,9637767,200,0,386,0,0,1626,5105
3844,2026-08-04T06:47:17Z,1785826037431029292,3859,6680,24988,4,17,27258,9638561,200,0,386,0,0,1626,5105
3845,2026-08-04T06:47:18Z,1785826038435178128,3860,6680,24988,4,17,27266,9639353,200,0,386,0,0,1626,5105
3846,2026-08-04T06:47:19Z,1785826039439424608,3861,6680,24988,4,17,27273,9640148,200,0,386,0,0,1626,5105
3847,2026-08-04T06:47:20Z,1785826040443882644,3862,6684,24988,4,18,27282,9640941,200,0,386,0,0,1626,5105
3848,2026-08-04T06:47:21Z,1785826041447446289,3863,6684,24988,4,18,27289,9641734,200,0,386,0,0,1626,5105
3849,2026-08-04T06:47:22Z,1785826042451635719,3864,6684,24988,4,18,27296,9642529,200,0,386,0,0,1626,5105
3850,2026-08-04T06:47:23Z,1785826043455921434,3865,6684,24988,4,18,27304,9643325,200,0,386,0,0,1626,5105
3851,2026-08-04T06:47:24Z,1785826044460019568,3866,6684,24988,4,18,27312,9644117,200,0,386,0,0,1626,5105
3852,2026-08-04T06:47:25Z,1785826045464496044,3867,6684,24988,4,18,27319,9644908,200,0,386,0,0,1626,5105
3853,2026-08-04T06:47:26Z,1785826046467094331,3868,6684,24988,4,18,27327,9645700,200,0,386,0,0,1626,5105
3854,2026-08-04T06:47:27Z,1785826047471176816,3869,6684,24988,4,18,27335,9646497,200,0,386,0,0,1626,5105
3855,2026-08-04T06:47:28Z,1785826048475203719,3870,6684,24988,4,18,27342,9647291,200,0,386,0,0,1626,5105
3856,2026-08-04T06:47:29Z,1785826049479302425,3871,6680,24988,4,17,27350,9648085,200,0,386,0,0,1626,5105
3857,2026-08-04T06:47:30Z,1785826050483596000,3872,6672,24988,4,15,27357,9648880,200,0,386,0,0,1626,5105
3858,2026-08-04T06:47:31Z,1785826051486721707,3873,6624,24988,4,13,27362,9649676,200,0,386,0,0,1626,5105
3859,2026-08-04T06:47:32Z,1785826052490059216,3874,6620,24988,4,12,27366,9650476,200,0,386,0,0,1626,5105
3860,2026-08-04T06:47:33Z,1785826053493907709,3875,6292,24988,4,10,27366,9651279,200,0,386,0,0,1626,5105
3861,2026-08-04T06:47:34Z,1785826054497781801,3876,6292,24988,4,10,27366,9652081,200,0,386,0,0,1626,5105
3862,2026-08-04T06:47:35Z,1785826055501832173,3877,6292,24988,4,10,27366,9652884,200,0,386,0,0,1626,5105
3863,2026-08-04T06:47:36Z,1785826056505590320,3878,6292,24988,4,10,27366,9653687,200,0,386,0,0,1626,5105
3864,2026-08-04T06:47:37Z,1785826057509344603,3879,6292,24988,4,10,27366,9654489,200,0,386,0,0,1626,5105
3865,2026-08-04T06:47:38Z,1785826058513107179,3880,6292,24988,4,10,27366,9655292,200,0,386,0,0,1626,5105
3866,2026-08-04T06:47:39Z,1785826059517140285,3881,6296,24988,4,11,27366,9656093,200,0,386,0,0,1626,5105
3867,2026-08-04T06:47:40Z,1785826060522091825,3882,6300,24988,4,12,27369,9656893,200,0,386,0,0,1626,5105
3868,2026-08-04T06:47:41Z,1785826061525949115,3883,6324,24988,4,13,27371,9657690,200,0,386,0,0,1626,5105
3869,2026-08-04T06:47:42Z,1785826062530749083,3884,6328,24988,4,14,27379,9658485,200,0,386,0,0,1626,5105
3870,2026-08-04T06:47:43Z,1785826063534219485,3885,6652,24988,4,15,27386,9659281,200,0,386,0,0,1626,5105
3871,2026-08-04T06:47:44Z,1785826064537767550,3886,6664,24988,4,18,27394,9660077,200,0,386,0,0,1626,5106
3872,2026-08-04T06:47:45Z,1785826065541276848,3887,6664,24988,4,18,27402,9660873,200,0,386,0,0,1626,5106
3873,2026-08-04T06:47:46Z,1785826066544154820,3888,6664,24988,4,18,27409,9661667,200,0,386,0,0,1626,5107
3874,2026-08-04T06:47:47Z,1785826067548117007,3889,6664,24988,4,18,27417,9662464,200,0,386,0,0,1626,5108
3875,2026-08-04T06:47:48Z,1785826068551747539,3890,6664,24988,4,18,27425,9663259,200,0,386,0,0,1626,5109
3876,2026-08-04T06:47:49Z,1785826069555828558,3891,6664,24988,4,18,27432,9664053,200,0,386,0,0,1626,5110
3877,2026-08-04T06:47:50Z,1785826070560461328,3892,6664,24988,4,18,27440,9664847,200,0,386,0,0,1626,5111
3878,2026-08-04T06:47:51Z,1785826071563792624,3893,6664,24988,4,18,27447,9665642,200,0,386,0,0,1626,5112
3879,2026-08-04T06:47:52Z,1785826072567977407,3894,6664,24988,4,18,27455,9666438,200,0,386,0,0,1626,5112
3880,2026-08-04T06:47:53Z,1785826073572225072,3895,6664,24988,4,18,27463,9667232,200,0,386,0,0,1626,5113
3881,2026-08-04T06:47:54Z,1785826074576338065,3896,6664,24988,4,18,27471,9668028,200,0,386,0,0,1626,5114
3882,2026-08-04T06:47:55Z,1785826075580703900,3897,6664,24988,4,18,27478,9668824,200,0,386,0,0,1626,5114
3883,2026-08-04T06:47:56Z,1785826076583819249,3898,6664,24988,4,18,27486,9669620,200,0,386,0,0,1626,5114
3884,2026-08-04T06:47:57Z,1785826077587991999,3899,6664,24988,4,18,27494,9670414,200,0,386,0,0,1626,5115
3885,2026-08-04T06:47:58Z,1785826078592194419,3900,6664,24988,4,18,27501,9671209,200,0,386,0,0,1626,5116
3886,2026-08-04T06:47:59Z,1785826079596741187,3901,6664,24988,4,18,27508,9672005,200,0,386,0,0,1626,5116
3887,2026-08-04T06:48:00Z,1785826080599935317,3902,6664,24988,4,18,27516,9672798,200,0,386,0,0,1626,5116
3888,2026-08-04T06:48:01Z,1785826081605429037,3903,6664,24988,4,18,27524,9673594,200,0,386,0,0,1626,5117
3889,2026-08-04T06:48:02Z,1785826082608056235,3904,6664,24988,4,18,27533,9674387,200,0,386,0,0,1626,5118
3890,2026-08-04T06:48:03Z,1785826083612021933,3905,6664,24988,4,18,27540,9675182,200,0,386,0,0,1626,5119
3891,2026-08-04T06:48:04Z,1785826084615370304,3906,6664,24988,4,18,27548,9675977,200,0,386,0,0,1626,5119
3892,2026-08-04T06:48:05Z,1785826085618689990,3907,6664,24988,4,18,27555,9676770,200,0,386,0,0,1626,5119
3893,2026-08-04T06:48:06Z,1785826086622974289,3908,6664,24988,4,18,27563,9677567,200,0,386,0,0,1626,5121
3894,2026-08-04T06:48:07Z,1785826087627379252,3909,6664,24988,4,18,27571,9678363,200,0,386,0,0,1626,5122
3895,2026-08-04T06:48:08Z,1785826088630680818,3910,6664,24988,4,18,27578,9679158,200,0,386,0,0,1626,5123
3896,2026-08-04T06:48:09Z,1785826089634577166,3911,6664,24988,4,18,27586,9679952,200,0,386,0,0,1626,5124
3897,2026-08-04T06:48:10Z,1785826090638422797,3912,6664,24988,4,18,27594,9680747,200,0,386,0,0,1626,5125
3898,2026-08-04T06:48:11Z,1785826091642710647,3913,6664,24988,4,18,27600,9681543,200,0,386,0,0,1626,5126
3899,2026-08-04T06:48:12Z,1785826092646977897,3914,6664,24988,4,18,27608,9682337,200,0,386,0,0,1626,5127
3900,2026-08-04T06:48:13Z,1785826093650883057,3915,6664,24988,4,18,27616,9683131,200,0,386,0,0,1626,5128
3901,2026-08-04T06:48:14Z,1785826094655278728,3916,6660,24988,4,17,27624,9683926,200,0,386,0,0,1626,5128
3902,2026-08-04T06:48:15Z,1785826095658588775,3917,6660,24988,4,17,27631,9684717,200,0,386,0,0,1626,5129
3903,2026-08-04T06:48:16Z,1785826096662598819,3918,6660,24988,4,17,27639,9685513,200,0,386,0,0,1626,5130
3904,2026-08-04T06:48:17Z,1785826097666735322,3919,6660,24988,4,17,27647,9686308,200,0,386,0,0,1626,5130
3905,2026-08-04T06:48:18Z,1785826098670527009,3920,6660,24988,4,17,27654,9687103,200,0,386,0,0,1626,5131
3906,2026-08-04T06:48:19Z,1785826099674776515,3921,6660,24988,4,17,27662,9687898,200,0,386,0,0,1626,5132
3907,2026-08-04T06:48:20Z,1785826100677869505,3922,6660,24988,4,17,27670,9688692,200,0,386,0,0,1626,5132
3908,2026-08-04T06:48:21Z,1785826101681534657,3923,6660,24988,4,17,27677,9689485,200,0,386,0,0,1626,5133
3909,2026-08-04T06:48:22Z,1785826102685098324,3924,6660,24988,4,17,27684,9690280,200,0,386,0,0,1626,5133
3910,2026-08-04T06:48:23Z,1785826103688949538,3925,6660,24988,4,17,27691,9691074,200,0,386,0,0,1626,5133
3911,2026-08-04T06:48:24Z,1785826104693106182,3926,6660,24988,4,17,27699,9691869,200,0,386,0,0,1626,5134
3912,2026-08-04T06:48:25Z,1785826105697431402,3927,6660,24988,4,17,27707,9692662,200,0,386,0,0,1626,5135
3913,2026-08-04T06:48:26Z,1785826106701606765,3928,6660,24988,4,17,27715,9693461,200,0,386,0,0,1626,5136
3914,2026-08-04T06:48:27Z,1785826107706069498,3929,6664,24988,4,18,27722,9694254,200,0,386,0,0,1626,5138
3915,2026-08-04T06:48:28Z,1785826108709522816,3930,6664,24988,4,18,27730,9695049,200,0,386,0,0,1626,5139
3916,2026-08-04T06:48:29Z,1785826109713250704,3931,6664,24988,4,18,27738,9695844,200,0,386,0,0,1626,5140
3917,2026-08-04T06:48:30Z,1785826110716939592,3932,6664,24988,4,18,27746,9696636,200,0,386,0,0,1626,5140
3918,2026-08-04T06:48:31Z,1785826111720253871,3933,6664,24988,4,18,27754,9697429,200,0,386,0,0,1626,5141
3919,2026-08-04T06:48:32Z,1785826112723446855,3934,6664,24988,4,18,27761,9698224,200,0,386,0,0,1626,5142
3920,2026-08-04T06:48:33Z,1785826113727315637,3935,6664,24988,4,18,27768,9699019,200,0,386,0,0,1626,5143
3921,2026-08-04T06:48:34Z,1785826114731549661,3936,6664,24988,4,18,27776,9699814,200,0,386,0,0,1626,5144
3922,2026-08-04T06:48:35Z,1785826115735380787,3937,6664,24988,4,18,27784,9700612,200,0,386,0,0,1626,5145
3923,2026-08-04T06:48:36Z,1785826116739332406,3938,6664,24988,4,18,27791,9701407,200,0,386,0,0,1626,5146
3924,2026-08-04T06:48:37Z,1785826117743407364,3939,6664,24988,4,18,27799,9702202,200,0,386,0,0,1626,5147
3925,2026-08-04T06:48:38Z,1785826118747579138,3940,6664,24988,4,18,27807,9702996,200,0,386,0,0,1626,5148
3926,2026-08-04T06:48:39Z,1785826119751953776,3941,6664,24988,4,18,27814,9703790,200,0,386,0,0,1626,5149
3927,2026-08-04T06:48:40Z,1785826120755174720,3942,6664,24988,4,18,27822,9704585,200,0,386,0,0,1626,5150
3928,2026-08-04T06:48:41Z,1785826121759588757,3943,6664,24988,4,18,27829,9705379,200,0,386,0,0,1626,5151
3929,2026-08-04T06:48:42Z,1785826122762959618,3944,6664,24988,4,18,27837,9706175,200,0,386,0,0,1626,5152
3930,2026-08-04T06:48:43Z,1785826123767345878,3945,6664,24988,4,18,27844,9706969,200,0,386,0,0,1626,5153
3931,2026-08-04T06:48:44Z,1785826124770592543,3946,6664,24988,4,18,27852,9707765,200,0,386,0,0,1626,5154
3932,2026-08-04T06:48:45Z,1785826125773691653,3947,6664,24988,4,18,27860,9708558,200,0,386,0,0,1626,5155
3933,2026-08-04T06:48:46Z,1785826126777522221,3948,6664,24988,4,18,27867,9709354,200,0,386,0,0,1626,5156
3934,2026-08-04T06:48:47Z,1785826127781296846,3949,6664,24988,4,18,27874,9710149,200,0,386,0,0,1626,5157
3935,2026-08-04T06:48:48Z,1785826128785131583,3950,6664,24988,4,18,27883,9710942,200,0,386,0,0,1626,5158
3936,2026-08-04T06:48:49Z,1785826129789388009,3951,6664,24988,4,18,27890,9711737,200,0,386,0,0,1626,5158
3937,2026-08-04T06:48:50Z,1785826130792044153,3952,6664,24988,4,18,27897,9712533,200,0,386,0,0,1626,5159
3938,2026-08-04T06:48:51Z,1785826131795813155,3953,6664,24988,4,18,27904,9713328,200,0,386,0,0,1626,5160
3939,2026-08-04T06:48:52Z,1785826132799353363,3954,6664,24988,4,18,27912,9714123,200,0,386,0,0,1626,5160
3940,2026-08-04T06:48:53Z,1785826133803006428,3955,6664,24988,4,18,27920,9714915,200,0,386,0,0,1626,5161
3941,2026-08-04T06:48:54Z,1785826134807113220,3956,6664,24988,4,18,27927,9715710,200,0,386,0,0,1626,5161
3942,2026-08-04T06:48:55Z,1785826135811057542,3957,6664,24988,4,18,27934,9716506,200,0,386,0,0,1626,5162
3943,2026-08-04T06:48:56Z,1785826136815172557,3958,6664,24988,4,18,27942,9717301,200,0,386,0,0,1626,5163
3944,2026-08-04T06:48:57Z,1785826137820523122,3959,6660,24988,4,17,27950,9718095,200,0,386,0,0,1626,5164
3945,2026-08-04T06:48:58Z,1785826138822151126,3960,6660,24988,4,17,27957,9718890,200,0,386,0,0,1626,5165
3946,2026-08-04T06:48:59Z,1785826139826424181,3961,6660,24988,4,17,27965,9719686,200,0,386,0,0,1626,5165
3947,2026-08-04T06:49:00Z,1785826140830279460,3962,6660,24988,4,17,27972,9720481,200,0,386,0,0,1626,5166
3948,2026-08-04T06:49:01Z,1785826141833572571,3963,6660,24988,4,17,27981,9721277,200,0,386,0,0,1626,5166
3949,2026-08-04T06:49:02Z,1785826142836890281,3964,6660,24988,4,17,27989,9722071,200,0,386,0,0,1626,5167
3950,2026-08-04T06:49:03Z,1785826143840381460,3965,6660,24988,4,17,27997,9722864,200,0,386,0,0,1626,5167
3951,2026-08-04T06:49:04Z,1785826144844006592,3966,6660,24988,4,17,28005,9723659,200,0,386,0,0,1626,5168
3952,2026-08-04T06:49:05Z,1785826145846929086,3967,6660,24988,4,17,28012,9724452,200,0,386,0,0,1626,5169
3953,2026-08-04T06:49:06Z,1785826146850859327,3968,6660,24988,4,17,28020,9725251,200,0,386,0,0,1626,5169
3954,2026-08-04T06:49:07Z,1785826147854867694,3969,6660,24988,4,17,28028,9726045,200,0,386,0,0,1626,5170
3955,2026-08-04T06:49:08Z,1785826148859125126,3970,6660,24988,4,17,28035,9726842,200,0,386,0,0,1626,5170
3956,2026-08-04T06:49:09Z,1785826149863185011,3971,6660,24988,4,17,28043,9727638,200,0,386,0,0,1626,5171
3957,2026-08-04T06:49:10Z,1785826150866843583,3972,6660,24988,4,17,28050,9728435,200,0,386,0,0,1626,5172
3958,2026-08-04T06:49:11Z,1785826151870992547,3973,6660,24988,4,17,28057,9729231,200,0,386,0,0,1626,5172
3959,2026-08-04T06:49:12Z,1785826152874898016,3974,6660,24988,4,17,28065,9730026,200,0,386,0,0,1626,5173
3960,2026-08-04T06:49:13Z,1785826153879063511,3975,6660,24988,4,17,28073,9730824,200,0,386,0,0,1626,5173
3961,2026-08-04T06:49:14Z,1785826154884214412,3976,6660,24988,4,17,28080,9731621,200,0,386,0,0,1626,5174
3962,2026-08-04T06:49:15Z,1785826155887352730,3977,6660,24988,4,17,28088,9732415,200,0,386,0,0,1626,5175
3963,2026-08-04T06:49:16Z,1785826156891162906,3978,6660,24988,4,17,28095,9733210,200,0,386,0,0,1626,5176
3964,2026-08-04T06:49:17Z,1785826157895228215,3979,6660,24988,4,17,28104,9734008,200,0,386,0,0,1626,5176
3965,2026-08-04T06:49:18Z,1785826158899769773,3980,6660,24988,4,17,28111,9734805,200,0,386,0,0,1626,5177
3966,2026-08-04T06:49:19Z,1785826159902861637,3981,6660,24988,4,17,28118,9735604,200,0,386,0,0,1626,5178
3967,2026-08-04T06:49:20Z,1785826160907103667,3982,6660,24988,4,17,28126,9736399,200,0,386,0,0,1626,5179
3968,2026-08-04T06:49:21Z,1785826161910151719,3983,6660,24988,4,17,28133,9737191,200,0,386,0,0,1626,5179
3969,2026-08-04T06:49:22Z,1785826162914390226,3984,6660,24988,4,17,28140,9737988,200,0,386,0,0,1626,5179
3970,2026-08-04T06:49:23Z,1785826163918920314,3985,6660,24988,4,17,28148,9738784,200,0,386,0,0,1626,5179
3971,2026-08-04T06:49:24Z,1785826164922119917,3986,6660,24988,4,17,28156,9739578,200,0,386,0,0,1626,5180
3972,2026-08-04T06:49:25Z,1785826165926229364,3987,6660,24988,4,17,28163,9740375,200,0,386,0,0,1626,5181
3973,2026-08-04T06:49:26Z,1785826166930346205,3988,6660,24988,4,17,28171,9741169,200,0,386,0,0,1626,5182
3974,2026-08-04T06:49:27Z,1785826167934776056,3989,6660,24988,4,17,28178,9741965,200,0,386,0,0,1626,5183
3975,2026-08-04T06:49:28Z,1785826168937496230,3990,6660,24988,4,17,28186,9742759,200,0,386,0,0,1626,5184
3976,2026-08-04T06:49:29Z,1785826169941820939,3991,6660,24988,4,17,28193,9743556,200,0,386,0,0,1626,5184
3977,2026-08-04T06:49:30Z,1785826170946251370,3992,6660,24988,4,17,28201,9744351,200,0,386,0,0,1626,5185
3978,2026-08-04T06:49:31Z,1785826171948105350,3993,6660,24988,4,17,28209,9745143,200,0,386,0,0,1626,5185
3979,2026-08-04T06:49:32Z,1785826172952455384,3994,6660,24988,4,17,28217,9745939,200,0,386,0,0,1626,5186
3980,2026-08-04T06:49:33Z,1785826173955245248,3995,6660,24988,4,17,28225,9746733,200,0,386,0,0,1626,5187
3981,2026-08-04T06:49:34Z,1785826174959543652,3996,6660,24988,4,17,28231,9747529,200,0,386,0,0,1626,5187
3982,2026-08-04T06:49:35Z,1785826175962876440,3997,6660,24988,4,17,28239,9748321,200,0,386,0,0,1626,5188
3983,2026-08-04T06:49:36Z,1785826176966131796,3998,6660,24988,4,17,28248,9749116,200,0,386,0,0,1626,5188
3984,2026-08-04T06:49:37Z,1785826177970254958,3999,6660,24988,4,17,28255,9749912,200,0,386,0,0,1626,5189
3985,2026-08-04T06:49:38Z,1785826178973941292,4000,6656,24988,4,16,28262,9750706,200,0,386,0,0,1626,5189
3986,2026-08-04T06:49:39Z,1785826179977143960,4001,6652,24988,4,15,28269,9751501,200,0,386,0,0,1626,5190
3987,2026-08-04T06:49:40Z,1785826180981613525,4002,6628,24988,4,14,28274,9752301,200,0,386,0,0,1626,5191
3988,2026-08-04T06:49:41Z,1785826181984702323,4003,6620,24988,4,12,28278,9753101,200,0,386,0,0,1626,5191
3989,2026-08-04T06:49:42Z,1785826182988743337,4004,6292,24988,4,10,28278,9753904,200,0,386,0,0,1626,5191
3990,2026-08-04T06:49:43Z,1785826183992528436,4005,6292,24988,4,10,28278,9754706,200,0,386,0,0,1626,5191
3991,2026-08-04T06:49:44Z,1785826184996895812,4006,6292,24988,4,10,28278,9755509,200,0,386,0,0,1626,5191
3992,2026-08-04T06:49:45Z,1785826185999754994,4007,6292,24988,4,10,28278,9756311,200,0,386,0,0,1626,5191
3993,2026-08-04T06:49:47Z,1785826187003797876,4009,6292,24988,4,10,28278,9757115,200,0,386,0,0,1626,5191
3994,2026-08-04T06:49:48Z,1785826188007626053,4010,6296,24988,4,11,28278,9757916,200,0,386,0,0,1626,5191
3995,2026-08-04T06:49:49Z,1785826189011917068,4011,6300,24988,4,12,28278,9758719,200,0,386,0,0,1626,5191
3996,2026-08-04T06:49:50Z,1785826190015154035,4012,6324,24988,4,13,28280,9759516,200,0,386,0,0,1626,5191
3997,2026-08-04T06:49:51Z,1785826191019275794,4013,6328,24988,4,14,28283,9760313,200,0,386,0,0,1626,5191
3998,2026-08-04T06:49:52Z,1785826192023065367,4014,6652,24988,4,15,28291,9761108,200,0,386,0,0,1626,5191
3999,2026-08-04T06:49:53Z,1785826193026895779,4015,6664,24988,4,18,28299,9761901,200,0,386,0,0,1626,5192
4000,2026-08-04T06:49:54Z,1785826194030812984,4016,6664,24988,4,18,28306,9762697,200,0,386,0,0,1626,5193
4001,2026-08-04T06:49:55Z,1785826195034976621,4017,6664,24988,4,18,28314,9763492,200,0,386,0,0,1626,5193
4002,2026-08-04T06:49:56Z,1785826196039273105,4018,6664,24988,4,18,28322,9764291,200,0,386,0,0,1626,5194
4003,2026-08-04T06:49:57Z,1785826197042989034,4019,6664,24988,4,18,28329,9765083,200,0,386,0,0,1626,5195
4004,2026-08-04T06:49:58Z,1785826198046756612,4020,6664,24988,4,18,28336,9765880,200,0,386,0,0,1626,5196
4005,2026-08-04T06:49:59Z,1785826199050256682,4021,6664,24988,4,18,28344,9766673,200,0,386,0,0,1626,5197
4006,2026-08-04T06:50:00Z,1785826200054958490,4022,6664,24988,4,18,28351,9767467,200,0,386,0,0,1626,5198
4007,2026-08-04T06:50:01Z,1785826201058323982,4023,6664,24988,4,18,28359,9768261,200,0,386,0,0,1626,5198
4008,2026-08-04T06:50:02Z,1785826202062728026,4024,6664,24988,4,18,28367,9769056,200,0,386,0,0,1626,5199
4009,2026-08-04T06:50:03Z,1785826203065746987,4025,6664,24988,4,18,28376,9769847,200,0,386,0,0,1626,5199
4010,2026-08-04T06:50:04Z,1785826204070188709,4026,6664,24988,4,18,28384,9770642,200,0,386,0,0,1626,5200
4011,2026-08-04T06:50:05Z,1785826205073508800,4027,6664,24988,4,18,28391,9771435,200,0,386,0,0,1626,5200
4012,2026-08-04T06:50:06Z,1785826206077253512,4028,6664,24988,4,18,28399,9772229,200,0,386,0,0,1626,5201
4013,2026-08-04T06:50:07Z,1785826207080759345,4029,6664,24988,4,18,28406,9773022,200,0,386,0,0,1626,5201
4014,2026-08-04T06:50:08Z,1785826208084110881,4030,6664,24988,4,18,28415,9773817,200,0,386,0,0,1626,5202
4015,2026-08-04T06:50:09Z,1785826209087531390,4031,6664,24988,4,18,28422,9774612,200,0,386,0,0,1626,5203
4016,2026-08-04T06:50:10Z,1785826210091355430,4032,6664,24988,4,18,28430,9775406,200,0,386,0,0,1626,5203
4017,2026-08-04T06:50:11Z,1785826211095678661,4033,6664,24988,4,18,28437,9776203,200,0,386,0,0,1626,5203
4018,2026-08-04T06:50:12Z,1785826212099356848,4034,6664,24988,4,18,28446,9776996,200,0,386,0,0,1626,5203
4019,2026-08-04T06:50:13Z,1785826213102699950,4035,6664,24988,4,18,28453,9777793,200,0,386,0,0,1626,5204
4020,2026-08-04T06:50:14Z,1785826214106147202,4036,6664,24988,4,18,28461,9778587,200,0,386,0,0,1626,5205
4021,2026-08-04T06:50:15Z,1785826215109358492,4037,6664,24988,4,18,28468,9779382,200,0,386,0,0,1626,5205
4022,2026-08-04T06:50:16Z,1785826216113353894,4038,6664,24988,4,18,28476,9780175,200,0,386,0,0,1626,5206
4023,2026-08-04T06:50:17Z,1785826217117801240,4039,6664,24988,4,18,28484,9780972,200,0,386,0,0,1626,5206
4024,2026-08-04T06:50:18Z,1785826218120953935,4040,6664,24988,4,18,28491,9781764,200,0,386,0,0,1626,5207
4025,2026-08-04T06:50:19Z,1785826219124831482,4041,6664,24988,4,18,28499,9782559,200,0,386,0,0,1626,5207
4026,2026-08-04T06:50:20Z,1785826220128732985,4042,6664,24988,4,18,28506,9783354,200,0,386,0,0,1626,5208
4027,2026-08-04T06:50:21Z,1785826221132648147,4043,6664,24988,4,18,28514,9784151,200,0,386,0,0,1626,5209
4028,2026-08-04T06:50:22Z,1785826222136812068,4044,6664,24988,4,18,28521,9784942,200,0,386,0,0,1626,5210
4029,2026-08-04T06:50:23Z,1785826223140801447,4045,6664,24988,4,18,28528,9785740,200,0,386,0,0,1626,5211
4030,2026-08-04T06:50:24Z,1785826224144801807,4046,6660,24988,4,17,28536,9786536,200,0,386,0,0,1626,5212
4031,2026-08-04T06:50:25Z,1785826225148904340,4047,6660,24988,4,17,28544,9787331,200,0,386,0,0,1626,5213
4032,2026-08-04T06:50:26Z,1785826226152810042,4048,6660,24988,4,17,28551,9788127,200,0,386,0,0,1626,5214
4033,2026-08-04T06:50:27Z,1785826227157023735,4049,6660,24988,4,17,28558,9788923,200,0,386,0,0,1626,5215
4034,2026-08-04T06:50:28Z,1785826228160082971,4050,6660,24988,4,17,28566,9789715,200,0,386,0,0,1626,5216
4035,2026-08-04T06:50:29Z,1785826229164587462,4051,6660,24988,4,17,28574,9790510,200,0,386,0,0,1626,5216
4036,2026-08-04T06:50:30Z,1785826230168211892,4052,6660,24988,4,17,28581,9791307,200,0,386,0,0,1626,5216
4037,2026-08-04T06:50:31Z,1785826231171926657,4053,6660,24988,4,17,28590,9792100,200,0,386,0,0,1626,5217
4038,2026-08-04T06:50:32Z,1785826232175385130,4054,6660,24988,4,17,28597,9792893,200,0,386,0,0,1626,5218
4039,2026-08-04T06:50:33Z,1785826233178622058,4055,6660,24988,4,17,28605,9793687,200,0,386,0,0,1626,5219
4040,2026-08-04T06:50:34Z,1785826234182763876,4056,6660,24988,4,17,28613,9794482,200,0,386,0,0,1626,5220
4041,2026-08-04T06:50:35Z,1785826235186811050,4057,6660,24988,4,17,28620,9795277,200,0,386,0,0,1626,5220
4042,2026-08-04T06:50:36Z,1785826236191008509,4058,6660,24988,4,17,28628,9796072,200,0,386,0,0,1626,5221
4043,2026-08-04T06:50:37Z,1785826237195912177,4059,6660,24988,4,17,28635,9796865,200,0,386,0,0,1626,5221
4044,2026-08-04T06:50:38Z,1785826238199235024,4060,6660,24988,4,17,28643,9797660,200,0,386,0,0,1626,5222
4045,2026-08-04T06:50:39Z,1785826239202215894,4061,6660,24988,4,17,28650,9798455,200,0,386,0,0,1626,5222
4046,2026-08-04T06:50:40Z,1785826240205955438,4062,6660,24988,4,17,28658,9799251,200,0,386,0,0,1626,5223
4047,2026-08-04T06:50:41Z,1785826241209557100,4063,6660,24988,4,17,28666,9800047,200,0,386,0,0,1626,5224
4048,2026-08-04T06:50:42Z,1785826242213852997,4064,6660,24988,4,17,28673,9800840,200,0,386,0,0,1626,5225
4049,2026-08-04T06:50:43Z,1785826243216908945,4065,6660,24988,4,17,28681,9801633,200,0,386,0,0,1626,5226
4050,2026-08-04T06:50:44Z,1785826244220915020,4066,6660,24988,4,17,28688,9802427,200,0,386,0,0,1626,5227
4051,2026-08-04T06:50:45Z,1785826245225076602,4067,6660,24988,4,17,28696,9803220,200,0,386,0,0,1626,5227
4052,2026-08-04T06:50:46Z,1785826246229479268,4068,6660,24988,4,17,28704,9804013,200,0,386,0,0,1626,5228
4053,2026-08-04T06:50:47Z,1785826247233010936,4069,6660,24988,4,17,28712,9804806,200,0,386,0,0,1626,5229
4054,2026-08-04T06:50:48Z,1785826248236206250,4070,6660,24988,4,17,28719,9805598,200,0,386,0,0,1626,5230
4055,2026-08-04T06:50:49Z,1785826249240097008,4071,6660,24988,4,17,28727,9806392,200,0,386,0,0,1626,5230
4056,2026-08-04T06:50:50Z,1785826250244221635,4072,6660,24988,4,17,28734,9807188,200,0,386,0,0,1626,5231
4057,2026-08-04T06:50:51Z,1785826251247983216,4073,6660,24988,4,17,28742,9807982,200,0,386,0,0,1626,5231
4058,2026-08-04T06:50:52Z,1785826252251875327,4074,6660,24988,4,17,28749,9808775,200,0,386,0,0,1626,5231
4059,2026-08-04T06:50:53Z,1785826253255962614,4075,6660,24988,4,17,28757,9809570,200,0,386,0,0,1626,5232
4060,2026-08-04T06:50:54Z,1785826254260250386,4076,6660,24988,4,17,28765,9810368,200,0,386,0,0,1626,5233
4061,2026-08-04T06:50:55Z,1785826255263231348,4077,6660,24988,4,17,28772,9811160,200,0,386,0,0,1626,5234
4062,2026-08-04T06:50:56Z,1785826256267597034,4078,6660,24988,4,17,28780,9811956,200,0,386,0,0,1626,5235
4063,2026-08-04T06:50:57Z,1785826257271114301,4079,6660,24988,4,17,28787,9812751,200,0,386,0,0,1626,5236
4064,2026-08-04T06:50:58Z,1785826258274277485,4080,6660,24988,4,17,28795,9813545,200,0,386,0,0,1626,5236
4065,2026-08-04T06:50:59Z,1785826259278124053,4081,6660,24988,4,17,28802,9814339,200,0,386,0,0,1626,5237
4066,2026-08-04T06:51:00Z,1785826260282700874,4082,6660,24988,4,17,28810,9815135,200,0,386,0,0,1626,5237
4067,2026-08-04T06:51:01Z,1785826261285443163,4083,6660,24988,4,17,28818,9815930,200,0,386,0,0,1626,5238
4068,2026-08-04T06:51:02Z,1785826262289887050,4084,6660,24988,4,17,28826,9816724,200,0,386,0,0,1626,5239
4069,2026-08-04T06:51:03Z,1785826263292550280,4085,6660,24988,4,17,28833,9817516,200,0,386,0,0,1626,5240
4070,2026-08-04T06:51:04Z,1785826264296604934,4086,6660,24988,4,17,28841,9818310,200,0,386,0,0,1626,5240
4071,2026-08-04T06:51:05Z,1785826265301000692,4087,6660,24988,4,17,28848,9819105,200,0,386,0,0,1626,5240
4072,2026-08-04T06:51:06Z,1785826266303912940,4088,6660,24988,4,17,28856,9819899,200,0,386,0,0,1626,5241
4073,2026-08-04T06:51:07Z,1785826267307986502,4089,6660,24988,4,17,28864,9820694,200,0,386,0,0,1626,5242
4074,2026-08-04T06:51:08Z,1785826268311747837,4090,6660,24988,4,17,28871,9821490,200,0,386,0,0,1626,5243
4075,2026-08-04T06:51:09Z,1785826269315622614,4091,6660,24988,4,17,28879,9822285,200,0,386,0,0,1626,5244
4076,2026-08-04T06:51:10Z,1785826270319848107,4092,6660,24988,4,17,28886,9823082,200,0,386,0,0,1626,5245
4077,2026-08-04T06:51:11Z,1785826271323962023,4093,6660,24988,4,17,28894,9823877,200,0,386,0,0,1626,5246
4078,2026-08-04T06:51:12Z,1785826272327939490,4094,6660,24988,4,17,28902,9824672,200,0,386,0,0,1626,5247
4079,2026-08-04T06:51:13Z,1785826273331998566,4095,6660,24988,4,17,28910,9825467,200,0,386,0,0,1626,5247
4080,2026-08-04T06:51:14Z,1785826274335957766,4096,6660,24988,4,17,28917,9826262,200,0,386,0,0,1626,5247
4081,2026-08-04T06:51:15Z,1785826275340685386,4097,6660,24988,4,17,28924,9827055,200,0,386,0,0,1626,5247
4082,2026-08-04T06:51:16Z,1785826276343780176,4098,6660,24988,4,17,28932,9827849,200,0,386,0,0,1626,5247
4083,2026-08-04T06:51:17Z,1785826277347812599,4099,6660,24988,4,17,28940,9828646,200,0,386,0,0,1626,5247
4084,2026-08-04T06:51:18Z,1785826278351300393,4100,6660,24988,4,17,28948,9829440,200,0,386,0,0,1626,5247
4085,2026-08-04T06:51:19Z,1785826279355331786,4101,6660,24988,4,17,28955,9830236,200,0,386,0,0,1626,5247
4086,2026-08-04T06:51:20Z,1785826280359994557,4102,6660,24988,4,17,28963,9831030,200,0,386,0,0,1626,5248
4087,2026-08-04T06:51:21Z,1785826281363390008,4103,6660,24988,4,17,28971,9831822,200,0,386,0,0,1626,5249
4088,2026-08-04T06:51:22Z,1785826282367438215,4104,6660,24988,4,17,28979,9832611,200,0,386,0,0,1626,5250
4089,2026-08-04T06:51:23Z,1785826283371214786,4105,6660,24988,4,17,28987,9833404,200,0,386,0,0,1626,5251
4090,2026-08-04T06:51:24Z,1785826284375303868,4106,6660,24988,4,17,28994,9834202,200,0,386,0,0,1626,5251
4091,2026-08-04T06:51:25Z,1785826285379414623,4107,6660,24988,4,17,29002,9834997,200,0,386,0,0,1626,5251
4092,2026-08-04T06:51:26Z,1785826286383210441,4108,6660,24988,4,17,29009,9835794,200,0,386,0,0,1626,5251
4093,2026-08-04T06:51:27Z,1785826287386943557,4109,6660,24988,4,17,29017,9836591,200,0,386,0,0,1626,5251
4094,2026-08-04T06:51:28Z,1785826288390411262,4110,6660,24988,4,17,29024,9837387,200,0,386,0,0,1626,5251
4095,2026-08-04T06:51:29Z,1785826289394208698,4111,6660,24988,4,17,29031,9838183,200,0,386,0,0,1626,5252
4096,2026-08-04T06:51:30Z,1785826290398925687,4112,6660,24988,4,17,29039,9838977,200,0,386,0,0,1626,5253
4097,2026-08-04T06:51:31Z,1785826291402548984,4113,6660,24988,4,17,29048,9839774,200,0,386,0,0,1626,5254
4098,2026-08-04T06:51:32Z,1785826292405368174,4114,6660,24988,4,17,29055,9840564,200,0,386,0,0,1626,5255
4099,2026-08-04T06:51:33Z,1785826293409613977,4115,6660,24988,4,17,29062,9841359,200,0,386,0,0,1626,5255
4100,2026-08-04T06:51:34Z,1785826294413183449,4116,6660,24988,4,17,29070,9842156,200,0,386,0,0,1626,5256
4101,2026-08-04T06:51:35Z,1785826295417107274,4117,6660,24988,4,17,29077,9842949,200,0,386,0,0,1626,5257
4102,2026-08-04T06:51:36Z,1785826296420993033,4118,6660,24988,4,17,29085,9843746,200,0,386,0,0,1626,5257
4103,2026-08-04T06:51:37Z,1785826297424985140,4119,6660,24988,4,17,29093,9844540,200,0,386,0,0,1626,5257
4104,2026-08-04T06:51:38Z,1785826298428868368,4120,6660,24988,4,17,29100,9845335,200,0,386,0,0,1626,5258
4105,2026-08-04T06:51:39Z,1785826299432520377,4121,6660,24988,4,17,29107,9846129,200,0,386,0,0,1626,5259
4106,2026-08-04T06:51:40Z,1785826300436917329,4122,6660,24988,4,17,29115,9846925,200,0,386,0,0,1626,5259
4107,2026-08-04T06:51:41Z,1785826301440767914,4123,6660,24988,4,17,29123,9847719,200,0,386,0,0,1626,5260
4108,2026-08-04T06:51:42Z,1785826302445000695,4124,6660,24988,4,17,29131,9848513,200,0,386,0,0,1626,5261
4109,2026-08-04T06:51:43Z,1785826303449222847,4125,6660,24988,4,17,29138,9849307,200,0,386,0,0,1626,5262
4110,2026-08-04T06:51:44Z,1785826304453586456,4126,6660,24988,4,17,29146,9850102,200,0,386,0,0,1626,5263
4111,2026-08-04T06:51:45Z,1785826305456496074,4127,6660,24988,4,17,29154,9850895,200,0,386,0,0,1626,5264
4112,2026-08-04T06:51:46Z,1785826306460241349,4128,6660,24988,4,17,29161,9851691,200,0,386,0,0,1626,5265
4113,2026-08-04T06:51:47Z,1785826307464291059,4129,6660,24988,4,17,29169,9852483,200,0,386,0,0,1626,5266
4114,2026-08-04T06:51:48Z,1785826308468402000,4130,6656,24988,4,16,29177,9853280,200,0,386,0,0,1626,5266
4115,2026-08-04T06:51:49Z,1785826309472258537,4131,6652,24988,4,15,29183,9854079,200,0,386,0,0,1626,5266
4116,2026-08-04T06:51:50Z,1785826310475734163,4132,6628,24988,4,14,29188,9854878,200,0,386,0,0,1626,5267
4117,2026-08-04T06:51:51Z,1785826311478749282,4133,6620,24988,4,12,29190,9855677,200,0,386,0,0,1626,5267
4118,2026-08-04T06:51:52Z,1785826312482593107,4134,6292,24988,4,10,29191,9856480,200,0,386,0,0,1626,5267
4119,2026-08-04T06:51:53Z,1785826313486674632,4135,6292,24988,4,10,29191,9857282,200,0,386,0,0,1626,5267
4120,2026-08-04T06:51:54Z,1785826314490579417,4136,6292,24988,4,10,29191,9858085,200,0,386,0,0,1626,5267
4121,2026-08-04T06:51:55Z,1785826315494777019,4137,6292,24988,4,10,29191,9858887,200,0,386,0,0,1626,5267
4122,2026-08-04T06:51:56Z,1785826316498871044,4138,6292,24988,4,10,29191,9859690,200,0,386,0,0,1626,5267
4123,2026-08-04T06:51:57Z,1785826317503056183,4139,6296,24988,4,11,29191,9860492,200,0,386,0,0,1626,5267
4124,2026-08-04T06:51:58Z,1785826318506683999,4140,6300,24988,4,12,29191,9861295,200,0,386,0,0,1626,5267
4125,2026-08-04T06:51:59Z,1785826319510477112,4141,6324,24988,4,13,29194,9862093,200,0,386,0,0,1626,5267
4126,2026-08-04T06:52:00Z,1785826320514421316,4142,6328,24988,4,14,29198,9862891,200,0,386,0,0,1626,5267
4127,2026-08-04T06:52:01Z,1785826321518068750,4143,6652,24988,4,15,29205,9863683,200,0,386,0,0,1626,5267
4128,2026-08-04T06:52:02Z,1785826322522800464,4144,6664,24988,4,18,29213,9864479,200,0,386,0,0,1626,5268
4129,2026-08-04T06:52:03Z,1785826323526286907,4145,6664,24988,4,18,29221,9865270,200,0,386,0,0,1626,5269
4130,2026-08-04T06:52:04Z,1785826324529470508,4146,6664,24988,4,18,29229,9866062,200,0,386,0,0,1626,5270
4131,2026-08-04T06:52:05Z,1785826325533457723,4147,6664,24988,4,18,29236,9866862,200,0,386,0,0,1626,5270
4132,2026-08-04T06:52:06Z,1785826326536944883,4148,6664,24988,4,18,29244,9867654,200,0,386,0,0,1626,5271
4133,2026-08-04T06:52:07Z,1785826327541105986,4149,6664,24988,4,18,29252,9868449,200,0,386,0,0,1626,5271
4134,2026-08-04T06:52:08Z,1785826328545161470,4150,6664,24988,4,18,29260,9869244,200,0,386,0,0,1626,5272
4135,2026-08-04T06:52:09Z,1785826329549081328,4151,6664,24988,4,18,29266,9870037,200,0,386,0,0,1626,5273
4136,2026-08-04T06:52:10Z,1785826330552921842,4152,6664,24988,4,18,29274,9870832,200,0,386,0,0,1626,5274
4137,2026-08-04T06:52:11Z,1785826331557766743,4153,6664,24988,4,18,29282,9871629,200,0,386,0,0,1626,5275
4138,2026-08-04T06:52:12Z,1785826332560540748,4154,6664,24988,4,18,29290,9872421,200,0,386,0,0,1626,5275
4139,2026-08-04T06:52:13Z,1785826333564480008,4155,6664,24988,4,18,29297,9873218,200,0,386,0,0,1626,5275
4140,2026-08-04T06:52:14Z,1785826334569448212,4156,6664,24988,4,18,29304,9874012,200,0,386,0,0,1626,5276
4141,2026-08-04T06:52:15Z,1785826335572820394,4157,6664,24988,4,18,29312,9874805,200,0,386,0,0,1626,5277
4142,2026-08-04T06:52:16Z,1785826336577255033,4158,6664,24988,4,18,29320,9875600,200,0,386,0,0,1626,5277
4143,2026-08-04T06:52:17Z,1785826337580313247,4159,6664,24988,4,18,29327,9876394,200,0,386,0,0,1626,5277
4144,2026-08-04T06:52:18Z,1785826338584330784,4160,6664,24988,4,18,29335,9877190,200,0,386,0,0,1626,5278
4145,2026-08-04T06:52:19Z,1785826339589039651,4161,6664,24988,4,18,29342,9877987,200,0,386,0,0,1626,5279
4146,2026-08-04T06:52:20Z,1785826340592359404,4162,6664,24988,4,18,29350,9878783,200,0,386,0,0,1626,5280
4147,2026-08-04T06:52:21Z,1785826341596371267,4163,6664,24988,4,18,29358,9879575,200,0,386,0,0,1626,5280
4148,2026-08-04T06:52:22Z,1785826342600446326,4164,6664,24988,4,18,29365,9880371,200,0,386,0,0,1626,5281
4149,2026-08-04T06:52:23Z,1785826343604632216,4165,6664,24988,4,18,29373,9881167,200,0,386,0,0,1626,5282
4150,2026-08-04T06:52:24Z,1785826344609084663,4166,6664,24988,4,18,29381,9881961,200,0,386,0,0,1626,5282
4151,2026-08-04T06:52:25Z,1785826345612290356,4167,6664,24988,4,18,29389,9882755,200,0,386,0,0,1626,5283
4152,2026-08-04T06:52:26Z,1785826346615176011,4168,6664,24988,4,18,29397,9883549,200,0,386,0,0,1626,5284
4153,2026-08-04T06:52:27Z,1785826347619157730,4169,6664,24988,4,18,29404,9884344,200,0,386,0,0,1626,5284
4154,2026-08-04T06:52:28Z,1785826348623234617,4170,6664,24988,4,18,29411,9885135,200,0,386,0,0,1626,5285
4155,2026-08-04T06:52:29Z,1785826349628407251,4171,6664,24988,4,18,29419,9885929,200,0,386,0,0,1626,5286
4156,2026-08-04T06:52:30Z,1785826350632232971,4172,6664,24988,4,18,29427,9886721,200,0,386,0,0,1626,5287
4157,2026-08-04T06:52:31Z,1785826351635434588,4173,6664,24988,4,18,29435,9887514,200,0,386,0,0,1626,5288
4158,2026-08-04T06:52:32Z,1785826352639435944,4174,6660,24988,4,17,29443,9888306,200,0,386,0,0,1626,5289
4159,2026-08-04T06:52:33Z,1785826353643835439,4175,6660,24988,4,17,29451,9889102,200,0,386,0,0,1626,5290
4160,2026-08-04T06:52:34Z,1785826354647156759,4176,6660,24988,4,17,29459,9889895,200,0,386,0,0,1626,5290
4161,2026-08-04T06:52:35Z,1785826355649941040,4177,6660,24988,4,17,29466,9890689,200,0,386,0,0,1626,5290
4162,2026-08-04T06:52:36Z,1785826356653502919,4178,6660,24988,4,17,29473,9891484,200,0,386,0,0,1626,5290
4163,2026-08-04T06:52:37Z,1785826357657743441,4179,6660,24988,4,17,29481,9892276,200,0,386,0,0,1626,5291
4164,2026-08-04T06:52:38Z,1785826358660881715,4180,6660,24988,4,17,29488,9893071,200,0,386,0,0,1626,5292
4165,2026-08-04T06:52:39Z,1785826359664914439,4181,6660,24988,4,17,29496,9893866,200,0,386,0,0,1626,5293
4166,2026-08-04T06:52:40Z,1785826360669359052,4182,6660,24988,4,17,29503,9894663,200,0,386,0,0,1626,5293
4167,2026-08-04T06:52:41Z,1785826361672398066,4183,6660,24988,4,17,29512,9895456,200,0,386,0,0,1626,5293
4168,2026-08-04T06:52:42Z,1785826362676730361,4184,6660,24988,4,17,29519,9896253,200,0,386,0,0,1626,5293
4169,2026-08-04T06:52:43Z,1785826363680126406,4185,6660,24988,4,17,29527,9897048,200,0,386,0,0,1626,5293
4170,2026-08-04T06:52:44Z,1785826364683670634,4186,6660,24988,4,17,29534,9897842,200,0,386,0,0,1626,5293
4171,2026-08-04T06:52:45Z,1785826365687143815,4187,6660,24988,4,17,29542,9898635,200,0,386,0,0,1626,5294
4172,2026-08-04T06:52:46Z,1785826366690642998,4188,6660,24988,4,17,29550,9899431,200,0,386,0,0,1626,5294
4173,2026-08-04T06:52:47Z,1785826367693697042,4189,6660,24988,4,17,29557,9900225,200,0,386,0,0,1626,5295
4174,2026-08-04T06:52:48Z,1785826368697903240,4190,6660,24988,4,17,29565,9901022,200,0,386,0,0,1626,5295
4175,2026-08-04T06:52:49Z,1785826369701137757,4191,6660,24988,4,17,29573,9901814,200,0,386,0,0,1626,5296
4176,2026-08-04T06:52:50Z,1785826370704491883,4192,6660,24988,4,17,29580,9902607,200,0,386,0,0,1626,5296
4177,2026-08-04T06:52:51Z,1785826371707803271,4193,6660,24988,4,17,29588,9903399,200,0,386,0,0,1626,5297
4178,2026-08-04T06:52:52Z,1785826372711484249,4194,6660,24988,4,17,29596,9904194,200,0,386,0,0,1626,5297
4179,2026-08-04T06:52:53Z,1785826373714474381,4195,6660,24988,4,17,29603,9904989,200,0,386,0,0,1626,5298
4180,2026-08-04T06:52:54Z,1785826374718710474,4196,6660,24988,4,17,29610,9905783,200,0,386,0,0,1626,5299
4181,2026-08-04T06:52:55Z,1785826375722825192,4197,6660,24988,4,17,29618,9906579,200,0,386,0,0,1626,5300
4182,2026-08-04T06:52:56Z,1785826376726631934,4198,6660,24988,4,17,29625,9907372,200,0,386,0,0,1626,5300
4183,2026-08-04T06:52:57Z,1785826377730314459,4199,6660,24988,4,17,29633,9908166,200,0,386,0,0,1626,5300
4184,2026-08-04T06:52:58Z,1785826378734069163,4200,6660,24988,4,17,29641,9908960,200,0,386,0,0,1626,5301
4185,2026-08-04T06:52:59Z,1785826379738444552,4201,6660,24988,4,17,29648,9909751,200,0,386,0,0,1626,5302
4186,2026-08-04T06:53:00Z,1785826380742092398,4202,6660,24988,4,17,29656,9910546,200,0,386,0,0,1626,5302
4187,2026-08-04T06:53:01Z,1785826381745496930,4203,6660,24988,4,17,29664,9911341,200,0,386,0,0,1626,5303
4188,2026-08-04T06:53:02Z,1785826382748842429,4204,6660,24988,4,17,29672,9912135,200,0,386,0,0,1626,5303
4189,2026-08-04T06:53:03Z,1785826383752430984,4205,6660,24988,4,17,29680,9912928,200,0,386,0,0,1626,5304
4190,2026-08-04T06:53:04Z,1785826384756021635,4206,6660,24988,4,17,29688,9913719,200,0,386,0,0,1626,5304
4191,2026-08-04T06:53:05Z,1785826385759284254,4207,6664,24988,4,18,29695,9914512,200,0,386,0,0,1626,5305
4192,2026-08-04T06:53:06Z,1785826386763437504,4208,6664,24988,4,18,29703,9915307,200,0,386,0,0,1626,5305
4193,2026-08-04T06:53:07Z,1785826387768323064,4209,6664,24988,4,18,29711,9916104,200,0,386,0,0,1626,5306
4194,2026-08-04T06:53:08Z,1785826388771722237,4210,6664,24988,4,18,29718,9916897,200,0,386,0,0,1626,5307
4195,2026-08-04T06:53:09Z,1785826389775506919,4211,6664,24988,4,18,29726,9917691,200,0,386,0,0,1626,5308
4196,2026-08-04T06:53:10Z,1785826390779274449,4212,6664,24988,4,18,29734,9918484,200,0,386,0,0,1626,5309
4197,2026-08-04T06:53:11Z,1785826391783158208,4213,6664,24988,4,18,29741,9919280,200,0,386,0,0,1626,5309
4198,2026-08-04T06:53:12Z,1785826392787521649,4214,6664,24988,4,18,29749,9920076,200,0,386,0,0,1626,5310
4199,2026-08-04T06:53:13Z,1785826393791909208,4215,6664,24988,4,18,29756,9920871,200,0,386,0,0,1626,5311
4200,2026-08-04T06:53:14Z,1785826394795602550,4216,6664,24988,4,18,29763,9921664,200,0,386,0,0,1626,5312
4201,2026-08-04T06:53:15Z,1785826395799284449,4217,6664,24988,4,18,29772,9922455,200,0,386,0,0,1626,5313
4202,2026-08-04T06:53:16Z,1785826396802506742,4218,6664,24988,4,18,29780,9923248,200,0,386,0,0,1626,5314
4203,2026-08-04T06:53:17Z,1785826397806295445,4219,6664,24988,4,18,29787,9924043,200,0,386,0,0,1626,5315
4204,2026-08-04T06:53:18Z,1785826398810080697,4220,6664,24988,4,18,29794,9924837,200,0,386,0,0,1626,5315
4205,2026-08-04T06:53:19Z,1785826399813771949,4221,6664,24988,4,18,29802,9925631,200,0,386,0,0,1626,5315
4206,2026-08-04T06:53:20Z,1785826400817816147,4222,6664,24988,4,18,29810,9926425,200,0,386,0,0,1626,5315
4207,2026-08-04T06:53:21Z,1785826401821515271,4223,6664,24988,4,18,29817,9927218,200,0,386,0,0,1626,5316
4208,2026-08-04T06:53:22Z,1785826402825523333,4224,6664,24988,4,18,29825,9928011,200,0,386,0,0,1626,5317
4209,2026-08-04T06:53:23Z,1785826403829730305,4225,6664,24988,4,18,29832,9928805,200,0,386,0,0,1626,5317
4210,2026-08-04T06:53:24Z,1785826404834104491,4226,6664,24988,4,18,29840,9929602,200,0,386,0,0,1626,5318
4211,2026-08-04T06:53:25Z,1785826405838423164,4227,6664,24988,4,18,29848,9930397,200,0,386,0,0,1626,5318
4212,2026-08-04T06:53:26Z,1785826406841443912,4228,6664,24988,4,18,29854,9931191,200,0,386,0,0,1626,5319
4213,2026-08-04T06:53:27Z,1785826407846101784,4229,6664,24988,4,18,29862,9931985,200,0,386,0,0,1626,5320
4214,2026-08-04T06:53:28Z,1785826408849363319,4230,6664,24988,4,18,29870,9932780,200,0,386,0,0,1626,5321
4215,2026-08-04T06:53:29Z,1785826409854203350,4231,6664,24988,4,18,29878,9933575,200,0,386,0,0,1626,5322
4216,2026-08-04T06:53:30Z,1785826410858395287,4232,6664,24988,4,18,29885,9934369,200,0,386,0,0,1626,5323
4217,2026-08-04T06:53:31Z,1785826411861614556,4233,6664,24988,4,18,29893,9935163,200,0,386,0,0,1626,5324
4218,2026-08-04T06:53:32Z,1785826412866052911,4234,6664,24988,4,18,29901,9935958,200,0,386,0,0,1626,5324
4219,2026-08-04T06:53:33Z,1785826413868816931,4235,6664,24988,4,18,29908,9936752,200,0,386,0,0,1626,5325
4220,2026-08-04T06:53:34Z,1785826414873206876,4236,6664,24988,4,18,29916,9937544,200,0,386,0,0,1626,5326
4221,2026-08-04T06:53:35Z,1785826415877442156,4237,6660,24988,4,17,29923,9938337,200,0,386,0,0,1626,5326
4222,2026-08-04T06:53:36Z,1785826416881739408,4238,6660,24988,4,17,29931,9939131,200,0,386,0,0,1626,5326
4223,2026-08-04T06:53:37Z,1785826417884900641,4239,6660,24988,4,17,29939,9939925,200,0,386,0,0,1626,5326
4224,2026-08-04T06:53:38Z,1785826418889414825,4240,6660,24988,4,17,29947,9940718,200,0,386,0,0,1626,5327
4225,2026-08-04T06:53:39Z,1785826419893124088,4241,6660,24988,4,17,29955,9941512,200,0,386,0,0,1626,5328
4226,2026-08-04T06:53:40Z,1785826420896115386,4242,6660,24988,4,17,29962,9942306,200,0,386,0,0,1626,5329
4227,2026-08-04T06:53:41Z,1785826421900393788,4243,6660,24988,4,17,29970,9943099,200,0,386,0,0,1626,5330
4228,2026-08-04T06:53:42Z,1785826422904172147,4244,6660,24988,4,17,29978,9943895,200,0,386,0,0,1626,5330
4229,2026-08-04T06:53:43Z,1785826423908398503,4245,6660,24988,4,17,29985,9944688,200,0,386,0,0,1626,5331
4230,2026-08-04T06:53:44Z,1785826424913368257,4246,6660,24988,4,17,29992,9945483,200,0,386,0,0,1626,5332
4231,2026-08-04T06:53:45Z,1785826425918303323,4247,6660,24988,4,17,30001,9946279,200,0,386,0,0,1626,5333
4232,2026-08-04T06:53:46Z,1785826426920576473,4248,6660,24988,4,17,30008,9947073,200,0,386,0,0,1626,5334
4233,2026-08-04T06:53:47Z,1785826427924802853,4249,6660,24988,4,17,30016,9947867,200,0,386,0,0,1626,5334
4234,2026-08-04T06:53:48Z,1785826428929017754,4250,6660,24988,4,17,30024,9948661,200,0,386,0,0,1626,5335
4235,2026-08-04T06:53:49Z,1785826429933341818,4251,6660,24988,4,17,30031,9949455,200,0,386,0,0,1626,5336
4236,2026-08-04T06:53:50Z,1785826430936291682,4252,6660,24988,4,17,30039,9950250,200,0,386,0,0,1626,5336
4237,2026-08-04T06:53:51Z,1785826431941223055,4253,6660,24988,4,17,30046,9951046,200,0,386,0,0,1626,5336
4238,2026-08-04T06:53:52Z,1785826432944605715,4254,6660,24988,4,17,30054,9951839,200,0,386,0,0,1626,5337
4239,2026-08-04T06:53:53Z,1785826433947346147,4255,6660,24988,4,17,30061,9952634,200,0,386,0,0,1626,5338
4240,2026-08-04T06:53:54Z,1785826434951127695,4256,6660,24988,4,17,30069,9953427,200,0,386,0,0,1626,5339
4241,2026-08-04T06:53:55Z,1785826435954813232,4257,6660,24988,4,17,30076,9954223,200,0,386,0,0,1626,5339
4242,2026-08-04T06:53:56Z,1785826436959036558,4258,6660,24988,4,17,30084,9955017,200,0,386,0,0,1626,5339
4243,2026-08-04T06:53:57Z,1785826437963031684,4259,6656,24988,4,16,30091,9955810,200,0,386,0,0,1626,5340
4244,2026-08-04T06:53:58Z,1785826438966944394,4260,6652,24988,4,15,30098,9956608,200,0,386,0,0,1626,5341
4245,2026-08-04T06:53:59Z,1785826439971054018,4261,6628,24988,4,14,30102,9957407,200,0,386,0,0,1626,5342
4246,2026-08-04T06:54:00Z,1785826440974244517,4262,6620,24988,4,12,30104,9958207,200,0,386,0,0,1626,5342
4247,2026-08-04T06:54:01Z,1785826441978439878,4263,6292,24988,4,10,30104,9959009,200,0,386,0,0,1626,5342
4248,2026-08-04T06:54:02Z,1785826442981574927,4264,6292,24988,4,10,30104,9959812,200,0,386,0,0,1626,5342
4249,2026-08-04T06:54:03Z,1785826443985677093,4265,6292,24988,4,10,30104,9960615,200,0,386,0,0,1626,5342
4250,2026-08-04T06:54:04Z,1785826444989494428,4266,6292,24988,4,10,30104,9961418,200,0,386,0,0,1626,5342
4251,2026-08-04T06:54:05Z,1785826445993489839,4267,6292,24988,4,10,30104,9962220,200,0,386,0,0,1626,5342
4252,2026-08-04T06:54:06Z,1785826446997179431,4268,6296,24988,4,11,30104,9963022,200,0,386,0,0,1626,5342
4253,2026-08-04T06:54:08Z,1785826448001647576,4270,6300,24988,4,12,30105,9963825,200,0,386,0,0,1626,5342
4254,2026-08-04T06:54:09Z,1785826449005567361,4271,6324,24988,4,13,30108,9964620,200,0,386,0,0,1626,5342
4255,2026-08-04T06:54:10Z,1785826450009879368,4272,6328,24988,4,14,30113,9965419,200,0,386,0,0,1626,5342
4256,2026-08-04T06:54:11Z,1785826451013107567,4273,6652,24988,4,15,30120,9966212,200,0,386,0,0,1626,5342
4257,2026-08-04T06:54:12Z,1785826452016735940,4274,6664,24988,4,18,30128,9967001,200,0,386,0,0,1626,5343
4258,2026-08-04T06:54:13Z,1785826453021106634,4275,6664,24988,4,18,30137,9967793,200,0,386,0,0,1626,5344
4259,2026-08-04T06:54:14Z,1785826454025596128,4276,6664,24988,4,18,30145,9968585,200,0,386,0,0,1626,5345
4260,2026-08-04T06:54:15Z,1785826455029998047,4277,6664,24988,4,18,30153,9969379,200,0,386,0,0,1626,5346
4261,2026-08-04T06:54:16Z,1785826456033233334,4278,6664,24988,4,18,30161,9970172,200,0,386,0,0,1626,5346
4262,2026-08-04T06:54:17Z,1785826457037102256,4279,6664,24988,4,18,30169,9970966,200,0,386,0,0,1626,5347
4263,2026-08-04T06:54:18Z,1785826458041158699,4280,6664,24988,4,18,30176,9971761,200,0,386,0,0,1626,5348
4264,2026-08-04T06:54:19Z,1785826459045122603,4281,6664,24988,4,18,30184,9972556,200,0,386,0,0,1626,5348
4265,2026-08-04T06:54:20Z,1785826460049739573,4282,6664,24988,4,18,30192,9973349,200,0,386,0,0,1626,5348
4266,2026-08-04T06:54:21Z,1785826461053996189,4283,6664,24988,4,18,30202,9974138,200,0,386,0,0,1626,5349
4267,2026-08-04T06:54:22Z,1785826462056116628,4284,6664,24988,4,18,30210,9974929,200,0,386,0,0,1626,5350
4268,2026-08-04T06:54:23Z,1785826463060176627,4285,6664,24988,4,18,30217,9975722,200,0,386,0,0,1626,5351
4269,2026-08-04T06:54:24Z,1785826464064745431,4286,6664,24988,4,18,30226,9976519,200,0,386,0,0,1626,5352
4270,2026-08-04T06:54:25Z,1785826465067964503,4287,6664,24988,4,18,30233,9977313,200,0,386,0,0,1626,5353
4271,2026-08-04T06:54:26Z,1785826466072030334,4288,6664,24988,4,18,30240,9978109,200,0,386,0,0,1626,5354
4272,2026-08-04T06:54:27Z,1785826467076390596,4289,6664,24988,4,18,30248,9978904,200,0,386,0,0,1626,5355
4273,2026-08-04T06:54:28Z,1785826468080638960,4290,6664,24988,4,18,30255,9979699,200,0,386,0,0,1626,5356
4274,2026-08-04T06:54:29Z,1785826469084909911,4291,6664,24988,4,18,30263,9980495,200,0,386,0,0,1626,5357
4275,2026-08-04T06:54:30Z,1785826470089435377,4292,6664,24988,4,18,30270,9981289,200,0,386,0,0,1626,5358
4276,2026-08-04T06:54:31Z,1785826471093315035,4293,6664,24988,4,18,30279,9982084,200,0,386,0,0,1626,5358
4277,2026-08-04T06:54:32Z,1785826472096187122,4294,6664,24988,4,18,30286,9982877,200,0,386,0,0,1626,5359
4278,2026-08-04T06:54:33Z,1785826473100537743,4295,6664,24988,4,18,30294,9983672,200,0,386,0,0,1626,5359
4279,2026-08-04T06:54:34Z,1785826474103352277,4296,6664,24988,4,18,30301,9984465,200,0,386,0,0,1626,5359
4280,2026-08-04T06:54:35Z,1785826475108084918,4297,6664,24988,4,18,30309,9985258,200,0,386,0,0,1626,5360
4281,2026-08-04T06:54:36Z,1785826476111364565,4298,6664,24988,4,18,30317,9986053,200,0,386,0,0,1626,5361
4282,2026-08-04T06:54:37Z,1785826477115029405,4299,6664,24988,4,18,30325,9986846,200,0,386,0,0,1626,5362
4283,2026-08-04T06:54:38Z,1785826478118328442,4300,6664,24988,4,18,30332,9987640,200,0,386,0,0,1626,5363
4284,2026-08-04T06:54:39Z,1785826479122879000,4301,6664,24988,4,18,30340,9988437,200,0,386,0,0,1626,5363
4285,2026-08-04T06:54:40Z,1785826480126238862,4302,6664,24988,4,18,30348,9989231,200,0,386,0,0,1626,5363
4286,2026-08-04T06:54:41Z,1785826481129533999,4303,6664,24988,4,18,30355,9990025,200,0,386,0,0,1626,5364
4287,2026-08-04T06:54:42Z,1785826482132790998,4304,6664,24988,4,18,30362,9990821,200,0,386,0,0,1626,5365
4288,2026-08-04T06:54:43Z,1785826483137148311,4305,6660,24988,4,17,30370,9991618,200,0,386,0,0,1626,5366
4289,2026-08-04T06:54:44Z,1785826484141477805,4306,6660,24988,4,17,30378,9992414,200,0,386,0,0,1626,5367
4290,2026-08-04T06:54:45Z,1785826485147006643,4307,6660,24988,4,17,30387,9993209,200,0,386,0,0,1626,5368
4291,2026-08-04T06:54:46Z,1785826486149854124,4308,6660,24988,4,17,30395,9994001,200,0,386,0,0,1626,5369
4292,2026-08-04T06:54:47Z,1785826487153028082,4309,6660,24988,4,17,30402,9994795,200,0,386,0,0,1626,5369
4293,2026-08-04T06:54:48Z,1785826488157611450,4310,6660,24988,4,17,30410,9995589,200,0,386,0,0,1626,5370
4294,2026-08-04T06:54:49Z,1785826489161294209,4311,6660,24988,4,17,30418,9996382,200,0,386,0,0,1626,5370
4295,2026-08-04T06:54:50Z,1785826490164917803,4312,6660,24988,4,17,30426,9997174,200,0,386,0,0,1626,5371
4296,2026-08-04T06:54:51Z,1785826491168245995,4313,6660,24988,4,17,30433,9997969,200,0,386,0,0,1626,5372
4297,2026-08-04T06:54:52Z,1785826492172377359,4314,6660,24988,4,17,30442,9998764,200,0,386,0,0,1626,5373
4298,2026-08-04T06:54:53Z,1785826493176161019,4315,6660,24988,4,17,30450,9999556,200,0,386,0,0,1626,5374
4299,2026-08-04T06:54:54Z,1785826494179268355,4316,6660,24988,4,17,30457,10000349,200,0,386,0,0,1626,5374
4300,2026-08-04T06:54:55Z,1785826495183820285,4317,6660,24988,4,17,30465,10001143,200,0,386,0,0,1626,5375
4301,2026-08-04T06:54:56Z,1785826496187439628,4318,6660,24988,4,17,30472,10001939,200,0,386,0,0,1626,5376
4302,2026-08-04T06:54:57Z,1785826497190246124,4319,6660,24988,4,17,30480,10002734,200,0,386,0,0,1626,5377
4303,2026-08-04T06:54:58Z,1785826498194745087,4320,6660,24988,4,17,30487,10003531,200,0,386,0,0,1626,5378
4304,2026-08-04T06:54:59Z,1785826499198345026,4321,6660,24988,4,17,30495,10004326,200,0,386,0,0,1626,5379
4305,2026-08-04T06:55:00Z,1785826500202570801,4322,6660,24988,4,17,30503,10005121,200,0,386,0,0,1626,5379
4306,2026-08-04T06:55:01Z,1785826501206383839,4323,6660,24988,4,17,30511,10005916,200,0,386,0,0,1626,5380
4307,2026-08-04T06:55:02Z,1785826502209518285,4324,6660,24988,4,17,30519,10006711,200,0,386,0,0,1626,5380
4308,2026-08-04T06:55:03Z,1785826503213356476,4325,6660,24988,4,17,30526,10007507,200,0,386,0,0,1626,5381
4309,2026-08-04T06:55:04Z,1785826504218046585,4326,6660,24988,4,17,30534,10008302,200,0,386,0,0,1626,5382
4310,2026-08-04T06:55:05Z,1785826505221340452,4327,6660,24988,4,17,30543,10009098,200,0,386,0,0,1626,5382
4311,2026-08-04T06:55:06Z,1785826506226039032,4328,6660,24988,4,17,30550,10009893,200,0,386,0,0,1626,5383
4312,2026-08-04T06:55:07Z,1785826507229245173,4329,6660,24988,4,17,30558,10010687,200,0,386,0,0,1626,5384
4313,2026-08-04T06:55:08Z,1785826508234218452,4330,6660,24988,4,17,30565,10011482,200,0,386,0,0,1626,5385
4314,2026-08-04T06:55:09Z,1785826509237585082,4331,6660,24988,4,17,30573,10012276,200,0,386,0,0,1626,5385
4315,2026-08-04T06:55:10Z,1785826510241428700,4332,6660,24988,4,17,30581,10013073,200,0,386,0,0,1626,5385
4316,2026-08-04T06:55:11Z,1785826511245637234,4333,6660,24988,4,17,30588,10013870,200,0,386,0,0,1626,5385
4317,2026-08-04T06:55:12Z,1785826512249811415,4334,6660,24988,4,17,30596,10014665,200,0,386,0,0,1626,5386
4318,2026-08-04T06:55:13Z,1785826513254250678,4335,6660,24988,4,17,30604,10015459,200,0,386,0,0,1626,5386
4319,2026-08-04T06:55:14Z,1785826514257386195,4336,6660,24988,4,17,30611,10016253,200,0,386,0,0,1626,5387
4320,2026-08-04T06:55:15Z,1785826515262206480,4337,6660,24988,4,17,30619,10017049,200,0,386,0,0,1626,5387
4321,2026-08-04T06:55:16Z,1785826516265363173,4338,6660,24988,4,17,30627,10017845,200,0,386,0,0,1626,5387
4322,2026-08-04T06:55:17Z,1785826517269535011,4339,6660,24988,4,17,30634,10018640,200,0,386,0,0,1626,5387
4323,2026-08-04T06:55:18Z,1785826518273788683,4340,6660,24988,4,17,30643,10019437,200,0,386,0,0,1626,5388
4324,2026-08-04T06:55:19Z,1785826519277309201,4341,6660,24988,4,17,30650,10020231,200,0,386,0,0,1626,5388
4325,2026-08-04T06:55:20Z,1785826520280671933,4342,6660,24988,4,17,30658,10021024,200,0,386,0,0,1626,5389
4326,2026-08-04T06:55:21Z,1785826521284029795,4343,6660,24988,4,17,30665,10021817,200,0,386,0,0,1626,5390
4327,2026-08-04T06:55:22Z,1785826522288265257,4344,6660,24988,4,17,30672,10022610,200,0,386,0,0,1626,5390
4328,2026-08-04T06:55:23Z,1785826523291397528,4345,6660,24988,4,17,30680,10023404,200,0,386,0,0,1626,5391
4329,2026-08-04T06:55:24Z,1785826524295804483,4346,6660,24988,4,17,30688,10024200,200,0,386,0,0,1626,5392
4330,2026-08-04T06:55:25Z,1785826525299413502,4347,6660,24988,4,17,30695,10024996,200,0,386,0,0,1626,5392
4331,2026-08-04T06:55:26Z,1785826526303180662,4348,6660,24988,4,17,30703,10025794,200,0,386,0,0,1626,5392
4332,2026-08-04T06:55:27Z,1785826527306557735,4349,6660,24988,4,17,30711,10026585,200,0,386,0,0,1626,5392
4333,2026-08-04T06:55:28Z,1785826528310705281,4350,6660,24988,4,17,30718,10027383,200,0,386,0,0,1626,5393
4334,2026-08-04T06:55:29Z,1785826529315102734,4351,6660,24988,4,17,30726,10028179,200,0,386,0,0,1626,5393
4335,2026-08-04T06:55:30Z,1785826530318846506,4352,6660,24988,4,17,30733,10028973,200,0,386,0,0,1626,5394
4336,2026-08-04T06:55:31Z,1785826531322743696,4353,6660,24988,4,17,30742,10029766,200,0,386,0,0,1626,5394
4337,2026-08-04T06:55:32Z,1785826532326212353,4354,6660,24988,4,17,30749,10030559,200,0,386,0,0,1626,5395
4338,2026-08-04T06:55:33Z,1785826533329358661,4355,6660,24988,4,17,30757,10031356,200,0,386,0,0,1626,5395
4339,2026-08-04T06:55:34Z,1785826534333744881,4356,6660,24988,4,17,30764,10032151,200,0,386,0,0,1626,5395
4340,2026-08-04T06:55:35Z,1785826535337133143,4357,6660,24988,4,17,30773,10032945,200,0,386,0,0,1626,5395
4341,2026-08-04T06:55:36Z,1785826536341096238,4358,6660,24988,4,17,30780,10033739,200,0,386,0,0,1626,5395
4342,2026-08-04T06:55:37Z,1785826537345392143,4359,6660,24988,4,17,30787,10034533,200,0,386,0,0,1626,5396
4343,2026-08-04T06:55:38Z,1785826538348907830,4360,6660,24988,4,17,30796,10035326,200,0,386,0,0,1626,5397
4344,2026-08-04T06:55:39Z,1785826539352305642,4361,6660,24988,4,17,30803,10036122,200,0,386,0,0,1626,5398
4345,2026-08-04T06:55:40Z,1785826540355827937,4362,6660,24988,4,17,30810,10036917,200,0,386,0,0,1626,5399
4346,2026-08-04T06:55:41Z,1785826541359298364,4363,6660,24988,4,17,30818,10037711,200,0,386,0,0,1626,5400
4347,2026-08-04T06:55:42Z,1785826542363498780,4364,6660,24988,4,17,30825,10038507,200,0,386,0,0,1626,5401
4348,2026-08-04T06:55:43Z,1785826543367418712,4365,6660,24988,4,17,30834,10039301,200,0,386,0,0,1626,5402
4349,2026-08-04T06:55:44Z,1785826544371615176,4366,6660,24988,4,17,30841,10040097,200,0,386,0,0,1626,5403
4350,2026-08-04T06:55:45Z,1785826545376142240,4367,6660,24988,4,17,30849,10040892,200,0,386,0,0,1626,5404
4351,2026-08-04T06:55:46Z,1785826546379484571,4368,6660,24988,4,17,30856,10041683,200,0,386,0,0,1626,5405
4352,2026-08-04T06:55:47Z,1785826547384022971,4369,6660,24988,4,17,30864,10042481,200,0,386,0,0,1626,5406
4353,2026-08-04T06:55:48Z,1785826548386962548,4370,6660,24988,4,17,30871,10043275,200,0,386,0,0,1626,5407
4354,2026-08-04T06:55:49Z,1785826549390793583,4371,6660,24988,4,17,30880,10044072,200,0,386,0,0,1626,5407
4355,2026-08-04T06:55:50Z,1785826550395100320,4372,6660,24988,4,17,30886,10044867,200,0,386,0,0,1626,5408
4356,2026-08-04T06:55:51Z,1785826551398184705,4373,6660,24988,4,17,30894,10045664,200,0,386,0,0,1626,5409
4357,2026-08-04T06:55:52Z,1785826552402958210,4374,6660,24988,4,17,30902,10046462,200,0,386,0,0,1626,5409
4358,2026-08-04T06:55:53Z,1785826553405948981,4375,6660,24988,4,17,30909,10047256,200,0,386,0,0,1626,5410
4359,2026-08-04T06:55:54Z,1785826554409951081,4376,6660,24988,4,17,30917,10048053,200,0,386,0,0,1626,5410
4360,2026-08-04T06:55:55Z,1785826555414257727,4377,6660,24988,4,17,30924,10048848,200,0,386,0,0,1626,5410
4361,2026-08-04T06:55:56Z,1785826556418401964,4378,6660,24988,4,17,30932,10049645,200,0,386,0,0,1626,5411
4362,2026-08-04T06:55:57Z,1785826557422567071,4379,6660,24988,4,17,30939,10050439,200,0,386,0,0,1626,5412
4363,2026-08-04T06:55:58Z,1785826558427080278,4380,6660,24988,4,17,30947,10051234,200,0,386,0,0,1626,5412
4364,2026-08-04T06:55:59Z,1785826559429912492,4381,6660,24988,4,17,30955,10052029,200,0,386,0,0,1626,5412
4365,2026-08-04T06:56:00Z,1785826560434356525,4382,6660,24988,4,17,30962,10052826,200,0,386,0,0,1626,5412
4366,2026-08-04T06:56:01Z,1785826561438264049,4383,6660,24988,4,17,30971,10053619,200,0,386,0,0,1626,5412
4367,2026-08-04T06:56:02Z,1785826562441126520,4384,6660,24988,4,17,30978,10054411,200,0,386,0,0,1626,5412
4368,2026-08-04T06:56:03Z,1785826563445453620,4385,6660,24988,4,17,30986,10055205,200,0,386,0,0,1626,5413
4369,2026-08-04T06:56:04Z,1785826564449579711,4386,6660,24988,4,17,30993,10056001,200,0,386,0,0,1626,5413
4370,2026-08-04T06:56:05Z,1785826565453349820,4387,6660,24988,4,17,31002,10056794,200,0,386,0,0,1626,5414
4371,2026-08-04T06:56:06Z,1785826566457347400,4388,6660,24988,4,17,31009,10057590,200,0,386,0,0,1626,5414
4372,2026-08-04T06:56:07Z,1785826567461531297,4389,6656,24988,4,16,31016,10058383,200,0,386,0,0,1626,5415
4373,2026-08-04T06:56:08Z,1785826568464886685,4390,6652,24988,4,15,31022,10059181,200,0,386,0,0,1626,5416
4374,2026-08-04T06:56:09Z,1785826569468858147,4391,6628,24988,4,14,31026,10059980,200,0,386,0,0,1626,5416
4375,2026-08-04T06:56:10Z,1785826570473283075,4392,6620,24988,4,12,31027,10060782,200,0,386,0,0,1626,5416
4376,2026-08-04T06:56:11Z,1785826571475594117,4393,6292,24988,4,10,31027,10061583,200,0,386,0,0,1626,5416
4377,2026-08-04T06:56:12Z,1785826572479547828,4394,6292,24988,4,10,31027,10062386,200,0,386,0,0,1626,5416
4378,2026-08-04T06:56:13Z,1785826573483699409,4395,6292,24988,4,10,31027,10063189,200,0,386,0,0,1626,5416
4379,2026-08-04T06:56:14Z,1785826574488123054,4396,6292,24988,4,10,31027,10063991,200,0,386,0,0,1626,5416
4380,2026-08-04T06:56:15Z,1785826575491498653,4397,6292,24988,4,10,31027,10064794,200,0,386,0,0,1626,5416
4381,2026-08-04T06:56:16Z,1785826576494784428,4398,6296,24988,4,11,31027,10065597,200,0,386,0,0,1626,5416
4382,2026-08-04T06:56:17Z,1785826577499358106,4399,6300,24988,4,12,31029,10066400,200,0,386,0,0,1626,5416
4383,2026-08-04T06:56:18Z,1785826578503070430,4400,6324,24988,4,13,31032,10067192,200,0,386,0,0,1626,5416
4384,2026-08-04T06:56:19Z,1785826579507647826,4401,6328,24988,4,14,31038,10067987,200,0,386,0,0,1626,5416
4385,2026-08-04T06:56:20Z,1785826580510810742,4402,6652,24988,4,15,31045,10068782,200,0,386,0,0,1626,5416
4386,2026-08-04T06:56:21Z,1785826581515193764,4403,6696,24988,4,21,31061,10069577,200,0,387,0,0,1757,5531
4387,2026-08-04T06:56:22Z,1785826582518926084,4404,6696,24988,4,21,31069,10070372,200,0,387,0,0,1757,5531
4388,2026-08-04T06:56:23Z,1785826583522053546,4405,6696,24988,4,21,31076,10071164,200,0,387,0,0,1757,5531
4389,2026-08-04T06:56:24Z,1785826584526921859,4406,6696,24988,4,21,31084,10071960,200,0,387,0,0,1757,5531
4390,2026-08-04T06:56:25Z,1785826585530784493,4407,6696,24988,4,21,31092,10072752,200,0,387,0,0,1757,5531
4391,2026-08-04T06:56:26Z,1785826586534506486,4408,6696,24988,4,21,31099,10073546,200,0,387,0,0,1757,5531
4392,2026-08-04T06:56:27Z,1785826587538155838,4409,6696,24988,4,21,31107,10074341,200,0,387,0,0,1757,5531
4393,2026-08-04T06:56:28Z,1785826588541269076,4410,6696,24988,4,21,31114,10075138,200,0,387,0,0,1757,5531
4394,2026-08-04T06:56:29Z,1785826589545635512,4411,6696,24988,4,21,31122,10075934,200,0,387,0,0,1759,5531
4395,2026-08-04T06:56:30Z,1785826590549677235,4412,6696,24988,4,21,31130,10076727,200,0,387,0,0,1759,5531
4396,2026-08-04T06:56:31Z,1785826591553354550,4413,6696,24988,4,21,31137,10077522,200,0,387,0,0,1759,5531
4397,2026-08-04T06:56:32Z,1785826592556913282,4414,6696,24988,4,21,31145,10078318,200,0,387,0,0,1759,5531
4398,2026-08-04T06:56:33Z,1785826593560410863,4415,6696,24988,4,21,31153,10079112,200,0,387,0,0,1759,5531
4399,2026-08-04T06:56:34Z,1785826594563752429,4416,6696,24988,4,21,31160,10079905,200,0,387,0,0,1759,5531
4400,2026-08-04T06:56:35Z,1785826595568187588,4417,6696,24988,4,21,31168,10080696,200,0,387,0,0,1759,5531
4401,2026-08-04T06:56:36Z,1785826596571712388,4418,6696,24988,4,21,31176,10081488,200,0,387,0,0,1759,5531
4402,2026-08-04T06:56:37Z,1785826597575084396,4419,6696,24988,4,21,31183,10082282,200,0,387,0,0,1759,5531
4403,2026-08-04T06:56:38Z,1785826598579904655,4420,6696,24988,4,21,31191,10083078,200,0,387,0,0,1759,5531
4404,2026-08-04T06:56:39Z,1785826599583095421,4421,6696,24988,4,21,31199,10083871,200,0,387,0,0,1759,5531
4405,2026-08-04T06:56:40Z,1785826600588190458,4422,6696,24988,4,21,31206,10084668,200,0,387,0,0,1759,5531
4406,2026-08-04T06:56:41Z,1785826601592266346,4423,6696,24988,4,21,31214,10085465,200,0,387,0,0,1759,5531
4407,2026-08-04T06:56:42Z,1785826602595699183,4424,6696,24988,4,21,31221,10086261,200,0,387,0,0,1759,5531
4408,2026-08-04T06:56:43Z,1785826603599082434,4425,6696,24988,4,21,31229,10087053,200,0,387,0,0,1759,5531
4409,2026-08-04T06:56:44Z,1785826604602731674,4426,6696,24988,4,21,31236,10087851,200,0,387,0,0,1759,5531
4410,2026-08-04T06:56:45Z,1785826605606559129,4427,6696,24988,4,21,31244,10088645,200,0,387,0,0,1759,5531
4411,2026-08-04T06:56:46Z,1785826606609457800,4428,6696,24988,4,21,31252,10089439,200,0,387,0,0,1759,5531
4412,2026-08-04T06:56:47Z,1785826607613584825,4429,6696,24988,4,21,31259,10090239,200,0,387,0,0,1759,5531
4413,2026-08-04T06:56:48Z,1785826608618028215,4430,6696,24988,4,21,31266,10091034,200,0,387,0,0,1759,5531
4414,2026-08-04T06:56:49Z,1785826609621262250,4431,6696,24988,4,21,31274,10091832,200,0,387,0,0,1759,5531
4415,2026-08-04T06:56:50Z,1785826610624601903,4432,6696,24988,4,21,31281,10092626,200,0,387,0,0,1759,5531
4416,2026-08-04T06:56:51Z,1785826611629091196,4433,6684,24988,4,18,31289,10093423,200,0,386,0,0,1759,5531
4417,2026-08-04T06:56:52Z,1785826612632375431,4434,6684,24988,4,18,31296,10094216,200,0,386,0,0,1759,5531
4418,2026-08-04T06:56:53Z,1785826613635706453,4435,6684,24988,4,18,31304,10095010,200,0,386,0,0,1759,5531
4419,2026-08-04T06:56:54Z,1785826614638963849,4436,6684,24988,4,18,31311,10095805,200,0,386,0,0,1759,5531
4420,2026-08-04T06:56:55Z,1785826615641943295,4437,6684,24988,4,18,31319,10096597,200,0,386,0,0,1759,5531
4421,2026-08-04T06:56:56Z,1785826616645922317,4438,6684,24988,4,18,31325,10097391,200,0,386,0,0,1759,5531
4422,2026-08-04T06:56:57Z,1785826617649824823,4439,6684,24988,4,18,31333,10098186,200,0,386,0,0,1759,5531
4423,2026-08-04T06:56:58Z,1785826618653996012,4440,6684,24988,4,18,31341,10098984,200,0,386,0,0,1759,5531
4424,2026-08-04T06:56:59Z,1785826619658548944,4441,6684,24988,4,18,31348,10099778,200,0,386,0,0,1759,5531
4425,2026-08-04T06:57:00Z,1785826620661790116,4442,6684,24988,4,18,31356,10100574,200,0,386,0,0,1759,5531
4426,2026-08-04T06:57:01Z,1785826621666909812,4443,6684,24988,4,18,31363,10101368,200,0,386,0,0,1759,5531
4427,2026-08-04T06:57:02Z,1785826622670692594,4444,6684,24988,4,18,31371,10102164,200,0,386,0,0,1759,5531
4428,2026-08-04T06:57:03Z,1785826623674122528,4445,6684,24988,4,18,31379,10102957,200,0,386,0,0,1759,5531
4429,2026-08-04T06:57:04Z,1785826624678109345,4446,6684,24988,4,18,31387,10103750,200,0,386,0,0,1759,5531
4430,2026-08-04T06:57:05Z,1785826625681353591,4447,6684,24988,4,18,31394,10104545,200,0,386,0,0,1759,5531
4431,2026-08-04T06:57:06Z,1785826626685732378,4448,6684,24988,4,18,31402,10105341,200,0,386,0,0,1759,5531
4432,2026-08-04T06:57:07Z,1785826627689085154,4449,6684,24988,4,18,31409,10106136,200,0,386,0,0,1759,5531
4433,2026-08-04T06:57:08Z,1785826628692218763,4450,6684,24988,4,18,31417,10106930,200,0,386,0,0,1759,5531
4434,2026-08-04T06:57:09Z,1785826629696375529,4451,6684,24988,4,18,31425,10107726,200,0,386,0,0,1759,5531
4435,2026-08-04T06:57:10Z,1785826630700815276,4452,6684,24988,4,18,31432,10108522,200,0,386,0,0,1759,5531
4436,2026-08-04T06:57:11Z,1785826631704307210,4453,6684,24988,4,18,31440,10109312,200,0,386,0,0,1759,5531
4437,2026-08-04T06:57:12Z,1785826632707953729,4454,6684,24988,4,18,31447,10110103,200,0,386,0,0,1759,5531
4438,2026-08-04T06:57:13Z,1785826633711250716,4455,6684,24988,4,18,31454,10110900,200,0,386,0,0,1759,5531
4439,2026-08-04T06:57:14Z,1785826634716383790,4456,6684,24988,4,18,31462,10111697,200,0,386,0,0,1759,5531
4440,2026-08-04T06:57:15Z,1785826635719814459,4457,6680,24988,4,17,31469,10112489,200,0,386,0,0,1759,5531
4441,2026-08-04T06:57:16Z,1785826636722791928,4458,6680,24988,4,17,31477,10113285,200,0,386,0,0,1759,5531
4442,2026-08-04T06:57:17Z,1785826637726911431,4459,6680,24988,4,17,31485,10114081,200,0,386,0,0,1759,5531
4443,2026-08-04T06:57:18Z,1785826638731062802,4460,6680,24988,4,17,31492,10114877,200,0,386,0,0,1759,5531
4444,2026-08-04T06:57:19Z,1785826639735302851,4461,6680,24988,4,17,31499,10115674,200,0,386,0,0,1759,5531
4445,2026-08-04T06:57:20Z,1785826640738999835,4462,6680,24988,4,17,31507,10116470,200,0,386,0,0,1759,5531
4446,2026-08-04T06:57:21Z,1785826641742706025,4463,6680,24988,4,17,31514,10117266,200,0,386,0,0,1759,5531
4447,2026-08-04T06:57:22Z,1785826642746626063,4464,6680,24988,4,17,31521,10118059,200,0,386,0,0,1759,5531
4448,2026-08-04T06:57:23Z,1785826643751059339,4465,6680,24988,4,17,31529,10118855,200,0,386,0,0,1759,5531
4449,2026-08-04T06:57:24Z,1785826644754439957,4466,6680,24988,4,17,31537,10119648,200,0,386,0,0,1759,5531
4450,2026-08-04T06:57:25Z,1785826645757436180,4467,6680,24988,4,17,31543,10120441,200,0,386,0,0,1759,5531
4451,2026-08-04T06:57:26Z,1785826646761131954,4468,6680,24988,4,17,31551,10121238,200,0,386,0,0,1759,5531
4452,2026-08-04T06:57:27Z,1785826647764912325,4469,6680,24988,4,17,31558,10122032,200,0,386,0,0,1759,5531
4453,2026-08-04T06:57:28Z,1785826648769102081,4470,6680,24988,4,17,31566,10122826,200,0,386,0,0,1759,5531
4454,2026-08-04T06:57:29Z,1785826649773278037,4471,6680,24988,4,17,31573,10123618,200,0,386,0,0,1759,5531
4455,2026-08-04T06:57:30Z,1785826650778176288,4472,6680,24988,4,17,31581,10124412,200,0,386,0,0,1759,5531
4456,2026-08-04T06:57:31Z,1785826651781181387,4473,6680,24988,4,17,31589,10125206,200,0,386,0,0,1759,5531
4457,2026-08-04T06:57:32Z,1785826652785325785,4474,6680,24988,4,17,31596,10126001,200,0,386,0,0,1759,5531
4458,2026-08-04T06:57:33Z,1785826653789045391,4475,6680,24988,4,17,31603,10126797,200,0,386,0,0,1759,5531
4459,2026-08-04T06:57:34Z,1785826654793101003,4476,6680,24988,4,17,31611,10127594,200,0,386,0,0,1759,5531
4460,2026-08-04T06:57:35Z,1785826655797296339,4477,6680,24988,4,17,31618,10128387,200,0,386,0,0,1759,5531
4461,2026-08-04T06:57:36Z,1785826656801450578,4478,6680,24988,4,17,31626,10129179,200,0,386,0,0,1759,5531
4462,2026-08-04T06:57:37Z,1785826657805817503,4479,6680,24988,4,17,31633,10129977,200,0,386,0,0,1759,5531
4463,2026-08-04T06:57:38Z,1785826658809385524,4480,6680,24988,4,17,31640,10130773,200,0,386,0,0,1759,5531
4464,2026-08-04T06:57:39Z,1785826659813764224,4481,6680,24988,4,17,31648,10131568,200,0,386,0,0,1759,5531
4465,2026-08-04T06:57:40Z,1785826660817950889,4482,6680,24988,4,17,31655,10132362,200,0,386,0,0,1759,5531
4466,2026-08-04T06:57:41Z,1785826661821931819,4483,6680,24988,4,17,31664,10133156,200,0,386,0,0,1759,5531
4467,2026-08-04T06:57:42Z,1785826662826560039,4484,6680,24988,4,17,31671,10133951,200,0,386,0,0,1759,5531
4468,2026-08-04T06:57:43Z,1785826663830075561,4485,6680,24988,4,17,31679,10134746,200,0,386,0,0,1759,5531
4469,2026-08-04T06:57:44Z,1785826664833892986,4486,6680,24988,4,17,31687,10135539,200,0,386,0,0,1759,5531
4470,2026-08-04T06:57:45Z,1785826665837261332,4487,6680,24988,4,17,31695,10136335,200,0,386,0,0,1759,5531
4471,2026-08-04T06:57:46Z,1785826666840139696,4488,6680,24988,4,17,31702,10137130,200,0,386,0,0,1759,5531
4472,2026-08-04T06:57:47Z,1785826667844107898,4489,6680,24988,4,17,31709,10137923,200,0,386,0,0,1759,5531
4473,2026-08-04T06:57:48Z,1785826668848132594,4490,6680,24988,4,17,31716,10138719,200,0,386,0,0,1759,5531
4474,2026-08-04T06:57:49Z,1785826669852168342,4491,6680,24988,4,17,31724,10139516,200,0,386,0,0,1759,5531
4475,2026-08-04T06:57:50Z,1785826670855908724,4492,6680,24988,4,17,31732,10140314,200,0,386,0,0,1759,5531
4476,2026-08-04T06:57:51Z,1785826671859952287,4493,6680,24988,4,17,31739,10141111,200,0,386,0,0,1759,5531
4477,2026-08-04T06:57:52Z,1785826672864036715,4494,6680,24988,4,17,31746,10141907,200,0,386,0,0,1759,5531
4478,2026-08-04T06:57:53Z,1785826673867318142,4495,6680,24988,4,17,31753,10142702,200,0,386,0,0,1759,5531
4479,2026-08-04T06:57:54Z,1785826674870895679,4496,6680,24988,4,17,31761,10143497,200,0,386,0,0,1759,5531
4480,2026-08-04T06:57:55Z,1785826675874990640,4497,6680,24988,4,17,31769,10144291,200,0,386,0,0,1759,5531
4481,2026-08-04T06:57:56Z,1785826676878837980,4498,6680,24988,4,17,31776,10145089,200,0,386,0,0,1759,5531
4482,2026-08-04T06:57:57Z,1785826677882957521,4499,6680,24988,4,17,31783,10145885,200,0,386,0,0,1759,5531
4483,2026-08-04T06:57:58Z,1785826678886708949,4500,6680,24988,4,17,31790,10146681,200,0,386,0,0,1759,5531
4484,2026-08-04T06:57:59Z,1785826679891349143,4501,6680,24988,4,17,31799,10147475,200,0,386,0,0,1759,5531
4485,2026-08-04T06:58:00Z,1785826680895416467,4502,6680,24988,4,17,31805,10148268,200,0,386,0,0,1759,5531
4486,2026-08-04T06:58:01Z,1785826681898845469,4503,6680,24988,4,17,31814,10149061,200,0,386,0,0,1759,5531
4487,2026-08-04T06:58:02Z,1785826682901608909,4504,6680,24988,4,17,31821,10149853,200,0,386,0,0,1759,5531
4488,2026-08-04T06:58:03Z,1785826683905890165,4505,6680,24988,4,17,31828,10150650,200,0,386,0,0,1759,5531
4489,2026-08-04T06:58:04Z,1785826684910298767,4506,6680,24988,4,17,31836,10151444,200,0,386,0,0,1759,5531
4490,2026-08-04T06:58:05Z,1785826685913287946,4507,6680,24988,4,17,31844,10152238,200,0,386,0,0,1759,5531
4491,2026-08-04T06:58:06Z,1785826686917110602,4508,6680,24988,4,17,31851,10153034,200,0,386,0,0,1759,5531
4492,2026-08-04T06:58:07Z,1785826687921385917,4509,6680,24988,4,17,31858,10153827,200,0,386,0,0,1759,5531
4493,2026-08-04T06:58:08Z,1785826688925231286,4510,6680,24988,4,17,31866,10154622,200,0,386,0,0,1759,5531
4494,2026-08-04T06:58:09Z,1785826689929019741,4511,6680,24988,4,17,31873,10155418,200,0,386,0,0,1759,5531
4495,2026-08-04T06:58:10Z,1785826690932616567,4512,6680,24988,4,17,31881,10156214,200,0,386,0,0,1759,5531
4496,2026-08-04T06:58:11Z,1785826691936216095,4513,6680,24988,4,17,31888,10157011,200,0,386,0,0,1759,5531
4497,2026-08-04T06:58:12Z,1785826692940400734,4514,6680,24988,4,17,31896,10157805,200,0,386,0,0,1759,5531
4498,2026-08-04T06:58:13Z,1785826693944306412,4515,6680,24988,4,17,31903,10158599,200,0,386,0,0,1759,5531
4499,2026-08-04T06:58:14Z,1785826694949325792,4516,6680,24988,4,17,31911,10159397,200,0,386,0,0,1759,5531
4500,2026-08-04T06:58:15Z,1785826695952124347,4517,6676,24988,4,16,31918,10160192,200,0,386,0,0,1759,5531
4501,2026-08-04T06:58:16Z,1785826696955681526,4518,6676,24988,4,16,31926,10160983,200,0,386,0,0,1759,5531
4502,2026-08-04T06:58:17Z,1785826697959011506,4519,6648,24988,4,14,31931,10161783,200,0,386,0,0,1759,5531
4503,2026-08-04T06:58:18Z,1785826698961541194,4520,6624,24988,4,13,31936,10162580,200,0,386,0,0,1759,5531
4504,2026-08-04T06:58:19Z,1785826699965987283,4521,6296,24988,4,11,31936,10163382,200,0,386,0,0,1759,5531
4505,2026-08-04T06:58:20Z,1785826700969261268,4522,6292,24988,4,10,31936,10164185,200,0,386,0,0,1759,5531
4506,2026-08-04T06:58:21Z,1785826701972925970,4523,6292,24988,4,10,31936,10164988,200,0,386,0,0,1759,5531
4507,2026-08-04T06:58:22Z,1785826702976911846,4524,6292,24988,4,10,31936,10165790,200,0,386,0,0,1759,5531
4508,2026-08-04T06:58:23Z,1785826703980840476,4525,6292,24988,4,10,31936,10166594,200,0,386,0,0,1759,5531
4509,2026-08-04T06:58:24Z,1785826704984947411,4526,6292,24988,4,10,31936,10167397,200,0,386,0,0,1759,5531
4510,2026-08-04T06:58:25Z,1785826705989326278,4527,6296,24988,4,11,31936,10168198,200,0,386,0,0,1759,5531
4511,2026-08-04T06:58:26Z,1785826706992781289,4528,6300,24988,4,12,31938,10168999,200,0,386,0,0,1759,5531
4512,2026-08-04T06:58:27Z,1785826707996297327,4529,6324,24988,4,13,31940,10169797,200,0,386,0,0,1759,5531
4513,2026-08-04T06:58:28Z,1785826708999732027,4530,6328,24988,4,14,31947,10170595,200,0,386,0,0,1759,5531
4514,2026-08-04T06:58:30Z,1785826710004179436,4532,6652,24988,4,15,31954,10171390,200,0,386,0,0,1759,5531
4515,2026-08-04T06:58:31Z,1785826711007878651,4533,6664,24988,4,18,31963,10172184,200,0,386,0,0,1759,5532
4516,2026-08-04T06:58:32Z,1785826712011328952,4534,6664,24988,4,18,31970,10172983,200,0,386,0,0,1759,5533
4517,2026-08-04T06:58:33Z,1785826713014383410,4535,6664,24988,4,18,31978,10173778,200,0,386,0,0,1759,5534
4518,2026-08-04T06:58:34Z,1785826714018715196,4536,6664,24988,4,18,31985,10174576,200,0,386,0,0,1759,5535
4519,2026-08-04T06:58:35Z,1785826715024401831,4537,6664,24988,4,18,31993,10175373,200,0,386,0,0,1759,5535
4520,2026-08-04T06:58:36Z,1785826716026719801,4538,6664,24988,4,18,32000,10176169,200,0,386,0,0,1759,5536
4521,2026-08-04T06:58:37Z,1785826717031415372,4539,6664,24988,4,18,32007,10176963,200,0,386,0,0,1759,5537
4522,2026-08-04T06:58:38Z,1785826718034531973,4540,6664,24988,4,18,32015,10177763,200,0,386,0,0,1759,5538
4523,2026-08-04T06:58:39Z,1785826719038509931,4541,6664,24988,4,18,32024,10178557,200,0,386,0,0,1759,5539
4524,2026-08-04T06:58:40Z,1785826720043473005,4542,6664,24988,4,18,32031,10179355,200,0,386,0,0,1759,5540
4525,2026-08-04T06:58:41Z,1785826721047008335,4543,6664,24988,4,18,32038,10180155,200,0,386,0,0,1759,5541
4526,2026-08-04T06:58:42Z,1785826722049899869,4544,6664,24988,4,18,32046,10180950,200,0,386,0,0,1759,5542
4527,2026-08-04T06:58:43Z,1785826723053957940,4545,6664,24988,4,18,32053,10181747,200,0,386,0,0,1759,5542
4528,2026-08-04T06:58:44Z,1785826724057932897,4546,6664,24988,4,18,32061,10182544,200,0,386,0,0,1759,5542
4529,2026-08-04T06:58:45Z,1785826725063092371,4547,6664,24988,4,18,32069,10183342,200,0,386,0,0,1759,5542
4530,2026-08-04T06:58:46Z,1785826726066274239,4548,6664,24988,4,18,32077,10184136,200,0,386,0,0,1759,5542
4531,2026-08-04T06:58:47Z,1785826727069927269,4549,6664,24988,4,18,32085,10184935,200,0,386,0,0,1759,5543
4532,2026-08-04T06:58:48Z,1785826728074015838,4550,6664,24988,4,18,32092,10185728,200,0,386,0,0,1759,5544
4533,2026-08-04T06:58:49Z,1785826729077780464,4551,6664,24988,4,18,32099,10186526,200,0,386,0,0,1759,5545
4534,2026-08-04T06:58:50Z,1785826730081605232,4552,6664,24988,4,18,32107,10187324,200,0,386,0,0,1759,5546
4535,2026-08-04T06:58:51Z,1785826731086065008,4553,6664,24988,4,18,32114,10188120,200,0,386,0,0,1759,5546
4536,2026-08-04T06:58:52Z,1785826732089213095,4554,6664,24988,4,18,32122,10188918,200,0,386,0,0,1759,5547
4537,2026-08-04T06:58:53Z,1785826733093361991,4555,6664,24988,4,18,32130,10189713,200,0,386,0,0,1759,5547
4538,2026-08-04T06:58:54Z,1785826734097867923,4556,6664,24988,4,18,32138,10190511,200,0,386,0,0,1759,5547
4539,2026-08-04T06:58:55Z,1785826735101225265,4557,6664,24988,4,18,32146,10191307,200,0,386,0,0,1759,5547
4540,2026-08-04T06:58:56Z,1785826736104118612,4558,6664,24988,4,18,32153,10192105,200,0,386,0,0,1759,5548
4541,2026-08-04T06:58:57Z,1785826737108201277,4559,6664,24988,4,18,32161,10192903,200,0,386,0,0,1759,5549
4542,2026-08-04T06:58:58Z,1785826738112096476,4560,6664,24988,4,18,32169,10193702,200,0,386,0,0,1759,5549
4543,2026-08-04T06:58:59Z,1785826739116336650,4561,6664,24988,4,18,32176,10194499,200,0,386,0,0,1759,5549
4544,2026-08-04T06:59:00Z,1785826740120277237,4562,6664,24988,4,18,32183,10195293,200,0,386,0,0,1759,5549
4545,2026-08-04T06:59:01Z,1785826741124467587,4563,6664,24988,4,18,32192,10196089,200,0,386,0,0,1759,5550
4546,2026-08-04T06:59:02Z,1785826742127892684,4564,6664,24988,4,18,32200,10196883,200,0,386,0,0,1759,5551
4547,2026-08-04T06:59:03Z,1785826743132366337,4565,6664,24988,4,18,32208,10197680,200,0,386,0,0,1759,5552
4548,2026-08-04T06:59:04Z,1785826744135317273,4566,6664,24988,4,18,32216,10198479,200,0,386,0,0,1759,5553
4549,2026-08-04T06:59:05Z,1785826745140665651,4567,6664,24988,4,18,32224,10199277,200,0,386,0,0,1759,5554
4550,2026-08-04T06:59:06Z,1785826746143937236,4568,6664,24988,4,18,32231,10200076,200,0,386,0,0,1759,5554
4551,2026-08-04T06:59:07Z,1785826747148285491,4569,6660,24988,4,17,32239,10200874,200,0,386,0,0,1759,5555
4552,2026-08-04T06:59:08Z,1785826748152156260,4570,6664,24988,4,18,32248,10201670,200,0,386,0,0,1759,5556
4553,2026-08-04T06:59:09Z,1785826749155702371,4571,6664,24988,4,18,32255,10202467,200,0,386,0,0,1759,5557
4554,2026-08-04T06:59:10Z,1785826750158961422,4572,6664,24988,4,18,32263,10203264,200,0,386,0,0,1759,5558
4555,2026-08-04T06:59:11Z,1785826751162850110,4573,6664,24988,4,18,32271,10204063,200,0,386,0,0,1759,5558
4556,2026-08-04T06:59:12Z,1785826752167054108,4574,6664,24988,4,18,32279,10204859,200,0,386,0,0,1759,5558
4557,2026-08-04T06:59:13Z,1785826753171212846,4575,6664,24988,4,18,32287,10205656,200,0,386,0,0,1759,5558
4558,2026-08-04T06:59:14Z,1785826754176074327,4576,6664,24988,4,18,32294,10206453,200,0,386,0,0,1759,5558
4559,2026-08-04T06:59:15Z,1785826755179532356,4577,6664,24988,4,18,32302,10207250,200,0,386,0,0,1759,5559
4560,2026-08-04T06:59:16Z,1785826756182993707,4578,6664,24988,4,18,32309,10208047,200,0,386,0,0,1759,5560
4561,2026-08-04T06:59:17Z,1785826757186260131,4579,6664,24988,4,18,32317,10208842,200,0,386,0,0,1759,5561
4562,2026-08-04T06:59:18Z,1785826758189841965,4580,6664,24988,4,18,32325,10209638,200,0,386,0,0,1759,5562
4563,2026-08-04T06:59:19Z,1785826759193912856,4581,6664,24988,4,18,32332,10210435,200,0,386,0,0,1759,5562
4564,2026-08-04T06:59:20Z,1785826760198100525,4582,6664,24988,4,18,32340,10211230,200,0,386,0,0,1759,5562
4565,2026-08-04T06:59:21Z,1785826761200913183,4583,6664,24988,4,18,32348,10212024,200,0,386,0,0,1759,5562
4566,2026-08-04T06:59:22Z,1785826762204830401,4584,6664,24988,4,18,32355,10212818,200,0,386,0,0,1759,5563
4567,2026-08-04T06:59:23Z,1785826763209443754,4585,6664,24988,4,18,32363,10213613,200,0,386,0,0,1759,5564
4568,2026-08-04T06:59:24Z,1785826764212870322,4586,6664,24988,4,18,32371,10214405,200,0,386,0,0,1759,5565
4569,2026-08-04T06:59:25Z,1785826765216098700,4587,6664,24988,4,18,32378,10215201,200,0,386,0,0,1759,5565
4570,2026-08-04T06:59:26Z,1785826766221284481,4588,6664,24988,4,18,32386,10215997,200,0,386,0,0,1759,5566
4571,2026-08-04T06:59:27Z,1785826767224566220,4589,6664,24988,4,18,32394,10216794,200,0,386,0,0,1759,5567
4572,2026-08-04T06:59:28Z,1785826768228517946,4590,6664,24988,4,18,32402,10217591,200,0,386,0,0,1759,5568
4573,2026-08-04T06:59:29Z,1785826769233038298,4591,6664,24988,4,18,32409,10218388,200,0,386,0,0,1759,5569
4574,2026-08-04T06:59:30Z,1785826770237250732,4592,6664,24988,4,18,32417,10219183,200,0,386,0,0,1759,5570
4575,2026-08-04T06:59:31Z,1785826771241610236,4593,6664,24988,4,18,32426,10219978,200,0,386,0,0,1759,5570
4576,2026-08-04T06:59:32Z,1785826772244354922,4594,6664,24988,4,18,32434,10220777,200,0,386,0,0,1759,5570
4577,2026-08-04T06:59:33Z,1785826773247396571,4595,6664,24988,4,18,32441,10221574,200,0,386,0,0,1759,5570
4578,2026-08-04T06:59:34Z,1785826774251730746,4596,6664,24988,4,18,32449,10222371,200,0,386,0,0,1759,5571
4579,2026-08-04T06:59:35Z,1785826775255183857,4597,6664,24988,4,18,32456,10223168,200,0,386,0,0,1759,5571
4580,2026-08-04T06:59:36Z,1785826776258464426,4598,6664,24988,4,18,32464,10223966,200,0,386,0,0,1759,5572
4581,2026-08-04T06:59:37Z,1785826777262515003,4599,6664,24988,4,18,32472,10224762,200,0,386,0,0,1759,5573
4582,2026-08-04T06:59:38Z,1785826778266821223,4600,6660,24988,4,17,32480,10225557,200,0,386,0,0,1759,5574
4583,2026-08-04T06:59:39Z,1785826779271145357,4601,6660,24988,4,17,32487,10226352,200,0,386,0,0,1759,5575
4584,2026-08-04T06:59:40Z,1785826780274849275,4602,6660,24988,4,17,32495,10227150,200,0,386,0,0,1759,5576
4585,2026-08-04T06:59:41Z,1785826781277951927,4603,6660,24988,4,17,32502,10227947,200,0,386,0,0,1759,5577
4586,2026-08-04T06:59:42Z,1785826782281829867,4604,6660,24988,4,17,32510,10228746,200,0,386,0,0,1759,5577
4587,2026-08-04T06:59:43Z,1785826783285896622,4605,6660,24988,4,17,32518,10229544,200,0,386,0,0,1759,5578
4588,2026-08-04T06:59:44Z,1785826784289732952,4606,6660,24988,4,17,32525,10230341,200,0,386,0,0,1759,5578
4589,2026-08-04T06:59:45Z,1785826785294496189,4607,6660,24988,4,17,32533,10231135,200,0,386,0,0,1759,5578
4590,2026-08-04T06:59:46Z,1785826786297614626,4608,6660,24988,4,17,32541,10231934,200,0,386,0,0,1759,5578
4591,2026-08-04T06:59:47Z,1785826787301732251,4609,6660,24988,4,17,32548,10232731,200,0,386,0,0,1759,5579
4592,2026-08-04T06:59:48Z,1785826788305933969,4610,6660,24988,4,17,32555,10233530,200,0,386,0,0,1759,5580
4593,2026-08-04T06:59:49Z,1785826789310017925,4611,6660,24988,4,17,32564,10234324,200,0,386,0,0,1759,5581
4594,2026-08-04T06:59:50Z,1785826790314259441,4612,6660,24988,4,17,32571,10235124,200,0,386,0,0,1759,5582
4595,2026-08-04T06:59:51Z,1785826791318502214,4613,6660,24988,4,17,32578,10235923,200,0,386,0,0,1759,5582
4596,2026-08-04T06:59:52Z,1785826792321847895,4614,6660,24988,4,17,32586,10236719,200,0,386,0,0,1759,5583
4597,2026-08-04T06:59:53Z,1785826793325060180,4615,6660,24988,4,17,32594,10237514,200,0,386,0,0,1759,5584
4598,2026-08-04T06:59:54Z,1785826794329239483,4616,6660,24988,4,17,32602,10238311,200,0,386,0,0,1759,5585
4599,2026-08-04T06:59:55Z,1785826795333688049,4617,6660,24988,4,17,32609,10239107,200,0,386,0,0,1759,5586
4600,2026-08-04T06:59:56Z,1785826796337002862,4618,6660,24988,4,17,32617,10239903,200,0,386,0,0,1759,5587
4601,2026-08-04T06:59:57Z,1785826797341542076,4619,6660,24988,4,17,32625,10240702,200,0,386,0,0,1759,5588
4602,2026-08-04T06:59:58Z,1785826798344973918,4620,6660,24988,4,17,32632,10241500,200,0,386,0,0,1759,5589
4603,2026-08-04T06:59:59Z,1785826799347990036,4621,6660,24988,4,17,32639,10242296,200,0,386,0,0,1759,5590
4604,2026-08-04T07:00:00Z,1785826800353276038,4622,6660,24988,4,17,32648,10243093,200,0,386,0,0,1759,5590
4605,2026-08-04T07:00:01Z,1785826801357364724,4623,6660,24988,4,17,32656,10243890,200,0,386,0,0,1759,5591
4606,2026-08-04T07:00:02Z,1785826802361291019,4624,6660,24988,4,17,32665,10244686,200,0,386,0,0,1759,5592
4607,2026-08-04T07:00:03Z,1785826803365154203,4625,6660,24988,4,17,32673,10245480,200,0,386,0,0,1759,5592
4608,2026-08-04T07:00:04Z,1785826804368210830,4626,6660,24988,4,17,32681,10246275,200,0,386,0,0,1759,5593
4609,2026-08-04T07:00:05Z,1785826805373318834,4627,6660,24988,4,17,32689,10247070,200,0,386,0,0,1759,5593
4610,2026-08-04T07:00:06Z,1785826806377113301,4628,6660,24988,4,17,32697,10247868,200,0,386,0,0,1759,5594
4611,2026-08-04T07:00:07Z,1785826807380644683,4629,6660,24988,4,17,32704,10248662,200,0,386,0,0,1759,5595
4612,2026-08-04T07:00:08Z,1785826808383800427,4630,6660,24988,4,17,32712,10249456,200,0,386,0,0,1759,5596
4613,2026-08-04T07:00:09Z,1785826809388052913,4631,6660,24988,4,17,32719,10250251,200,0,386,0,0,1759,5597
4614,2026-08-04T07:00:10Z,1785826810393109025,4632,6660,24988,4,17,32728,10251051,200,0,386,0,0,1759,5597
4615,2026-08-04T07:00:11Z,1785826811396528098,4633,6660,24988,4,17,32734,10251847,200,0,386,0,0,1759,5597
4616,2026-08-04T07:00:12Z,1785826812399690471,4634,6660,24988,4,17,32742,10252641,200,0,386,0,0,1759,5597
4617,2026-08-04T07:00:13Z,1785826813403469951,4635,6660,24988,4,17,32750,10253439,200,0,386,0,0,1759,5597
4618,2026-08-04T07:00:14Z,1785826814407326812,4636,6660,24988,4,17,32758,10254233,200,0,386,0,0,1759,5597
4619,2026-08-04T07:00:15Z,1785826815412028504,4637,6660,24988,4,17,32765,10255030,200,0,386,0,0,1759,5598
4620,2026-08-04T07:00:16Z,1785826816415333194,4638,6660,24988,4,17,32774,10255828,200,0,386,0,0,1759,5599
4621,2026-08-04T07:00:17Z,1785826817419899357,4639,6660,24988,4,17,32780,10256625,200,0,386,0,0,1759,5600
4622,2026-08-04T07:00:18Z,1785826818423134460,4640,6660,24988,4,17,32789,10257421,200,0,386,0,0,1759,5601
4623,2026-08-04T07:00:19Z,1785826819427248320,4641,6660,24988,4,17,32796,10258220,200,0,386,0,0,1759,5602
4624,2026-08-04T07:00:20Z,1785826820432199822,4642,6664,24988,4,18,32804,10259018,200,0,386,0,0,1759,5603
4625,2026-08-04T07:00:21Z,1785826821435228212,4643,6664,24988,4,18,32812,10259813,200,0,386,0,0,1759,5604
4626,2026-08-04T07:00:22Z,1785826822440075074,4644,6664,24988,4,18,32819,10260609,200,0,386,0,0,1759,5605
4627,2026-08-04T07:00:23Z,1785826823443497779,4645,6664,24988,4,18,32826,10261406,200,0,386,0,0,1759,5606
4628,2026-08-04T07:00:24Z,1785826824447675091,4646,6664,24988,4,18,32834,10262202,200,0,386,0,0,1759,5607
4629,2026-08-04T07:00:25Z,1785826825451979538,4647,6660,24988,4,17,32841,10263002,200,0,386,0,0,1759,5608
4630,2026-08-04T07:00:26Z,1785826826455886217,4648,6652,24988,4,15,32848,10263802,200,0,386,0,0,1759,5608
4631,2026-08-04T07:00:27Z,1785826827460154006,4649,6628,24988,4,14,32854,10264601,200,0,386,0,0,1759,5608
4632,2026-08-04T07:00:28Z,1785826828462427394,4650,6620,24988,4,12,32857,10265401,200,0,386,0,0,1759,5608
4633,2026-08-04T07:00:29Z,1785826829466643722,4651,6292,24988,4,10,32857,10266203,200,0,386,0,0,1759,5608
4634,2026-08-04T07:00:30Z,1785826830471441496,4652,6292,24988,4,10,32858,10267006,200,0,386,0,0,1759,5608
4635,2026-08-04T07:00:31Z,1785826831475323563,4653,6292,24988,4,10,32858,10267809,200,0,386,0,0,1759,5608
4636,2026-08-04T07:00:32Z,1785826832478771880,4654,6292,24988,4,10,32858,10268611,200,0,386,0,0,1759,5608
4637,2026-08-04T07:00:33Z,1785826833481627738,4655,6292,24988,4,10,32858,10269413,200,0,386,0,0,1759,5608
4638,2026-08-04T07:00:34Z,1785826834485713825,4656,6292,24988,4,10,32858,10270216,200,0,386,0,0,1759,5608
4639,2026-08-04T07:00:35Z,1785826835489729636,4657,6296,24988,4,11,32858,10271016,200,0,386,0,0,1759,5608
4640,2026-08-04T07:00:36Z,1785826836494286686,4658,6300,24988,4,12,32860,10271815,200,0,386,0,0,1759,5608
4641,2026-08-04T07:00:37Z,1785826837498953935,4659,6324,24988,4,13,32864,10272617,200,0,386,0,0,1759,5608
4642,2026-08-04T07:00:38Z,1785826838502390826,4660,6328,24988,4,14,32871,10273414,200,0,386,0,0,1759,5608
4643,2026-08-04T07:00:39Z,1785826839505431433,4661,6652,24988,4,15,32878,10274207,200,0,386,0,0,1759,5608
4644,2026-08-04T07:00:40Z,1785826840510464034,4662,6664,24988,4,18,32886,10275004,200,0,386,0,0,1759,5609
4645,2026-08-04T07:00:41Z,1785826841513468021,4663,6664,24988,4,18,32894,10275799,200,0,386,0,0,1759,5610
4646,2026-08-04T07:00:42Z,1785826842517414912,4664,6664,24988,4,18,32901,10276596,200,0,386,0,0,1759,5611
4647,2026-08-04T07:00:43Z,1785826843521522162,4665,6664,24988,4,18,32909,10277391,200,0,386,0,0,1759,5611
4648,2026-08-04T07:00:44Z,1785826844526439965,4666,6664,24988,4,18,32916,10278187,200,0,386,0,0,1759,5612
4649,2026-08-04T07:00:45Z,1785826845530047848,4667,6664,24988,4,18,32924,10278982,200,0,386,0,0,1759,5613
4650,2026-08-04T07:00:46Z,1785826846532867904,4668,6664,24988,4,18,32932,10279776,200,0,386,0,0,1759,5614
4651,2026-08-04T07:00:47Z,1785826847537052875,4669,6664,24988,4,18,32940,10280575,200,0,386,0,0,1759,5615
4652,2026-08-04T07:00:48Z,1785826848541545700,4670,6664,24988,4,18,32947,10281369,200,0,386,0,0,1759,5615
4653,2026-08-04T07:00:49Z,1785826849544289652,4671,6664,24988,4,18,32955,10282166,200,0,386,0,0,1759,5616
4654,2026-08-04T07:00:50Z,1785826850548039617,4672,6664,24988,4,18,32963,10282961,200,0,386,0,0,1759,5617
4655,2026-08-04T07:00:51Z,1785826851552182795,4673,6664,24988,4,18,32969,10283756,200,0,386,0,0,1759,5618
4656,2026-08-04T07:00:52Z,1785826852556095103,4674,6664,24988,4,18,32978,10284551,200,0,386,0,0,1759,5618
4657,2026-08-04T07:00:53Z,1785826853560457766,4675,6664,24988,4,18,32986,10285346,200,0,386,0,0,1759,5618
4658,2026-08-04T07:00:54Z,1785826854565032914,4676,6664,24988,4,18,32993,10286141,200,0,386,0,0,1759,5619
4659,2026-08-04T07:00:55Z,1785826855567843503,4677,6664,24988,4,18,33000,10286939,200,0,386,0,0,1759,5620
4660,2026-08-04T07:00:56Z,1785826856571848626,4678,6664,24988,4,18,33008,10287735,200,0,386,0,0,1759,5621
4661,2026-08-04T07:00:57Z,1785826857575896994,4679,6664,24988,4,18,33016,10288530,200,0,386,0,0,1759,5621
4662,2026-08-04T07:00:58Z,1785826858580025299,4680,6664,24988,4,18,33023,10289325,200,0,386,0,0,1759,5621
4663,2026-08-04T07:00:59Z,1785826859584291440,4681,6664,24988,4,18,33031,10290122,200,0,386,0,0,1759,5621
4664,2026-08-04T07:01:00Z,1785826860587393231,4682,6664,24988,4,18,33039,10290918,200,0,386,0,0,1759,5621
4665,2026-08-04T07:01:01Z,1785826861592106115,4683,6664,24988,4,18,33047,10291714,200,0,386,0,0,1759,5622
4666,2026-08-04T07:01:02Z,1785826862594985855,4684,6664,24988,4,18,33055,10292510,200,0,386,0,0,1759,5622
4667,2026-08-04T07:01:03Z,1785826863599803698,4685,6664,24988,4,18,33063,10293306,200,0,386,0,0,1759,5623
4668,2026-08-04T07:01:04Z,1785826864602890358,4686,6664,24988,4,18,33071,10294101,200,0,386,0,0,1759,5623
4669,2026-08-04T07:01:05Z,1785826865606916969,4687,6664,24988,4,18,33079,10294893,200,0,386,0,0,1759,5623
4670,2026-08-04T07:01:06Z,1785826866611099321,4688,6664,24988,4,18,33087,10295690,200,0,386,0,0,1759,5623
4671,2026-08-04T07:01:07Z,1785826867615995685,4689,6664,24988,4,18,33094,10296488,200,0,386,0,0,1759,5624
4672,2026-08-04T07:01:08Z,1785826868619055587,4690,6664,24988,4,18,33102,10297285,200,0,386,0,0,1759,5624
4673,2026-08-04T07:01:09Z,1785826869623272947,4691,6664,24988,4,18,33109,10298079,200,0,386,0,0,1759,5625
4674,2026-08-04T07:01:10Z,1785826870627313300,4692,6660,24988,4,17,33117,10298877,200,0,386,0,0,1759,5626
4675,2026-08-04T07:01:11Z,1785826871632229679,4693,6660,24988,4,17,33125,10299673,200,0,386,0,0,1759,5627
4676,2026-08-04T07:01:12Z,1785826872636126422,4694,6660,24988,4,17,33133,10300468,200,0,386,0,0,1759,5627
4677,2026-08-04T07:01:13Z,1785826873639352364,4695,6660,24988,4,17,33141,10301263,200,0,386,0,0,1759,5628
4678,2026-08-04T07:01:14Z,1785826874644110540,4696,6660,24988,4,17,33149,10302058,200,0,386,0,0,1759,5629
4679,2026-08-04T07:01:15Z,1785826875647344179,4697,6660,24988,4,17,33156,10302852,200,0,386,0,0,1759,5630
4680,2026-08-04T07:01:16Z,1785826876651641068,4698,6660,24988,4,17,33164,10303646,200,0,386,0,0,1759,5630
4681,2026-08-04T07:01:17Z,1785826877655836313,4699,6660,24988,4,17,33171,10304443,200,0,386,0,0,1759,5631
4682,2026-08-04T07:01:18Z,1785826878660081901,4700,6660,24988,4,17,33179,10305241,200,0,386,0,0,1759,5632
4683,2026-08-04T07:01:19Z,1785826879664098119,4701,6660,24988,4,17,33186,10306035,200,0,386,0,0,1759,5633
4684,2026-08-04T07:01:20Z,1785826880667915027,4702,6660,24988,4,17,33194,10306830,200,0,386,0,0,1759,5634
4685,2026-08-04T07:01:21Z,1785826881671951128,4703,6660,24988,4,17,33202,10307629,200,0,386,0,0,1759,5635
4686,2026-08-04T07:01:22Z,1785826882676067071,4704,6660,24988,4,17,33210,10308423,200,0,386,0,0,1759,5635
4687,2026-08-04T07:01:23Z,1785826883680111461,4705,6660,24988,4,17,33217,10309220,200,0,386,0,0,1759,5636
4688,2026-08-04T07:01:24Z,1785826884684709016,4706,6660,24988,4,17,33224,10310015,200,0,386,0,0,1759,5637
4689,2026-08-04T07:01:25Z,1785826885687962831,4707,6660,24988,4,17,33232,10310812,200,0,386,0,0,1759,5638
4690,2026-08-04T07:01:26Z,1785826886692248925,4708,6660,24988,4,17,33240,10311606,200,0,386,0,0,1759,5638
4691,2026-08-04T07:01:27Z,1785826887695186888,4709,6660,24988,4,17,33248,10312400,200,0,386,0,0,1759,5638
4692,2026-08-04T07:01:28Z,1785826888698974488,4710,6660,24988,4,17,33255,10313197,200,0,386,0,0,1759,5638
4693,2026-08-04T07:01:29Z,1785826889702704056,4711,6660,24988,4,17,33262,10313992,200,0,386,0,0,1759,5638
4694,2026-08-04T07:01:30Z,1785826890707260457,4712,6660,24988,4,17,33270,10314787,200,0,386,0,0,1759,5639
4695,2026-08-04T07:01:31Z,1785826891710980286,4713,6660,24988,4,17,33278,10315582,200,0,386,0,0,1759,5640
4696,2026-08-04T07:01:32Z,1785826892714457152,4714,6660,24988,4,17,33287,10316377,200,0,386,0,0,1759,5641
4697,2026-08-04T07:01:33Z,1785826893717854275,4715,6660,24988,4,17,33294,10317172,200,0,386,0,0,1759,5642
4698,2026-08-04T07:01:34Z,1785826894721036443,4716,6660,24988,4,17,33302,10317967,200,0,386,0,0,1759,5642
4699,2026-08-04T07:01:35Z,1785826895725317144,4717,6660,24988,4,17,33310,10318762,200,0,386,0,0,1759,5643
4700,2026-08-04T07:01:36Z,1785826896729159380,4718,6660,24988,4,17,33316,10319558,200,0,386,0,0,1759,5643
4701,2026-08-04T07:01:37Z,1785826897733319358,4719,6660,24988,4,17,33325,10320355,200,0,386,0,0,1759,5643
4702,2026-08-04T07:01:38Z,1785826898737280959,4720,6660,24988,4,17,33333,10321149,200,0,386,0,0,1759,5644
4703,2026-08-04T07:01:39Z,1785826899741480007,4721,6660,24988,4,17,33339,10321947,200,0,386,0,0,1759,5644
4704,2026-08-04T07:01:40Z,1785826900746223489,4722,6660,24988,4,17,33348,10322744,200,0,386,0,0,1759,5645
4705,2026-08-04T07:01:41Z,1785826901749929392,4723,6660,24988,4,17,33355,10323540,200,0,386,0,0,1759,5646
4706,2026-08-04T07:01:42Z,1785826902753396633,4724,6660,24988,4,17,33363,10324336,200,0,386,0,0,1759,5647
4707,2026-08-04T07:01:43Z,1785826903756832509,4725,6660,24988,4,17,33371,10325132,200,0,386,0,0,1759,5648
4708,2026-08-04T07:01:44Z,1785826904761135696,4726,6660,24988,4,17,33378,10325926,200,0,386,0,0,1759,5649
4709,2026-08-04T07:01:45Z,1785826905764538459,4727,6660,24988,4,17,33387,10326723,200,0,386,0,0,1759,5650
4710,2026-08-04T07:01:46Z,1785826906767945134,4728,6660,24988,4,17,33394,10327518,200,0,386,0,0,1759,5651
4711,2026-08-04T07:01:47Z,1785826907771042345,4729,6660,24988,4,17,33402,10328314,200,0,386,0,0,1759,5651
4712,2026-08-04T07:01:48Z,1785826908775482321,4730,6660,24988,4,17,33410,10329112,200,0,386,0,0,1759,5652
4713,2026-08-04T07:01:49Z,1785826909778334034,4731,6660,24988,4,17,33418,10329906,200,0,386,0,0,1759,5652
4714,2026-08-04T07:01:50Z,1785826910782985943,4732,6660,24988,4,17,33425,10330704,200,0,386,0,0,1759,5653
4715,2026-08-04T07:01:51Z,1785826911786060689,4733,6660,24988,4,17,33432,10331498,200,0,386,0,0,1759,5654
4716,2026-08-04T07:01:52Z,1785826912790435814,4734,6660,24988,4,17,33440,10332295,200,0,386,0,0,1759,5655
4717,2026-08-04T07:01:53Z,1785826913793925093,4735,6660,24988,4,17,33447,10333090,200,0,386,0,0,1759,5656
4718,2026-08-04T07:01:54Z,1785826914796874836,4736,6660,24988,4,17,33455,10333886,200,0,386,0,0,1759,5656
4719,2026-08-04T07:01:55Z,1785826915801187225,4737,6660,24988,4,17,33463,10334682,200,0,386,0,0,1759,5656
4720,2026-08-04T07:01:56Z,1785826916804523978,4738,6660,24988,4,17,33470,10335474,200,0,386,0,0,1759,5656
4721,2026-08-04T07:01:57Z,1785826917807647103,4739,6660,24988,4,17,33478,10336270,200,0,386,0,0,1759,5656
4722,2026-08-04T07:01:58Z,1785826918812291151,4740,6660,24988,4,17,33486,10337065,200,0,386,0,0,1759,5657
4723,2026-08-04T07:01:59Z,1785826919816191615,4741,6660,24988,4,17,33493,10337858,200,0,386,0,0,1759,5657
4724,2026-08-04T07:02:00Z,1785826920819745085,4742,6660,24988,4,17,33501,10338653,200,0,386,0,0,1759,5658
4725,2026-08-04T07:02:01Z,1785826921823614649,4743,6660,24988,4,17,33509,10339449,200,0,386,0,0,1759,5658
4726,2026-08-04T07:02:02Z,1785826922827145339,4744,6660,24988,4,17,33517,10340247,200,0,386,0,0,1759,5658
4727,2026-08-04T07:02:03Z,1785826923830586850,4745,6660,24988,4,17,33526,10341040,200,0,386,0,0,1759,5658
4728,2026-08-04T07:02:04Z,1785826924833479031,4746,6660,24988,4,17,33533,10341837,200,0,386,0,0,1759,5659
4729,2026-08-04T07:02:05Z,1785826925837892673,4747,6660,24988,4,17,33541,10342633,200,0,386,0,0,1759,5660
4730,2026-08-04T07:02:06Z,1785826926840980131,4748,6660,24988,4,17,33548,10343426,200,0,386,0,0,1759,5661
4731,2026-08-04T07:02:07Z,1785826927845155044,4749,6660,24988,4,17,33556,10344225,200,0,386,0,0,1759,5661
4732,2026-08-04T07:02:08Z,1785826928849199608,4750,6660,24988,4,17,33564,10345024,200,0,386,0,0,1759,5662
4733,2026-08-04T07:02:09Z,1785826929853163464,4751,6660,24988,4,17,33572,10345820,200,0,386,0,0,1759,5662
4734,2026-08-04T07:02:10Z,1785826930857284156,4752,6660,24988,4,17,33579,10346615,200,0,386,0,0,1759,5662
4735,2026-08-04T07:02:11Z,1785826931861434230,4753,6660,24988,4,17,33586,10347414,200,0,386,0,0,1759,5662
4736,2026-08-04T07:02:12Z,1785826932865788333,4754,6660,24988,4,17,33594,10348211,200,0,386,0,0,1759,5663
4737,2026-08-04T07:02:13Z,1785826933869777799,4755,6660,24988,4,17,33601,10349007,200,0,386,0,0,1759,5664
4738,2026-08-04T07:02:14Z,1785826934874689375,4756,6660,24988,4,17,33610,10349803,200,0,386,0,0,1759,5665
4739,2026-08-04T07:02:15Z,1785826935877991958,4757,6660,24988,4,17,33617,10350600,200,0,386,0,0,1759,5666
4740,2026-08-04T07:02:16Z,1785826936882176297,4758,6660,24988,4,17,33625,10351395,200,0,386,0,0,1759,5666
4741,2026-08-04T07:02:17Z,1785826937886161998,4759,6660,24988,4,17,33632,10352190,200,0,386,0,0,1759,5667
4742,2026-08-04T07:02:18Z,1785826938890358177,4760,6660,24988,4,17,33640,10352984,200,0,386,0,0,1759,5668
4743,2026-08-04T07:02:19Z,1785826939894502174,4761,6660,24988,4,17,33648,10353780,200,0,386,0,0,1759,5668
4744,2026-08-04T07:02:20Z,1785826940898633142,4762,6660,24988,4,17,33655,10354575,200,0,386,0,0,1759,5668
4745,2026-08-04T07:02:21Z,1785826941902383170,4763,6660,24988,4,17,33663,10355370,200,0,386,0,0,1759,5668
4746,2026-08-04T07:02:22Z,1785826942906741100,4764,6660,24988,4,17,33671,10356166,200,0,386,0,0,1759,5668
4747,2026-08-04T07:02:23Z,1785826943909726356,4765,6660,24988,4,17,33678,10356961,200,0,386,0,0,1759,5669
4748,2026-08-04T07:02:24Z,1785826944913613198,4766,6660,24988,4,17,33686,10357756,200,0,386,0,0,1759,5670
4749,2026-08-04T07:02:25Z,1785826945917447973,4767,6660,24988,4,17,33694,10358553,200,0,386,0,0,1759,5670
4750,2026-08-04T07:02:26Z,1785826946921591422,4768,6660,24988,4,17,33701,10359349,200,0,386,0,0,1759,5671
4751,2026-08-04T07:02:27Z,1785826947926022548,4769,6660,24988,4,17,33708,10360143,200,0,386,0,0,1759,5671
4752,2026-08-04T07:02:28Z,1785826948929015697,4770,6660,24988,4,17,33716,10360938,200,0,386,0,0,1759,5672
4753,2026-08-04T07:02:29Z,1785826949933862240,4771,6660,24988,4,17,33723,10361734,200,0,386,0,0,1759,5672
4754,2026-08-04T07:02:30Z,1785826950938027795,4772,6660,24988,4,17,33731,10362530,200,0,386,0,0,1759,5673
4755,2026-08-04T07:02:31Z,1785826951941191043,4773,6660,24988,4,17,33739,10363325,200,0,386,0,0,1759,5674
4756,2026-08-04T07:02:32Z,1785826952945567605,4774,6660,24988,4,17,33747,10364122,200,0,386,0,0,1759,5674
4757,2026-08-04T07:02:33Z,1785826953948800016,4775,6660,24988,4,17,33755,10364918,200,0,386,0,0,1759,5674
4758,2026-08-04T07:02:34Z,1785826954953213993,4776,6656,24988,4,16,33763,10365712,200,0,386,0,0,1759,5675
4759,2026-08-04T07:02:35Z,1785826955956057771,4777,6652,24988,4,15,33770,10366507,200,0,386,0,0,1759,5676
4760,2026-08-04T07:02:36Z,1785826956960107119,4778,6628,24988,4,14,33775,10367307,200,0,386,0,0,1759,5676
4761,2026-08-04T07:02:37Z,1785826957963200731,4779,6620,24988,4,12,33778,10368109,200,0,386,0,0,1759,5676
4762,2026-08-04T07:02:38Z,1785826958967067440,4780,6292,24988,4,10,33778,10368911,200,0,386,0,0,1759,5676
4763,2026-08-04T07:02:39Z,1785826959970862152,4781,6292,24988,4,10,33778,10369714,200,0,386,0,0,1759,5676
4764,2026-08-04T07:02:40Z,1785826960974947593,4782,6292,24988,4,10,33778,10370516,200,0,386,0,0,1759,5676
4765,2026-08-04T07:02:41Z,1785826961978867126,4783,6292,24988,4,10,33778,10371318,200,0,386,0,0,1759,5676
4766,2026-08-04T07:02:42Z,1785826962982876663,4784,6292,24988,4,10,33778,10372121,200,0,386,0,0,1759,5676
4767,2026-08-04T07:02:43Z,1785826963987289412,4785,6296,24988,4,11,33778,10372923,200,0,386,0,0,1759,5676
4768,2026-08-04T07:02:44Z,1785826964991569119,4786,6300,24988,4,12,33779,10373723,200,0,386,0,0,1759,5676
4769,2026-08-04T07:02:45Z,1785826965994836738,4787,6324,24988,4,13,33781,10374522,200,0,386,0,0,1759,5676
4770,2026-08-04T07:02:46Z,1785826966998817955,4788,6328,24988,4,14,33784,10375318,200,0,386,0,0,1759,5676
4771,2026-08-04T07:02:48Z,1785826968003053020,4790,6652,24988,4,15,33792,10376114,200,0,386,0,0,1759,5676
4772,2026-08-04T07:02:49Z,1785826969006837340,4791,6664,24988,4,18,33799,10376911,200,0,386,0,0,1759,5677
4773,2026-08-04T07:02:50Z,1785826970010580308,4792,6664,24988,4,18,33807,10377705,200,0,386,0,0,1759,5677
4774,2026-08-04T07:02:51Z,1785826971014214726,4793,6664,24988,4,18,33814,10378503,200,0,386,0,0,1759,5678
4775,2026-08-04T07:02:52Z,1785826972018128221,4794,6664,24988,4,18,33821,10379299,200,0,386,0,0,1759,5679
4776,2026-08-04T07:02:53Z,1785826973022392013,4795,6664,24988,4,18,33829,10380097,200,0,386,0,0,1759,5679
4777,2026-08-04T07:02:54Z,1785826974026453598,4796,6664,24988,4,18,33837,10380893,200,0,386,0,0,1759,5679
4778,2026-08-04T07:02:55Z,1785826975031304170,4797,6664,24988,4,18,33844,10381689,200,0,386,0,0,1759,5679
4779,2026-08-04T07:02:56Z,1785826976034925913,4798,6664,24988,4,18,33853,10382484,200,0,386,0,0,1759,5679
4780,2026-08-04T07:02:57Z,1785826977038141364,4799,6664,24988,4,18,33860,10383281,200,0,386,0,0,1759,5679
4781,2026-08-04T07:02:58Z,1785826978042328562,4800,6664,24988,4,18,33868,10384078,200,0,386,0,0,1759,5679
4782,2026-08-04T07:02:59Z,1785826979045842525,4801,6664,24988,4,18,33875,10384874,200,0,386,0,0,1759,5680
4783,2026-08-04T07:03:00Z,1785826980050278492,4802,6664,24988,4,18,33883,10385672,200,0,386,0,0,1759,5681
4784,2026-08-04T07:03:01Z,1785826981053859578,4803,6664,24988,4,18,33890,10386468,200,0,386,0,0,1759,5681
4785,2026-08-04T07:03:02Z,1785826982057531042,4804,6664,24988,4,18,33899,10387261,200,0,386,0,0,1759,5681
4786,2026-08-04T07:03:03Z,1785826983061101329,4805,6664,24988,4,18,33906,10388054,200,0,386,0,0,1759,5681
4787,2026-08-04T07:03:04Z,1785826984064486144,4806,6664,24988,4,18,33914,10388852,200,0,386,0,0,1759,5681
4788,2026-08-04T07:03:05Z,1785826985067942131,4807,6664,24988,4,18,33922,10389646,200,0,386,0,0,1759,5682
4789,2026-08-04T07:03:06Z,1785826986071287482,4808,6664,24988,4,18,33930,10390441,200,0,386,0,0,1759,5683
4790,2026-08-04T07:03:07Z,1785826987075810615,4809,6664,24988,4,18,33938,10391235,200,0,386,0,0,1759,5683
4791,2026-08-04T07:03:08Z,1785826988079224882,4810,6664,24988,4,18,33945,10392027,200,0,386,0,0,1759,5683
4792,2026-08-04T07:03:09Z,1785826989082230573,4811,6664,24988,4,18,33953,10392826,200,0,386,0,0,1759,5684
4793,2026-08-04T07:03:10Z,1785826990086377856,4812,6664,24988,4,18,33960,10393621,200,0,386,0,0,1759,5685
4794,2026-08-04T07:03:11Z,1785826991090197200,4813,6664,24988,4,18,33968,10394419,200,0,386,0,0,1759,5686
4795,2026-08-04T07:03:12Z,1785826992094308568,4814,6664,24988,4,18,33976,10395213,200,0,386,0,0,1759,5687
4796,2026-08-04T07:03:13Z,1785826993098327232,4815,6664,24988,4,18,33983,10396010,200,0,386,0,0,1759,5688
4797,2026-08-04T07:03:14Z,1785826994102231640,4816,6664,24988,4,18,33991,10396806,200,0,386,0,0,1759,5688
4798,2026-08-04T07:03:15Z,1785826995107747861,4817,6664,24988,4,18,33999,10397604,200,0,386,0,0,1759,5689
4799,2026-08-04T07:03:16Z,1785826996110324108,4818,6664,24988,4,18,34007,10398399,200,0,386,0,0,1759,5689
4800,2026-08-04T07:03:17Z,1785826997113826487,4819,6664,24988,4,18,34015,10399194,200,0,386,0,0,1759,5690
4801,2026-08-04T07:03:18Z,1785826998116991548,4820,6664,24988,4,18,34023,10399988,200,0,386,0,0,1759,5691
4802,2026-08-04T07:03:19Z,1785826999120829686,4821,6660,24988,4,17,34030,10400783,200,0,386,0,0,1759,5692
4803,2026-08-04T07:03:20Z,1785827000124860106,4822,6660,24988,4,17,34038,10401578,200,0,386,0,0,1759,5692
4804,2026-08-04T07:03:21Z,1785827001128743909,4823,6660,24988,4,17,34045,10402372,200,0,386,0,0,1759,5693
4805,2026-08-04T07:03:22Z,1785827002132966124,4824,6660,24988,4,17,34052,10403166,200,0,386,0,0,1759,5694
4806,2026-08-04T07:03:23Z,1785827003136951374,4825,6660,24988,4,17,34060,10403963,200,0,386,0,0,1759,5695
4807,2026-08-04T07:03:24Z,1785827004141474343,4826,6660,24988,4,17,34068,10404760,200,0,386,0,0,1759,5696
4808,2026-08-04T07:03:25Z,1785827005144757585,4827,6660,24988,4,17,34075,10405559,200,0,386,0,0,1759,5697
4809,2026-08-04T07:03:26Z,1785827006148501720,4828,6660,24988,4,17,34083,10406354,200,0,386,0,0,1759,5698
4810,2026-08-04T07:03:27Z,1785827007152419029,4829,6660,24988,4,17,34091,10407149,200,0,386,0,0,1759,5699
4811,2026-08-04T07:03:28Z,1785827008156539229,4830,6660,24988,4,17,34098,10407947,200,0,386,0,0,1759,5699
4812,2026-08-04T07:03:29Z,1785827009160199665,4831,6660,24988,4,17,34106,10408743,200,0,386,0,0,1759,5700
4813,2026-08-04T07:03:30Z,1785827010164936377,4832,6660,24988,4,17,34114,10409540,200,0,386,0,0,1759,5701
4814,2026-08-04T07:03:31Z,1785827011168839942,4833,6660,24988,4,17,34122,10410334,200,0,386,0,0,1759,5702
4815,2026-08-04T07:03:32Z,1785827012171893743,4834,6660,24988,4,17,34130,10411128,200,0,386,0,0,1759,5703
4816,2026-08-04T07:03:33Z,1785827013176036830,4835,6660,24988,4,17,34138,10411925,200,0,386,0,0,1759,5703
4817,2026-08-04T07:03:34Z,1785827014180274167,4836,6660,24988,4,17,34145,10412722,200,0,386,0,0,1759,5704
4818,2026-08-04T07:03:35Z,1785827015184320277,4837,6660,24988,4,17,34152,10413518,200,0,386,0,0,1759,5705
4819,2026-08-04T07:03:36Z,1785827016188802280,4838,6660,24988,4,17,34160,10414315,200,0,386,0,0,1759,5705
4820,2026-08-04T07:03:37Z,1785827017192597818,4839,6660,24988,4,17,34168,10415111,200,0,386,0,0,1759,5706
4821,2026-08-04T07:03:38Z,1785827018195272320,4840,6660,24988,4,17,34175,10415903,200,0,386,0,0,1759,5707
4822,2026-08-04T07:03:39Z,1785827019198780294,4841,6660,24988,4,17,34183,10416699,200,0,386,0,0,1759,5708
4823,2026-08-04T07:03:40Z,1785827020202930816,4842,6660,24988,4,17,34190,10417496,200,0,386,0,0,1759,5709
4824,2026-08-04T07:03:41Z,1785827021207043612,4843,6660,24988,4,17,34198,10418292,200,0,386,0,0,1759,5710
4825,2026-08-04T07:03:42Z,1785827022211219688,4844,6660,24988,4,17,34205,10419088,200,0,386,0,0,1759,5711
4826,2026-08-04T07:03:43Z,1785827023215538439,4845,6660,24988,4,17,34213,10419885,200,0,386,0,0,1759,5711
4827,2026-08-04T07:03:44Z,1785827024218260966,4846,6660,24988,4,17,34220,10420682,200,0,386,0,0,1759,5712
4828,2026-08-04T07:03:45Z,1785827025222382502,4847,6660,24988,4,17,34228,10421478,200,0,386,0,0,1759,5712
4829,2026-08-04T07:03:46Z,1785827026226392467,4848,6660,24988,4,17,34236,10422272,200,0,386,0,0,1759,5713
4830,2026-08-04T07:03:47Z,1785827027230351248,4849,6660,24988,4,17,34244,10423068,200,0,386,0,0,1759,5714
4831,2026-08-04T07:03:48Z,1785827028234392042,4850,6660,24988,4,17,34252,10423863,200,0,386,0,0,1759,5715
4832,2026-08-04T07:03:49Z,1785827029238845045,4851,6660,24988,4,17,34259,10424659,200,0,386,0,0,1759,5716
4833,2026-08-04T07:03:50Z,1785827030242392589,4852,6660,24988,4,17,34267,10425456,200,0,386,0,0,1759,5716
4834,2026-08-04T07:03:51Z,1785827031245687930,4853,6660,24988,4,17,34274,10426251,200,0,386,0,0,1759,5717
4835,2026-08-04T07:03:52Z,1785827032249959563,4854,6660,24988,4,17,34282,10427046,200,0,386,0,0,1759,5718
4836,2026-08-04T07:03:53Z,1785827033253277503,4855,6660,24988,4,17,34290,10427842,200,0,386,0,0,1759,5718
4837,2026-08-04T07:03:54Z,1785827034257314413,4856,6660,24988,4,17,34297,10428638,200,0,386,0,0,1759,5719
4838,2026-08-04T07:03:55Z,1785827035261195249,4857,6660,24988,4,17,34305,10429434,200,0,386,0,0,1759,5719
4839,2026-08-04T07:03:56Z,1785827036265434554,4858,6660,24988,4,17,34313,10430231,200,0,386,0,0,1759,5719
4840,2026-08-04T07:03:57Z,1785827037269891707,4859,6660,24988,4,17,34320,10431028,200,0,386,0,0,1759,5719
4841,2026-08-04T07:03:58Z,1785827038273837878,4860,6660,24988,4,17,34328,10431824,200,0,386,0,0,1759,5720
4842,2026-08-04T07:03:59Z,1785827039277619564,4861,6660,24988,4,17,34335,10432618,200,0,386,0,0,1759,5720
4843,2026-08-04T07:04:00Z,1785827040282257913,4862,6660,24988,4,17,34343,10433413,200,0,386,0,0,1759,5720
4844,2026-08-04T07:04:01Z,1785827041285707719,4863,6660,24988,4,17,34350,10434207,200,0,386,0,0,1759,5721
4845,2026-08-04T07:04:02Z,1785827042289843015,4864,6660,24988,4,17,34358,10435002,200,0,386,0,0,1759,5722
4846,2026-08-04T07:04:03Z,1785827043293538465,4865,6660,24988,4,17,34367,10435793,200,0,386,0,0,1759,5723
4847,2026-08-04T07:04:04Z,1785827044296347476,4866,6660,24988,4,17,34374,10436586,200,0,386,0,0,1759,5724
4848,2026-08-04T07:04:05Z,1785827045300671838,4867,6660,24988,4,17,34382,10437380,200,0,386,0,0,1759,5725
4849,2026-08-04T07:04:06Z,1785827046304994660,4868,6660,24988,4,17,34390,10438177,200,0,386,0,0,1759,5725
4850,2026-08-04T07:04:07Z,1785827047308360918,4869,6660,24988,4,17,34398,10438973,200,0,386,0,0,1759,5725
4851,2026-08-04T07:04:08Z,1785827048311073969,4870,6660,24988,4,17,34405,10439766,200,0,386,0,0,1759,5725
4852,2026-08-04T07:04:09Z,1785827049315003240,4871,6660,24988,4,17,34413,10440565,200,0,386,0,0,1759,5725
4853,2026-08-04T07:04:10Z,1785827050319053485,4872,6660,24988,4,17,34420,10441360,200,0,386,0,0,1759,5725
4854,2026-08-04T07:04:11Z,1785827051323590610,4873,6660,24988,4,17,34427,10442155,200,0,386,0,0,1759,5726
4855,2026-08-04T07:04:12Z,1785827052326534884,4874,6660,24988,4,17,34435,10442953,200,0,386,0,0,1759,5727
4856,2026-08-04T07:04:13Z,1785827053330498953,4875,6660,24988,4,17,34443,10443749,200,0,386,0,0,1759,5728
4857,2026-08-04T07:04:14Z,1785827054334448974,4876,6660,24988,4,17,34450,10444543,200,0,386,0,0,1759,5729
4858,2026-08-04T07:04:15Z,1785827055338871396,4877,6660,24988,4,17,34458,10445339,200,0,386,0,0,1759,5730
4859,2026-08-04T07:04:16Z,1785827056342011086,4878,6660,24988,4,17,34465,10446136,200,0,386,0,0,1759,5730
4860,2026-08-04T07:04:17Z,1785827057346150323,4879,6660,24988,4,17,34473,10446930,200,0,386,0,0,1759,5730
4861,2026-08-04T07:04:18Z,1785827058350240510,4880,6660,24988,4,17,34481,10447726,200,0,386,0,0,1759,5730
4862,2026-08-04T07:04:19Z,1785827059354770382,4881,6660,24988,4,17,34488,10448522,200,0,386,0,0,1759,5730
4863,2026-08-04T07:04:20Z,1785827060358265565,4882,6660,24988,4,17,34496,10449319,200,0,386,0,0,1759,5731
4864,2026-08-04T07:04:21Z,1785827061361436954,4883,6660,24988,4,17,34504,10450113,200,0,386,0,0,1759,5731
4865,2026-08-04T07:04:22Z,1785827062365378964,4884,6660,24988,4,17,34511,10450910,200,0,386,0,0,1759,5731
4866,2026-08-04T07:04:23Z,1785827063369867115,4885,6660,24988,4,17,34519,10451706,200,0,386,0,0,1759,5732
4867,2026-08-04T07:04:24Z,1785827064373081965,4886,6660,24988,4,17,34526,10452502,200,0,386,0,0,1759,5732
4868,2026-08-04T07:04:25Z,1785827065377442696,4887,6660,24988,4,17,34533,10453299,200,0,386,0,0,1759,5733
4869,2026-08-04T07:04:26Z,1785827066380712530,4888,6660,24988,4,17,34541,10454093,200,0,386,0,0,1759,5733
4870,2026-08-04T07:04:27Z,1785827067384201773,4889,6660,24988,4,17,34549,10454888,200,0,386,0,0,1759,5734
4871,2026-08-04T07:04:28Z,1785827068387391716,4890,6660,24988,4,17,34557,10455682,200,0,386,0,0,1759,5734
4872,2026-08-04T07:04:29Z,1785827069391065275,4891,6660,24988,4,17,34564,10456477,200,0,386,0,0,1759,5734
4873,2026-08-04T07:04:30Z,1785827070395219869,4892,6660,24988,4,17,34571,10457274,200,0,386,0,0,1759,5734
4874,2026-08-04T07:04:31Z,1785827071399475018,4893,6660,24988,4,17,34579,10458067,200,0,386,0,0,1759,5734
4875,2026-08-04T07:04:32Z,1785827072403736945,4894,6660,24988,4,17,34587,10458861,200,0,386,0,0,1759,5735
4876,2026-08-04T07:04:33Z,1785827073408129883,4895,6660,24988,4,17,34595,10459658,200,0,386,0,0,1759,5736
4877,2026-08-04T07:04:34Z,1785827074411196179,4896,6660,24988,4,17,34602,10460454,200,0,386,0,0,1759,5736
4878,2026-08-04T07:04:35Z,1785827075415711353,4897,6660,24988,4,17,34609,10461250,200,0,386,0,0,1759,5736
4879,2026-08-04T07:04:36Z,1785827076418451663,4898,6660,24988,4,17,34617,10462045,200,0,386,0,0,1759,5737
4880,2026-08-04T07:04:37Z,1785827077423257867,4899,6660,24988,4,17,34625,10462838,200,0,386,0,0,1759,5738
4881,2026-08-04T07:04:38Z,1785827078427057962,4900,6660,24988,4,17,34633,10463634,200,0,386,0,0,1759,5739
4882,2026-08-04T07:04:39Z,1785827079430157552,4901,6660,24988,4,17,34641,10464428,200,0,386,0,0,1759,5739
4883,2026-08-04T07:04:40Z,1785827080434459999,4902,6660,24988,4,17,34649,10465224,200,0,386,0,0,1759,5739
4884,2026-08-04T07:04:41Z,1785827081438567202,4903,6660,24988,4,17,34656,10466019,200,0,386,0,0,1759,5740
4885,2026-08-04T07:04:42Z,1785827082443013336,4904,6660,24988,4,17,34663,10466816,200,0,386,0,0,1759,5740
4886,2026-08-04T07:04:43Z,1785827083446051544,4905,6660,24988,4,17,34671,10467610,200,0,386,0,0,1759,5740
4887,2026-08-04T07:04:44Z,1785827084450079001,4906,6656,24988,4,16,34679,10468406,200,0,386,0,0,1759,5740
4888,2026-08-04T07:04:45Z,1785827085453862854,4907,6652,24988,4,15,34685,10469202,200,0,386,0,0,1759,5741
4889,2026-08-04T07:04:46Z,1785827086457619464,4908,6628,24988,4,14,34690,10469999,200,0,386,0,0,1759,5741
4890,2026-08-04T07:04:47Z,1785827087460587675,4909,6620,24988,4,12,34693,10470800,200,0,386,0,0,1759,5741
4891,2026-08-04T07:04:48Z,1785827088464262263,4910,6292,24988,4,10,34693,10471601,200,0,386,0,0,1759,5741
4892,2026-08-04T07:04:49Z,1785827089467943481,4911,6292,24988,4,10,34693,10472405,200,0,386,0,0,1759,5741
4893,2026-08-04T07:04:50Z,1785827090471421995,4912,6292,24988,4,10,34693,10473207,200,0,386,0,0,1759,5741
4894,2026-08-04T07:04:51Z,1785827091475001000,4913,6292,24988,4,10,34693,10474010,200,0,386,0,0,1759,5741
4895,2026-08-04T07:04:52Z,1785827092478748752,4914,6292,24988,4,10,34693,10474812,200,0,386,0,0,1759,5741
4896,2026-08-04T07:04:53Z,1785827093482695433,4915,6296,24988,4,11,34693,10475615,200,0,386,0,0,1759,5741
4897,2026-08-04T07:04:54Z,1785827094487068872,4916,6300,24988,4,12,34693,10476416,200,0,386,0,0,1759,5741
4898,2026-08-04T07:04:55Z,1785827095490561614,4917,6324,24988,4,13,34696,10477212,200,0,386,0,0,1759,5741
4899,2026-08-04T07:04:56Z,1785827096494520210,4918,6328,24988,4,14,34701,10478006,200,0,386,0,0,1759,5741
4900,2026-08-04T07:04:57Z,1785827097498175161,4919,6652,24988,4,15,34707,10478802,200,0,386,0,0,1759,5741
4901,2026-08-04T07:04:58Z,1785827098502003244,4920,6664,24988,4,18,34715,10479595,200,0,386,0,0,1759,5742
4902,2026-08-04T07:04:59Z,1785827099506098622,4921,6664,24988,4,18,34722,10480391,200,0,386,0,0,1759,5743
4903,2026-08-04T07:05:00Z,1785827100510462085,4922,6664,24988,4,18,34730,10481189,200,0,386,0,0,1759,5744
4904,2026-08-04T07:05:01Z,1785827101514412018,4923,6664,24988,4,18,34738,10481982,200,0,386,0,0,1759,5745
4905,2026-08-04T07:05:02Z,1785827102517763279,4924,6664,24988,4,18,34746,10482775,200,0,386,0,0,1759,5746
4906,2026-08-04T07:05:03Z,1785827103521924330,4925,6664,24988,4,18,34754,10483569,200,0,386,0,0,1759,5746
4907,2026-08-04T07:05:04Z,1785827104526017304,4926,6664,24988,4,18,34762,10484362,200,0,386,0,0,1759,5746
4908,2026-08-04T07:05:05Z,1785827105530232949,4927,6664,24988,4,18,34770,10485154,200,0,386,0,0,1759,5746
4909,2026-08-04T07:05:06Z,1785827106534288566,4928,6664,24988,4,18,34777,10485946,200,0,386,0,0,1759,5747
4910,2026-08-04T07:05:07Z,1785827107539065505,4929,6664,24988,4,18,34785,10486741,200,0,386,0,0,1759,5748
4911,2026-08-04T07:05:08Z,1785827108541951243,4930,6664,24988,4,18,34793,10487534,200,0,386,0,0,1759,5749
4912,2026-08-04T07:05:09Z,1785827109545574678,4931,6664,24988,4,18,34801,10488329,200,0,386,0,0,1759,5750
4913,2026-08-04T07:05:10Z,1785827110549907719,4932,6664,24988,4,18,34808,10489127,200,0,386,0,0,1759,5751
4914,2026-08-04T07:05:11Z,1785827111552880105,4933,6664,24988,4,18,34816,10489919,200,0,386,0,0,1759,5752
4915,2026-08-04T07:05:12Z,1785827112557044354,4934,6664,24988,4,18,34823,10490714,200,0,386,0,0,1759,5753
4916,2026-08-04T07:05:13Z,1785827113560949485,4935,6664,24988,4,18,34831,10491507,200,0,386,0,0,1759,5753
4917,2026-08-04T07:05:14Z,1785827114565772625,4936,6664,24988,4,18,34839,10492300,200,0,386,0,0,1759,5753
4918,2026-08-04T07:05:15Z,1785827115569863883,4937,6664,24988,4,18,34847,10493094,200,0,386,0,0,1759,5754
4919,2026-08-04T07:05:16Z,1785827116573101806,4938,6664,24988,4,18,34855,10493886,200,0,386,0,0,1759,5755
4920,2026-08-04T07:05:17Z,1785827117577007509,4939,6664,24988,4,18,34862,10494680,200,0,386,0,0,1759,5755
4921,2026-08-04T07:05:18Z,1785827118581385452,4940,6664,24988,4,18,34870,10495473,200,0,386,0,0,1759,5756
4922,2026-08-04T07:05:19Z,1785827119585818394,4941,6664,24988,4,18,34878,10496268,200,0,386,0,0,1759,5757
4923,2026-08-04T07:05:20Z,1785827120589046847,4942,6664,24988,4,18,34885,10497063,200,0,386,0,0,1759,5757
4924,2026-08-04T07:05:21Z,1785827121592973597,4943,6664,24988,4,18,34892,10497856,200,0,386,0,0,1759,5758
4925,2026-08-04T07:05:22Z,1785827122596700475,4944,6664,24988,4,18,34900,10498651,200,0,386,0,0,1759,5759
4926,2026-08-04T07:05:23Z,1785827123600579146,4945,6664,24988,4,18,34908,10499445,200,0,386,0,0,1759,5760
4927,2026-08-04T07:05:24Z,1785827124604868689,4946,6664,24988,4,18,34915,10500240,200,0,386,0,0,1759,5761
4928,2026-08-04T07:05:25Z,1785827125608713175,4947,6664,24988,4,18,34923,10501035,200,0,386,0,0,1759,5761
4929,2026-08-04T07:05:26Z,1785827126612632281,4948,6664,24988,4,18,34930,10501831,200,0,386,0,0,1759,5761
4930,2026-08-04T07:05:27Z,1785827127616767879,4949,6664,24988,4,18,34938,10502624,200,0,386,0,0,1759,5761
4931,2026-08-04T07:05:28Z,1785827128620393616,4950,6660,24988,4,17,34946,10503419,200,0,386,0,0,1759,5762
4932,2026-08-04T07:05:29Z,1785827129625163224,4951,6660,24988,4,17,34954,10504216,200,0,386,0,0,1759,5763
4933,2026-08-04T07:05:30Z,1785827130628053408,4952,6660,24988,4,17,34961,10505012,200,0,386,0,0,1759,5764
4934,2026-08-04T07:05:31Z,1785827131632374828,4953,6660,24988,4,17,34969,10505806,200,0,386,0,0,1759,5764
4935,2026-08-04T07:05:32Z,1785827132635271711,4954,6660,24988,4,17,34977,10506600,200,0,386,0,0,1759,5764
4936,2026-08-04T07:05:33Z,1785827133639347586,4955,6660,24988,4,17,34984,10507394,200,0,386,0,0,1759,5764
4937,2026-08-04T07:05:34Z,1785827134643405636,4956,6660,24988,4,17,34992,10508185,200,0,386,0,0,1759,5765
4938,2026-08-04T07:05:35Z,1785827135647549346,4957,6660,24988,4,17,35000,10508981,200,0,386,0,0,1759,5765
4939,2026-08-04T07:05:36Z,1785827136651736325,4958,6660,24988,4,17,35008,10509776,200,0,386,0,0,1759,5766
4940,2026-08-04T07:05:37Z,1785827137656171988,4959,6660,24988,4,17,35016,10510570,200,0,386,0,0,1759,5766
4941,2026-08-04T07:05:38Z,1785827138659497719,4960,6660,24988,4,17,35023,10511367,200,0,386,0,0,1759,5767
4942,2026-08-04T07:05:39Z,1785827139663749373,4961,6660,24988,4,17,35030,10512161,200,0,386,0,0,1759,5768
4943,2026-08-04T07:05:40Z,1785827140668023269,4962,6660,24988,4,17,35038,10512954,200,0,386,0,0,1759,5769
4944,2026-08-04T07:05:41Z,1785827141671052650,4963,6660,24988,4,17,35045,10513751,200,0,386,0,0,1759,5769
4945,2026-08-04T07:05:42Z,1785827142675016298,4964,6660,24988,4,17,35053,10514547,200,0,386,0,0,1759,5770
4946,2026-08-04T07:05:43Z,1785827143678958956,4965,6660,24988,4,17,35061,10515340,200,0,386,0,0,1759,5771
4947,2026-08-04T07:05:44Z,1785827144683751270,4966,6660,24988,4,17,35069,10516136,200,0,386,0,0,1759,5772
4948,2026-08-04T07:05:45Z,1785827145686754573,4967,6660,24988,4,17,35076,10516928,200,0,386,0,0,1759,5773
4949,2026-08-04T07:05:46Z,1785827146690705476,4968,6660,24988,4,17,35084,10517722,200,0,386,0,0,1759,5773
4950,2026-08-04T07:05:47Z,1785827147694958451,4969,6660,24988,4,17,35091,10518515,200,0,386,0,0,1759,5774
4951,2026-08-04T07:05:48Z,1785827148699357356,4970,6660,24988,4,17,35100,10519311,200,0,386,0,0,1759,5775
4952,2026-08-04T07:05:49Z,1785827149703019840,4971,6660,24988,4,17,35108,10520106,200,0,386,0,0,1759,5776
4953,2026-08-04T07:05:50Z,1785827150706138244,4972,6660,24988,4,17,35116,10520902,200,0,386,0,0,1759,5777
4954,2026-08-04T07:05:51Z,1785827151710080810,4973,6660,24988,4,17,35122,10521689,200,0,386,0,0,1759,5778
4955,2026-08-04T07:05:52Z,1785827152715026052,4974,6660,24988,4,17,35130,10522483,200,0,386,0,0,1759,5779
4956,2026-08-04T07:05:53Z,1785827153717850458,4975,6660,24988,4,17,35137,10523277,200,0,386,0,0,1759,5780
4957,2026-08-04T07:05:54Z,1785827154721728539,4976,6660,24988,4,17,35146,10524072,200,0,386,0,0,1759,5781
4958,2026-08-04T07:05:55Z,1785827155726036941,4977,6660,24988,4,17,35153,10524867,200,0,386,0,0,1759,5782
4959,2026-08-04T07:05:56Z,1785827156729795939,4978,6660,24988,4,17,35160,10525660,200,0,386,0,0,1759,5783
4960,2026-08-04T07:05:57Z,1785827157733975678,4979,6660,24988,4,17,35168,10526456,200,0,386,0,0,1759,5784
4961,2026-08-04T07:05:58Z,1785827158738322592,4980,6660,24988,4,17,35176,10527251,200,0,386,0,0,1759,5785
4962,2026-08-04T07:05:59Z,1785827159741377386,4981,6660,24988,4,17,35183,10528046,200,0,386,0,0,1759,5786
4963,2026-08-04T07:06:00Z,1785827160745882429,4982,6660,24988,4,17,35190,10528843,200,0,386,0,0,1759,5786
4964,2026-08-04T07:06:01Z,1785827161749820541,4983,6660,24988,4,17,35199,10529637,200,0,386,0,0,1759,5787
4965,2026-08-04T07:06:02Z,1785827162753035427,4984,6660,24988,4,17,35207,10530430,200,0,386,0,0,1759,5788
4966,2026-08-04T07:06:03Z,1785827163757104104,4985,6660,24988,4,17,35215,10531225,200,0,386,0,0,1759,5789
4967,2026-08-04T07:06:04Z,1785827164761522779,4986,6660,24988,4,17,35222,10532020,200,0,386,0,0,1759,5790
4968,2026-08-04T07:06:05Z,1785827165765394873,4987,6660,24988,4,17,35230,10532816,200,0,386,0,0,1759,5791
4969,2026-08-04T07:06:06Z,1785827166768255900,4988,6660,24988,4,17,35238,10533612,200,0,386,0,0,1759,5792
4970,2026-08-04T07:06:07Z,1785827167772046340,4989,6660,24988,4,17,35245,10534407,200,0,386,0,0,1759,5792
4971,2026-08-04T07:06:08Z,1785827168775984630,4990,6660,24988,4,17,35253,10535201,200,0,386,0,0,1759,5793
4972,2026-08-04T07:06:09Z,1785827169779503749,4991,6660,24988,4,17,35260,10535993,200,0,386,0,0,1759,5794
4973,2026-08-04T07:06:10Z,1785827170783217179,4992,6660,24988,4,17,35267,10536788,200,0,386,0,0,1759,5794
4974,2026-08-04T07:06:11Z,1785827171787369624,4993,6660,24988,4,17,35275,10537583,200,0,386,0,0,1759,5794
4975,2026-08-04T07:06:12Z,1785827172791216382,4994,6660,24988,4,17,35283,10538379,200,0,386,0,0,1759,5795
4976,2026-08-04T07:06:13Z,1785827173795187523,4995,6660,24988,4,17,35291,10539175,200,0,386,0,0,1759,5796
4977,2026-08-04T07:06:14Z,1785827174799463777,4996,6660,24988,4,17,35298,10539967,200,0,386,0,0,1759,5797
4978,2026-08-04T07:06:15Z,1785827175803263168,4997,6660,24988,4,17,35306,10540765,200,0,386,0,0,1759,5797
4979,2026-08-04T07:06:16Z,1785827176807542135,4998,6660,24988,4,17,35313,10541556,200,0,386,0,0,1759,5798
4980,2026-08-04T07:06:17Z,1785827177811203321,4999,6660,24988,4,17,35322,10542352,200,0,386,0,0,1759,5799
4981,2026-08-04T07:06:18Z,1785827178815457088,5000,6660,24988,4,17,35329,10543148,200,0,386,0,0,1759,5799
4982,2026-08-04T07:06:19Z,1785827179819267307,5001,6660,24988,4,17,35337,10543944,200,0,386,0,0,1759,5800
4983,2026-08-04T07:06:20Z,1785827180823524828,5002,6660,24988,4,17,35345,10544737,200,0,386,0,0,1759,5801
4984,2026-08-04T07:06:21Z,1785827181827415172,5003,6660,24988,4,17,35352,10545531,200,0,386,0,0,1759,5801
4985,2026-08-04T07:06:22Z,1785827182831606432,5004,6660,24988,4,17,35360,10546326,200,0,386,0,0,1759,5802
4986,2026-08-04T07:06:23Z,1785827183835078843,5005,6660,24988,4,17,35368,10547121,200,0,386,0,0,1759,5802
4987,2026-08-04T07:06:24Z,1785827184838450801,5006,6660,24988,4,17,35376,10547913,200,0,386,0,0,1759,5803
4988,2026-08-04T07:06:25Z,1785827185842582116,5007,6660,24988,4,17,35383,10548711,200,0,386,0,0,1759,5804
4989,2026-08-04T07:06:26Z,1785827186846172898,5008,6660,24988,4,17,35390,10549505,200,0,386,0,0,1759,5804
4990,2026-08-04T07:06:27Z,1785827187850422970,5009,6660,24988,4,17,35399,10550299,200,0,386,0,0,1759,5804
4991,2026-08-04T07:06:28Z,1785827188854479506,5010,6660,24988,4,17,35406,10551091,200,0,386,0,0,1759,5804
4992,2026-08-04T07:06:29Z,1785827189858815295,5011,6660,24988,4,17,35414,10551888,200,0,386,0,0,1759,5805
4993,2026-08-04T07:06:30Z,1785827190862359094,5012,6660,24988,4,17,35421,10552682,200,0,386,0,0,1759,5806
4994,2026-08-04T07:06:31Z,1785827191865239343,5013,6660,24988,4,17,35429,10553476,200,0,386,0,0,1759,5807
4995,2026-08-04T07:06:32Z,1785827192869220638,5014,6660,24988,4,17,35437,10554273,200,0,386,0,0,1759,5807
4996,2026-08-04T07:06:33Z,1785827193872989323,5015,6660,24988,4,17,35444,10555066,200,0,386,0,0,1759,5808
4997,2026-08-04T07:06:34Z,1785827194877522797,5016,6660,24988,4,17,35452,10555864,200,0,386,0,0,1759,5808
4998,2026-08-04T07:06:35Z,1785827195880673727,5017,6660,24988,4,17,35459,10556658,200,0,386,0,0,1759,5809
4999,2026-08-04T07:06:36Z,1785827196884236378,5018,6660,24988,4,17,35467,10557454,200,0,386,0,0,1759,5809
5000,2026-08-04T07:06:37Z,1785827197888184240,5019,6660,24988,4,17,35475,10558249,200,0,386,0,0,1759,5810
5001,2026-08-04T07:06:38Z,1785827198892111661,5020,6660,24988,4,17,35482,10559041,200,0,386,0,0,1759,5810
5002,2026-08-04T07:06:39Z,1785827199896041602,5021,6660,24988,4,17,35490,10559835,200,0,386,0,0,1759,5811
5003,2026-08-04T07:06:40Z,1785827200900233303,5022,6660,24988,4,17,35498,10560630,200,0,386,0,0,1759,5811
5004,2026-08-04T07:06:41Z,1785827201903213537,5023,6660,24988,4,17,35505,10561424,200,0,386,0,0,1759,5812
5005,2026-08-04T07:06:42Z,1785827202907006539,5024,6660,24988,4,17,35513,10562218,200,0,386,0,0,1759,5812
5006,2026-08-04T07:06:43Z,1785827203910794764,5025,6660,24988,4,17,35520,10563012,200,0,386,0,0,1759,5813
5007,2026-08-04T07:06:44Z,1785827204916373098,5026,6660,24988,4,17,35528,10563806,200,0,386,0,0,1759,5814
5008,2026-08-04T07:06:45Z,1785827205919358289,5027,6660,24988,4,17,35536,10564601,200,0,386,0,0,1759,5814
5009,2026-08-04T07:06:46Z,1785827206922324445,5028,6660,24988,4,17,35544,10565395,200,0,386,0,0,1759,5815
5010,2026-08-04T07:06:47Z,1785827207926186749,5029,6660,24988,4,17,35551,10566187,200,0,386,0,0,1759,5815
5011,2026-08-04T07:06:48Z,1785827208929964918,5030,6664,24988,4,18,35559,10566981,200,0,386,0,0,1759,5816
5012,2026-08-04T07:06:49Z,1785827209934153674,5031,6664,24988,4,18,35567,10567772,200,0,386,0,0,1759,5817
5013,2026-08-04T07:06:50Z,1785827210938156140,5032,6664,24988,4,18,35573,10568570,200,0,386,0,0,1759,5818
5014,2026-08-04T07:06:51Z,1785827211942100846,5033,6664,24988,4,18,35581,10569365,200,0,386,0,0,1759,5819
5015,2026-08-04T07:06:52Z,1785827212946131131,5034,6664,24988,4,18,35589,10570159,200,0,386,0,0,1759,5820
5016,2026-08-04T07:06:53Z,1785827213950162385,5035,6660,24988,4,17,35596,10570954,200,0,386,0,0,1759,5820
5017,2026-08-04T07:06:54Z,1785827214953795676,5036,6652,24988,4,15,35602,10571750,200,0,386,0,0,1759,5821
5018,2026-08-04T07:06:55Z,1785827215957680313,5037,6628,24988,4,14,35607,10572549,200,0,386,0,0,1759,5822
5019,2026-08-04T07:06:56Z,1785827216960880473,5038,6620,24988,4,12,35608,10573351,200,0,386,0,0,1759,5822
5020,2026-08-04T07:06:57Z,1785827217965044558,5039,6292,24988,4,10,35608,10574153,200,0,386,0,0,1759,5822
5021,2026-08-04T07:06:58Z,1785827218968860675,5040,6292,24988,4,10,35608,10574957,200,0,386,0,0,1759,5822
5022,2026-08-04T07:06:59Z,1785827219972927520,5041,6292,24988,4,10,35608,10575759,200,0,386,0,0,1759,5822
5023,2026-08-04T07:07:00Z,1785827220977154736,5042,6292,24988,4,10,35608,10576562,200,0,386,0,0,1759,5822
5024,2026-08-04T07:07:01Z,1785827221981139691,5043,6292,24988,4,10,35608,10577365,200,0,386,0,0,1759,5822
5025,2026-08-04T07:07:02Z,1785827222985328758,5044,6296,24988,4,11,35608,10578168,200,0,386,0,0,1759,5822
5026,2026-08-04T07:07:03Z,1785827223990068086,5045,6300,24988,4,12,35610,10578967,200,0,386,0,0,1759,5822
5027,2026-08-04T07:07:04Z,1785827224994023617,5046,6324,24988,4,13,35612,10579765,200,0,386,0,0,1759,5822
5028,2026-08-04T07:07:05Z,1785827225998030921,5047,6328,24988,4,14,35618,10580566,200,0,386,0,0,1759,5822
5029,2026-08-04T07:07:07Z,1785827227002148706,5049,6652,24988,4,15,35625,10581363,200,0,386,0,0,1759,5822
5030,2026-08-04T07:07:08Z,1785827228006596755,5050,6692,24988,4,20,35640,10582161,200,0,387,0,0,1864,5919
5031,2026-08-04T07:07:09Z,1785827229009509538,5051,6692,24988,4,20,35648,10582955,200,0,387,0,0,1864,5920
5032,2026-08-04T07:07:10Z,1785827230013334841,5052,6692,24988,4,20,35655,10583754,200,0,387,0,0,1864,5921
5033,2026-08-04T07:07:11Z,1785827231017139348,5053,6692,24988,4,20,35662,10584550,200,0,387,0,0,1864,5922
5034,2026-08-04T07:07:12Z,1785827232021342944,5054,6692,24988,4,20,35670,10585346,200,0,387,0,0,1864,5923
5035,2026-08-04T07:07:13Z,1785827233024420813,5055,6692,24988,4,20,35678,10586143,200,0,387,0,0,1864,5924
5036,2026-08-04T07:07:14Z,1785827234028448859,5056,6692,24988,4,20,35685,10586939,200,0,387,0,0,1864,5925
5037,2026-08-04T07:07:15Z,1785827235033465176,5057,6692,24988,4,20,35693,10587735,200,0,387,0,0,1864,5926
5038,2026-08-04T07:07:16Z,1785827236036374357,5058,6692,24988,4,20,35700,10588530,200,0,387,0,0,1866,5927
5039,2026-08-04T07:07:17Z,1785827237040513538,5059,6692,24988,4,20,35708,10589326,200,0,387,0,0,1866,5928
5040,2026-08-04T07:07:18Z,1785827238044226517,5060,6692,24988,4,20,35716,10590126,200,0,387,0,0,1866,5928
5041,2026-08-04T07:07:19Z,1785827239048086972,5061,6692,24988,4,20,35724,10590922,200,0,387,0,0,1866,5929
5042,2026-08-04T07:07:20Z,1785827240052427516,5062,6692,24988,4,20,35731,10591721,200,0,387,0,0,1866,5930
5043,2026-08-04T07:07:21Z,1785827241056337270,5063,6692,24988,4,20,35739,10592517,200,0,387,0,0,1866,5931
5044,2026-08-04T07:07:22Z,1785827242060320680,5064,6692,24988,4,20,35746,10593313,200,0,387,0,0,1866,5932
5045,2026-08-04T07:07:23Z,1785827243064286078,5065,6692,24988,4,20,35753,10594107,200,0,387,0,0,1866,5933
5046,2026-08-04T07:07:24Z,1785827244068531674,5066,6692,24988,4,20,35761,10594903,200,0,387,0,0,1866,5933
5047,2026-08-04T07:07:25Z,1785827245071404612,5067,6692,24988,4,20,35769,10595700,200,0,387,0,0,1866,5934
5048,2026-08-04T07:07:26Z,1785827246075483758,5068,6692,24988,4,20,35776,10596498,200,0,387,0,0,1866,5934
5049,2026-08-04T07:07:27Z,1785827247078939856,5069,6692,24988,4,20,35784,10597294,200,0,387,0,0,1866,5935
5050,2026-08-04T07:07:28Z,1785827248082733784,5070,6692,24988,4,20,35791,10598093,200,0,387,0,0,1866,5936
5051,2026-08-04T07:07:29Z,1785827249087328073,5071,6692,24988,4,20,35799,10598890,200,0,387,0,0,1866,5937
5052,2026-08-04T07:07:30Z,1785827250091109447,5072,6692,24988,4,20,35807,10599688,200,0,387,0,0,1866,5938
5053,2026-08-04T07:07:31Z,1785827251094939830,5073,6692,24988,4,20,35815,10600483,200,0,387,0,0,1866,5939
5054,2026-08-04T07:07:32Z,1785827252098976551,5074,6692,24988,4,20,35824,10601276,200,0,387,0,0,1866,5940
5055,2026-08-04T07:07:33Z,1785827253102931152,5075,6692,24988,4,20,35831,10602070,200,0,387,0,0,1866,5941
5056,2026-08-04T07:07:34Z,1785827254106201210,5076,6692,24988,4,20,35838,10602869,200,0,387,0,0,1866,5942
5057,2026-08-04T07:07:35Z,1785827255110272263,5077,6692,24988,4,20,35846,10603663,200,0,387,0,0,1866,5942
5058,2026-08-04T07:07:36Z,1785827256114322123,5078,6692,24988,4,20,35854,10604461,200,0,387,0,0,1866,5943
5059,2026-08-04T07:07:37Z,1785827257118818027,5079,6692,24988,4,20,35862,10605258,200,0,387,0,0,1866,5944
5060,2026-08-04T07:07:38Z,1785827258123098712,5080,6688,24988,4,19,35870,10606057,200,0,386,0,0,1866,5945
5061,2026-08-04T07:07:39Z,1785827259125986573,5081,6688,24988,4,19,35877,10606851,200,0,386,0,0,1866,5946
5062,2026-08-04T07:07:40Z,1785827260130345632,5082,6688,24988,4,19,35884,10607645,200,0,386,0,0,1866,5947
5063,2026-08-04T07:07:41Z,1785827261133513854,5083,6688,24988,4,19,35892,10608442,200,0,386,0,0,1866,5947
5064,2026-08-04T07:07:42Z,1785827262137520091,5084,6688,24988,4,19,35900,10609239,200,0,386,0,0,1866,5948
5065,2026-08-04T07:07:43Z,1785827263141321258,5085,6688,24988,4,19,35908,10610034,200,0,386,0,0,1866,5949
5066,2026-08-04T07:07:44Z,1785827264145666172,5086,6688,24988,4,19,35915,10610831,200,0,386,0,0,1866,5949
5067,2026-08-04T07:07:45Z,1785827265150121044,5087,6688,24988,4,19,35923,10611626,200,0,386,0,0,1866,5950
5068,2026-08-04T07:07:46Z,1785827266153426852,5088,6688,24988,4,19,35931,10612421,200,0,386,0,0,1866,5950
5069,2026-08-04T07:07:47Z,1785827267157151772,5089,6688,24988,4,19,35939,10613217,200,0,386,0,0,1866,5951
5070,2026-08-04T07:07:48Z,1785827268161561776,5090,6688,24988,4,19,35946,10614013,200,0,386,0,0,1866,5952
5071,2026-08-04T07:07:49Z,1785827269164812520,5091,6688,24988,4,19,35953,10614811,200,0,386,0,0,1866,5953
5072,2026-08-04T07:07:50Z,1785827270168947829,5092,6688,24988,4,19,35961,10615608,200,0,386,0,0,1866,5953
5073,2026-08-04T07:07:51Z,1785827271173029458,5093,6688,24988,4,19,35968,10616403,200,0,386,0,0,1866,5954
5074,2026-08-04T07:07:52Z,1785827272177157646,5094,6688,24988,4,19,35976,10617202,200,0,386,0,0,1866,5954
5075,2026-08-04T07:07:53Z,1785827273180898186,5095,6688,24988,4,19,35984,10617998,200,0,386,0,0,1866,5955
5076,2026-08-04T07:07:54Z,1785827274184970837,5096,6688,24988,4,19,35991,10618793,200,0,386,0,0,1866,5955
5077,2026-08-04T07:07:55Z,1785827275189108190,5097,6688,24988,4,19,35999,10619588,200,0,386,0,0,1866,5956
5078,2026-08-04T07:07:56Z,1785827276193459834,5098,6688,24988,4,19,36006,10620384,200,0,386,0,0,1866,5956
5079,2026-08-04T07:07:57Z,1785827277196521089,5099,6688,24988,4,19,36014,10621180,200,0,386,0,0,1866,5957
5080,2026-08-04T07:07:58Z,1785827278200226910,5100,6688,24988,4,19,36021,10621975,200,0,386,0,0,1866,5958
5081,2026-08-04T07:07:59Z,1785827279204135117,5101,6688,24988,4,19,36029,10622771,200,0,386,0,0,1866,5959
5082,2026-08-04T07:08:00Z,1785827280208591298,5102,6688,24988,4,19,36036,10623568,200,0,386,0,0,1866,5960
5083,2026-08-04T07:08:01Z,1785827281212065236,5103,6688,24988,4,19,36044,10624363,200,0,386,0,0,1866,5960
5084,2026-08-04T07:08:02Z,1785827282215004703,5104,6684,24988,4,18,36052,10625157,200,0,386,0,0,1866,5960
5085,2026-08-04T07:08:03Z,1785827283219575178,5105,6684,24988,4,18,36060,10625953,200,0,386,0,0,1866,5961
5086,2026-08-04T07:08:04Z,1785827284222738651,5106,6684,24988,4,18,36068,10626747,200,0,386,0,0,1866,5961
5087,2026-08-04T07:08:05Z,1785827285226931566,5107,6684,24988,4,18,36076,10627543,200,0,386,0,0,1866,5962
5088,2026-08-04T07:08:06Z,1785827286231379601,5108,6684,24988,4,18,36083,10628340,200,0,386,0,0,1866,5963
5089,2026-08-04T07:08:07Z,1785827287234884426,5109,6684,24988,4,18,36091,10629134,200,0,386,0,0,1866,5963
5090,2026-08-04T07:08:08Z,1785827288238049835,5110,6684,24988,4,18,36099,10629931,200,0,386,0,0,1866,5964
5091,2026-08-04T07:08:09Z,1785827289242018185,5111,6684,24988,4,18,36106,10630726,200,0,386,0,0,1866,5965
5092,2026-08-04T07:08:10Z,1785827290246163022,5112,6684,24988,4,18,36114,10631522,200,0,386,0,0,1866,5965
5093,2026-08-04T07:08:11Z,1785827291250042558,5113,6684,24988,4,18,36121,10632318,200,0,386,0,0,1866,5966
5094,2026-08-04T07:08:12Z,1785827292254334199,5114,6684,24988,4,18,36129,10633114,200,0,386,0,0,1866,5966
5095,2026-08-04T07:08:13Z,1785827293257195105,5115,6684,24988,4,18,36137,10633911,200,0,386,0,0,1866,5967
5096,2026-08-04T07:08:14Z,1785827294261360083,5116,6684,24988,4,18,36144,10634709,200,0,386,0,0,1866,5967
5097,2026-08-04T07:08:15Z,1785827295265935614,5117,6684,24988,4,18,36152,10635506,200,0,386,0,0,1866,5968
5098,2026-08-04T07:08:16Z,1785827296268845885,5118,6684,24988,4,18,36160,10636301,200,0,386,0,0,1866,5969
5099,2026-08-04T07:08:17Z,1785827297273886241,5119,6684,24988,4,18,36167,10637102,200,0,386,0,0,1866,5970
5100,2026-08-04T07:08:18Z,1785827298276826429,5120,6684,24988,4,18,36175,10637896,200,0,386,0,0,1866,5971
5101,2026-08-04T07:08:19Z,1785827299281037753,5121,6684,24988,4,18,36183,10638695,200,0,386,0,0,1866,5972
5102,2026-08-04T07:08:20Z,1785827300284212029,5122,6684,24988,4,18,36190,10639490,200,0,386,0,0,1866,5973
5103,2026-08-04T07:08:21Z,1785827301288146511,5123,6684,24988,4,18,36198,10640284,200,0,386,0,0,1866,5974
5104,2026-08-04T07:08:22Z,1785827302292353974,5124,6684,24988,4,18,36205,10641080,200,0,386,0,0,1866,5975
5105,2026-08-04T07:08:23Z,1785827303296282143,5125,6684,24988,4,18,36212,10641878,200,0,386,0,0,1866,5976
5106,2026-08-04T07:08:24Z,1785827304299737079,5126,6684,24988,4,18,36220,10642677,200,0,386,0,0,1866,5977
5107,2026-08-04T07:08:25Z,1785827305303812810,5127,6684,24988,4,18,36227,10643474,200,0,386,0,0,1866,5978
5108,2026-08-04T07:08:26Z,1785827306307995680,5128,6684,24988,4,18,36235,10644268,200,0,386,0,0,1866,5979
5109,2026-08-04T07:08:27Z,1785827307312144042,5129,6684,24988,4,18,36243,10645066,200,0,386,0,0,1866,5980
5110,2026-08-04T07:08:28Z,1785827308316742057,5130,6684,24988,4,18,36250,10645866,200,0,386,0,0,1866,5981
5111,2026-08-04T07:08:29Z,1785827309319804848,5131,6684,24988,4,18,36258,10646663,200,0,386,0,0,1866,5982
5112,2026-08-04T07:08:30Z,1785827310324329980,5132,6684,24988,4,18,36266,10647461,200,0,386,0,0,1866,5983
5113,2026-08-04T07:08:31Z,1785827311328110898,5133,6684,24988,4,18,36273,10648256,200,0,386,0,0,1866,5984
5114,2026-08-04T07:08:32Z,1785827312331616012,5134,6684,24988,4,18,36281,10649052,200,0,386,0,0,1866,5985
5115,2026-08-04T07:08:33Z,1785827313334759697,5135,6684,24988,4,18,36288,10649846,200,0,386,0,0,1866,5985
5116,2026-08-04T07:08:34Z,1785827314339090684,5136,6684,24988,4,18,36297,10650647,200,0,386,0,0,1866,5985
5117,2026-08-04T07:08:35Z,1785827315343976545,5137,6684,24988,4,18,36304,10651444,200,0,386,0,0,1866,5986
5118,2026-08-04T07:08:36Z,1785827316347019477,5138,6684,24988,4,18,36311,10652236,200,0,386,0,0,1866,5987
5119,2026-08-04T07:08:37Z,1785827317351372903,5139,6684,24988,4,18,36319,10653031,200,0,386,0,0,1866,5987
5120,2026-08-04T07:08:38Z,1785827318354526773,5140,6684,24988,4,18,36327,10653827,200,0,386,0,0,1866,5988
5121,2026-08-04T07:08:39Z,1785827319358830794,5141,6684,24988,4,18,36334,10654624,200,0,386,0,0,1866,5989
5122,2026-08-04T07:08:40Z,1785827320363003041,5142,6684,24988,4,18,36342,10655421,200,0,386,0,0,1866,5989
5123,2026-08-04T07:08:41Z,1785827321367072314,5143,6684,24988,4,18,36350,10656216,200,0,386,0,0,1866,5989
5124,2026-08-04T07:08:42Z,1785827322371421883,5144,6684,24988,4,18,36359,10657011,200,0,386,0,0,1866,5989
5125,2026-08-04T07:08:43Z,1785827323375222033,5145,6684,24988,4,18,36366,10657806,200,0,386,0,0,1866,5990
5126,2026-08-04T07:08:44Z,1785827324378925489,5146,6684,24988,4,18,36373,10658604,200,0,386,0,0,1866,5991
5127,2026-08-04T07:08:45Z,1785827325383719984,5147,6684,24988,4,18,36381,10659397,200,0,386,0,0,1866,5992
5128,2026-08-04T07:08:46Z,1785827326386790609,5148,6684,24988,4,18,36389,10660194,200,0,386,0,0,1866,5993
5129,2026-08-04T07:08:47Z,1785827327391034991,5149,6684,24988,4,18,36396,10660992,200,0,386,0,0,1866,5993
5130,2026-08-04T07:08:48Z,1785827328395457040,5150,6684,24988,4,18,36404,10661789,200,0,386,0,0,1866,5994
5131,2026-08-04T07:08:49Z,1785827329398290459,5151,6684,24988,4,18,36412,10662583,200,0,386,0,0,1866,5995
5132,2026-08-04T07:08:50Z,1785827330401940159,5152,6684,24988,4,18,36420,10663378,200,0,386,0,0,1866,5996
5133,2026-08-04T07:08:51Z,1785827331406077720,5153,6684,24988,4,18,36427,10664175,200,0,386,0,0,1866,5997
5134,2026-08-04T07:08:52Z,1785827332410114278,5154,6684,24988,4,18,36435,10664971,200,0,386,0,0,1866,5998
5135,2026-08-04T07:08:53Z,1785827333414226191,5155,6684,24988,4,18,36442,10665764,200,0,386,0,0,1866,5999
5136,2026-08-04T07:08:54Z,1785827334418614523,5156,6684,24988,4,18,36450,10666559,200,0,386,0,0,1866,5999
5137,2026-08-04T07:08:55Z,1785827335423183255,5157,6684,24988,4,18,36457,10667357,200,0,386,0,0,1866,6000
5138,2026-08-04T07:08:56Z,1785827336426743379,5158,6684,24988,4,18,36465,10668152,200,0,386,0,0,1866,6000
5139,2026-08-04T07:08:57Z,1785827337429905231,5159,6684,24988,4,18,36472,10668950,200,0,386,0,0,1866,6001
5140,2026-08-04T07:08:58Z,1785827338434271393,5160,6684,24988,4,18,36481,10669749,200,0,386,0,0,1866,6002
5141,2026-08-04T07:08:59Z,1785827339437369229,5161,6684,24988,4,18,36488,10670543,200,0,386,0,0,1866,6003
5142,2026-08-04T07:09:00Z,1785827340442384312,5162,6684,24988,4,18,36495,10671338,200,0,386,0,0,1866,6003
5143,2026-08-04T07:09:01Z,1785827341446390741,5163,6684,24988,4,18,36504,10672133,200,0,386,0,0,1866,6004
5144,2026-08-04T07:09:02Z,1785827342449893782,5164,6684,24988,4,18,36512,10672926,200,0,386,0,0,1866,6005
5145,2026-08-04T07:09:03Z,1785827343453254636,5165,6680,24988,4,17,36520,10673722,200,0,386,0,0,1866,6006
5146,2026-08-04T07:09:04Z,1785827344457435772,5166,6676,24988,4,16,36526,10674521,200,0,386,0,0,1866,6006
5147,2026-08-04T07:09:05Z,1785827345461710952,5167,6628,24988,4,14,36530,10675319,200,0,386,0,0,1866,6006
5148,2026-08-04T07:09:06Z,1785827346464631453,5168,6296,24988,4,11,36530,10676119,200,0,386,0,0,1866,6006
5149,2026-08-04T07:09:07Z,1785827347468756625,5169,6292,24988,4,10,36530,10676923,200,0,386,0,0,1866,6006
5150,2026-08-04T07:09:08Z,1785827348472607691,5170,6292,24988,4,10,36531,10677724,200,0,386,0,0,1866,6006
5151,2026-08-04T07:09:09Z,1785827349476616868,5171,6292,24988,4,10,36531,10678528,200,0,386,0,0,1866,6006
5152,2026-08-04T07:09:10Z,1785827350480720579,5172,6292,24988,4,10,36531,10679330,200,0,386,0,0,1866,6006
5153,2026-08-04T07:09:11Z,1785827351485020244,5173,6292,24988,4,10,36531,10680134,200,0,386,0,0,1866,6006
5154,2026-08-04T07:09:12Z,1785827352488079399,5174,6296,24988,4,11,36531,10680935,200,0,386,0,0,1866,6006
5155,2026-08-04T07:09:13Z,1785827353492720649,5175,6300,24988,4,12,36532,10681735,200,0,386,0,0,1866,6006
5156,2026-08-04T07:09:14Z,1785827354497182855,5176,6324,24988,4,13,36535,10682532,200,0,386,0,0,1866,6006
5157,2026-08-04T07:09:15Z,1785827355500622604,5177,6328,24988,4,14,36541,10683328,200,0,386,0,0,1866,6006
5158,2026-08-04T07:09:16Z,1785827356504066365,5178,6652,24988,4,15,36548,10684123,200,0,386,0,0,1866,6006
5159,2026-08-04T07:09:17Z,1785827357508105602,5179,6664,24988,4,18,36556,10684917,200,0,386,0,0,1866,6007
5160,2026-08-04T07:09:18Z,1785827358511238925,5180,6664,24988,4,18,36564,10685711,200,0,386,0,0,1866,6007
5161,2026-08-04T07:09:19Z,1785827359515380242,5181,6664,24988,4,18,36572,10686507,200,0,386,0,0,1866,6008
5162,2026-08-04T07:09:20Z,1785827360519820260,5182,6664,24988,4,18,36579,10687303,200,0,386,0,0,1866,6009
5163,2026-08-04T07:09:21Z,1785827361524072449,5183,6664,24988,4,18,36586,10688100,200,0,386,0,0,1866,6009
5164,2026-08-04T07:09:22Z,1785827362527085357,5184,6664,24988,4,18,36594,10688896,200,0,386,0,0,1866,6010
5165,2026-08-04T07:09:23Z,1785827363531343513,5185,6664,24988,4,18,36602,10689690,200,0,386,0,0,1866,6010
5166,2026-08-04T07:09:24Z,1785827364535990134,5186,6664,24988,4,18,36609,10690487,200,0,386,0,0,1866,6011
5167,2026-08-04T07:09:25Z,1785827365539034295,5187,6664,24988,4,18,36617,10691283,200,0,386,0,0,1866,6012
5168,2026-08-04T07:09:26Z,1785827366543667088,5188,6664,24988,4,18,36625,10692084,200,0,386,0,0,1866,6012
5169,2026-08-04T07:09:27Z,1785827367547076286,5189,6664,24988,4,18,36632,10692882,200,0,386,0,0,1866,6012
5170,2026-08-04T07:09:28Z,1785827368550001800,5190,6664,24988,4,18,36639,10693678,200,0,386,0,0,1866,6012
5171,2026-08-04T07:09:29Z,1785827369554795686,5191,6664,24988,4,18,36647,10694476,200,0,386,0,0,1866,6013
5172,2026-08-04T07:09:30Z,1785827370558531619,5192,6664,24988,4,18,36655,10695274,200,0,386,0,0,1866,6014
5173,2026-08-04T07:09:31Z,1785827371561637502,5193,6664,24988,4,18,36663,10696066,200,0,386,0,0,1866,6015
5174,2026-08-04T07:09:32Z,1785827372565766411,5194,6664,24988,4,18,36670,10696864,200,0,386,0,0,1866,6015
5175,2026-08-04T07:09:33Z,1785827373569993732,5195,6664,24988,4,18,36678,10697660,200,0,386,0,0,1866,6016
5176,2026-08-04T07:09:34Z,1785827374573634201,5196,6664,24988,4,18,36686,10698453,200,0,386,0,0,1866,6017
5177,2026-08-04T07:09:35Z,1785827375577600804,5197,6664,24988,4,18,36693,10699250,200,0,386,0,0,1866,6017
5178,2026-08-04T07:09:36Z,1785827376581789232,5198,6664,24988,4,18,36701,10700047,200,0,386,0,0,1866,6018
5179,2026-08-04T07:09:37Z,1785827377586296731,5199,6664,24988,4,18,36709,10700842,200,0,386,0,0,1866,6019
5180,2026-08-04T07:09:38Z,1785827378589336130,5200,6664,24988,4,18,36717,10701638,200,0,386,0,0,1866,6019
5181,2026-08-04T07:09:39Z,1785827379593235469,5201,6664,24988,4,18,36724,10702434,200,0,386,0,0,1866,6020
5182,2026-08-04T07:09:40Z,1785827380597411651,5202,6664,24988,4,18,36731,10703229,200,0,386,0,0,1866,6021
5183,2026-08-04T07:09:41Z,1785827381601821211,5203,6664,24988,4,18,36739,10704027,200,0,386,0,0,1866,6021
5184,2026-08-04T07:09:42Z,1785827382604959069,5204,6664,24988,4,18,36746,10704821,200,0,386,0,0,1866,6022
5185,2026-08-04T07:09:43Z,1785827383609080098,5205,6664,24988,4,18,36754,10705616,200,0,386,0,0,1866,6023
5186,2026-08-04T07:09:44Z,1785827384614428678,5206,6664,24988,4,18,36762,10706412,200,0,386,0,0,1866,6024
5187,2026-08-04T07:09:45Z,1785827385618162699,5207,6664,24988,4,18,36770,10707207,200,0,386,0,0,1866,6025
5188,2026-08-04T07:09:46Z,1785827386621520166,5208,6664,24988,4,18,36778,10708001,200,0,386,0,0,1866,6026
5189,2026-08-04T07:09:47Z,1785827387625742488,5209,6660,24988,4,17,36785,10708797,200,0,386,0,0,1866,6027
5190,2026-08-04T07:09:48Z,1785827388630448282,5210,6660,24988,4,17,36793,10709594,200,0,386,0,0,1866,6027
5191,2026-08-04T07:09:49Z,1785827389634454662,5211,6660,24988,4,17,36801,10710388,200,0,386,0,0,1866,6027
5192,2026-08-04T07:09:50Z,1785827390637693005,5212,6660,24988,4,17,36809,10711183,200,0,386,0,0,1866,6028
5193,2026-08-04T07:09:51Z,1785827391643037509,5213,6660,24988,4,17,36816,10711980,200,0,386,0,0,1866,6028
5194,2026-08-04T07:09:52Z,1785827392645933905,5214,6660,24988,4,17,36825,10712774,200,0,386,0,0,1866,6029
5195,2026-08-04T07:09:53Z,1785827393650156884,5215,6660,24988,4,17,36832,10713572,200,0,386,0,0,1866,6030
5196,2026-08-04T07:09:54Z,1785827394654201288,5216,6660,24988,4,17,36839,10714369,200,0,386,0,0,1866,6031
5197,2026-08-04T07:09:55Z,1785827395658431747,5217,6660,24988,4,17,36847,10715165,200,0,386,0,0,1866,6032
5198,2026-08-04T07:09:56Z,1785827396661569470,5218,6660,24988,4,17,36855,10715961,200,0,386,0,0,1866,6032
5199,2026-08-04T07:09:57Z,1785827397665946977,5219,6660,24988,4,17,36863,10716760,200,0,386,0,0,1866,6032
5200,2026-08-04T07:09:58Z,1785827398669321992,5220,6660,24988,4,17,36870,10717556,200,0,386,0,0,1866,6032
5201,2026-08-04T07:09:59Z,1785827399673054562,5221,6660,24988,4,17,36878,10718352,200,0,386,0,0,1866,6032
5202,2026-08-04T07:10:00Z,1785827400676647733,5222,6660,24988,4,17,36885,10719148,200,0,386,0,0,1866,6033
5203,2026-08-04T07:10:01Z,1785827401680918652,5223,6660,24988,4,17,36894,10719944,200,0,386,0,0,1866,6033
5204,2026-08-04T07:10:02Z,1785827402684950469,5224,6660,24988,4,17,36901,10720738,200,0,386,0,0,1866,6034
5205,2026-08-04T07:10:03Z,1785827403688565673,5225,6660,24988,4,17,36909,10721534,200,0,386,0,0,1866,6035
5206,2026-08-04T07:10:04Z,1785827404692015931,5226,6660,24988,4,17,36917,10722330,200,0,386,0,0,1866,6035
5207,2026-08-04T07:10:05Z,1785827405695261332,5227,6660,24988,4,17,36925,10723126,200,0,386,0,0,1866,6035
5208,2026-08-04T07:10:06Z,1785827406698727246,5228,6660,24988,4,17,36932,10723919,200,0,386,0,0,1866,6036
5209,2026-08-04T07:10:07Z,1785827407702166134,5229,6660,24988,4,17,36941,10724713,200,0,386,0,0,1866,6036
5210,2026-08-04T07:10:08Z,1785827408705465511,5230,6660,24988,4,17,36948,10725511,200,0,386,0,0,1866,6037
5211,2026-08-04T07:10:09Z,1785827409709147758,5231,6660,24988,4,17,36955,10726308,200,0,386,0,0,1866,6037
5212,2026-08-04T07:10:10Z,1785827410712462043,5232,6660,24988,4,17,36963,10727102,200,0,386,0,0,1866,6038
5213,2026-08-04T07:10:11Z,1785827411716747892,5233,6660,24988,4,17,36971,10727898,200,0,386,0,0,1866,6039
5214,2026-08-04T07:10:12Z,1785827412720153578,5234,6660,24988,4,17,36979,10728693,200,0,386,0,0,1866,6040
5215,2026-08-04T07:10:13Z,1785827413724527654,5235,6660,24988,4,17,36986,10729491,200,0,386,0,0,1866,6041
5216,2026-08-04T07:10:14Z,1785827414728023335,5236,6660,24988,4,17,36993,10730290,200,0,386,0,0,1866,6042
5217,2026-08-04T07:10:15Z,1785827415732627701,5237,6660,24988,4,17,37002,10731085,200,0,386,0,0,1866,6043
5218,2026-08-04T07:10:16Z,1785827416735089775,5238,6660,24988,4,17,37010,10731882,200,0,386,0,0,1866,6044
5219,2026-08-04T07:10:17Z,1785827417739282842,5239,6660,24988,4,17,37017,10732678,200,0,386,0,0,1866,6045
5220,2026-08-04T07:10:18Z,1785827418743487985,5240,6660,24988,4,17,37025,10733476,200,0,386,0,0,1866,6046
5221,2026-08-04T07:10:19Z,1785827419747788202,5241,6660,24988,4,17,37032,10734273,200,0,386,0,0,1866,6047
5222,2026-08-04T07:10:20Z,1785827420752321961,5242,6660,24988,4,17,37039,10735069,200,0,386,0,0,1866,6047
5223,2026-08-04T07:10:21Z,1785827421755355644,5243,6660,24988,4,17,37047,10735867,200,0,386,0,0,1866,6047
5224,2026-08-04T07:10:22Z,1785827422759868520,5244,6660,24988,4,17,37055,10736662,200,0,386,0,0,1866,6048
5225,2026-08-04T07:10:23Z,1785827423763226497,5245,6660,24988,4,17,37062,10737456,200,0,386,0,0,1866,6048
5226,2026-08-04T07:10:24Z,1785827424766613808,5246,6660,24988,4,17,37071,10738252,200,0,386,0,0,1866,6049
5227,2026-08-04T07:10:25Z,1785827425769852764,5247,6660,24988,4,17,37078,10739050,200,0,386,0,0,1866,6050
5228,2026-08-04T07:10:26Z,1785827426773831711,5248,6660,24988,4,17,37085,10739847,200,0,386,0,0,1866,6051
5229,2026-08-04T07:10:27Z,1785827427778129469,5249,6660,24988,4,17,37093,10740646,200,0,386,0,0,1866,6051
5230,2026-08-04T07:10:28Z,1785827428781341850,5250,6660,24988,4,17,37101,10741443,200,0,386,0,0,1866,6052
5231,2026-08-04T07:10:29Z,1785827429785690554,5251,6660,24988,4,17,37108,10742239,200,0,386,0,0,1866,6053
5232,2026-08-04T07:10:30Z,1785827430789200224,5252,6660,24988,4,17,37116,10743035,200,0,386,0,0,1866,6054
5233,2026-08-04T07:10:31Z,1785827431792747770,5253,6660,24988,4,17,37124,10743828,200,0,386,0,0,1866,6055
5234,2026-08-04T07:10:32Z,1785827432796119253,5254,6660,24988,4,17,37132,10744622,200,0,386,0,0,1866,6056
5235,2026-08-04T07:10:33Z,1785827433800278922,5255,6660,24988,4,17,37139,10745419,200,0,386,0,0,1866,6057
5236,2026-08-04T07:10:34Z,1785827434804144009,5256,6660,24988,4,17,37147,10746215,200,0,386,0,0,1866,6058
5237,2026-08-04T07:10:35Z,1785827435808667131,5257,6660,24988,4,17,37155,10747010,200,0,386,0,0,1866,6058
5238,2026-08-04T07:10:36Z,1785827436812264131,5258,6660,24988,4,17,37163,10747803,200,0,386,0,0,1866,6059
5239,2026-08-04T07:10:37Z,1785827437815000299,5259,6660,24988,4,17,37171,10748600,200,0,386,0,0,1866,6059
5240,2026-08-04T07:10:38Z,1785827438819179803,5260,6660,24988,4,17,37178,10749398,200,0,386,0,0,1866,6060
5241,2026-08-04T07:10:39Z,1785827439823252367,5261,6660,24988,4,17,37185,10750197,200,0,386,0,0,1866,6061
5242,2026-08-04T07:10:40Z,1785827440827136701,5262,6660,24988,4,17,37193,10750994,200,0,386,0,0,1866,6061
5243,2026-08-04T07:10:41Z,1785827441831423758,5263,6660,24988,4,17,37201,10751788,200,0,386,0,0,1866,6061
5244,2026-08-04T07:10:42Z,1785827442834813693,5264,6660,24988,4,17,37208,10752585,200,0,386,0,0,1866,6061
5245,2026-08-04T07:10:43Z,1785827443837726039,5265,6660,24988,4,17,37216,10753380,200,0,386,0,0,1866,6062
5246,2026-08-04T07:10:44Z,1785827444842041565,5266,6660,24988,4,17,37224,10754176,200,0,386,0,0,1866,6062
5247,2026-08-04T07:10:45Z,1785827445845851893,5267,6660,24988,4,17,37232,10754974,200,0,386,0,0,1866,6063
5248,2026-08-04T07:10:46Z,1785827446848823344,5268,6660,24988,4,17,37239,10755769,200,0,386,0,0,1866,6064
5249,2026-08-04T07:10:47Z,1785827447853034198,5269,6660,24988,4,17,37246,10756565,200,0,386,0,0,1866,6065
5250,2026-08-04T07:10:48Z,1785827448856991485,5270,6660,24988,4,17,37254,10757363,200,0,386,0,0,1866,6066
5251,2026-08-04T07:10:49Z,1785827449860983010,5271,6660,24988,4,17,37262,10758160,200,0,386,0,0,1866,6067
5252,2026-08-04T07:10:50Z,1785827450865155637,5272,6660,24988,4,17,37270,10758953,200,0,386,0,0,1866,6069
5253,2026-08-04T07:10:51Z,1785827451869721180,5273,6660,24988,4,17,37277,10759748,200,0,386,0,0,1866,6069
5254,2026-08-04T07:10:52Z,1785827452872706267,5274,6660,24988,4,17,37284,10760543,200,0,386,0,0,1866,6069
5255,2026-08-04T07:10:53Z,1785827453876877658,5275,6660,24988,4,17,37292,10761341,200,0,386,0,0,1866,6069
5256,2026-08-04T07:10:54Z,1785827454880396667,5276,6660,24988,4,17,37300,10762135,200,0,386,0,0,1866,6069
5257,2026-08-04T07:10:55Z,1785827455884466857,5277,6660,24988,4,17,37307,10762931,200,0,386,0,0,1866,6070
5258,2026-08-04T07:10:56Z,1785827456888702799,5278,6660,24988,4,17,37314,10763728,200,0,386,0,0,1866,6070
5259,2026-08-04T07:10:57Z,1785827457891903367,5279,6660,24988,4,17,37323,10764526,200,0,386,0,0,1866,6071
5260,2026-08-04T07:10:58Z,1785827458896144162,5280,6660,24988,4,17,37330,10765319,200,0,386,0,0,1866,6072
5261,2026-08-04T07:10:59Z,1785827459899894808,5281,6660,24988,4,17,37337,10766116,200,0,386,0,0,1866,6072
5262,2026-08-04T07:11:00Z,1785827460903576660,5282,6660,24988,4,17,37346,10766912,200,0,386,0,0,1866,6073
5263,2026-08-04T07:11:01Z,1785827461907335702,5283,6660,24988,4,17,37354,10767708,200,0,386,0,0,1866,6073
5264,2026-08-04T07:11:02Z,1785827462910811597,5284,6660,24988,4,17,37361,10768504,200,0,386,0,0,1866,6074
5265,2026-08-04T07:11:03Z,1785827463914252796,5285,6660,24988,4,17,37369,10769301,200,0,386,0,0,1866,6075
5266,2026-08-04T07:11:04Z,1785827464917428311,5286,6660,24988,4,17,37377,10770097,200,0,386,0,0,1866,6075
5267,2026-08-04T07:11:05Z,1785827465921646760,5287,6660,24988,4,17,37384,10770891,200,0,386,0,0,1866,6075
5268,2026-08-04T07:11:06Z,1785827466926163913,5288,6660,24988,4,17,37392,10771688,200,0,386,0,0,1866,6075
5269,2026-08-04T07:11:07Z,1785827467929283473,5289,6660,24988,4,17,37399,10772480,200,0,386,0,0,1866,6075
5270,2026-08-04T07:11:08Z,1785827468932986563,5290,6660,24988,4,17,37408,10773277,200,0,386,0,0,1866,6076
5271,2026-08-04T07:11:09Z,1785827469938698900,5291,6660,24988,4,17,37415,10774072,200,0,386,0,0,1866,6077
5272,2026-08-04T07:11:10Z,1785827470940451430,5292,6660,24988,4,17,37423,10774867,200,0,386,0,0,1866,6078
5273,2026-08-04T07:11:11Z,1785827471944882643,5293,6656,24988,4,16,37430,10775661,200,0,386,0,0,1866,6078
5274,2026-08-04T07:11:12Z,1785827472947850537,5294,6656,24988,4,16,37438,10776457,200,0,386,0,0,1866,6079
5275,2026-08-04T07:11:13Z,1785827473951083302,5295,6628,24988,4,14,37442,10777257,200,0,386,0,0,1866,6079
5276,2026-08-04T07:11:14Z,1785827474955263619,5296,6620,24988,4,12,37446,10778056,200,0,386,0,0,1866,6079
5277,2026-08-04T07:11:15Z,1785827475958304623,5297,6292,24988,4,10,37448,10778859,200,0,386,0,0,1866,6079
5278,2026-08-04T07:11:16Z,1785827476961997009,5298,6292,24988,4,10,37448,10779662,200,0,386,0,0,1866,6079
5279,2026-08-04T07:11:17Z,1785827477965793109,5299,6292,24988,4,10,37448,10780464,200,0,386,0,0,1866,6079
5280,2026-08-04T07:11:18Z,1785827478969388519,5300,6292,24988,4,10,37448,10781266,200,0,386,0,0,1866,6079
5281,2026-08-04T07:11:19Z,1785827479972958585,5301,6292,24988,4,10,37448,10782070,200,0,386,0,0,1866,6079
5282,2026-08-04T07:11:20Z,1785827480976180079,5302,6292,24988,4,10,37448,10782872,200,0,386,0,0,1866,6079
5283,2026-08-04T07:11:21Z,1785827481979890454,5303,6296,24988,4,11,37448,10783674,200,0,386,0,0,1866,6079
5284,2026-08-04T07:11:22Z,1785827482983709709,5304,6300,24988,4,12,37449,10784472,200,0,386,0,0,1866,6079
5285,2026-08-04T07:11:23Z,1785827483987608315,5305,6324,24988,4,13,37453,10785271,200,0,386,0,0,1866,6079
5286,2026-08-04T07:11:24Z,1785827484992212001,5306,6328,24988,4,14,37458,10786068,200,0,386,0,0,1866,6079
5287,2026-08-04T07:11:25Z,1785827485995143119,5307,6652,24988,4,15,37466,10786864,200,0,386,0,0,1866,6079
5288,2026-08-04T07:11:26Z,1785827487000325614,5309,6664,24988,4,18,37473,10787659,200,0,386,0,0,1866,6080
5289,2026-08-04T07:11:28Z,1785827488004345127,5310,6664,24988,4,18,37482,10788456,200,0,386,0,0,1866,6081
5290,2026-08-04T07:11:29Z,1785827489008386405,5311,6664,24988,4,18,37488,10789252,200,0,386,0,0,1866,6081
5291,2026-08-04T07:11:30Z,1785827490013148327,5312,6664,24988,4,18,37496,10790048,200,0,386,0,0,1866,6082
5292,2026-08-04T07:11:31Z,1785827491016179318,5313,6664,24988,4,18,37504,10790843,200,0,386,0,0,1866,6082
5293,2026-08-04T07:11:32Z,1785827492020425527,5314,6664,24988,4,18,37512,10791641,200,0,386,0,0,1866,6083
5294,2026-08-04T07:11:33Z,1785827493024101603,5315,6664,24988,4,18,37520,10792438,200,0,386,0,0,1866,6083
5295,2026-08-04T07:11:34Z,1785827494028324428,5316,6664,24988,4,18,37528,10793234,200,0,386,0,0,1866,6083
5296,2026-08-04T07:11:35Z,1785827495032449572,5317,6664,24988,4,18,37535,10794029,200,0,386,0,0,1866,6083
5297,2026-08-04T07:11:36Z,1785827496035341908,5318,6664,24988,4,18,37543,10794826,200,0,386,0,0,1866,6084
5298,2026-08-04T07:11:37Z,1785827497039064529,5319,6664,24988,4,18,37551,10795623,200,0,386,0,0,1866,6084
5299,2026-08-04T07:11:38Z,1785827498043296844,5320,6664,24988,4,18,37559,10796419,200,0,386,0,0,1866,6085
5300,2026-08-04T07:11:39Z,1785827499047000090,5321,6664,24988,4,18,37565,10797213,200,0,386,0,0,1866,6086
5301,2026-08-04T07:11:40Z,1785827500050869326,5322,6664,24988,4,18,37573,10798012,200,0,386,0,0,1866,6087
5302,2026-08-04T07:11:41Z,1785827501055037997,5323,6664,24988,4,18,37581,10798811,200,0,386,0,0,1866,6087
5303,2026-08-04T07:11:42Z,1785827502059100102,5324,6664,24988,4,18,37588,10799607,200,0,386,0,0,1866,6088
5304,2026-08-04T07:11:43Z,1785827503063021203,5325,6664,24988,4,18,37596,10800401,200,0,386,0,0,1866,6088
5305,2026-08-04T07:11:44Z,1785827504066966435,5326,6664,24988,4,18,37603,10801201,200,0,386,0,0,1866,6088
5306,2026-08-04T07:11:45Z,1785827505071410797,5327,6664,24988,4,18,37612,10801998,200,0,386,0,0,1866,6088
5307,2026-08-04T07:11:46Z,1785827506075088160,5328,6664,24988,4,18,37619,10802794,200,0,386,0,0,1866,6089
5308,2026-08-04T07:11:47Z,1785827507078345554,5329,6664,24988,4,18,37627,10803591,200,0,386,0,0,1866,6090
5309,2026-08-04T07:11:48Z,1785827508082139886,5330,6664,24988,4,18,37634,10804386,200,0,386,0,0,1866,6091
5310,2026-08-04T07:11:49Z,1785827509086495765,5331,6664,24988,4,18,37642,10805185,200,0,386,0,0,1866,6092
5311,2026-08-04T07:11:50Z,1785827510089162228,5332,6664,24988,4,18,37649,10805979,200,0,386,0,0,1866,6092
5312,2026-08-04T07:11:51Z,1785827511093185630,5333,6664,24988,4,18,37656,10806774,200,0,386,0,0,1866,6092
5313,2026-08-04T07:11:52Z,1785827512097292422,5334,6664,24988,4,18,37664,10807571,200,0,386,0,0,1866,6093
5314,2026-08-04T07:11:53Z,1785827513101584022,5335,6664,24988,4,18,37672,10808366,200,0,386,0,0,1866,6093
5315,2026-08-04T07:11:54Z,1785827514104268775,5336,6664,24988,4,18,37679,10809162,200,0,386,0,0,1866,6094
5316,2026-08-04T07:11:55Z,1785827515108768274,5337,6664,24988,4,18,37687,10809958,200,0,386,0,0,1866,6095
5317,2026-08-04T07:11:56Z,1785827516112022256,5338,6664,24988,4,18,37695,10810752,200,0,386,0,0,1866,6096
5318,2026-08-04T07:11:57Z,1785827517116731863,5339,6664,24988,4,18,37702,10811548,200,0,386,0,0,1866,6097
5319,2026-08-04T07:11:58Z,1785827518120202001,5340,6660,24988,4,17,37710,10812344,200,0,386,0,0,1866,6098
5320,2026-08-04T07:11:59Z,1785827519123839569,5341,6660,24988,4,17,37718,10813138,200,0,386,0,0,1866,6098
5321,2026-08-04T07:12:00Z,1785827520127532267,5342,6660,24988,4,17,37726,10813932,200,0,386,0,0,1866,6098
5322,2026-08-04T07:12:01Z,1785827521131056762,5343,6660,24988,4,17,37734,10814728,200,0,386,0,0,1866,6098
5323,2026-08-04T07:12:02Z,1785827522134556786,5344,6660,24988,4,17,37741,10815522,200,0,386,0,0,1866,6098
5324,2026-08-04T07:12:03Z,1785827523137887057,5345,6660,24988,4,17,37749,10816321,200,0,386,0,0,1866,6099
5325,2026-08-04T07:12:04Z,1785827524142363652,5346,6660,24988,4,17,37758,10817113,200,0,386,0,0,1866,6100
5326,2026-08-04T07:12:05Z,1785827525145556276,5347,6660,24988,4,17,37765,10817907,200,0,386,0,0,1866,6101
5327,2026-08-04T07:12:06Z,1785827526149835349,5348,6660,24988,4,17,37774,10818705,200,0,386,0,0,1866,6101
5328,2026-08-04T07:12:07Z,1785827527153459551,5349,6660,24988,4,17,37781,10819498,200,0,386,0,0,1866,6102
5329,2026-08-04T07:12:08Z,1785827528157034336,5350,6660,24988,4,17,37790,10820294,200,0,386,0,0,1866,6103
5330,2026-08-04T07:12:09Z,1785827529160280809,5351,6660,24988,4,17,37797,10821088,200,0,386,0,0,1866,6104
5331,2026-08-04T07:12:10Z,1785827530164605369,5352,6660,24988,4,17,37805,10821885,200,0,386,0,0,1866,6105
5332,2026-08-04T07:12:11Z,1785827531167856939,5353,6660,24988,4,17,37813,10822682,200,0,386,0,0,1866,6106
5333,2026-08-04T07:12:12Z,1785827532172053070,5354,6660,24988,4,17,37821,10823478,200,0,386,0,0,1866,6107
5334,2026-08-04T07:12:13Z,1785827533175280547,5355,6660,24988,4,17,37828,10824270,200,0,386,0,0,1866,6108
5335,2026-08-04T07:12:14Z,1785827534178425831,5356,6660,24988,4,17,37836,10825070,200,0,386,0,0,1866,6109
5336,2026-08-04T07:12:15Z,1785827535182614057,5357,6660,24988,4,17,37843,10825864,200,0,386,0,0,1866,6110
5337,2026-08-04T07:12:16Z,1785827536186341367,5358,6660,24988,4,17,37851,10826661,200,0,386,0,0,1866,6110
5338,2026-08-04T07:12:17Z,1785827537189357546,5359,6660,24988,4,17,37859,10827456,200,0,386,0,0,1866,6111
5339,2026-08-04T07:12:18Z,1785827538193798134,5360,6660,24988,4,17,37866,10828251,200,0,386,0,0,1866,6111
5340,2026-08-04T07:12:19Z,1785827539197007550,5361,6660,24988,4,17,37874,10829047,200,0,386,0,0,1866,6111
5341,2026-08-04T07:12:20Z,1785827540200959437,5362,6660,24988,4,17,37881,10829844,200,0,386,0,0,1866,6111
5342,2026-08-04T07:12:21Z,1785827541205051506,5363,6660,24988,4,17,37889,10830638,200,0,386,0,0,1866,6112
5343,2026-08-04T07:12:22Z,1785827542209294997,5364,6660,24988,4,17,37897,10831436,200,0,386,0,0,1866,6113
5344,2026-08-04T07:12:23Z,1785827543213336229,5365,6660,24988,4,17,37904,10832231,200,0,386,0,0,1866,6114
5345,2026-08-04T07:12:24Z,1785827544217140798,5366,6660,24988,4,17,37912,10833027,200,0,386,0,0,1866,6115
5346,2026-08-04T07:12:25Z,1785827545221359517,5367,6660,24988,4,17,37919,10833824,200,0,386,0,0,1866,6116
5347,2026-08-04T07:12:26Z,1785827546225965635,5368,6660,24988,4,17,37926,10834620,200,0,386,0,0,1866,6116
5348,2026-08-04T07:12:27Z,1785827547229028593,5369,6660,24988,4,17,37934,10835419,200,0,386,0,0,1866,6117
5349,2026-08-04T07:12:28Z,1785827548233598885,5370,6660,24988,4,17,37942,10836213,200,0,386,0,0,1866,6118
5350,2026-08-04T07:12:29Z,1785827549236825706,5371,6660,24988,4,17,37949,10837008,200,0,386,0,0,1866,6119
5351,2026-08-04T07:12:30Z,1785827550241550007,5372,6660,24988,4,17,37957,10837802,200,0,386,0,0,1866,6119
5352,2026-08-04T07:12:31Z,1785827551245438637,5373,6660,24988,4,17,37965,10838598,200,0,386,0,0,1866,6120
5353,2026-08-04T07:12:32Z,1785827552248440282,5374,6660,24988,4,17,37973,10839392,200,0,386,0,0,1866,6121
5354,2026-08-04T07:12:33Z,1785827553252716214,5375,6660,24988,4,17,37980,10840189,200,0,386,0,0,1866,6122
5355,2026-08-04T07:12:34Z,1785827554255984700,5376,6660,24988,4,17,37988,10840985,200,0,386,0,0,1866,6122
5356,2026-08-04T07:12:35Z,1785827555259918278,5377,6660,24988,4,17,37995,10841780,200,0,386,0,0,1866,6123
5357,2026-08-04T07:12:36Z,1785827556264172197,5378,6660,24988,4,17,38003,10842575,200,0,386,0,0,1866,6123
5358,2026-08-04T07:12:37Z,1785827557268622387,5379,6660,24988,4,17,38011,10843370,200,0,386,0,0,1866,6124
5359,2026-08-04T07:12:38Z,1785827558271861002,5380,6660,24988,4,17,38018,10844163,200,0,386,0,0,1866,6124
5360,2026-08-04T07:12:39Z,1785827559276225887,5381,6660,24988,4,17,38026,10844958,200,0,386,0,0,1866,6124
5361,2026-08-04T07:12:40Z,1785827560279369788,5382,6660,24988,4,17,38034,10845754,200,0,386,0,0,1866,6125
5362,2026-08-04T07:12:41Z,1785827561283410069,5383,6660,24988,4,17,38041,10846551,200,0,386,0,0,1866,6126
5363,2026-08-04T07:12:42Z,1785827562288105855,5384,6660,24988,4,17,38049,10847347,200,0,386,0,0,1866,6127
5364,2026-08-04T07:12:43Z,1785827563291582335,5385,6660,24988,4,17,38058,10848141,200,0,386,0,0,1866,6128
5365,2026-08-04T07:12:44Z,1785827564295030595,5386,6660,24988,4,17,38065,10848934,200,0,386,0,0,1866,6129
5366,2026-08-04T07:12:45Z,1785827565298605711,5387,6660,24988,4,17,38073,10849732,200,0,386,0,0,1866,6129
5367,2026-08-04T07:12:46Z,1785827566301821789,5388,6660,24988,4,17,38081,10850528,200,0,386,0,0,1866,6130
5368,2026-08-04T07:12:47Z,1785827567306006131,5389,6660,24988,4,17,38089,10851324,200,0,386,0,0,1866,6131
5369,2026-08-04T07:12:48Z,1785827568310252008,5390,6660,24988,4,17,38096,10852118,200,0,386,0,0,1866,6131
5370,2026-08-04T07:12:49Z,1785827569314438616,5391,6660,24988,4,17,38103,10852915,200,0,386,0,0,1866,6131
5371,2026-08-04T07:12:50Z,1785827570318158967,5392,6660,24988,4,17,38111,10853711,200,0,386,0,0,1866,6131
5372,2026-08-04T07:12:51Z,1785827571322025632,5393,6660,24988,4,17,38119,10854505,200,0,386,0,0,1866,6131
5373,2026-08-04T07:12:52Z,1785827572326242545,5394,6660,24988,4,17,38126,10855299,200,0,386,0,0,1866,6132
5374,2026-08-04T07:12:53Z,1785827573330229980,5395,6660,24988,4,17,38134,10856096,200,0,386,0,0,1866,6133
5375,2026-08-04T07:12:54Z,1785827574334293338,5396,6660,24988,4,17,38141,10856892,200,0,386,0,0,1866,6133
5376,2026-08-04T07:12:55Z,1785827575337961247,5397,6660,24988,4,17,38148,10857687,200,0,386,0,0,1866,6134
5377,2026-08-04T07:12:56Z,1785827576342176853,5398,6660,24988,4,17,38156,10858480,200,0,386,0,0,1866,6135
5378,2026-08-04T07:12:57Z,1785827577346151641,5399,6660,24988,4,17,38164,10859275,200,0,386,0,0,1866,6136
5379,2026-08-04T07:12:58Z,1785827578350364342,5400,6660,24988,4,17,38171,10860073,200,0,386,0,0,1866,6136
5380,2026-08-04T07:12:59Z,1785827579354856016,5401,6660,24988,4,17,38179,10860869,200,0,386,0,0,1866,6137
5381,2026-08-04T07:13:00Z,1785827580358749193,5402,6660,24988,4,17,38187,10861659,200,0,386,0,0,1866,6138
5382,2026-08-04T07:13:01Z,1785827581362132790,5403,6660,24988,4,17,38195,10862455,200,0,386,0,0,1866,6138
5383,2026-08-04T07:13:02Z,1785827582366101839,5404,6660,24988,4,17,38203,10863248,200,0,386,0,0,1866,6138
5384,2026-08-04T07:13:03Z,1785827583370260620,5405,6660,24988,4,17,38211,10864041,200,0,386,0,0,1866,6139
5385,2026-08-04T07:13:04Z,1785827584374733094,5406,6660,24988,4,17,38220,10864838,200,0,386,0,0,1866,6140
5386,2026-08-04T07:13:05Z,1785827585377337604,5407,6660,24988,4,17,38228,10865632,200,0,386,0,0,1866,6141
5387,2026-08-04T07:13:06Z,1785827586380643302,5408,6660,24988,4,17,38236,10866426,200,0,386,0,0,1866,6141
5388,2026-08-04T07:13:07Z,1785827587384375691,5409,6660,24988,4,17,38243,10867219,200,0,386,0,0,1866,6141
5389,2026-08-04T07:13:08Z,1785827588388525682,5410,6660,24988,4,17,38250,10868015,200,0,386,0,0,1866,6142
5390,2026-08-04T07:13:09Z,1785827589392286123,5411,6660,24988,4,17,38258,10868812,200,0,386,0,0,1866,6143
5391,2026-08-04T07:13:10Z,1785827590396290236,5412,6660,24988,4,17,38266,10869607,200,0,386,0,0,1866,6143
5392,2026-08-04T07:13:11Z,1785827591400192097,5413,6660,24988,4,17,38273,10870403,200,0,386,0,0,1866,6144
5393,2026-08-04T07:13:12Z,1785827592404369921,5414,6660,24988,4,17,38281,10871198,200,0,386,0,0,1866,6145
5394,2026-08-04T07:13:13Z,1785827593408325132,5415,6660,24988,4,17,38288,10871994,200,0,386,0,0,1866,6146
5395,2026-08-04T07:13:14Z,1785827594412815124,5416,6660,24988,4,17,38296,10872790,200,0,386,0,0,1866,6146
5396,2026-08-04T07:13:15Z,1785827595416786798,5417,6660,24988,4,17,38304,10873583,200,0,386,0,0,1866,6147
5397,2026-08-04T07:13:16Z,1785827596420140824,5418,6660,24988,4,17,38312,10874379,200,0,386,0,0,1866,6148
5398,2026-08-04T07:13:17Z,1785827597425105471,5419,6660,24988,4,17,38320,10875174,200,0,386,0,0,1866,6149
5399,2026-08-04T07:13:18Z,1785827598428696253,5420,6660,24988,4,17,38328,10875968,200,0,386,0,0,1866,6150
5400,2026-08-04T07:13:19Z,1785827599432033704,5421,6660,24988,4,17,38335,10876764,200,0,386,0,0,1866,6151
5401,2026-08-04T07:13:20Z,1785827600435194810,5422,6660,24988,4,17,38343,10877560,200,0,386,0,0,1866,6152
5402,2026-08-04T07:13:21Z,1785827601439440955,5423,6656,24988,4,16,38350,10878355,200,0,386,0,0,1866,6153
5403,2026-08-04T07:13:22Z,1785827602443094058,5424,6652,24988,4,15,38358,10879150,200,0,386,0,0,1866,6154
5404,2026-08-04T07:13:23Z,1785827603446960863,5425,6628,24988,4,14,38363,10879947,200,0,386,0,0,1866,6155
5405,2026-08-04T07:13:24Z,1785827604449937071,5426,6620,24988,4,12,38366,10880746,200,0,386,0,0,1866,6155
5406,2026-08-04T07:13:25Z,1785827605454043139,5427,6292,24988,4,10,38366,10881549,200,0,386,0,0,1866,6155
5407,2026-08-04T07:13:26Z,1785827606458038831,5428,6292,24988,4,10,38366,10882351,200,0,386,0,0,1866,6155
5408,2026-08-04T07:13:27Z,1785827607461825579,5429,6292,24988,4,10,38366,10883154,200,0,386,0,0,1866,6155
5409,2026-08-04T07:13:28Z,1785827608465872796,5430,6292,24988,4,10,38366,10883957,200,0,386,0,0,1866,6155
5410,2026-08-04T07:13:29Z,1785827609469782038,5431,6292,24988,4,10,38366,10884760,200,0,386,0,0,1866,6155
5411,2026-08-04T07:13:30Z,1785827610474297023,5432,6292,24988,4,10,38366,10885563,200,0,386,0,0,1866,6155
5412,2026-08-04T07:13:31Z,1785827611477889689,5433,6296,24988,4,11,38366,10886365,200,0,386,0,0,1866,6155
5413,2026-08-04T07:13:32Z,1785827612481872675,5434,6300,24988,4,12,38369,10887166,200,0,386,0,0,1866,6155
5414,2026-08-04T07:13:33Z,1785827613486109363,5435,6324,24988,4,13,38372,10887962,200,0,386,0,0,1866,6155
5415,2026-08-04T07:13:34Z,1785827614490231568,5436,6328,24988,4,14,38380,10888758,200,0,386,0,0,1866,6155
5416,2026-08-04T07:13:35Z,1785827615494122109,5437,6652,24988,4,15,38387,10889553,200,0,386,0,0,1866,6155
5417,2026-08-04T07:13:36Z,1785827616498775203,5438,6664,24988,4,18,38394,10890351,200,0,386,0,0,1866,6156
5418,2026-08-04T07:13:37Z,1785827617502027716,5439,6664,24988,4,18,38402,10891149,200,0,386,0,0,1866,6157
5419,2026-08-04T07:13:38Z,1785827618506322459,5440,6664,24988,4,18,38409,10891948,200,0,386,0,0,1866,6158
5420,2026-08-04T07:13:39Z,1785827619510417991,5441,6664,24988,4,18,38417,10892741,200,0,386,0,0,1866,6159
5421,2026-08-04T07:13:40Z,1785827620514672205,5442,6664,24988,4,18,38425,10893540,200,0,386,0,0,1866,6159
5422,2026-08-04T07:13:41Z,1785827621518625146,5443,6664,24988,4,18,38432,10894338,200,0,386,0,0,1866,6160
5423,2026-08-04T07:13:42Z,1785827622522245361,5444,6664,24988,4,18,38440,10895136,200,0,386,0,0,1866,6161
5424,2026-08-04T07:13:43Z,1785827623526301089,5445,6664,24988,4,18,38448,10895932,200,0,386,0,0,1866,6161
5425,2026-08-04T07:13:44Z,1785827624531271183,5446,6664,24988,4,18,38455,10896732,200,0,386,0,0,1866,6161
5426,2026-08-04T07:13:45Z,1785827625534325019,5447,6664,24988,4,18,38463,10897528,200,0,386,0,0,1866,6162
5427,2026-08-04T07:13:46Z,1785827626537990745,5448,6664,24988,4,18,38471,10898323,200,0,386,0,0,1866,6163
5428,2026-08-04T07:13:47Z,1785827627541755982,5449,6664,24988,4,18,38478,10899120,200,0,386,0,0,1866,6164
5429,2026-08-04T07:13:48Z,1785827628545795071,5450,6664,24988,4,18,38486,10899917,200,0,386,0,0,1866,6164
5430,2026-08-04T07:13:49Z,1785827629549877617,5451,6664,24988,4,18,38493,10900716,200,0,386,0,0,1866,6165
5431,2026-08-04T07:13:50Z,1785827630553757947,5452,6664,24988,4,18,38501,10901513,200,0,386,0,0,1866,6166
5432,2026-08-04T07:13:51Z,1785827631557548392,5453,6664,24988,4,18,38509,10902309,200,0,386,0,0,1866,6167
5433,2026-08-04T07:13:52Z,1785827632561464018,5454,6664,24988,4,18,38516,10903106,200,0,386,0,0,1866,6168
5434,2026-08-04T07:13:53Z,1785827633565898980,5455,6664,24988,4,18,38524,10903900,200,0,386,0,0,1866,6169
5435,2026-08-04T07:13:54Z,1785827634569000407,5456,6664,24988,4,18,38532,10904693,200,0,386,0,0,1866,6170
5436,2026-08-04T07:13:55Z,1785827635572707272,5457,6664,24988,4,18,38539,10905490,200,0,386,0,0,1866,6170
5437,2026-08-04T07:13:56Z,1785827636576438709,5458,6664,24988,4,18,38547,10906285,200,0,386,0,0,1866,6171
5438,2026-08-04T07:13:57Z,1785827637580644633,5459,6664,24988,4,18,38554,10907083,200,0,386,0,0,1866,6172
5439,2026-08-04T07:13:58Z,1785827638584720272,5460,6664,24988,4,18,38562,10907881,200,0,386,0,0,1866,6172
5440,2026-08-04T07:13:59Z,1785827639589171422,5461,6664,24988,4,18,38570,10908676,200,0,386,0,0,1866,6173
5441,2026-08-04T07:14:00Z,1785827640592625274,5462,6664,24988,4,18,38578,10909470,200,0,386,0,0,1866,6174
5442,2026-08-04T07:14:01Z,1785827641596848614,5463,6664,24988,4,18,38585,10910266,200,0,386,0,0,1866,6175
5443,2026-08-04T07:14:02Z,1785827642601215026,5464,6664,24988,4,18,38593,10911061,200,0,386,0,0,1866,6175
5444,2026-08-04T07:14:03Z,1785827643605151544,5465,6664,24988,4,18,38601,10911858,200,0,386,0,0,1866,6175
5445,2026-08-04T07:14:04Z,1785827644608919316,5466,6664,24988,4,18,38609,10912655,200,0,386,0,0,1866,6176
5446,2026-08-04T07:14:05Z,1785827645613194448,5467,6664,24988,4,18,38616,10913451,200,0,386,0,0,1866,6177
5447,2026-08-04T07:14:06Z,1785827646617354832,5468,6664,24988,4,18,38623,10914247,200,0,386,0,0,1866,6178
5448,2026-08-04T07:14:07Z,1785827647621292715,5469,6660,24988,4,17,38631,10915041,200,0,386,0,0,1866,6179
5449,2026-08-04T07:14:08Z,1785827648625133580,5470,6660,24988,4,17,38638,10915838,200,0,386,0,0,1866,6179
5450,2026-08-04T07:14:09Z,1785827649629108768,5471,6660,24988,4,17,38646,10916634,200,0,386,0,0,1866,6180
5451,2026-08-04T07:14:10Z,1785827650633400907,5472,6660,24988,4,17,38653,10917430,200,0,386,0,0,1866,6181
5452,2026-08-04T07:14:11Z,1785827651636337459,5473,6660,24988,4,17,38661,10918227,200,0,386,0,0,1866,6181
5453,2026-08-04T07:14:12Z,1785827652640528994,5474,6660,24988,4,17,38669,10919023,200,0,386,0,0,1866,6182
5454,2026-08-04T07:14:13Z,1785827653644578250,5475,6660,24988,4,17,38676,10919820,200,0,386,0,0,1866,6183
5455,2026-08-04T07:14:14Z,1785827654649552719,5476,6660,24988,4,17,38684,10920619,200,0,386,0,0,1866,6184
5456,2026-08-04T07:14:15Z,1785827655653202580,5477,6660,24988,4,17,38692,10921412,200,0,386,0,0,1866,6184
5457,2026-08-04T07:14:16Z,1785827656656175451,5478,6660,24988,4,17,38700,10922208,200,0,386,0,0,1866,6184
5458,2026-08-04T07:14:17Z,1785827657660187338,5479,6660,24988,4,17,38707,10923003,200,0,386,0,0,1866,6185
5459,2026-08-04T07:14:18Z,1785827658664574067,5480,6660,24988,4,17,38714,10923801,200,0,386,0,0,1866,6185
5460,2026-08-04T07:14:19Z,1785827659667075993,5481,6660,24988,4,17,38721,10924595,200,0,386,0,0,1866,6186
5461,2026-08-04T07:14:20Z,1785827660670981001,5482,6660,24988,4,17,38729,10925390,200,0,386,0,0,1866,6186
5462,2026-08-04T07:14:21Z,1785827661674849434,5483,6660,24988,4,17,38736,10926189,200,0,386,0,0,1866,6186
5463,2026-08-04T07:14:22Z,1785827662679123135,5484,6660,24988,4,17,38744,10926986,200,0,386,0,0,1866,6187
5464,2026-08-04T07:14:23Z,1785827663681972252,5485,6660,24988,4,17,38752,10927782,200,0,386,0,0,1866,6188
5465,2026-08-04T07:14:24Z,1785827664686540694,5486,6660,24988,4,17,38759,10928578,200,0,386,0,0,1866,6189
5466,2026-08-04T07:14:25Z,1785827665689874201,5487,6660,24988,4,17,38767,10929373,200,0,386,0,0,1866,6190
5467,2026-08-04T07:14:26Z,1785827666694055751,5488,6660,24988,4,17,38775,10930169,200,0,386,0,0,1866,6191
5468,2026-08-04T07:14:27Z,1785827667698440860,5489,6660,24988,4,17,38783,10930966,200,0,386,0,0,1866,6192
5469,2026-08-04T07:14:28Z,1785827668702156058,5490,6660,24988,4,17,38790,10931764,200,0,386,0,0,1866,6192
5470,2026-08-04T07:14:29Z,1785827669706683769,5491,6660,24988,4,17,38798,10932560,200,0,386,0,0,1866,6193
5471,2026-08-04T07:14:30Z,1785827670709587592,5492,6660,24988,4,17,38807,10933357,200,0,386,0,0,1866,6193
5472,2026-08-04T07:14:31Z,1785827671714643892,5493,6660,24988,4,17,38814,10934153,200,0,386,0,0,1866,6193
5473,2026-08-04T07:14:32Z,1785827672718220358,5494,6660,24988,4,17,38822,10934950,200,0,386,0,0,1866,6194
5474,2026-08-04T07:14:33Z,1785827673721277520,5495,6660,24988,4,17,38830,10935748,200,0,386,0,0,1866,6195
5475,2026-08-04T07:14:34Z,1785827674725180883,5496,6660,24988,4,17,38836,10936544,200,0,386,0,0,1866,6195
5476,2026-08-04T07:14:35Z,1785827675729128691,5497,6660,24988,4,17,38844,10937341,200,0,386,0,0,1866,6195
5477,2026-08-04T07:14:36Z,1785827676733435159,5498,6660,24988,4,17,38852,10938138,200,0,386,0,0,1866,6196
5478,2026-08-04T07:14:37Z,1785827677736425271,5499,6660,24988,4,17,38859,10938932,200,0,386,0,0,1866,6197
5479,2026-08-04T07:14:38Z,1785827678740312775,5500,6660,24988,4,17,38867,10939728,200,0,386,0,0,1866,6198
5480,2026-08-04T07:14:39Z,1785827679743909616,5501,6660,24988,4,17,38875,10940524,200,0,386,0,0,1866,6198
5481,2026-08-04T07:14:40Z,1785827680747979936,5502,6660,24988,4,17,38882,10941319,200,0,386,0,0,1866,6199
5482,2026-08-04T07:14:41Z,1785827681752163131,5503,6660,24988,4,17,38890,10942117,200,0,386,0,0,1866,6199
5483,2026-08-04T07:14:42Z,1785827682757039938,5504,6660,24988,4,17,38898,10942914,200,0,386,0,0,1866,6200
5484,2026-08-04T07:14:43Z,1785827683760421861,5505,6660,24988,4,17,38906,10943712,200,0,386,0,0,1866,6200
5485,2026-08-04T07:14:44Z,1785827684763521020,5506,6660,24988,4,17,38912,10944510,200,0,386,0,0,1866,6201
5486,2026-08-04T07:14:45Z,1785827685768218414,5507,6660,24988,4,17,38920,10945306,200,0,386,0,0,1866,6202
5487,2026-08-04T07:14:46Z,1785827686771865675,5508,6660,24988,4,17,38928,10946102,200,0,386,0,0,1866,6203
5488,2026-08-04T07:14:47Z,1785827687774775054,5509,6660,24988,4,17,38936,10946897,200,0,386,0,0,1866,6204
5489,2026-08-04T07:14:48Z,1785827688778822818,5510,6660,24988,4,17,38943,10947693,200,0,386,0,0,1866,6205
5490,2026-08-04T07:14:49Z,1785827689783205003,5511,6660,24988,4,17,38951,10948491,200,0,386,0,0,1866,6205
5491,2026-08-04T07:14:50Z,1785827690786393516,5512,6660,24988,4,17,38958,10949287,200,0,386,0,0,1866,6205
5492,2026-08-04T07:14:51Z,1785827691790003463,5513,6660,24988,4,17,38966,10950084,200,0,386,0,0,1866,6206
5493,2026-08-04T07:14:52Z,1785827692794176978,5514,6660,24988,4,17,38973,10950881,200,0,386,0,0,1866,6207
5494,2026-08-04T07:14:53Z,1785827693798085441,5515,6660,24988,4,17,38981,10951679,200,0,386,0,0,1866,6208
5495,2026-08-04T07:14:54Z,1785827694802272617,5516,6660,24988,4,17,38988,10952475,200,0,386,0,0,1866,6209
5496,2026-08-04T07:14:55Z,1785827695806291467,5517,6660,24988,4,17,38995,10953272,200,0,386,0,0,1866,6210
5497,2026-08-04T07:14:56Z,1785827696810374045,5518,6660,24988,4,17,39003,10954068,200,0,386,0,0,1866,6211
5498,2026-08-04T07:14:57Z,1785827697814729089,5519,6676,24988,4,21,39011,10954864,200,0,386,0,0,1866,6213
5499,2026-08-04T07:14:58Z,1785827698819101856,5520,6676,24988,4,21,39019,10955661,200,0,387,0,0,1866,6214
5500,2026-08-04T07:14:59Z,1785827699823038496,5521,6676,24988,4,21,39028,10956457,200,0,387,0,0,1866,6214
5501,2026-08-04T07:15:00Z,1785827700826577960,5522,6676,24988,4,21,39036,10957251,200,0,387,0,0,1866,6215
5502,2026-08-04T07:15:01Z,1785827701830401681,5523,6676,24988,4,21,39043,10958046,200,0,387,0,0,1866,6216
5503,2026-08-04T07:15:02Z,1785827702834353333,5524,6676,24988,4,21,39051,10958842,200,0,387,0,0,1866,6217
5504,2026-08-04T07:15:03Z,1785827703837768771,5525,6676,24988,4,21,39060,10959639,200,0,387,0,0,1866,6217
5505,2026-08-04T07:15:04Z,1785827704841217367,5526,6676,24988,4,21,39067,10960435,200,0,387,0,0,1866,6218
5506,2026-08-04T07:15:05Z,1785827705845140199,5527,6676,24988,4,21,39075,10961231,200,0,387,0,0,1866,6218
5507,2026-08-04T07:15:06Z,1785827706848315014,5528,6676,24988,4,21,39083,10962028,200,0,387,0,0,1866,6219
5508,2026-08-04T07:15:07Z,1785827707852889270,5529,6676,24988,4,21,39091,10962826,200,0,387,0,0,1866,6219
5509,2026-08-04T07:15:08Z,1785827708855693229,5530,6676,24988,4,21,39098,10963621,200,0,387,0,0,1866,6220
5510,2026-08-04T07:15:09Z,1785827709859841424,5531,6676,24988,4,21,39106,10964417,200,0,387,0,0,1866,6221
5511,2026-08-04T07:15:10Z,1785827710863968806,5532,6676,24988,4,21,39113,10965214,200,0,387,0,0,1866,6221
5512,2026-08-04T07:15:11Z,1785827711867726715,5533,6676,24988,4,21,39121,10966010,200,0,387,0,0,1866,6221
5513,2026-08-04T07:15:12Z,1785827712871868260,5534,6676,24988,4,21,39129,10966806,200,0,387,0,0,1866,6222
5514,2026-08-04T07:15:13Z,1785827713875818290,5535,6676,24988,4,21,39136,10967605,200,0,387,0,0,1866,6223
5515,2026-08-04T07:15:14Z,1785827714880252423,5536,6676,24988,4,21,39143,10968399,200,0,387,0,0,1866,6223
5516,2026-08-04T07:15:15Z,1785827715883632378,5537,6676,24988,4,21,39152,10969195,200,0,387,0,0,1866,6223
5517,2026-08-04T07:15:16Z,1785827716887851833,5538,6676,24988,4,21,39159,10969993,200,0,387,0,0,1866,6223
5518,2026-08-04T07:15:17Z,1785827717891900398,5539,6676,24988,4,21,39167,10970788,200,0,387,0,0,1866,6224
5519,2026-08-04T07:15:18Z,1785827718896146218,5540,6676,24988,4,21,39174,10971583,200,0,387,0,0,1866,6225
5520,2026-08-04T07:15:19Z,1785827719900388107,5541,6676,24988,4,21,39181,10972378,200,0,387,0,0,1866,6226
5521,2026-08-04T07:15:20Z,1785827720903890343,5542,6676,24988,4,21,39190,10973175,200,0,387,0,0,1866,6226
5522,2026-08-04T07:15:21Z,1785827721907484507,5543,6676,24988,4,21,39197,10973973,200,0,387,0,0,1866,6226
5523,2026-08-04T07:15:22Z,1785827722912009341,5544,6676,24988,4,21,39205,10974770,200,0,387,0,0,1866,6226
5524,2026-08-04T07:15:23Z,1785827723915268966,5545,6676,24988,4,21,39212,10975566,200,0,387,0,0,1866,6227
5525,2026-08-04T07:15:24Z,1785827724918787352,5546,6676,24988,4,21,39220,10976362,200,0,387,0,0,1866,6228
5526,2026-08-04T07:15:25Z,1785827725922978163,5547,6676,24988,4,21,39227,10977159,200,0,387,0,0,1866,6229
5527,2026-08-04T07:15:26Z,1785827726927040918,5548,6676,24988,4,21,39235,10977957,200,0,387,0,0,1866,6229
5528,2026-08-04T07:15:27Z,1785827727930873381,5549,6660,24988,4,17,39242,10978752,200,0,387,0,0,1866,6230
5529,2026-08-04T07:15:28Z,1785827728934837287,5550,6660,24988,4,17,39249,10979548,200,0,386,0,0,1866,6231
5530,2026-08-04T07:15:29Z,1785827729939235993,5551,6660,24988,4,17,39258,10980346,200,0,386,0,0,1866,6231
5531,2026-08-04T07:15:30Z,1785827730942723044,5552,6656,24988,4,16,39265,10981142,200,0,386,0,0,1866,6232
5532,2026-08-04T07:15:31Z,1785827731945446183,5553,6652,24988,4,15,39272,10981936,200,0,386,0,0,1866,6233
5533,2026-08-04T07:15:32Z,1785827732948970489,5554,6628,24988,4,14,39277,10982735,200,0,386,0,0,1866,6233
5534,2026-08-04T07:15:33Z,1785827733952076053,5555,6620,24988,4,12,39280,10983536,200,0,386,0,0,1866,6233
5535,2026-08-04T07:15:34Z,1785827734956097067,5556,6292,24988,4,10,39280,10984338,200,0,386,0,0,1866,6233
5536,2026-08-04T07:15:35Z,1785827735959975134,5557,6292,24988,4,10,39280,10985140,200,0,386,0,0,1866,6233
5537,2026-08-04T07:15:36Z,1785827736964324826,5558,6292,24988,4,10,39280,10985944,200,0,386,0,0,1866,6233
5538,2026-08-04T07:15:37Z,1785827737967405998,5559,6292,24988,4,10,39280,10986746,200,0,386,0,0,1866,6233
5539,2026-08-04T07:15:38Z,1785827738970977092,5560,6292,24988,4,10,39280,10987550,200,0,386,0,0,1866,6233
5540,2026-08-04T07:15:39Z,1785827739974981370,5561,6296,24988,4,11,39280,10988352,200,0,386,0,0,1866,6233
5541,2026-08-04T07:15:40Z,1785827740979497113,5562,6300,24988,4,12,39281,10989154,200,0,386,0,0,1866,6233
5542,2026-08-04T07:15:41Z,1785827741982857376,5563,6324,24988,4,13,39282,10989953,200,0,386,0,0,1866,6233
5543,2026-08-04T07:15:42Z,1785827742986466183,5564,6328,24988,4,14,39287,10990749,200,0,386,0,0,1866,6233
5544,2026-08-04T07:15:43Z,1785827743990329713,5565,6652,24988,4,15,39294,10991546,200,0,386,0,0,1866,6233
5545,2026-08-04T07:15:44Z,1785827744994949727,5566,6664,24988,4,18,39301,10992342,200,0,386,0,0,1866,6234
5546,2026-08-04T07:15:45Z,1785827745998641171,5567,6664,24988,4,18,39310,10993136,200,0,386,0,0,1866,6235
5547,2026-08-04T07:15:47Z,1785827747001837412,5569,6664,24988,4,18,39317,10993929,200,0,386,0,0,1866,6236
5548,2026-08-04T07:15:48Z,1785827748005985651,5570,6664,24988,4,18,39324,10994724,200,0,386,0,0,1866,6237
5549,2026-08-04T07:15:49Z,1785827749010021568,5571,6664,24988,4,18,39332,10995522,200,0,386,0,0,1866,6238
5550,2026-08-04T07:15:50Z,1785827750014042281,5572,6664,24988,4,18,39340,10996318,200,0,386,0,0,1866,6239
5551,2026-08-04T07:15:51Z,1785827751017989311,5573,6664,24988,4,18,39347,10997112,200,0,386,0,0,1866,6240
5552,2026-08-04T07:15:52Z,1785827752022579118,5574,6664,24988,4,18,39355,10997908,200,0,386,0,0,1866,6241
5553,2026-08-04T07:15:53Z,1785827753025468220,5575,6664,24988,4,18,39362,10998704,200,0,386,0,0,1866,6242
5554,2026-08-04T07:15:54Z,1785827754029606162,5576,6664,24988,4,18,39369,10999500,200,0,386,0,0,1866,6242
5555,2026-08-04T07:15:55Z,1785827755033574960,5577,6664,24988,4,18,39376,11000296,200,0,386,0,0,1866,6242
5556,2026-08-04T07:15:56Z,1785827756037304066,5578,6664,24988,4,18,39384,11001091,200,0,386,0,0,1866,6243
5557,2026-08-04T07:15:57Z,1785827757041137025,5579,6664,24988,4,18,39392,11001885,200,0,386,0,0,1866,6243
5558,2026-08-04T07:15:58Z,1785827758045053260,5580,6664,24988,4,18,39400,11002681,200,0,386,0,0,1866,6243
5559,2026-08-04T07:15:59Z,1785827759049316710,5581,6664,24988,4,18,39407,11003475,200,0,386,0,0,1866,6244
5560,2026-08-04T07:16:00Z,1785827760054298340,5582,6664,24988,4,18,39415,11004272,200,0,386,0,0,1866,6244
5561,2026-08-04T07:16:01Z,1785827761058222347,5583,6664,24988,4,18,39422,11005066,200,0,386,0,0,1866,6245
5562,2026-08-04T07:16:02Z,1785827762062598802,5584,6664,24988,4,18,39431,11005859,200,0,386,0,0,1866,6246
5563,2026-08-04T07:16:03Z,1785827763066771544,5585,6664,24988,4,18,39439,11006655,200,0,386,0,0,1866,6247
5564,2026-08-04T07:16:04Z,1785827764070024144,5586,6664,24988,4,18,39447,11007451,200,0,386,0,0,1866,6248
5565,2026-08-04T07:16:05Z,1785827765074335962,5587,6664,24988,4,18,39454,11008247,200,0,386,0,0,1866,6249
5566,2026-08-04T07:16:06Z,1785827766078461585,5588,6664,24988,4,18,39462,11009041,200,0,386,0,0,1866,6250
5567,2026-08-04T07:16:07Z,1785827767082616306,5589,6664,24988,4,18,39470,11009837,200,0,386,0,0,1866,6250
5568,2026-08-04T07:16:08Z,1785827768086905579,5590,6664,24988,4,18,39477,11010633,200,0,386,0,0,1866,6251
5569,2026-08-04T07:16:09Z,1785827769089547992,5591,6664,24988,4,18,39485,11011430,200,0,386,0,0,1866,6252
5570,2026-08-04T07:16:10Z,1785827770094027745,5592,6664,24988,4,18,39493,11012222,200,0,386,0,0,1866,6252
5571,2026-08-04T07:16:11Z,1785827771097160188,5593,6664,24988,4,18,39501,11013015,200,0,386,0,0,1866,6252
5572,2026-08-04T07:16:12Z,1785827772101151172,5594,6664,24988,4,18,39508,11013811,200,0,386,0,0,1866,6253
5573,2026-08-04T07:16:13Z,1785827773104718710,5595,6664,24988,4,18,39516,11014605,200,0,386,0,0,1866,6254
5574,2026-08-04T07:16:14Z,1785827774108431186,5596,6664,24988,4,18,39523,11015402,200,0,386,0,0,1866,6255
5575,2026-08-04T07:16:15Z,1785827775112976182,5597,6664,24988,4,18,39531,11016197,200,0,386,0,0,1866,6256
5576,2026-08-04T07:16:16Z,1785827776116017241,5598,6660,24988,4,17,39538,11016992,200,0,386,0,0,1866,6257
5577,2026-08-04T07:16:17Z,1785827777120139100,5599,6660,24988,4,17,39547,11017785,200,0,386,0,0,1866,6257
5578,2026-08-04T07:16:18Z,1785827778123385825,5600,6660,24988,4,17,39554,11018580,200,0,386,0,0,1866,6258
5579,2026-08-04T07:16:19Z,1785827779127890279,5601,6660,24988,4,17,39561,11019374,200,0,386,0,0,1866,6259
5580,2026-08-04T07:16:20Z,1785827780131189101,5602,6660,24988,4,17,39569,11020170,200,0,386,0,0,1866,6260
5581,2026-08-04T07:16:21Z,1785827781134342764,5603,6660,24988,4,17,39577,11020966,200,0,386,0,0,1866,6261
5582,2026-08-04T07:16:22Z,1785827782138413867,5604,6660,24988,4,17,39585,11021761,200,0,386,0,0,1866,6262
5583,2026-08-04T07:16:23Z,1785827783142302650,5605,6660,24988,4,17,39592,11022555,200,0,386,0,0,1866,6262
5584,2026-08-04T07:16:24Z,1785827784146738027,5606,6660,24988,4,17,39599,11023350,200,0,386,0,0,1866,6263
5585,2026-08-04T07:16:25Z,1785827785149530552,5607,6660,24988,4,17,39607,11024145,200,0,386,0,0,1866,6263
5586,2026-08-04T07:16:26Z,1785827786153678275,5608,6660,24988,4,17,39615,11024942,200,0,386,0,0,1866,6264
5587,2026-08-04T07:16:27Z,1785827787157544615,5609,6660,24988,4,17,39621,11025737,200,0,386,0,0,1866,6265
5588,2026-08-04T07:16:28Z,1785827788161746335,5610,6660,24988,4,17,39630,11026534,200,0,386,0,0,1866,6265
5589,2026-08-04T07:16:29Z,1785827789166537966,5611,6660,24988,4,17,39637,11027331,200,0,386,0,0,1866,6266
5590,2026-08-04T07:16:30Z,1785827790170532970,5612,6660,24988,4,17,39644,11028126,200,0,386,0,0,1866,6267
5591,2026-08-04T07:16:31Z,1785827791174087533,5613,6660,24988,4,17,39652,11028919,200,0,386,0,0,1866,6267
5592,2026-08-04T07:16:32Z,1785827792177917908,5614,6660,24988,4,17,39660,11029717,200,0,386,0,0,1866,6268
5593,2026-08-04T07:16:33Z,1785827793181421752,5615,6660,24988,4,17,39668,11030515,200,0,386,0,0,1866,6268
5594,2026-08-04T07:16:34Z,1785827794185122097,5616,6660,24988,4,17,39675,11031308,200,0,386,0,0,1866,6269
5595,2026-08-04T07:16:35Z,1785827795188253412,5617,6660,24988,4,17,39683,11032104,200,0,386,0,0,1866,6270
5596,2026-08-04T07:16:36Z,1785827796192851036,5618,6660,24988,4,17,39691,11032900,200,0,386,0,0,1866,6271
5597,2026-08-04T07:16:37Z,1785827797196117234,5619,6660,24988,4,17,39699,11033698,200,0,386,0,0,1866,6271
5598,2026-08-04T07:16:38Z,1785827798200214920,5620,6660,24988,4,17,39706,11034493,200,0,386,0,0,1866,6271
5599,2026-08-04T07:16:39Z,1785827799203839626,5621,6660,24988,4,17,39713,11035286,200,0,386,0,0,1866,6272
5600,2026-08-04T07:16:40Z,1785827800207911979,5622,6660,24988,4,17,39721,11036084,200,0,386,0,0,1866,6273
5601,2026-08-04T07:16:41Z,1785827801211772584,5623,6660,24988,4,17,39728,11036879,200,0,386,0,0,1866,6274
5602,2026-08-04T07:16:42Z,1785827802215787361,5624,6660,24988,4,17,39736,11037674,200,0,386,0,0,1866,6274
5603,2026-08-04T07:16:43Z,1785827803219715988,5625,6660,24988,4,17,39744,11038471,200,0,386,0,0,1866,6274
5604,2026-08-04T07:16:44Z,1785827804223976180,5626,6660,24988,4,17,39751,11039266,200,0,386,0,0,1866,6275
5605,2026-08-04T07:16:45Z,1785827805227630487,5627,6660,24988,4,17,39759,11040061,200,0,386,0,0,1866,6276
5606,2026-08-04T07:16:46Z,1785827806231149736,5628,6660,24988,4,17,39767,11040856,200,0,386,0,0,1866,6277
5607,2026-08-04T07:16:47Z,1785827807233749481,5629,6660,24988,4,17,39774,11041652,200,0,386,0,0,1866,6278
5608,2026-08-04T07:16:48Z,1785827808237792484,5630,6660,24988,4,17,39783,11042448,200,0,386,0,0,1866,6279
5609,2026-08-04T07:16:49Z,1785827809241695465,5631,6660,24988,4,17,39790,11043241,200,0,386,0,0,1866,6279
5610,2026-08-04T07:16:50Z,1785827810245582270,5632,6660,24988,4,17,39797,11044040,200,0,386,0,0,1866,6280
5611,2026-08-04T07:16:51Z,1785827811249332911,5633,6660,24988,4,17,39805,11044834,200,0,386,0,0,1866,6280
5612,2026-08-04T07:16:52Z,1785827812252785448,5634,6660,24988,4,17,39813,11045629,200,0,386,0,0,1866,6281
5613,2026-08-04T07:16:53Z,1785827813256427111,5635,6660,24988,4,17,39820,11046425,200,0,386,0,0,1866,6282
5614,2026-08-04T07:16:54Z,1785827814260264068,5636,6660,24988,4,17,39827,11047222,200,0,386,0,0,1866,6283
5615,2026-08-04T07:16:55Z,1785827815263987061,5637,6660,24988,4,17,39835,11048017,200,0,386,0,0,1866,6284
5616,2026-08-04T07:16:56Z,1785827816267684072,5638,6660,24988,4,17,39842,11048813,200,0,386,0,0,1866,6285
5617,2026-08-04T07:16:57Z,1785827817271644684,5639,6660,24988,4,17,39849,11049611,200,0,386,0,0,1866,6285
5618,2026-08-04T07:16:58Z,1785827818275843702,5640,6660,24988,4,17,39857,11050407,200,0,386,0,0,1866,6286
5619,2026-08-04T07:16:59Z,1785827819279916347,5641,6660,24988,4,17,39864,11051204,200,0,386,0,0,1866,6287
5620,2026-08-04T07:17:00Z,1785827820284843475,5642,6660,24988,4,17,39873,11052000,200,0,386,0,0,1866,6287
5621,2026-08-04T07:17:01Z,1785827821288941043,5643,6660,24988,4,17,39882,11052794,200,0,386,0,0,1866,6287
5622,2026-08-04T07:17:02Z,1785827822292214097,5644,6660,24988,4,17,39890,11053587,200,0,386,0,0,1866,6288
5623,2026-08-04T07:17:03Z,1785827823296583814,5645,6660,24988,4,17,39898,11054384,200,0,386,0,0,1866,6289
5624,2026-08-04T07:17:04Z,1785827824300358290,5646,6660,24988,4,17,39906,11055180,200,0,386,0,0,1866,6290
5625,2026-08-04T07:17:05Z,1785827825304272635,5647,6660,24988,4,17,39913,11055975,200,0,386,0,0,1866,6291
5626,2026-08-04T07:17:06Z,1785827826308229191,5648,6660,24988,4,17,39920,11056769,200,0,386,0,0,1866,6291
5627,2026-08-04T07:17:07Z,1785827827312681638,5649,6660,24988,4,17,39928,11057567,200,0,386,0,0,1866,6291
5628,2026-08-04T07:17:08Z,1785827828315913999,5650,6660,24988,4,17,39935,11058363,200,0,386,0,0,1866,6292
5629,2026-08-04T07:17:09Z,1785827829319903483,5651,6660,24988,4,17,39943,11059157,200,0,386,0,0,1866,6293
5630,2026-08-04T07:17:10Z,1785827830324326715,5652,6660,24988,4,17,39951,11059951,200,0,386,0,0,1866,6294
5631,2026-08-04T07:17:11Z,1785827831327313172,5653,6660,24988,4,17,39958,11060745,200,0,386,0,0,1866,6295
5632,2026-08-04T07:17:12Z,1785827832331004652,5654,6660,24988,4,17,39966,11061540,200,0,386,0,0,1866,6295
5633,2026-08-04T07:17:13Z,1785827833334855459,5655,6660,24988,4,17,39973,11062337,200,0,386,0,0,1866,6296
5634,2026-08-04T07:17:14Z,1785827834338984166,5656,6660,24988,4,17,39980,11063132,200,0,386,0,0,1866,6297
5635,2026-08-04T07:17:15Z,1785827835343393003,5657,6660,24988,4,17,39988,11063928,200,0,386,0,0,1866,6298
5636,2026-08-04T07:17:16Z,1785827836346607390,5658,6660,24988,4,17,39996,11064725,200,0,386,0,0,1866,6298
5637,2026-08-04T07:17:17Z,1785827837350263075,5659,6660,24988,4,17,40004,11065517,200,0,386,0,0,1866,6299
5638,2026-08-04T07:17:18Z,1785827838354085269,5660,6660,24988,4,17,40011,11066313,200,0,386,0,0,1866,6300
5639,2026-08-04T07:17:19Z,1785827839358346834,5661,6660,24988,4,17,40019,11067109,200,0,386,0,0,1866,6301
5640,2026-08-04T07:17:20Z,1785827840363409880,5662,6660,24988,4,17,40027,11067905,200,0,386,0,0,1866,6301
5641,2026-08-04T07:17:21Z,1785827841366567969,5663,6660,24988,4,17,40034,11068701,200,0,386,0,0,1866,6302
5642,2026-08-04T07:17:22Z,1785827842370794135,5664,6660,24988,4,17,40042,11069496,200,0,386,0,0,1866,6303
5643,2026-08-04T07:17:23Z,1785827843374163125,5665,6660,24988,4,17,40050,11070290,200,0,386,0,0,1866,6304
5644,2026-08-04T07:17:24Z,1785827844378050575,5666,6660,24988,4,17,40057,11071084,200,0,386,0,0,1866,6304
5645,2026-08-04T07:17:25Z,1785827845382200863,5667,6660,24988,4,17,40064,11071880,200,0,386,0,0,1866,6304
5646,2026-08-04T07:17:26Z,1785827846386012833,5668,6660,24988,4,17,40071,11072677,200,0,386,0,0,1866,6305
5647,2026-08-04T07:17:27Z,1785827847389884888,5669,6660,24988,4,17,40079,11073474,200,0,386,0,0,1866,6306
5648,2026-08-04T07:17:28Z,1785827848394032163,5670,6660,24988,4,17,40087,11074269,200,0,386,0,0,1866,6307
5649,2026-08-04T07:17:29Z,1785827849397772872,5671,6660,24988,4,17,40094,11075066,200,0,386,0,0,1866,6307
5650,2026-08-04T07:17:30Z,1785827850402580757,5672,6660,24988,4,17,40102,11075860,200,0,386,0,0,1866,6308
5651,2026-08-04T07:17:31Z,1785827851406294616,5673,6660,24988,4,17,40110,11076655,200,0,386,0,0,1866,6309
5652,2026-08-04T07:17:32Z,1785827852409057052,5674,6660,24988,4,17,40117,11077451,200,0,386,0,0,1866,6309
5653,2026-08-04T07:17:33Z,1785827853413174194,5675,6660,24988,4,17,40125,11078248,200,0,386,0,0,1866,6310
5654,2026-08-04T07:17:34Z,1785827854416476565,5676,6660,24988,4,17,40132,11079045,200,0,386,0,0,1866,6311
5655,2026-08-04T07:17:35Z,1785827855420210312,5677,6660,24988,4,17,40140,11079838,200,0,386,0,0,1866,6312
5656,2026-08-04T07:17:36Z,1785827856423997658,5678,6660,24988,4,17,40148,11080635,200,0,386,0,0,1866,6313
5657,2026-08-04T07:17:37Z,1785827857427637045,5679,6660,24988,4,17,40155,11081428,200,0,386,0,0,1866,6314
5658,2026-08-04T07:17:38Z,1785827858431461518,5680,6660,24988,4,17,40162,11082225,200,0,386,0,0,1866,6314
5659,2026-08-04T07:17:39Z,1785827859435697851,5681,6660,24988,4,17,40170,11083019,200,0,386,0,0,1866,6315
5660,2026-08-04T07:17:40Z,1785827860439745198,5682,6656,24988,4,16,40177,11083814,200,0,386,0,0,1866,6316
5661,2026-08-04T07:17:41Z,1785827861443146073,5683,6652,24988,4,15,40184,11084612,200,0,386,0,0,1866,6317
5662,2026-08-04T07:17:42Z,1785827862446602130,5684,6628,24988,4,14,40188,11085409,200,0,386,0,0,1866,6318
5663,2026-08-04T07:17:43Z,1785827863449525988,5685,6620,24988,4,12,40190,11086210,200,0,386,0,0,1866,6318
5664,2026-08-04T07:17:44Z,1785827864453473509,5686,6292,24988,4,10,40191,11087012,200,0,386,0,0,1866,6318
5665,2026-08-04T07:17:45Z,1785827865457035027,5687,6292,24988,4,10,40191,11087815,200,0,386,0,0,1866,6318
5666,2026-08-04T07:17:46Z,1785827866460830969,5688,6292,24988,4,10,40191,11088616,200,0,386,0,0,1866,6318
5667,2026-08-04T07:17:47Z,1785827867464419793,5689,6292,24988,4,10,40191,11089420,200,0,386,0,0,1866,6318
5668,2026-08-04T07:17:48Z,1785827868468135551,5690,6292,24988,4,10,40191,11090221,200,0,386,0,0,1866,6318
5669,2026-08-04T07:17:49Z,1785827869471951416,5691,6296,24988,4,11,40191,11091023,200,0,386,0,0,1866,6318
5670,2026-08-04T07:17:50Z,1785827870476868151,5692,6300,24988,4,12,40191,11091825,200,0,386,0,0,1866,6318
5671,2026-08-04T07:17:51Z,1785827871482003752,5693,6324,24988,4,13,40194,11092623,200,0,386,0,0,1866,6318
5672,2026-08-04T07:17:52Z,1785827872485174068,5694,6328,24988,4,14,40199,11093419,200,0,386,0,0,1866,6318
5673,2026-08-04T07:17:53Z,1785827873489555794,5695,6652,24988,4,15,40206,11094215,200,0,386,0,0,1866,6318
5674,2026-08-04T07:17:54Z,1785827874493114298,5696,17300,28088,4,101,40231,11095012,200,0,388,0,0,1958,6437
5675,2026-08-04T07:17:55Z,1785827875496423138,5697,6900,28088,4,61,40239,11095805,200,0,387,0,0,1958,6438
5676,2026-08-04T07:17:56Z,1785827876500064153,5698,6900,28088,4,61,40246,11096602,200,0,387,0,0,1958,6439
5677,2026-08-04T07:17:57Z,1785827877504103699,5699,6900,28088,4,61,40254,11097397,200,0,387,0,0,1958,6440
5678,2026-08-04T07:17:58Z,1785827878507959777,5700,6900,28088,4,61,40262,11098196,200,0,387,0,0,1958,6441
5679,2026-08-04T07:17:59Z,1785827879512200061,5701,6900,28088,4,61,40270,11098991,200,0,387,0,0,1958,6441
5680,2026-08-04T07:18:00Z,1785827880516897582,5702,6900,28088,4,61,40277,11099787,200,0,387,0,0,1958,6442
5681,2026-08-04T07:18:01Z,1785827881520742700,5703,6900,28088,4,61,40285,11100586,200,0,387,0,0,1958,6443
5682,2026-08-04T07:18:02Z,1785827882523973504,5704,6900,28088,4,61,40293,11101381,200,0,387,0,0,1982,6444
5683,2026-08-04T07:18:03Z,1785827883528267926,5705,6900,28088,4,61,40301,11102178,200,0,387,0,0,1982,6445
5684,2026-08-04T07:18:04Z,1785827884532379133,5706,6900,28088,4,61,40309,11102976,200,0,387,0,0,1982,6445
5685,2026-08-04T07:18:05Z,1785827885535870829,5707,6900,28088,4,61,40316,11103768,200,0,387,0,0,1982,6445
5686,2026-08-04T07:18:06Z,1785827886539784727,5708,6900,28088,4,61,40323,11104562,200,0,387,0,0,1982,6446
5687,2026-08-04T07:18:07Z,1785827887543701678,5709,6900,28088,4,61,40331,11105356,200,0,387,0,0,1982,6447
5688,2026-08-04T07:18:08Z,1785827888547644891,5710,6900,28088,4,61,40338,11106151,200,0,387,0,0,1982,6448
5689,2026-08-04T07:18:09Z,1785827889551758939,5711,6900,28088,4,61,40345,11106948,200,0,387,0,0,1982,6449
5690,2026-08-04T07:18:10Z,1785827890555514624,5712,6900,28088,4,61,40353,11107744,200,0,387,0,0,1982,6450
5691,2026-08-04T07:18:11Z,1785827891560018225,5713,6900,28088,4,61,40361,11108539,200,0,387,0,0,1982,6450
5692,2026-08-04T07:18:12Z,1785827892563191327,5714,6900,28088,4,61,40368,11109333,200,0,387,0,0,1982,6451
5693,2026-08-04T07:18:13Z,1785827893567169696,5715,6900,28088,4,61,40376,11110128,200,0,387,0,0,1982,6451
5694,2026-08-04T07:18:14Z,1785827894571894072,5716,6900,28088,4,61,40383,11110927,200,0,387,0,0,1982,6451
5695,2026-08-04T07:18:15Z,1785827895575251663,5717,6900,28088,4,61,40391,11111721,200,0,387,0,0,1982,6451
5696,2026-08-04T07:18:16Z,1785827896578873160,5718,6900,28088,4,61,40399,11112516,200,0,387,0,0,1982,6452
5697,2026-08-04T07:18:17Z,1785827897581417696,5719,6900,28088,4,61,40406,11113312,200,0,387,0,0,1982,6453
5698,2026-08-04T07:18:18Z,1785827898585957878,5720,6900,28088,4,61,40414,11114106,200,0,387,0,0,1982,6454
5699,2026-08-04T07:18:19Z,1785827899589055000,5721,6900,28088,4,61,40421,11114903,200,0,387,0,0,1982,6454
5700,2026-08-04T07:18:20Z,1785827900592940755,5722,6900,28088,4,61,40429,11115697,200,0,387,0,0,1982,6455
5701,2026-08-04T07:18:21Z,1785827901596547612,5723,6900,28088,4,61,40436,11116493,200,0,387,0,0,1982,6456
5702,2026-08-04T07:18:22Z,1785827902600833665,5724,6900,28088,4,61,40443,11117288,200,0,387,0,0,1982,6457
5703,2026-08-04T07:18:23Z,1785827903604945502,5725,6900,28088,4,61,40451,11118085,200,0,387,0,0,1982,6458
5704,2026-08-04T07:18:24Z,1785827904609212454,5726,6668,28088,4,18,40460,11118882,200,0,386,0,0,1982,6458
5705,2026-08-04T07:18:25Z,1785827905612905717,5727,6664,28088,4,17,40467,11119677,200,0,386,0,0,1982,6458
5706,2026-08-04T07:18:26Z,1785827906617516686,5728,6664,28088,4,17,40474,11120472,200,0,386,0,0,1982,6459
5707,2026-08-04T07:18:27Z,1785827907620602671,5729,6664,28088,4,17,40482,11121267,200,0,386,0,0,1982,6460
5708,2026-08-04T07:18:28Z,1785827908624893754,5730,6664,28088,4,17,40490,11122063,200,0,386,0,0,1982,6461
5709,2026-08-04T07:18:29Z,1785827909628752174,5731,6664,28088,4,17,40497,11122855,200,0,386,0,0,1982,6461
5710,2026-08-04T07:18:30Z,1785827910632732442,5732,6664,28088,4,17,40505,11123654,200,0,386,0,0,1982,6461
5711,2026-08-04T07:18:31Z,1785827911636455144,5733,6664,28088,4,17,40514,11124446,200,0,386,0,0,1982,6462
5712,2026-08-04T07:18:32Z,1785827912639214364,5734,6664,28088,4,17,40521,11125242,200,0,386,0,0,1982,6463
5713,2026-08-04T07:18:33Z,1785827913643018383,5735,6664,28088,4,17,40528,11126039,200,0,386,0,0,1982,6463
5714,2026-08-04T07:18:34Z,1785827914646967433,5736,6664,28088,4,17,40536,11126836,200,0,386,0,0,1982,6463
5715,2026-08-04T07:18:35Z,1785827915651137874,5737,6664,28088,4,17,40544,11127631,200,0,386,0,0,1982,6464
5716,2026-08-04T07:18:36Z,1785827916654871595,5738,6664,28088,4,17,40551,11128429,200,0,386,0,0,1982,6464
5717,2026-08-04T07:18:37Z,1785827917658781598,5739,6664,28088,4,17,40559,11129225,200,0,386,0,0,1982,6465
5718,2026-08-04T07:18:38Z,1785827918662880328,5740,6664,28088,4,17,40566,11130022,200,0,386,0,0,1982,6466
5719,2026-08-04T07:18:39Z,1785827919666990176,5741,6664,28088,4,17,40574,11130819,200,0,386,0,0,1982,6467
5720,2026-08-04T07:18:40Z,1785827920670384069,5742,6664,28088,4,17,40582,11131616,200,0,386,0,0,1982,6467
5721,2026-08-04T07:18:41Z,1785827921673466841,5743,6664,28088,4,17,40589,11132412,200,0,386,0,0,1982,6468
5722,2026-08-04T07:18:42Z,1785827922677396575,5744,6664,28088,4,17,40597,11133212,200,0,386,0,0,1982,6469
5723,2026-08-04T07:18:43Z,1785827923682142060,5745,6664,28088,4,17,40604,11134005,200,0,386,0,0,1982,6469
5724,2026-08-04T07:18:44Z,1785827924685610759,5746,6664,28088,4,17,40612,11134802,200,0,386,0,0,1982,6470
5725,2026-08-04T07:18:45Z,1785827925688967749,5747,6664,28088,4,17,40619,11135599,200,0,386,0,0,1982,6471
5726,2026-08-04T07:18:46Z,1785827926693032744,5748,6664,28088,4,17,40627,11136394,200,0,386,0,0,1982,6471
5727,2026-08-04T07:18:47Z,1785827927697263702,5749,6664,28088,4,17,40635,11137189,200,0,386,0,0,1982,6472
5728,2026-08-04T07:18:48Z,1785827928701172993,5750,6664,28088,4,17,40643,11137985,200,0,386,0,0,1982,6472
5729,2026-08-04T07:18:49Z,1785827929705590494,5751,6664,28088,4,17,40650,11138783,200,0,386,0,0,1982,6473
5730,2026-08-04T07:18:50Z,1785827930708799968,5752,6664,28088,4,17,40657,11139579,200,0,386,0,0,1982,6473
5731,2026-08-04T07:18:51Z,1785827931713178885,5753,6664,28088,4,17,40665,11140376,200,0,386,0,0,1982,6474
5732,2026-08-04T07:18:52Z,1785827932716289773,5754,6664,28088,4,17,40672,11141171,200,0,386,0,0,1982,6475
5733,2026-08-04T07:18:53Z,1785827933720320929,5755,6664,28088,4,17,40680,11141968,200,0,386,0,0,1982,6476
5734,2026-08-04T07:18:54Z,1785827934724307596,5756,6664,28088,4,17,40687,11142763,200,0,386,0,0,1982,6476
5735,2026-08-04T07:18:55Z,1785827935728412089,5757,6664,28088,4,17,40694,11143560,200,0,386,0,0,1982,6477
5736,2026-08-04T07:18:56Z,1785827936732896059,5758,6664,28088,4,17,40703,11144356,200,0,386,0,0,1982,6478
5737,2026-08-04T07:18:57Z,1785827937736043245,5759,6664,28088,4,17,40710,11145151,200,0,386,0,0,1982,6479
5738,2026-08-04T07:18:58Z,1785827938740297510,5760,6664,28088,4,17,40718,11145947,200,0,386,0,0,1982,6480
5739,2026-08-04T07:18:59Z,1785827939745082091,5761,6664,28088,4,17,40725,11146744,200,0,386,0,0,1982,6481
5740,2026-08-04T07:19:00Z,1785827940749307149,5762,6664,28088,4,17,40733,11147536,200,0,386,0,0,1982,6482
5741,2026-08-04T07:19:01Z,1785827941752824122,5763,6664,28088,4,17,40741,11148330,200,0,386,0,0,1982,6483
5742,2026-08-04T07:19:02Z,1785827942757053449,5764,6664,28088,4,17,40749,11149127,200,0,386,0,0,1982,6483
5743,2026-08-04T07:19:03Z,1785827943760547905,5765,6664,28088,4,17,40757,11149923,200,0,386,0,0,1982,6483
5744,2026-08-04T07:19:04Z,1785827944764960829,5766,6664,28088,4,17,40766,11150719,200,0,386,0,0,1982,6484
5745,2026-08-04T07:19:05Z,1785827945768071234,5767,6664,28088,4,17,40773,11151516,200,0,386,0,0,1982,6484
5746,2026-08-04T07:19:06Z,1785827946771511358,5768,6664,28088,4,17,40780,11152314,200,0,386,0,0,1982,6484
5747,2026-08-04T07:19:07Z,1785827947775606127,5769,6664,28088,4,17,40789,11153112,200,0,386,0,0,1982,6484
5748,2026-08-04T07:19:08Z,1785827948779310317,5770,6664,28088,4,17,40795,11153906,200,0,386,0,0,1982,6484
5749,2026-08-04T07:19:09Z,1785827949783209830,5771,6664,28088,4,17,40803,11154703,200,0,386,0,0,1982,6484
5750,2026-08-04T07:19:10Z,1785827950787745378,5772,6664,28088,4,17,40811,11155500,200,0,386,0,0,1982,6485
5751,2026-08-04T07:19:11Z,1785827951790356907,5773,6664,28088,4,17,40818,11156294,200,0,386,0,0,1982,6486
5752,2026-08-04T07:19:12Z,1785827952794314604,5774,6664,28088,4,17,40826,11157091,200,0,386,0,0,1982,6486
5753,2026-08-04T07:19:13Z,1785827953798728697,5775,6664,28088,4,17,40833,11157886,200,0,386,0,0,1982,6487
5754,2026-08-04T07:19:14Z,1785827954802364191,5776,6664,28088,4,17,40841,11158683,200,0,386,0,0,1982,6487
5755,2026-08-04T07:19:15Z,1785827955805068087,5777,6664,28088,4,17,40849,11159479,200,0,386,0,0,1982,6488
5756,2026-08-04T07:19:16Z,1785827956809436369,5778,6664,28088,4,17,40856,11160273,200,0,386,0,0,1982,6489
5757,2026-08-04T07:19:17Z,1785827957813406289,5779,6664,28088,4,17,40864,11161070,200,0,386,0,0,1982,6489
5758,2026-08-04T07:19:18Z,1785827958817714193,5780,6664,28088,4,17,40872,11161865,200,0,386,0,0,1982,6489
5759,2026-08-04T07:19:19Z,1785827959821621608,5781,6664,28088,4,17,40879,11162663,200,0,386,0,0,1982,6489
5760,2026-08-04T07:19:20Z,1785827960825546680,5782,6664,28088,4,17,40887,11163461,200,0,386,0,0,1982,6490
5761,2026-08-04T07:19:21Z,1785827961829170663,5783,6664,28088,4,17,40894,11164257,200,0,386,0,0,1982,6491
5762,2026-08-04T07:19:22Z,1785827962832864675,5784,6664,28088,4,17,40902,11165053,200,0,386,0,0,1982,6492
5763,2026-08-04T07:19:23Z,1785827963836641255,5785,6664,28088,4,17,40909,11165849,200,0,386,0,0,1982,6492
5764,2026-08-04T07:19:24Z,1785827964840620438,5786,6664,28088,4,17,40917,11166645,200,0,386,0,0,1982,6493
5765,2026-08-04T07:19:25Z,1785827965844380646,5787,6664,28088,4,17,40924,11167442,200,0,386,0,0,1982,6494
5766,2026-08-04T07:19:26Z,1785827966848338719,5788,6664,28088,4,17,40932,11168238,200,0,386,0,0,1982,6495
5767,2026-08-04T07:19:27Z,1785827967852296458,5789,6664,28088,4,17,40939,11169037,200,0,386,0,0,1982,6495
5768,2026-08-04T07:19:28Z,1785827968856373912,5790,6664,28088,4,17,40947,11169831,200,0,386,0,0,1982,6496
5769,2026-08-04T07:19:29Z,1785827969860854364,5791,6664,28088,4,17,40955,11170627,200,0,386,0,0,1982,6496
5770,2026-08-04T07:19:30Z,1785827970864146347,5792,6664,28088,4,17,40962,11171421,200,0,386,0,0,1982,6497
5771,2026-08-04T07:19:31Z,1785827971868271556,5793,6664,28088,4,17,40970,11172218,200,0,386,0,0,1982,6498
5772,2026-08-04T07:19:32Z,1785827972872700422,5794,6664,28088,4,17,40978,11173015,200,0,386,0,0,1982,6498
5773,2026-08-04T07:19:33Z,1785827973875647483,5795,6664,28088,4,17,40985,11173811,200,0,386,0,0,1982,6499
5774,2026-08-04T07:19:34Z,1785827974880035771,5796,6664,28088,4,17,40992,11174607,200,0,386,0,0,1982,6500
5775,2026-08-04T07:19:35Z,1785827975882893822,5797,6664,28088,4,17,41000,11175404,200,0,386,0,0,1982,6501
5776,2026-08-04T07:19:36Z,1785827976886710191,5798,6664,28088,4,17,41009,11176201,200,0,386,0,0,1982,6502
5777,2026-08-04T07:19:37Z,1785827977891427226,5799,6664,28088,4,17,41016,11176998,200,0,386,0,0,1982,6502
5778,2026-08-04T07:19:38Z,1785827978894711943,5800,6664,28088,4,17,41024,11177797,200,0,386,0,0,1982,6503
5779,2026-08-04T07:19:39Z,1785827979898514392,5801,6664,28088,4,17,41032,11178592,200,0,386,0,0,1982,6504
5780,2026-08-04T07:19:40Z,1785827980902542603,5802,6664,28088,4,17,41039,11179389,200,0,386,0,0,1982,6505
5781,2026-08-04T07:19:41Z,1785827981906300177,5803,6664,28088,4,17,41047,11180184,200,0,386,0,0,1982,6506
5782,2026-08-04T07:19:42Z,1785827982910388841,5804,6664,28088,4,17,41055,11180979,200,0,386,0,0,1982,6507
5783,2026-08-04T07:19:43Z,1785827983914338923,5805,6664,28088,4,17,41062,11181775,200,0,386,0,0,1982,6508
5784,2026-08-04T07:19:44Z,1785827984919318569,5806,6664,28088,4,17,41070,11182571,200,0,386,0,0,1982,6509
5785,2026-08-04T07:19:45Z,1785827985922758805,5807,6664,28088,4,17,41078,11183366,200,0,386,0,0,1982,6509
5786,2026-08-04T07:19:46Z,1785827986925942190,5808,6664,28088,4,17,41085,11184159,200,0,386,0,0,1982,6510
5787,2026-08-04T07:19:47Z,1785827987929932852,5809,6664,28088,4,17,41093,11184956,200,0,386,0,0,1982,6511
5788,2026-08-04T07:19:48Z,1785827988933943372,5810,6664,28088,4,17,41100,11185752,200,0,386,0,0,1982,6512
5789,2026-08-04T07:19:49Z,1785827989937869807,5811,6660,28088,4,16,41107,11186549,200,0,386,0,0,1982,6513
5790,2026-08-04T07:19:50Z,1785827990941667814,5812,6656,28088,4,15,41113,11187349,200,0,386,0,0,1982,6514
5791,2026-08-04T07:19:51Z,1785827991944744307,5813,6632,28088,4,14,41117,11188149,200,0,386,0,0,1982,6515
5792,2026-08-04T07:19:52Z,1785827992948602757,5814,6624,28088,4,12,41119,11188949,200,0,386,0,0,1982,6515
5793,2026-08-04T07:19:53Z,1785827993952482063,5815,6296,28088,4,10,41119,11189752,200,0,386,0,0,1982,6515
5794,2026-08-04T07:19:54Z,1785827994956087252,5816,6296,28088,4,10,41119,11190554,200,0,386,0,0,1982,6515
5795,2026-08-04T07:19:55Z,1785827995959897307,5817,6296,28088,4,10,41119,11191357,200,0,386,0,0,1982,6515
5796,2026-08-04T07:19:56Z,1785827996963525730,5818,6296,28088,4,10,41119,11192159,200,0,386,0,0,1982,6515
5797,2026-08-04T07:19:57Z,1785827997967435054,5819,6296,28088,4,10,41119,11192961,200,0,386,0,0,1982,6515
5798,2026-08-04T07:19:58Z,1785827998971357704,5820,6300,28088,4,11,41119,11193764,200,0,386,0,0,1982,6515
5799,2026-08-04T07:19:59Z,1785827999976471827,5821,6304,28088,4,12,41120,11194567,200,0,386,0,0,1982,6515
5800,2026-08-04T07:20:00Z,1785828000980060054,5822,6328,28088,4,13,41123,11195367,200,0,386,0,0,1982,6515
5801,2026-08-04T07:20:01Z,1785828001984137466,5823,6332,28088,4,14,41128,11196164,200,0,386,0,0,1982,6515
5802,2026-08-04T07:20:02Z,1785828002988444186,5824,6656,28088,4,15,41136,11196961,200,0,386,0,0,1982,6515
5803,2026-08-04T07:20:03Z,1785828003992128039,5825,6668,28088,4,18,41144,11197755,200,0,386,0,0,1982,6516
5804,2026-08-04T07:20:04Z,1785828004995632078,5826,6668,28088,4,18,41152,11198553,200,0,386,0,0,1982,6517
5805,2026-08-04T07:20:05Z,1785828005999137155,5827,6668,28088,4,18,41160,11199350,200,0,386,0,0,1982,6518
5806,2026-08-04T07:20:07Z,1785828007002214480,5829,6668,28088,4,18,41168,11200146,200,0,386,0,0,1982,6518
5807,2026-08-04T07:20:08Z,1785828008006645448,5830,6668,28088,4,18,41176,11200946,200,0,386,0,0,1982,6519
5808,2026-08-04T07:20:09Z,1785828009010102929,5831,6668,28088,4,18,41184,11201741,200,0,386,0,0,1982,6520
5809,2026-08-04T07:20:10Z,1785828010013197488,5832,6668,28088,4,18,41191,11202540,200,0,386,0,0,1982,6521
5810,2026-08-04T07:20:11Z,1785828011016960187,5833,6668,28088,4,18,41199,11203336,200,0,386,0,0,1982,6522
5811,2026-08-04T07:20:12Z,1785828012021474938,5834,6668,28088,4,18,41206,11204134,200,0,386,0,0,1982,6522
5812,2026-08-04T07:20:13Z,1785828013024962578,5835,6668,28088,4,18,41215,11204933,200,0,386,0,0,1982,6523
5813,2026-08-04T07:20:14Z,1785828014028213332,5836,6668,28088,4,18,41222,11205728,200,0,386,0,0,1982,6524
5814,2026-08-04T07:20:15Z,1785828015033176266,5837,6668,28088,4,18,41230,11206526,200,0,386,0,0,1982,6525
5815,2026-08-04T07:20:16Z,1785828016037625124,5838,6668,28088,4,18,41238,11207323,200,0,386,0,0,1982,6525
5816,2026-08-04T07:20:17Z,1785828017040718793,5839,6668,28088,4,18,41246,11208118,200,0,386,0,0,1982,6525
5817,2026-08-04T07:20:18Z,1785828018045064786,5840,6668,28088,4,18,41254,11208917,200,0,386,0,0,1982,6525
5818,2026-08-04T07:20:19Z,1785828019048073773,5841,6668,28088,4,18,41261,11209715,200,0,386,0,0,1982,6526
5819,2026-08-04T07:20:20Z,1785828020051928325,5842,6668,28088,4,18,41268,11210513,200,0,386,0,0,1982,6526
5820,2026-08-04T07:20:21Z,1785828021055915453,5843,6668,28088,4,18,41276,11211309,200,0,386,0,0,1982,6526
5821,2026-08-04T07:20:22Z,1785828022060126045,5844,6668,28088,4,18,41283,11212107,200,0,386,0,0,1982,6526
5822,2026-08-04T07:20:23Z,1785828023063991553,5845,6668,28088,4,18,41292,11212907,200,0,386,0,0,1982,6526
5823,2026-08-04T07:20:24Z,1785828024068111004,5846,6668,28088,4,18,41299,11213702,200,0,386,0,0,1982,6526
5824,2026-08-04T07:20:25Z,1785828025072321934,5847,6668,28088,4,18,41307,11214498,200,0,386,0,0,1982,6527
5825,2026-08-04T07:20:26Z,1785828026076173750,5848,6668,28088,4,18,41314,11215295,200,0,386,0,0,1982,6528
5826,2026-08-04T07:20:27Z,1785828027080090864,5849,6668,28088,4,18,41321,11216092,200,0,386,0,0,1982,6529
5827,2026-08-04T07:20:28Z,1785828028084023416,5850,6668,28088,4,18,41329,11216888,200,0,386,0,0,1982,6529
5828,2026-08-04T07:20:29Z,1785828029088300397,5851,6668,28088,4,18,41336,11217685,200,0,386,0,0,1982,6530
5829,2026-08-04T07:20:30Z,1785828030093021001,5852,6668,28088,4,18,41344,11218483,200,0,386,0,0,1982,6530
5830,2026-08-04T07:20:31Z,1785828031096141521,5853,6668,28088,4,18,41352,11219280,200,0,386,0,0,1982,6530
5831,2026-08-04T07:20:32Z,1785828032100604436,5854,6668,28088,4,18,41360,11220078,200,0,386,0,0,1982,6531
5832,2026-08-04T07:20:33Z,1785828033103624435,5855,6668,28088,4,18,41367,11220874,200,0,386,0,0,1982,6532
5833,2026-08-04T07:20:34Z,1785828034107615730,5856,6664,28088,4,17,41375,11221672,200,0,386,0,0,1982,6532
5834,2026-08-04T07:20:35Z,1785828035111417073,5857,6664,28088,4,17,41382,11222466,200,0,386,0,0,1982,6533
5835,2026-08-04T07:20:36Z,1785828036115078493,5858,6664,28088,4,17,41390,11223264,200,0,386,0,0,1982,6534
5836,2026-08-04T07:20:37Z,1785828037118779756,5859,6664,28088,4,17,41397,11224060,200,0,386,0,0,1982,6534
5837,2026-08-04T07:20:38Z,1785828038122392699,5860,6664,28088,4,17,41405,11224858,200,0,386,0,0,1982,6534
5838,2026-08-04T07:20:39Z,1785828039126145552,5861,6664,28088,4,17,41413,11225654,200,0,386,0,0,1982,6535
5839,2026-08-04T07:20:40Z,1785828040130133871,5862,6664,28088,4,17,41420,11226451,200,0,386,0,0,1982,6536
5840,2026-08-04T07:20:41Z,1785828041134015409,5863,6664,28088,4,17,41428,11227246,200,0,386,0,0,1982,6536
5841,2026-08-04T07:20:42Z,1785828042138101703,5864,6664,28088,4,17,41435,11228043,200,0,386,0,0,1982,6537
5842,2026-08-04T07:20:43Z,1785828043142499589,5865,6664,28088,4,17,41443,11228837,200,0,386,0,0,1982,6538
5843,2026-08-04T07:20:44Z,1785828044145436304,5866,6664,28088,4,17,41450,11229635,200,0,386,0,0,1982,6539
5844,2026-08-04T07:20:45Z,1785828045150044538,5867,6664,28088,4,17,41458,11230433,200,0,386,0,0,1982,6539
5845,2026-08-04T07:20:46Z,1785828046153142135,5868,6664,28088,4,17,41466,11231232,200,0,386,0,0,1982,6539
5846,2026-08-04T07:20:47Z,1785828047157269916,5869,6664,28088,4,17,41473,11232029,200,0,386,0,0,1982,6539
5847,2026-08-04T07:20:48Z,1785828048161409811,5870,6664,28088,4,17,41482,11232827,200,0,386,0,0,1982,6540
5848,2026-08-04T07:20:49Z,1785828049165437331,5871,6664,28088,4,17,41489,11233623,200,0,386,0,0,1982,6541
5849,2026-08-04T07:20:50Z,1785828050169237155,5872,6664,28088,4,17,41497,11234422,200,0,386,0,0,1982,6542
5850,2026-08-04T07:20:51Z,1785828051172828087,5873,6664,28088,4,17,41505,11235218,200,0,386,0,0,1982,6543
5851,2026-08-04T07:20:52Z,1785828052177138934,5874,6664,28088,4,17,41511,11236016,200,0,386,0,0,1982,6544
5852,2026-08-04T07:20:53Z,1785828053180238923,5875,6664,28088,4,17,41519,11236813,200,0,386,0,0,1982,6545
5853,2026-08-04T07:20:54Z,1785828054184403299,5876,6664,28088,4,17,41527,11237609,200,0,386,0,0,1982,6546
5854,2026-08-04T07:20:55Z,1785828055189245850,5877,6664,28088,4,17,41534,11238406,200,0,386,0,0,1982,6547
5855,2026-08-04T07:20:56Z,1785828056192304786,5878,6664,28088,4,17,41542,11239204,200,0,386,0,0,1982,6547
5856,2026-08-04T07:20:57Z,1785828057196168934,5879,6664,28088,4,17,41549,11240002,200,0,386,0,0,1982,6548
5857,2026-08-04T07:20:58Z,1785828058200163049,5880,6664,28088,4,17,41557,11240798,200,0,386,0,0,1982,6549
5858,2026-08-04T07:20:59Z,1785828059203891671,5881,6664,28088,4,17,41565,11241593,200,0,386,0,0,1982,6549
5859,2026-08-04T07:21:00Z,1785828060208914878,5882,6664,28088,4,17,41572,11242391,200,0,386,0,0,1982,6549
5860,2026-08-04T07:21:01Z,1785828061211903772,5883,6664,28088,4,17,41580,11243190,200,0,386,0,0,1982,6550
5861,2026-08-04T07:21:02Z,1785828062216171661,5884,6664,28088,4,17,41588,11243986,200,0,386,0,0,1982,6551
5862,2026-08-04T07:21:03Z,1785828063219305352,5885,6664,28088,4,17,41596,11244781,200,0,386,0,0,1982,6551
5863,2026-08-04T07:21:04Z,1785828064223535623,5886,6664,28088,4,17,41603,11245579,200,0,386,0,0,1982,6551
5864,2026-08-04T07:21:05Z,1785828065226388277,5887,6664,28088,4,17,41611,11246374,200,0,386,0,0,1982,6551
5865,2026-08-04T07:21:06Z,1785828066230402912,5888,6664,28088,4,17,41619,11247169,200,0,386,0,0,1982,6551
5866,2026-08-04T07:21:07Z,1785828067234352453,5889,6664,28088,4,17,41626,11247966,200,0,386,0,0,1982,6551
5867,2026-08-04T07:21:08Z,1785828068238497488,5890,6664,28088,4,17,41634,11248763,200,0,386,0,0,1982,6552
5868,2026-08-04T07:21:09Z,1785828069242567407,5891,6664,28088,4,17,41641,11249561,200,0,386,0,0,1982,6553
5869,2026-08-04T07:21:10Z,1785828070246492946,5892,6664,28088,4,17,41649,11250357,200,0,386,0,0,1982,6553
5870,2026-08-04T07:21:11Z,1785828071250232890,5893,6664,28088,4,17,41656,11251152,200,0,386,0,0,1982,6553
5871,2026-08-04T07:21:12Z,1785828072254193142,5894,6664,28088,4,17,41664,11251949,200,0,386,0,0,1982,6553
5872,2026-08-04T07:21:13Z,1785828073258236915,5895,6664,28088,4,17,41671,11252745,200,0,386,0,0,1982,6553
5873,2026-08-04T07:21:14Z,1785828074262293046,5896,6664,28088,4,17,41679,11253543,200,0,386,0,0,1982,6553
5874,2026-08-04T07:21:15Z,1785828075266783415,5897,6664,28088,4,17,41686,11254337,200,0,386,0,0,1982,6554
5875,2026-08-04T07:21:16Z,1785828076270121180,5898,6664,28088,4,17,41694,11255135,200,0,386,0,0,1982,6555
5876,2026-08-04T07:21:17Z,1785828077274486677,5899,6664,28088,4,17,41702,11255930,200,0,386,0,0,1982,6556
5877,2026-08-04T07:21:18Z,1785828078278051309,5900,6664,28088,4,17,41710,11256727,200,0,386,0,0,1982,6557
5878,2026-08-04T07:21:19Z,1785828079281427914,5901,6664,28088,4,17,41717,11257525,200,0,386,0,0,1982,6558
5879,2026-08-04T07:21:20Z,1785828080284683404,5902,6664,28088,4,17,41725,11258320,200,0,386,0,0,1982,6559
5880,2026-08-04T07:21:21Z,1785828081288730776,5903,6668,28088,4,18,41733,11259116,200,0,386,0,0,1982,6560
5881,2026-08-04T07:21:22Z,1785828082293207323,5904,6668,28088,4,18,41740,11259911,200,0,386,0,0,1982,6560
5882,2026-08-04T07:21:23Z,1785828083296879205,5905,6668,28088,4,18,41748,11260709,200,0,386,0,0,1982,6561
5883,2026-08-04T07:21:24Z,1785828084300010905,5906,6668,28088,4,18,41756,11261506,200,0,386,0,0,1982,6562
5884,2026-08-04T07:21:25Z,1785828085304145350,5907,6668,28088,4,18,41763,11262304,200,0,386,0,0,1982,6562
5885,2026-08-04T07:21:26Z,1785828086307953286,5908,6668,28088,4,18,41770,11263098,200,0,386,0,0,1982,6563
5886,2026-08-04T07:21:27Z,1785828087312207334,5909,6668,28088,4,18,41778,11263895,200,0,386,0,0,1982,6564
5887,2026-08-04T07:21:28Z,1785828088315513610,5910,6668,28088,4,18,41786,11264694,200,0,386,0,0,1982,6564
5888,2026-08-04T07:21:29Z,1785828089319866922,5911,6668,28088,4,18,41793,11265491,200,0,386,0,0,1982,6564
5889,2026-08-04T07:21:30Z,1785828090323527912,5912,6668,28088,4,18,41800,11266287,200,0,386,0,0,1982,6565
5890,2026-08-04T07:21:31Z,1785828091327295815,5913,6668,28088,4,18,41808,11267084,200,0,386,0,0,1982,6566
5891,2026-08-04T07:21:32Z,1785828092331093801,5914,6668,28088,4,18,41816,11267883,200,0,386,0,0,1982,6567
5892,2026-08-04T07:21:33Z,1785828093334301611,5915,6668,28088,4,18,41824,11268679,200,0,386,0,0,1982,6568
5893,2026-08-04T07:21:34Z,1785828094338120481,5916,6668,28088,4,18,41831,11269475,200,0,386,0,0,1982,6569
5894,2026-08-04T07:21:35Z,1785828095342046636,5917,6668,28088,4,18,41839,11270270,200,0,386,0,0,1982,6570
5895,2026-08-04T07:21:36Z,1785828096346686722,5918,6668,28088,4,18,41847,11271068,200,0,386,0,0,1982,6570
5896,2026-08-04T07:21:37Z,1785828097349871978,5919,6668,28088,4,18,41854,11271865,200,0,386,0,0,1982,6570
5897,2026-08-04T07:21:38Z,1785828098354263395,5920,6668,28088,4,18,41862,11272662,200,0,386,0,0,1982,6570
5898,2026-08-04T07:21:39Z,1785828099357334244,5921,6668,28088,4,18,41869,11273458,200,0,386,0,0,1982,6571
5899,2026-08-04T07:21:40Z,1785828100361327325,5922,6668,28088,4,18,41877,11274254,200,0,386,0,0,1982,6572
5900,2026-08-04T07:21:41Z,1785828101365300698,5923,6668,28088,4,18,41884,11275050,200,0,386,0,0,1982,6573
5901,2026-08-04T07:21:42Z,1785828102369373232,5924,6668,28088,4,18,41891,11275848,200,0,386,0,0,1982,6573
5902,2026-08-04T07:21:43Z,1785828103373374067,5925,6668,28088,4,18,41900,11276646,200,0,386,0,0,1982,6573
5903,2026-08-04T07:21:44Z,1785828104377681149,5926,6668,28088,4,18,41907,11277443,200,0,386,0,0,1982,6574
5904,2026-08-04T07:21:45Z,1785828105382134859,5927,6668,28088,4,18,41915,11278241,200,0,386,0,0,1982,6574
5905,2026-08-04T07:21:46Z,1785828106385813211,5928,6668,28088,4,18,41922,11279040,200,0,386,0,0,1982,6575
5906,2026-08-04T07:21:47Z,1785828107388847625,5929,6668,28088,4,18,41930,11279834,200,0,386,0,0,1982,6575
5907,2026-08-04T07:21:48Z,1785828108393365801,5930,6668,28088,4,18,41938,11280631,200,0,386,0,0,1982,6575
5908,2026-08-04T07:21:49Z,1785828109396190584,5931,6668,28088,4,18,41945,11281427,200,0,386,0,0,1982,6576
5909,2026-08-04T07:21:50Z,1785828110400082567,5932,6668,28088,4,18,41953,11282223,200,0,386,0,0,1982,6576
5910,2026-08-04T07:21:51Z,1785828111404105702,5933,6668,28088,4,18,41960,11283019,200,0,386,0,0,1982,6577
5911,2026-08-04T07:21:52Z,1785828112408040615,5934,6668,28088,4,18,41969,11283817,200,0,386,0,0,1982,6578
5912,2026-08-04T07:21:53Z,1785828113412058141,5935,6668,28088,4,18,41976,11284613,200,0,386,0,0,1982,6578
5913,2026-08-04T07:21:54Z,1785828114416264493,5936,6668,28088,4,18,41984,11285410,200,0,386,0,0,1982,6579
5914,2026-08-04T07:21:55Z,1785828115420296777,5937,6664,28088,4,17,41991,11286206,200,0,386,0,0,1982,6580
5915,2026-08-04T07:21:56Z,1785828116424770935,5938,6664,28088,4,17,41999,11287005,200,0,386,0,0,1982,6581
5916,2026-08-04T07:21:57Z,1785828117428200836,5939,6664,28088,4,17,42007,11287801,200,0,386,0,0,1982,6582
5917,2026-08-04T07:21:58Z,1785828118431331913,5940,6664,28088,4,17,42015,11288598,200,0,386,0,0,1982,6583
5918,2026-08-04T07:21:59Z,1785828119435411714,5941,6660,28088,4,16,42023,11289397,200,0,386,0,0,1982,6584
5919,2026-08-04T07:22:00Z,1785828120439495923,5942,6656,28088,4,15,42029,11290193,200,0,386,0,0,1982,6584
5920,2026-08-04T07:22:01Z,1785828121443888065,5943,6632,28088,4,14,42033,11290993,200,0,386,0,0,1982,6584
5921,2026-08-04T07:22:02Z,1785828122446954099,5944,6300,28088,4,11,42033,11291795,200,0,386,0,0,1982,6584
5922,2026-08-04T07:22:03Z,1785828123450984840,5945,6296,28088,4,10,42034,11292597,200,0,386,0,0,1982,6584
5923,2026-08-04T07:22:04Z,1785828124455098003,5946,6296,28088,4,10,42034,11293399,200,0,386,0,0,1982,6584
5924,2026-08-04T07:22:05Z,1785828125458918665,5947,6296,28088,4,10,42034,11294203,200,0,386,0,0,1982,6584
5925,2026-08-04T07:22:06Z,1785828126462648632,5948,6296,28088,4,10,42034,11295006,200,0,386,0,0,1982,6584
5926,2026-08-04T07:22:07Z,1785828127466205308,5949,6296,28088,4,10,42034,11295807,200,0,386,0,0,1982,6584
5927,2026-08-04T07:22:08Z,1785828128469944564,5950,6300,28088,4,11,42034,11296610,200,0,386,0,0,1982,6584
5928,2026-08-04T07:22:09Z,1785828129474457473,5951,6304,28088,4,12,42035,11297409,200,0,386,0,0,1982,6584
5929,2026-08-04T07:22:10Z,1785828130478027721,5952,6328,28088,4,13,42038,11298210,200,0,386,0,0,1982,6584
5930,2026-08-04T07:22:11Z,1785828131482143124,5953,6332,28088,4,14,42044,11299007,200,0,386,0,0,1982,6584
5931,2026-08-04T07:22:12Z,1785828132486282963,5954,6656,28088,4,15,42052,11299803,200,0,386,0,0,1982,6584
5932,2026-08-04T07:22:13Z,1785828133490938490,5955,6668,28088,4,18,42059,11300598,200,0,386,0,0,1982,6585
5933,2026-08-04T07:22:14Z,1785828134494341174,5956,6668,28088,4,18,42067,11301393,200,0,386,0,0,1982,6585
5934,2026-08-04T07:22:15Z,1785828135498540279,5957,6668,28088,4,18,42074,11302189,200,0,386,0,0,1982,6586
5935,2026-08-04T07:22:16Z,1785828136502699906,5958,6668,28088,4,18,42081,11302985,200,0,386,0,0,1982,6586
5936,2026-08-04T07:22:17Z,1785828137506350004,5959,6668,28088,4,18,42089,11303779,200,0,386,0,0,1982,6587
5937,2026-08-04T07:22:18Z,1785828138510119099,5960,6668,28088,4,18,42097,11304578,200,0,386,0,0,1982,6588
5938,2026-08-04T07:22:19Z,1785828139514034505,5961,6668,28088,4,18,42103,11305374,200,0,386,0,0,1982,6589
5939,2026-08-04T07:22:20Z,1785828140518015162,5962,6668,28088,4,18,42111,11306170,200,0,386,0,0,1982,6589
5940,2026-08-04T07:22:21Z,1785828141522000111,5963,6668,28088,4,18,42119,11306967,200,0,386,0,0,1982,6589
5941,2026-08-04T07:22:22Z,1785828142525904060,5964,6668,28088,4,18,42127,11307765,200,0,386,0,0,1982,6590
5942,2026-08-04T07:22:23Z,1785828143529935609,5965,6668,28088,4,18,42134,11308558,200,0,386,0,0,1982,6591
5943,2026-08-04T07:22:24Z,1785828144533840920,5966,6668,28088,4,18,42141,11309356,200,0,386,0,0,1982,6591
5944,2026-08-04T07:22:25Z,1785828145538076772,5967,6668,28088,4,18,42149,11310152,200,0,386,0,0,1982,6592
5945,2026-08-04T07:22:26Z,1785828146541084697,5968,6668,28088,4,18,42156,11310948,200,0,386,0,0,1982,6593
5946,2026-08-04T07:22:27Z,1785828147544900341,5969,6668,28088,4,18,42164,11311744,200,0,386,0,0,1982,6593
5947,2026-08-04T07:22:28Z,1785828148548978510,5970,6668,28088,4,18,42172,11312541,200,0,386,0,0,1982,6594
5948,2026-08-04T07:22:29Z,1785828149553690165,5971,6668,28088,4,18,42180,11313336,200,0,386,0,0,1982,6594
5949,2026-08-04T07:22:30Z,1785828150557414114,5972,6668,28088,4,18,42188,11314132,200,0,386,0,0,1982,6595
5950,2026-08-04T07:22:31Z,1785828151560855011,5973,6668,28088,4,18,42196,11314926,200,0,386,0,0,1982,6595
5951,2026-08-04T07:22:32Z,1785828152564220761,5974,6668,28088,4,18,42203,11315719,200,0,386,0,0,1982,6595
5952,2026-08-04T07:22:33Z,1785828153567358534,5975,6668,28088,4,18,42212,11316517,200,0,386,0,0,1982,6596
5953,2026-08-04T07:22:34Z,1785828154571665638,5976,6668,28088,4,18,42218,11317309,200,0,386,0,0,1982,6597
5954,2026-08-04T07:22:35Z,1785828155575433657,5977,6668,28088,4,18,42226,11318106,200,0,386,0,0,1982,6598
5955,2026-08-04T07:22:36Z,1785828156579887828,5978,6668,28088,4,18,42234,11318904,200,0,386,0,0,1982,6599
5956,2026-08-04T07:22:37Z,1785828157582906053,5979,6668,28088,4,18,42241,11319698,200,0,386,0,0,1982,6600
5957,2026-08-04T07:22:38Z,1785828158586348110,5980,6668,28088,4,18,42249,11320494,200,0,386,0,0,1982,6601
5958,2026-08-04T07:22:39Z,1785828159590726435,5981,6668,28088,4,18,42256,11321287,200,0,386,0,0,1982,6601
5959,2026-08-04T07:22:40Z,1785828160594303988,5982,6668,28088,4,18,42264,11322083,200,0,386,0,0,1982,6601
5960,2026-08-04T07:22:41Z,1785828161598303018,5983,6668,28088,4,18,42271,11322878,200,0,386,0,0,1982,6602
5961,2026-08-04T07:22:42Z,1785828162601481708,5984,6668,28088,4,18,42279,11323674,200,0,386,0,0,1982,6603
5962,2026-08-04T07:22:43Z,1785828163605781894,5985,6668,28088,4,18,42286,11324468,200,0,386,0,0,1982,6604
5963,2026-08-04T07:22:44Z,1785828164609625590,5986,6668,28088,4,18,42294,11325266,200,0,386,0,0,1982,6604
5964,2026-08-04T07:22:45Z,1785828165614067941,5987,6668,28088,4,18,42301,11326062,200,0,386,0,0,1982,6605
5965,2026-08-04T07:22:46Z,1785828166616751784,5988,6668,28088,4,18,42309,11326857,200,0,386,0,0,1982,6606
5966,2026-08-04T07:22:47Z,1785828167620551088,5989,6668,28088,4,18,42317,11327652,200,0,386,0,0,1982,6607
5967,2026-08-04T07:22:48Z,1785828168624402625,5990,6668,28088,4,18,42324,11328449,200,0,386,0,0,1982,6608
5968,2026-08-04T07:22:49Z,1785828169628171598,5991,6668,28088,4,18,42332,11329245,200,0,386,0,0,1982,6609
5969,2026-08-04T07:22:50Z,1785828170631547362,5992,6668,28088,4,18,42339,11330042,200,0,386,0,0,1982,6610
5970,2026-08-04T07:22:51Z,1785828171635582939,5993,6668,28088,4,18,42346,11330838,200,0,386,0,0,1982,6611
5971,2026-08-04T07:22:52Z,1785828172639127705,5994,6668,28088,4,18,42354,11331633,200,0,386,0,0,1982,6612
5972,2026-08-04T07:22:53Z,1785828173643575050,5995,6668,28088,4,18,42362,11332430,200,0,386,0,0,1982,6613
5973,2026-08-04T07:22:54Z,1785828174646337132,5996,6668,28088,4,18,42369,11333227,200,0,386,0,0,1982,6614
5974,2026-08-04T07:22:55Z,1785828175650036140,5997,6668,28088,4,18,42377,11334024,200,0,386,0,0,1982,6615
5975,2026-08-04T07:22:56Z,1785828176653592937,5998,6668,28088,4,18,42384,11334822,200,0,386,0,0,1982,6615
5976,2026-08-04T07:22:57Z,1785828177657691188,5999,6668,28088,4,18,42392,11335618,200,0,386,0,0,1982,6616
5977,2026-08-04T07:22:58Z,1785828178661292069,6000,6668,28088,4,18,42400,11336413,200,0,386,0,0,1982,6616
5978,2026-08-04T07:22:59Z,1785828179665996213,6001,6668,28088,4,18,42407,11337210,200,0,386,0,0,1982,6617
5979,2026-08-04T07:23:00Z,1785828180669696526,6002,6668,28088,4,18,42415,11338008,200,0,386,0,0,1982,6617
5980,2026-08-04T07:23:01Z,1785828181673594170,6003,6668,28088,4,18,42422,11338804,200,0,386,0,0,1982,6617
5981,2026-08-04T07:23:02Z,1785828182677066278,6004,6668,28088,4,18,42430,11339600,200,0,386,0,0,1982,6617
5982,2026-08-04T07:23:03Z,1785828183681961376,6005,6668,28088,4,18,42438,11340398,200,0,386,0,0,1982,6617
5983,2026-08-04T07:23:04Z,1785828184685397825,6006,6668,28088,4,18,42446,11341192,200,0,386,0,0,1982,6617
5984,2026-08-04T07:23:05Z,1785828185688483097,6007,6668,28088,4,18,42454,11341986,200,0,386,0,0,1982,6617
5985,2026-08-04T07:23:06Z,1785828186693309585,6008,6668,28088,4,18,42463,11342781,200,0,386,0,0,1982,6618
5986,2026-08-04T07:23:07Z,1785828187696191107,6009,6668,28088,4,18,42470,11343577,200,0,386,0,0,1982,6619
5987,2026-08-04T07:23:08Z,1785828188700590741,6010,6668,28088,4,18,42478,11344373,200,0,386,0,0,1982,6620
5988,2026-08-04T07:23:09Z,1785828189705068234,6011,6668,28088,4,18,42485,11345168,200,0,386,0,0,1982,6620
5989,2026-08-04T07:23:10Z,1785828190708266701,6012,6668,28088,4,18,42493,11345967,200,0,386,0,0,1982,6621
5990,2026-08-04T07:23:11Z,1785828191713327502,6013,6664,28088,4,17,42501,11346765,200,0,386,0,0,1982,6622
5991,2026-08-04T07:23:12Z,1785828192716581022,6014,6664,28088,4,17,42508,11347558,200,0,386,0,0,1982,6623
5992,2026-08-04T07:23:13Z,1785828193720718553,6015,6664,28088,4,17,42516,11348352,200,0,386,0,0,1982,6624
5993,2026-08-04T07:23:14Z,1785828194725082285,6016,6664,28088,4,17,42523,11349146,200,0,386,0,0,1982,6625
5994,2026-08-04T07:23:15Z,1785828195729017773,6017,6664,28088,4,17,42531,11349942,200,0,386,0,0,1982,6626
5995,2026-08-04T07:23:16Z,1785828196732123048,6018,6664,28088,4,17,42539,11350739,200,0,386,0,0,1982,6627
5996,2026-08-04T07:23:17Z,1785828197736458199,6019,6664,28088,4,17,42546,11351535,200,0,386,0,0,1982,6628
5997,2026-08-04T07:23:18Z,1785828198739606882,6020,6664,28088,4,17,42554,11352331,200,0,386,0,0,1982,6629
5998,2026-08-04T07:23:19Z,1785828199743608017,6021,6664,28088,4,17,42562,11353127,200,0,386,0,0,1982,6629
5999,2026-08-04T07:23:20Z,1785828200748270187,6022,6664,28088,4,17,42569,11353922,200,0,386,0,0,1982,6630
6000,2026-08-04T07:23:21Z,1785828201751807138,6023,6664,28088,4,17,42577,11354718,200,0,386,0,0,1982,6631
6001,2026-08-04T07:23:22Z,1785828202756205794,6024,6664,28088,4,17,42584,11355517,200,0,386,0,0,1982,6632
6002,2026-08-04T07:23:23Z,1785828203759802152,6025,6664,28088,4,17,42592,11356311,200,0,386,0,0,1982,6633
6003,2026-08-04T07:23:24Z,1785828204763234223,6026,6664,28088,4,17,42599,11357109,200,0,386,0,0,1982,6633
6004,2026-08-04T07:23:25Z,1785828205766637906,6027,6664,28088,4,17,42607,11357904,200,0,386,0,0,1982,6633
6005,2026-08-04T07:23:26Z,1785828206770330388,6028,6664,28088,4,17,42615,11358702,200,0,386,0,0,1982,6634
6006,2026-08-04T07:23:27Z,1785828207774328155,6029,6664,28088,4,17,42622,11359496,200,0,386,0,0,1982,6635
6007,2026-08-04T07:23:28Z,1785828208778714535,6030,6664,28088,4,17,42630,11360294,200,0,386,0,0,1982,6635
6008,2026-08-04T07:23:29Z,1785828209782919444,6031,6664,28088,4,17,42637,11361091,200,0,386,0,0,1982,6635
6009,2026-08-04T07:23:30Z,1785828210787019091,6032,6664,28088,4,17,42645,11361887,200,0,386,0,0,1982,6635
6010,2026-08-04T07:23:31Z,1785828211791777997,6033,6664,28088,4,17,42653,11362684,200,0,386,0,0,1982,6635
6011,2026-08-04T07:23:32Z,1785828212795191629,6034,6664,28088,4,17,42661,11363479,200,0,386,0,0,1982,6635
6012,2026-08-04T07:23:33Z,1785828213798757616,6035,6664,28088,4,17,42668,11364273,200,0,386,0,0,1982,6635
6013,2026-08-04T07:23:34Z,1785828214802501463,6036,6664,28088,4,17,42675,11365069,200,0,386,0,0,1982,6636
6014,2026-08-04T07:23:35Z,1785828215806202150,6037,6664,28088,4,17,42683,11365864,200,0,386,0,0,1982,6637
6015,2026-08-04T07:23:36Z,1785828216810072726,6038,6664,28088,4,17,42692,11366660,200,0,386,0,0,1982,6638
6016,2026-08-04T07:23:37Z,1785828217813272643,6039,6664,28088,4,17,42699,11367453,200,0,386,0,0,1982,6639
6017,2026-08-04T07:23:38Z,1785828218817880871,6040,6664,28088,4,17,42707,11368250,200,0,386,0,0,1982,6639
6018,2026-08-04T07:23:39Z,1785828219820987139,6041,6664,28088,4,17,42715,11369048,200,0,386,0,0,1982,6639
6019,2026-08-04T07:23:40Z,1785828220825166911,6042,6664,28088,4,17,42722,11369844,200,0,386,0,0,1982,6639
6020,2026-08-04T07:23:41Z,1785828221828980583,6043,6664,28088,4,17,42731,11370640,200,0,386,0,0,1982,6639
6021,2026-08-04T07:23:42Z,1785828222832970864,6044,6664,28088,4,17,42738,11371434,200,0,386,0,0,1982,6640
6022,2026-08-04T07:23:43Z,1785828223837251797,6045,6664,28088,4,17,42746,11372228,200,0,386,0,0,1982,6640
6023,2026-08-04T07:23:44Z,1785828224840871581,6046,6664,28088,4,17,42753,11373026,200,0,386,0,0,1982,6641
6024,2026-08-04T07:23:45Z,1785828225844377119,6047,6664,28088,4,17,42761,11373821,200,0,386,0,0,1982,6642
6025,2026-08-04T07:23:46Z,1785828226847296337,6048,6664,28088,4,17,42769,11374615,200,0,386,0,0,1982,6643
6026,2026-08-04T07:23:47Z,1785828227851052886,6049,6664,28088,4,17,42776,11375412,200,0,386,0,0,1982,6643
6027,2026-08-04T07:23:48Z,1785828228855426328,6050,6664,28088,4,17,42783,11376209,200,0,386,0,0,1982,6644
6028,2026-08-04T07:23:49Z,1785828229858574613,6051,6664,28088,4,17,42791,11377002,200,0,386,0,0,1982,6644
6029,2026-08-04T07:23:50Z,1785828230862192790,6052,6664,28088,4,17,42799,11377799,200,0,386,0,0,1982,6645
6030,2026-08-04T07:23:51Z,1785828231866400023,6053,6664,28088,4,17,42806,11378595,200,0,386,0,0,1982,6646
6031,2026-08-04T07:23:52Z,1785828232870281812,6054,6664,28088,4,17,42814,11379393,200,0,386,0,0,1982,6647
6032,2026-08-04T07:23:53Z,1785828233874268591,6055,6664,28088,4,17,42822,11380189,200,0,386,0,0,1982,6647
6033,2026-08-04T07:23:54Z,1785828234878759121,6056,6664,28088,4,17,42829,11380989,200,0,386,0,0,1982,6648
6034,2026-08-04T07:23:55Z,1785828235882153851,6057,6664,28088,4,17,42837,11381785,200,0,386,0,0,1982,6648
6035,2026-08-04T07:23:56Z,1785828236886026821,6058,6664,28088,4,17,42844,11382581,200,0,386,0,0,1982,6648
6036,2026-08-04T07:23:57Z,1785828237889822132,6059,6664,28088,4,17,42852,11383378,200,0,386,0,0,1982,6649
6037,2026-08-04T07:23:58Z,1785828238894007663,6060,6664,28088,4,17,42859,11384175,200,0,386,0,0,1982,6650
6038,2026-08-04T07:23:59Z,1785828239898597354,6061,6664,28088,4,17,42867,11384969,200,0,386,0,0,1982,6651
6039,2026-08-04T07:24:00Z,1785828240901900443,6062,6664,28088,4,17,42875,11385764,200,0,386,0,0,1982,6651
6040,2026-08-04T07:24:01Z,1785828241906848484,6063,6664,28088,4,17,42882,11386561,200,0,386,0,0,1982,6651
6041,2026-08-04T07:24:02Z,1785828242910490380,6064,6664,28088,4,17,42890,11387354,200,0,386,0,0,1982,6652
6042,2026-08-04T07:24:03Z,1785828243913884354,6065,6664,28088,4,17,42898,11388151,200,0,386,0,0,1982,6653
6043,2026-08-04T07:24:04Z,1785828244917756272,6066,6664,28088,4,17,42906,11388947,200,0,386,0,0,1982,6654
6044,2026-08-04T07:24:05Z,1785828245921987833,6067,6664,28088,4,17,42913,11389745,200,0,386,0,0,1982,6654
6045,2026-08-04T07:24:06Z,1785828246925261738,6068,6664,28088,4,17,42921,11390539,200,0,386,0,0,1982,6655
6046,2026-08-04T07:24:07Z,1785828247929410198,6069,6660,28088,4,16,42928,11391333,200,0,386,0,0,1982,6655
6047,2026-08-04T07:24:08Z,1785828248932973070,6070,6660,28088,4,16,42936,11392129,200,0,386,0,0,1982,6656
6048,2026-08-04T07:24:09Z,1785828249936610819,6071,6632,28088,4,14,42941,11392927,200,0,386,0,0,1982,6656
6049,2026-08-04T07:24:10Z,1785828250939550166,6072,6624,28088,4,12,42945,11393726,200,0,386,0,0,1982,6656
6050,2026-08-04T07:24:11Z,1785828251943044443,6073,6296,28088,4,10,42946,11394529,200,0,386,0,0,1982,6656
6051,2026-08-04T07:24:12Z,1785828252946918800,6074,6296,28088,4,10,42946,11395330,200,0,386,0,0,1982,6656
6052,2026-08-04T07:24:13Z,1785828253950936697,6075,6296,28088,4,10,42946,11396134,200,0,386,0,0,1982,6656
6053,2026-08-04T07:24:14Z,1785828254955421820,6076,6296,28088,4,10,42946,11396937,200,0,386,0,0,1982,6656
6054,2026-08-04T07:24:15Z,1785828255958229537,6077,6296,28088,4,10,42946,11397739,200,0,386,0,0,1982,6656
6055,2026-08-04T07:24:16Z,1785828256962507478,6078,6296,28088,4,10,42946,11398542,200,0,386,0,0,1982,6656
6056,2026-08-04T07:24:17Z,1785828257966127055,6079,6300,28088,4,11,42946,11399343,200,0,386,0,0,1982,6656
6057,2026-08-04T07:24:18Z,1785828258970831555,6080,6304,28088,4,12,42948,11400141,200,0,386,0,0,1982,6656
6058,2026-08-04T07:24:19Z,1785828259974567528,6081,6328,28088,4,13,42950,11400940,200,0,386,0,0,1982,6656
6059,2026-08-04T07:24:20Z,1785828260978355773,6082,6332,28088,4,14,42957,11401735,200,0,386,0,0,1982,6656
6060,2026-08-04T07:24:21Z,1785828261982059499,6083,6656,28088,4,15,42965,11402530,200,0,386,0,0,1982,6656
6061,2026-08-04T07:24:22Z,1785828262985951429,6084,6668,28088,4,18,42972,11403329,200,0,386,0,0,1982,6657
6062,2026-08-04T07:24:23Z,1785828263989886034,6085,6668,28088,4,18,42980,11404126,200,0,386,0,0,1982,6658
6063,2026-08-04T07:24:24Z,1785828264994251006,6086,6668,28088,4,18,42987,11404922,200,0,386,0,0,1982,6659
6064,2026-08-04T07:24:25Z,1785828265997201049,6087,6668,28088,4,18,42995,11405715,200,0,386,0,0,1982,6659
6065,2026-08-04T07:24:27Z,1785828267001128758,6089,6668,28088,4,18,43003,11406510,200,0,386,0,0,1982,6659
6066,2026-08-04T07:24:28Z,1785828268004945905,6090,6668,28088,4,18,43010,11407305,200,0,386,0,0,1982,6660
6067,2026-08-04T07:24:29Z,1785828269009109279,6091,6668,28088,4,18,43017,11408101,200,0,386,0,0,1982,6661
6068,2026-08-04T07:24:30Z,1785828270013684819,6092,6668,28088,4,18,43025,11408899,200,0,386,0,0,1982,6661
6069,2026-08-04T07:24:31Z,1785828271017050663,6093,6668,28088,4,18,43033,11409694,200,0,386,0,0,1982,6661
6070,2026-08-04T07:24:32Z,1785828272020568010,6094,6668,28088,4,18,43040,11410485,200,0,386,0,0,1982,6662
6071,2026-08-04T07:24:33Z,1785828273023506246,6095,6668,28088,4,18,43048,11411280,200,0,386,0,0,1982,6663
6072,2026-08-04T07:24:34Z,1785828274027802642,6096,6668,28088,4,18,43056,11412075,200,0,386,0,0,1982,6663
6073,2026-08-04T07:24:35Z,1785828275031773921,6097,6668,28088,4,18,43064,11412871,200,0,386,0,0,1982,6663
6074,2026-08-04T07:24:36Z,1785828276035889062,6098,6668,28088,4,18,43071,11413666,200,0,386,0,0,1982,6664
6075,2026-08-04T07:24:37Z,1785828277039571413,6099,6668,28088,4,18,43078,11414461,200,0,386,0,0,1982,6664
6076,2026-08-04T07:24:38Z,1785828278043397865,6100,6668,28088,4,18,43087,11415257,200,0,386,0,0,1982,6665
6077,2026-08-04T07:24:39Z,1785828279047169782,6101,6668,28088,4,18,43093,11416052,200,0,386,0,0,1982,6666
6078,2026-08-04T07:24:40Z,1785828280050935026,6102,6668,28088,4,18,43101,11416849,200,0,386,0,0,1982,6667
6079,2026-08-04T07:24:41Z,1785828281054828146,6103,6668,28088,4,18,43109,11417644,200,0,386,0,0,1982,6668
6080,2026-08-04T07:24:42Z,1785828282058891947,6104,6668,28088,4,18,43116,11418441,200,0,386,0,0,1982,6668
6081,2026-08-04T07:24:43Z,1785828283063005085,6105,6668,28088,4,18,43124,11419235,200,0,386,0,0,1982,6669
6082,2026-08-04T07:24:44Z,1785828284067123488,6106,6668,28088,4,18,43132,11420029,200,0,386,0,0,1982,6669
6083,2026-08-04T07:24:45Z,1785828285071454287,6107,6668,28088,4,18,43140,11420823,200,0,386,0,0,1982,6670
6084,2026-08-04T07:24:46Z,1785828286074584961,6108,6668,28088,4,18,43147,11421616,200,0,386,0,0,1982,6670
6085,2026-08-04T07:24:47Z,1785828287078955191,6109,6668,28088,4,18,43155,11422412,200,0,386,0,0,1982,6671
6086,2026-08-04T07:24:48Z,1785828288082306666,6110,6668,28088,4,18,43163,11423207,200,0,386,0,0,1982,6672
6087,2026-08-04T07:24:49Z,1785828289085463971,6111,6668,28088,4,18,43170,11424002,200,0,386,0,0,1982,6673
6088,2026-08-04T07:24:50Z,1785828290089398703,6112,6668,28088,4,18,43178,11424796,200,0,386,0,0,1982,6674
6089,2026-08-04T07:24:51Z,1785828291093371682,6113,6668,28088,4,18,43186,11425592,200,0,386,0,0,1982,6675
6090,2026-08-04T07:24:52Z,1785828292097195863,6114,6668,28088,4,18,43194,11426386,200,0,386,0,0,1982,6676
6091,2026-08-04T07:24:53Z,1785828293101338158,6115,6664,28088,4,17,43202,11427181,200,0,386,0,0,1982,6677
6092,2026-08-04T07:24:54Z,1785828294104981116,6116,6664,28088,4,17,43210,11427976,200,0,386,0,0,1982,6678
6093,2026-08-04T07:24:55Z,1785828295108795433,6117,6664,28088,4,17,43217,11428771,200,0,386,0,0,1982,6679
6094,2026-08-04T07:24:56Z,1785828296112754482,6118,6664,28088,4,17,43225,11429568,200,0,386,0,0,1982,6680
6095,2026-08-04T07:24:57Z,1785828297116588005,6119,6664,28088,4,17,43232,11430363,200,0,386,0,0,1982,6681
6096,2026-08-04T07:24:58Z,1785828298120282544,6120,6664,28088,4,17,43239,11431158,200,0,386,0,0,1982,6682
6097,2026-08-04T07:24:59Z,1785828299124344160,6121,6664,28088,4,17,43247,11431954,200,0,386,0,0,1982,6683
6098,2026-08-04T07:25:00Z,1785828300128838947,6122,6664,28088,4,17,43254,11432751,200,0,386,0,0,1982,6684
6099,2026-08-04T07:25:01Z,1785828301131374148,6123,6664,28088,4,17,43262,11433547,200,0,386,0,0,1982,6685
6100,2026-08-04T07:25:02Z,1785828302135784345,6124,6664,28088,4,17,43270,11434341,200,0,386,0,0,1982,6687
6101,2026-08-04T07:25:03Z,1785828303138563095,6125,6664,28088,4,17,43278,11435136,200,0,386,0,0,1982,6687
6102,2026-08-04T07:25:04Z,1785828304142472089,6126,6664,28088,4,17,43285,11435933,200,0,386,0,0,1982,6687
6103,2026-08-04T07:25:05Z,1785828305147096376,6127,6664,28088,4,17,43293,11436726,200,0,386,0,0,1982,6687
6104,2026-08-04T07:25:06Z,1785828306150053870,6128,6664,28088,4,17,43301,11437522,200,0,386,0,0,1982,6688
6105,2026-08-04T07:25:07Z,1785828307154488455,6129,6664,28088,4,17,43309,11438318,200,0,386,0,0,1982,6688
6106,2026-08-04T07:25:08Z,1785828308157872937,6130,6664,28088,4,17,43316,11439114,200,0,386,0,0,1982,6688
6107,2026-08-04T07:25:09Z,1785828309160517934,6131,6664,28088,4,17,43324,11439908,200,0,386,0,0,1982,6688
6108,2026-08-04T07:25:10Z,1785828310164089893,6132,6664,28088,4,17,43332,11440701,200,0,386,0,0,1982,6689
6109,2026-08-04T07:25:11Z,1785828311168092698,6133,6664,28088,4,17,43339,11441499,200,0,386,0,0,1982,6689
6110,2026-08-04T07:25:12Z,1785828312172234333,6134,6664,28088,4,17,43347,11442295,200,0,386,0,0,1982,6689
6111,2026-08-04T07:25:13Z,1785828313176411937,6135,6664,28088,4,17,43354,11443091,200,0,386,0,0,1982,6689
6112,2026-08-04T07:25:14Z,1785828314180203757,6136,6664,28088,4,17,43362,11443886,200,0,386,0,0,1982,6689
6113,2026-08-04T07:25:15Z,1785828315185155756,6137,6664,28088,4,17,43370,11444683,200,0,386,0,0,1982,6689
6114,2026-08-04T07:25:16Z,1785828316188324179,6138,6664,28088,4,17,43377,11445477,200,0,386,0,0,1982,6689
6115,2026-08-04T07:25:17Z,1785828317192118190,6139,6664,28088,4,17,43384,11446272,200,0,386,0,0,1982,6690
6116,2026-08-04T07:25:18Z,1785828318195835630,6140,6664,28088,4,17,43392,11447069,200,0,386,0,0,1982,6690
6117,2026-08-04T07:25:19Z,1785828319199311338,6141,6664,28088,4,17,43400,11447861,200,0,386,0,0,1982,6691
6118,2026-08-04T07:25:20Z,1785828320203169054,6142,6664,28088,4,17,43407,11448657,200,0,386,0,0,1982,6692
6119,2026-08-04T07:25:21Z,1785828321207061260,6143,6664,28088,4,17,43415,11449453,200,0,386,0,0,1982,6693
6120,2026-08-04T07:25:22Z,1785828322211041462,6144,6664,28088,4,17,43422,11450249,200,0,386,0,0,1982,6693
6121,2026-08-04T07:25:23Z,1785828323214751302,6145,6664,28088,4,17,43429,11451042,200,0,386,0,0,1982,6694
6122,2026-08-04T07:25:24Z,1785828324218983366,6146,6664,28088,4,17,43437,11451837,200,0,386,0,0,1982,6694
6123,2026-08-04T07:25:25Z,1785828325222608506,6147,6664,28088,4,17,43445,11452632,200,0,386,0,0,1982,6694
6124,2026-08-04T07:25:26Z,1785828326226807131,6148,6664,28088,4,17,43452,11453427,200,0,386,0,0,1982,6695
6125,2026-08-04T07:25:27Z,1785828327230553381,6149,6664,28088,4,17,43461,11454219,200,0,386,0,0,1982,6696
6126,2026-08-04T07:25:28Z,1785828328234359194,6150,6664,28088,4,17,43468,11455017,200,0,386,0,0,1982,6696
6127,2026-08-04T07:25:29Z,1785828329238330189,6151,6664,28088,4,17,43475,11455813,200,0,386,0,0,1982,6697
6128,2026-08-04T07:25:30Z,1785828330242713645,6152,6664,28088,4,17,43483,11456606,200,0,386,0,0,1982,6698
6129,2026-08-04T07:25:31Z,1785828331246060703,6153,6664,28088,4,17,43491,11457399,200,0,386,0,0,1982,6698
6130,2026-08-04T07:25:32Z,1785828332249700495,6154,6664,28088,4,17,43498,11458194,200,0,386,0,0,1982,6699
6131,2026-08-04T07:25:33Z,1785828333252802115,6155,6664,28088,4,17,43506,11458990,200,0,386,0,0,1982,6700
6132,2026-08-04T07:25:34Z,1785828334257072596,6156,6664,28088,4,17,43513,11459784,200,0,386,0,0,1982,6701
6133,2026-08-04T07:25:35Z,1785828335261005020,6157,6664,28088,4,17,43521,11460578,200,0,386,0,0,1982,6701
6134,2026-08-04T07:25:36Z,1785828336265132754,6158,6664,28088,4,17,43528,11461374,200,0,386,0,0,1982,6701
6135,2026-08-04T07:25:37Z,1785828337269121146,6159,6664,28088,4,17,43536,11462169,200,0,386,0,0,1982,6702
6136,2026-08-04T07:25:38Z,1785828338273261056,6160,6664,28088,4,17,43544,11462964,200,0,386,0,0,1982,6702
6137,2026-08-04T07:25:39Z,1785828339276992483,6161,6664,28088,4,17,43551,11463758,200,0,386,0,0,1982,6703
6138,2026-08-04T07:25:40Z,1785828340280676907,6162,6664,28088,4,17,43559,11464556,200,0,386,0,0,1982,6703
6139,2026-08-04T07:25:41Z,1785828341284574207,6163,6664,28088,4,17,43566,11465352,200,0,386,0,0,1982,6704
6140,2026-08-04T07:25:42Z,1785828342288039094,6164,6664,28088,4,17,43574,11466150,200,0,386,0,0,1982,6705
6141,2026-08-04T07:25:43Z,1785828343291834536,6165,6664,28088,4,17,43581,11466945,200,0,386,0,0,1982,6705
6142,2026-08-04T07:25:44Z,1785828344295472120,6166,6664,28088,4,17,43589,11467739,200,0,386,0,0,1982,6706
6143,2026-08-04T07:25:45Z,1785828345299802931,6167,6664,28088,4,17,43596,11468534,200,0,386,0,0,1982,6707
6144,2026-08-04T07:25:46Z,1785828346302688302,6168,6664,28088,4,17,43604,11469328,200,0,386,0,0,1982,6707
6145,2026-08-04T07:25:47Z,1785828347306321914,6169,6664,28088,4,17,43612,11470122,200,0,386,0,0,1982,6707
6146,2026-08-04T07:25:48Z,1785828348310409504,6170,6664,28088,4,17,43619,11470919,200,0,386,0,0,1982,6707
6147,2026-08-04T07:25:49Z,1785828349314480785,6171,6664,28088,4,17,43626,11471715,200,0,386,0,0,1982,6708
6148,2026-08-04T07:25:50Z,1785828350318339478,6172,6664,28088,4,17,43634,11472508,200,0,386,0,0,1982,6709
6149,2026-08-04T07:25:51Z,1785828351322375989,6173,6664,28088,4,17,43641,11473306,200,0,386,0,0,1982,6710
6150,2026-08-04T07:25:52Z,1785828352326122462,6174,6664,28088,4,17,43649,11474105,200,0,386,0,0,1982,6710
6151,2026-08-04T07:25:53Z,1785828353330201179,6175,6664,28088,4,17,43657,11474899,200,0,386,0,0,1982,6711
6152,2026-08-04T07:25:54Z,1785828354334368595,6176,6664,28088,4,17,43664,11475696,200,0,386,0,0,1982,6712
6153,2026-08-04T07:25:55Z,1785828355338365116,6177,6664,28088,4,17,43672,11476490,200,0,386,0,0,1982,6713
6154,2026-08-04T07:25:56Z,1785828356342311749,6178,6664,28088,4,17,43679,11477285,200,0,386,0,0,1982,6714
6155,2026-08-04T07:25:57Z,1785828357346761915,6179,6664,28088,4,17,43687,11478082,200,0,386,0,0,1982,6714
6156,2026-08-04T07:25:58Z,1785828358349545487,6180,6664,28088,4,17,43694,11478877,200,0,386,0,0,1982,6714
6157,2026-08-04T07:25:59Z,1785828359354127084,6181,6664,28088,4,17,43702,11479674,200,0,386,0,0,1982,6714
6158,2026-08-04T07:26:00Z,1785828360358456855,6182,6664,28088,4,17,43710,11480467,200,0,386,0,0,1982,6715
6159,2026-08-04T07:26:01Z,1785828361361084268,6183,6664,28088,4,17,43718,11481259,200,0,386,0,0,1982,6716
6160,2026-08-04T07:26:02Z,1785828362364807284,6184,6664,28088,4,17,43726,11482053,200,0,386,0,0,1982,6717
6161,2026-08-04T07:26:03Z,1785828363368346419,6185,6664,28088,4,17,43735,11482848,200,0,386,0,0,1982,6718
6162,2026-08-04T07:26:04Z,1785828364372201116,6186,6664,28088,4,17,43742,11483643,200,0,386,0,0,1982,6719
6163,2026-08-04T07:26:05Z,1785828365376086720,6187,6664,28088,4,17,43750,11484436,200,0,386,0,0,1982,6719
6164,2026-08-04T07:26:06Z,1785828366379705029,6188,6664,28088,4,17,43757,11485230,200,0,386,0,0,1982,6720
6165,2026-08-04T07:26:07Z,1785828367383169593,6189,6664,28088,4,17,43765,11486025,200,0,386,0,0,1982,6720
6166,2026-08-04T07:26:08Z,1785828368386034163,6190,6664,28088,4,17,43773,11486819,200,0,386,0,0,1982,6721
6167,2026-08-04T07:26:09Z,1785828369390108550,6191,6664,28088,4,17,43780,11487612,200,0,386,0,0,1982,6721
6168,2026-08-04T07:26:10Z,1785828370394137756,6192,6664,28088,4,17,43788,11488409,200,0,386,0,0,1982,6722
6169,2026-08-04T07:26:11Z,1785828371398085580,6193,6664,28088,4,17,43795,11489205,200,0,386,0,0,1982,6722
6170,2026-08-04T07:26:12Z,1785828372402727551,6194,6664,28088,4,17,43803,11490005,200,0,386,0,0,1982,6723
6171,2026-08-04T07:26:13Z,1785828373405887178,6195,6664,28088,4,17,43810,11490797,200,0,386,0,0,1982,6724
6172,2026-08-04T07:26:14Z,1785828374409857826,6196,6664,28088,4,17,43818,11491592,200,0,386,0,0,1982,6725
6173,2026-08-04T07:26:15Z,1785828375414732869,6197,6664,28088,4,17,43826,11492387,200,0,386,0,0,1982,6725
6174,2026-08-04T07:26:16Z,1785828376417938241,6198,6664,28088,4,17,43834,11493183,200,0,386,0,0,1982,6726
6175,2026-08-04T07:26:17Z,1785828377422158482,6199,6660,28088,4,16,43842,11493977,200,0,386,0,0,1982,6726
6176,2026-08-04T07:26:18Z,1785828378425724272,6200,6656,28088,4,15,43849,11494772,200,0,386,0,0,1982,6727
6177,2026-08-04T07:26:19Z,1785828379429098717,6201,6632,28088,4,14,43854,11495570,200,0,386,0,0,1982,6727
6178,2026-08-04T07:26:20Z,1785828380431996924,6202,6624,28088,4,12,43857,11496371,200,0,386,0,0,1982,6727
6179,2026-08-04T07:26:21Z,1785828381435922347,6203,6296,28088,4,10,43857,11497173,200,0,386,0,0,1982,6727
6180,2026-08-04T07:26:22Z,1785828382439668883,6204,6296,28088,4,10,43857,11497976,200,0,386,0,0,1982,6727
6181,2026-08-04T07:26:23Z,1785828383444018159,6205,6296,28088,4,10,43857,11498778,200,0,386,0,0,1982,6727
6182,2026-08-04T07:26:24Z,1785828384446873132,6206,6296,28088,4,10,43858,11499580,200,0,386,0,0,1982,6727
6183,2026-08-04T07:26:25Z,1785828385450981799,6207,6296,28088,4,10,43858,11500382,200,0,386,0,0,1982,6727
6184,2026-08-04T07:26:26Z,1785828386455410063,6208,6296,28088,4,10,43858,11501186,200,0,386,0,0,1982,6727
6185,2026-08-04T07:26:27Z,1785828387459028605,6209,6300,28088,4,11,43858,11501989,200,0,386,0,0,1982,6727
6186,2026-08-04T07:26:28Z,1785828388462906061,6210,6304,28088,4,12,43860,11502787,200,0,386,0,0,1982,6727
6187,2026-08-04T07:26:29Z,1785828389467122718,6211,6328,28088,4,14,43863,11503583,200,0,386,0,0,1982,6727
6188,2026-08-04T07:26:30Z,1785828390470944768,6212,6332,28088,4,15,43870,11504381,200,0,386,0,0,1982,6727
6189,2026-08-04T07:26:31Z,1785828391474856320,6213,6656,28088,4,18,43878,11505177,200,0,386,0,0,1982,6728
6190,2026-08-04T07:26:32Z,1785828392477380584,6214,6668,28088,4,18,43886,11505971,200,0,386,0,0,1982,6728
6191,2026-08-04T07:26:33Z,1785828393481062607,6215,6668,28088,4,18,43894,11506764,200,0,386,0,0,1982,6729
6192,2026-08-04T07:26:34Z,1785828394485015772,6216,6668,28088,4,18,43901,11507557,200,0,386,0,0,1982,6730
6193,2026-08-04T07:26:35Z,1785828395489218209,6217,6668,28088,4,18,43910,11508352,200,0,386,0,0,1982,6731
6194,2026-08-04T07:26:36Z,1785828396493885048,6218,6668,28088,4,18,43917,11509144,200,0,386,0,0,1982,6732
6195,2026-08-04T07:26:37Z,1785828397497257336,6219,6668,28088,4,18,43925,11509939,200,0,386,0,0,1982,6733
6196,2026-08-04T07:26:38Z,1785828398500257350,6220,6668,28088,4,18,43933,11510733,200,0,386,0,0,1982,6734
6197,2026-08-04T07:26:39Z,1785828399503855005,6221,6668,28088,4,18,43940,11511526,200,0,386,0,0,1982,6734
6198,2026-08-04T07:26:40Z,1785828400508519578,6222,6668,28088,4,18,43948,11512321,200,0,386,0,0,1982,6734
6199,2026-08-04T07:26:41Z,1785828401511281631,6223,6668,28088,4,18,43955,11513116,200,0,386,0,0,1982,6735
6200,2026-08-04T07:26:42Z,1785828402515118783,6224,6668,28088,4,18,43962,11513910,200,0,386,0,0,1982,6735
6201,2026-08-04T07:26:43Z,1785828403518920284,6225,6668,28088,4,18,43971,11514705,200,0,386,0,0,1982,6735
6202,2026-08-04T07:26:44Z,1785828404523204162,6226,6668,28088,4,18,43977,11515500,200,0,386,0,0,1982,6736
6203,2026-08-04T07:26:45Z,1785828405526912209,6227,6668,28088,4,18,43986,11516295,200,0,386,0,0,1982,6737
6204,2026-08-04T07:26:46Z,1785828406529931380,6228,6668,28088,4,18,43994,11517088,200,0,386,0,0,1982,6737
6205,2026-08-04T07:26:47Z,1785828407533559675,6229,6668,28088,4,18,44001,11517880,200,0,386,0,0,1982,6738
6206,2026-08-04T07:26:48Z,1785828408537329281,6230,6668,28088,4,18,44008,11518674,200,0,386,0,0,1982,6738
6207,2026-08-04T07:26:49Z,1785828409541375862,6231,6668,28088,4,18,44015,11519468,200,0,386,0,0,1982,6739
6208,2026-08-04T07:26:50Z,1785828410545459671,6232,6668,28088,4,18,44023,11520262,200,0,386,0,0,1982,6739
6209,2026-08-04T07:26:51Z,1785828411549191384,6233,6668,28088,4,18,44031,11521055,200,0,386,0,0,1982,6740
6210,2026-08-04T07:26:52Z,1785828412553149183,6234,6668,28088,4,18,44038,11521849,200,0,386,0,0,1982,6741
6211,2026-08-04T07:26:53Z,1785828413557143902,6235,6668,28088,4,18,44045,11522643,200,0,386,0,0,1982,6741
6212,2026-08-04T07:26:54Z,1785828414561319763,6236,6668,28088,4,18,44053,11523436,200,0,386,0,0,1982,6741
6213,2026-08-04T07:26:55Z,1785828415565252911,6237,6668,28088,4,18,44060,11524231,200,0,386,0,0,1982,6741
6214,2026-08-04T07:26:56Z,1785828416569155479,6238,6668,28088,4,18,44068,11525027,200,0,386,0,0,1982,6742
6215,2026-08-04T07:26:57Z,1785828417573314717,6239,6668,28088,4,18,44076,11525824,200,0,386,0,0,1982,6742
6216,2026-08-04T07:26:58Z,1785828418577504560,6240,6668,28088,4,18,44083,11526618,200,0,386,0,0,1982,6743
6217,2026-08-04T07:26:59Z,1785828419581785946,6241,6668,28088,4,18,44090,11527412,200,0,386,0,0,1982,6744
6218,2026-08-04T07:27:00Z,1785828420585227912,6242,6668,28088,4,18,44098,11528210,200,0,386,0,0,1982,6745
6219,2026-08-04T07:27:01Z,1785828421588320813,6243,6668,28088,4,18,44106,11529004,200,0,386,0,0,1982,6746
6220,2026-08-04T07:27:02Z,1785828422592751460,6244,6668,28088,4,18,44114,11529796,200,0,386,0,0,1982,6747
6221,2026-08-04T07:27:03Z,1785828423595952939,6245,6668,28088,4,18,44121,11530589,200,0,386,0,0,1982,6747
6222,2026-08-04T07:27:04Z,1785828424600524531,6246,6668,28088,4,18,44130,11531384,200,0,386,0,0,1982,6747
6223,2026-08-04T07:27:05Z,1785828425603262074,6247,6668,28088,4,18,44137,11532177,200,0,386,0,0,1982,6747
6224,2026-08-04T07:27:06Z,1785828426607222109,6248,6668,28088,4,18,44145,11532973,200,0,386,0,0,1982,6747
6225,2026-08-04T07:27:07Z,1785828427611150142,6249,6668,28088,4,18,44153,11533768,200,0,386,0,0,1982,6748
6226,2026-08-04T07:27:08Z,1785828428615191407,6250,6668,28088,4,18,44160,11534564,200,0,386,0,0,1982,6748
6227,2026-08-04T07:27:09Z,1785828429619330803,6251,6668,28088,4,18,44168,11535358,200,0,386,0,0,1982,6749
6228,2026-08-04T07:27:10Z,1785828430623538531,6252,6668,28088,4,18,44176,11536154,200,0,386,0,0,1982,6749
6229,2026-08-04T07:27:11Z,1785828431627640988,6253,6668,28088,4,18,44183,11536948,200,0,386,0,0,1982,6750
6230,2026-08-04T07:27:12Z,1785828432631851749,6254,6668,28088,4,18,44191,11537744,200,0,386,0,0,1982,6750
6231,2026-08-04T07:27:13Z,1785828433635505311,6255,6668,28088,4,18,44199,11538536,200,0,386,0,0,1982,6751
6232,2026-08-04T07:27:14Z,1785828434640061875,6256,6664,28088,4,17,44206,11539334,200,0,386,0,0,1982,6751
6233,2026-08-04T07:27:15Z,1785828435643708121,6257,6664,28088,4,17,44214,11540129,200,0,386,0,0,1982,6752
6234,2026-08-04T07:27:16Z,1785828436646579361,6258,6664,28088,4,17,44222,11540922,200,0,386,0,0,1982,6752
6235,2026-08-04T07:27:17Z,1785828437650419052,6259,6664,28088,4,17,44229,11541719,200,0,386,0,0,1982,6753
6236,2026-08-04T07:27:18Z,1785828438654269266,6260,6664,28088,4,17,44237,11542516,200,0,386,0,0,1982,6753
6237,2026-08-04T07:27:19Z,1785828439657731619,6261,6664,28088,4,17,44244,11543309,200,0,386,0,0,1982,6753
6238,2026-08-04T07:27:20Z,1785828440661415163,6262,6664,28088,4,17,44252,11544102,200,0,386,0,0,1982,6753
6239,2026-08-04T07:27:21Z,1785828441665132856,6263,6664,28088,4,17,44259,11544896,200,0,386,0,0,1982,6753
6240,2026-08-04T07:27:22Z,1785828442669076489,6264,6664,28088,4,17,44267,11545691,200,0,386,0,0,1982,6754
6241,2026-08-04T07:27:23Z,1785828443672807407,6265,6664,28088,4,17,44274,11546486,200,0,386,0,0,1982,6754
6242,2026-08-04T07:27:24Z,1785828444676754013,6266,6664,28088,4,17,44281,11547279,200,0,386,0,0,1982,6755
6243,2026-08-04T07:27:25Z,1785828445681146029,6267,6664,28088,4,17,44289,11548075,200,0,386,0,0,1982,6755
6244,2026-08-04T07:27:26Z,1785828446683552185,6268,6664,28088,4,17,44297,11548868,200,0,386,0,0,1982,6756
6245,2026-08-04T07:27:27Z,1785828447687551913,6269,6664,28088,4,17,44304,11549664,200,0,386,0,0,1982,6756
6246,2026-08-04T07:27:28Z,1785828448691447071,6270,6664,28088,4,17,44311,11550456,200,0,386,0,0,1982,6757
6247,2026-08-04T07:27:29Z,1785828449695738268,6271,6664,28088,4,17,44319,11551251,200,0,386,0,0,1982,6758
6248,2026-08-04T07:27:30Z,1785828450699895318,6272,6664,28088,4,17,44326,11552047,200,0,386,0,0,1982,6759
6249,2026-08-04T07:27:31Z,1785828451703315651,6273,6664,28088,4,17,44335,11552842,200,0,386,0,0,1982,6759
6250,2026-08-04T07:27:32Z,1785828452707913693,6274,6664,28088,4,17,44342,11553640,200,0,386,0,0,1982,6759
6251,2026-08-04T07:27:33Z,1785828453711239017,6275,6664,28088,4,17,44350,11554433,200,0,386,0,0,1982,6760
6252,2026-08-04T07:27:34Z,1785828454715400828,6276,6664,28088,4,17,44357,11555227,200,0,386,0,0,1982,6761
6253,2026-08-04T07:27:35Z,1785828455719163987,6277,6664,28088,4,17,44365,11556021,200,0,386,0,0,1982,6761
6254,2026-08-04T07:27:36Z,1785828456723374129,6278,6664,28088,4,17,44372,11556815,200,0,386,0,0,1982,6761
6255,2026-08-04T07:27:37Z,1785828457726713415,6279,6664,28088,4,17,44380,11557609,200,0,386,0,0,1982,6761
6256,2026-08-04T07:27:38Z,1785828458730035285,6280,6664,28088,4,17,44388,11558402,200,0,386,0,0,1982,6761
6257,2026-08-04T07:27:39Z,1785828459733469935,6281,6664,28088,4,17,44395,11559196,200,0,386,0,0,1982,6762
6258,2026-08-04T07:27:40Z,1785828460738015712,6282,6664,28088,4,17,44402,11559991,200,0,386,0,0,1982,6762
6259,2026-08-04T07:27:41Z,1785828461740541066,6283,6664,28088,4,17,44410,11560786,200,0,386,0,0,1982,6762
6260,2026-08-04T07:27:42Z,1785828462744739050,6284,6664,28088,4,17,44418,11561583,200,0,386,0,0,1982,6763
6261,2026-08-04T07:27:43Z,1785828463748030492,6285,6664,28088,4,17,44425,11562377,200,0,386,0,0,1982,6763
6262,2026-08-04T07:27:44Z,1785828464751287373,6286,6664,28088,4,17,44434,11563174,200,0,386,0,0,1982,6764
6263,2026-08-04T07:27:45Z,1785828465755913423,6287,6664,28088,4,17,44441,11563967,200,0,386,0,0,1982,6765
6264,2026-08-04T07:27:46Z,1785828466758904291,6288,6664,28088,4,17,44449,11564758,200,0,386,0,0,1982,6766
6265,2026-08-04T07:27:47Z,1785828467762326884,6289,6664,28088,4,17,44456,11565554,200,0,386,0,0,1982,6766
6266,2026-08-04T07:27:48Z,1785828468766058812,6290,6664,28088,4,17,44464,11566349,200,0,386,0,0,1982,6767
6267,2026-08-04T07:27:49Z,1785828469769908158,6291,6664,28088,4,17,44472,11567143,200,0,386,0,0,1982,6768
6268,2026-08-04T07:27:50Z,1785828470773258097,6292,6664,28088,4,17,44479,11567937,200,0,386,0,0,1982,6768
6269,2026-08-04T07:27:51Z,1785828471777570049,6293,6664,28088,4,17,44486,11568734,200,0,386,0,0,1982,6769
6270,2026-08-04T07:27:52Z,1785828472780168236,6294,6664,28088,4,17,44494,11569527,200,0,386,0,0,1982,6769
6271,2026-08-04T07:27:53Z,1785828473784052901,6295,6664,28088,4,17,44502,11570321,200,0,386,0,0,1982,6770
6272,2026-08-04T07:27:54Z,1785828474788408246,6296,6664,28088,4,17,44509,11571118,200,0,386,0,0,1982,6771
6273,2026-08-04T07:27:55Z,1785828475791529060,6297,6664,28088,4,17,44516,11571914,200,0,386,0,0,1982,6772
6274,2026-08-04T07:27:56Z,1785828476795736623,6298,6664,28088,4,17,44524,11572710,200,0,386,0,0,1982,6772
6275,2026-08-04T07:27:57Z,1785828477799618071,6299,6664,28088,4,17,44531,11573505,200,0,386,0,0,1982,6773
6276,2026-08-04T07:27:58Z,1785828478803512651,6300,6664,28088,4,17,44539,11574296,200,0,386,0,0,1982,6773
6277,2026-08-04T07:27:59Z,1785828479808019825,6301,6664,28088,4,17,44547,11575091,200,0,386,0,0,1982,6773
6278,2026-08-04T07:28:00Z,1785828480811248090,6302,6664,28088,4,17,44555,11575887,200,0,386,0,0,1982,6773
6279,2026-08-04T07:28:01Z,1785828481815781154,6303,6664,28088,4,17,44563,11576682,200,0,386,0,0,1982,6773
6280,2026-08-04T07:28:02Z,1785828482819312389,6304,6664,28088,4,17,44571,11577477,200,0,386,0,0,1982,6773
6281,2026-08-04T07:28:03Z,1785828483822605746,6305,6664,28088,4,17,44578,11578268,200,0,386,0,0,1982,6774
6282,2026-08-04T07:28:04Z,1785828484825921164,6306,6664,28088,4,17,44585,11579063,200,0,386,0,0,1982,6774
6283,2026-08-04T07:28:05Z,1785828485829523983,6307,6664,28088,4,17,44593,11579857,200,0,386,0,0,1982,6774
6284,2026-08-04T07:28:06Z,1785828486833056092,6308,6664,28088,4,17,44601,11580651,200,0,386,0,0,1982,6774
6285,2026-08-04T07:28:07Z,1785828487836874934,6309,6664,28088,4,17,44609,11581448,200,0,386,0,0,1982,6774
6286,2026-08-04T07:28:08Z,1785828488840399275,6310,6664,28088,4,17,44616,11582242,200,0,386,0,0,1982,6775
6287,2026-08-04T07:28:09Z,1785828489844154563,6311,6664,28088,4,17,44624,11583036,200,0,386,0,0,1982,6776
6288,2026-08-04T07:28:10Z,1785828490848057241,6312,6664,28088,4,17,44630,11583831,200,0,386,0,0,1982,6776
6289,2026-08-04T07:28:11Z,1785828491851607772,6313,6664,28088,4,17,44638,11584626,200,0,386,0,0,1982,6777
6290,2026-08-04T07:28:12Z,1785828492855469137,6314,6664,28088,4,17,44646,11585422,200,0,386,0,0,1982,6777
6291,2026-08-04T07:28:13Z,1785828493859268676,6315,6664,28088,4,17,44653,11586218,200,0,386,0,0,1982,6778
6292,2026-08-04T07:28:14Z,1785828494863607055,6316,6664,28088,4,17,44660,11587011,200,0,386,0,0,1982,6779
6293,2026-08-04T07:28:15Z,1785828495866712452,6317,6664,28088,4,17,44668,11587808,200,0,386,0,0,1982,6780
6294,2026-08-04T07:28:16Z,1785828496871059316,6318,6664,28088,4,17,44676,11588603,200,0,386,0,0,1982,6781
6295,2026-08-04T07:28:17Z,1785828497874221682,6319,6664,28088,4,17,44683,11589396,200,0,386,0,0,1982,6781
6296,2026-08-04T07:28:18Z,1785828498878096982,6320,6664,28088,4,17,44691,11590188,200,0,386,0,0,1982,6781
6297,2026-08-04T07:28:19Z,1785828499882211158,6321,6664,28088,4,17,44699,11590982,200,0,386,0,0,1982,6781
6298,2026-08-04T07:28:20Z,1785828500886145665,6322,6664,28088,4,17,44707,11591776,200,0,386,0,0,1982,6781
6299,2026-08-04T07:28:21Z,1785828501890204655,6323,6664,28088,4,17,44714,11592569,200,0,386,0,0,1982,6781
6300,2026-08-04T07:28:22Z,1785828502894207756,6324,6664,28088,4,17,44722,11593365,200,0,386,0,0,1982,6781
6301,2026-08-04T07:28:23Z,1785828503897916355,6325,6664,28088,4,17,44729,11594161,200,0,386,0,0,1982,6782
6302,2026-08-04T07:28:24Z,1785828504901956388,6326,6664,28088,4,17,44737,11594955,200,0,386,0,0,1982,6783
6303,2026-08-04T07:28:25Z,1785828505906096914,6327,6664,28088,4,17,44745,11595748,200,0,386,0,0,1982,6784
6304,2026-08-04T07:28:26Z,1785828506910161569,6328,6660,28088,4,16,44752,11596543,200,0,386,0,0,1982,6785
6305,2026-08-04T07:28:27Z,1785828507913976156,6329,6656,28088,4,15,44758,11597339,200,0,386,0,0,1982,6786
6306,2026-08-04T07:28:28Z,1785828508917953050,6330,6632,28088,4,14,44763,11598139,200,0,386,0,0,1982,6786
6307,2026-08-04T07:28:29Z,1785828509921337536,6331,6624,28088,4,12,44766,11598939,200,0,386,0,0,1982,6786
6308,2026-08-04T07:28:30Z,1785828510924566260,6332,6296,28088,4,10,44766,11599742,200,0,386,0,0,1982,6786
6309,2026-08-04T07:28:31Z,1785828511928580022,6333,6296,28088,4,10,44766,11600544,200,0,386,0,0,1982,6786
6310,2026-08-04T07:28:32Z,1785828512932412477,6334,6296,28088,4,10,44766,11601347,200,0,386,0,0,1982,6786
6311,2026-08-04T07:28:33Z,1785828513936155496,6335,6296,28088,4,10,44766,11602149,200,0,386,0,0,1982,6786
6312,2026-08-04T07:28:34Z,1785828514940425276,6336,6296,28088,4,10,44766,11602953,200,0,386,0,0,1982,6786
6313,2026-08-04T07:28:35Z,1785828515943266877,6337,6300,28088,4,11,44766,11603755,200,0,386,0,0,1982,6786
6314,2026-08-04T07:28:36Z,1785828516947638452,6338,6304,28088,4,12,44766,11604556,200,0,386,0,0,1982,6786
6315,2026-08-04T07:28:37Z,1785828517951381510,6339,6328,28088,4,13,44769,11605353,200,0,386,0,0,1982,6786
6316,2026-08-04T07:28:38Z,1785828518955170445,6340,6332,28088,4,14,44772,11606152,200,0,386,0,0,1982,6786
6317,2026-08-04T07:28:39Z,1785828519958881383,6341,6656,28088,4,15,44780,11606947,200,0,386,0,0,1982,6786
6318,2026-08-04T07:28:40Z,1785828520962538422,6342,17388,28088,4,116,44804,11607741,200,0,386,0,0,2071,6900
6319,2026-08-04T07:28:41Z,1785828521966598538,6343,6924,28088,4,60,44811,11608536,200,0,387,0,0,2071,6900
6320,2026-08-04T07:28:42Z,1785828522970830637,6344,6924,28088,4,60,44818,11609331,200,0,387,0,0,2071,6900
6321,2026-08-04T07:28:43Z,1785828523975081225,6345,6924,28088,4,60,44825,11610128,200,0,387,0,0,2071,6900
6322,2026-08-04T07:28:44Z,1785828524978880412,6346,6924,28088,4,60,44833,11610921,200,0,387,0,0,2071,6900
6323,2026-08-04T07:28:45Z,1785828525982071036,6347,6924,28088,4,60,44840,11611716,200,0,387,0,0,2071,6900
6324,2026-08-04T07:28:46Z,1785828526986292648,6348,6924,28088,4,60,44847,11612513,200,0,387,0,0,2071,6900
6325,2026-08-04T07:28:47Z,1785828527990289196,6349,6924,28088,4,60,44854,11613308,200,0,387,0,0,2071,6900
6326,2026-08-04T07:28:48Z,1785828528993945641,6350,6924,28088,4,60,44862,11614101,200,0,387,0,0,2095,6900
6327,2026-08-04T07:28:49Z,1785828529997838384,6351,6924,28088,4,60,44869,11614898,200,0,387,0,0,2095,6900
6328,2026-08-04T07:28:51Z,1785828531001571114,6353,6924,28088,4,60,44876,11615694,200,0,387,0,0,2095,6900
6329,2026-08-04T07:28:52Z,1785828532005626761,6354,6924,28088,4,60,44883,11616492,200,0,387,0,0,2095,6900
6330,2026-08-04T07:28:53Z,1785828533009461044,6355,6924,28088,4,60,44890,11617285,200,0,387,0,0,2095,6900
6331,2026-08-04T07:28:54Z,1785828534013460807,6356,6924,28088,4,60,44898,11618081,200,0,387,0,0,2095,6900
6332,2026-08-04T07:28:55Z,1785828535017541271,6357,6924,28088,4,60,44904,11618875,200,0,387,0,0,2095,6900
6333,2026-08-04T07:28:56Z,1785828536021802218,6358,6924,28088,4,60,44912,11619668,200,0,387,0,0,2095,6900
6334,2026-08-04T07:28:57Z,1785828537025568260,6359,6924,28088,4,60,44919,11620464,200,0,387,0,0,2095,6900
6335,2026-08-04T07:28:58Z,1785828538029886002,6360,6924,28088,4,60,44926,11621259,200,0,387,0,0,2095,6900
6336,2026-08-04T07:28:59Z,1785828539034432422,6361,6924,28088,4,60,44933,11622053,200,0,387,0,0,2095,6900
6337,2026-08-04T07:29:00Z,1785828540038012512,6362,6924,28088,4,60,44941,11622847,200,0,387,0,0,2095,6900
6338,2026-08-04T07:29:01Z,1785828541041391612,6363,6924,28088,4,60,44948,11623642,200,0,387,0,0,2095,6900
6339,2026-08-04T07:29:02Z,1785828542046107278,6364,6924,28088,4,60,44955,11624434,200,0,387,0,0,2095,6900
6340,2026-08-04T07:29:03Z,1785828543049377294,6365,6924,28088,4,60,44963,11625228,200,0,387,0,0,2095,6900
6341,2026-08-04T07:29:04Z,1785828544054124715,6366,6924,28088,4,60,44970,11626025,200,0,387,0,0,2095,6900
6342,2026-08-04T07:29:05Z,1785828545057132748,6367,6924,28088,4,60,44977,11626819,200,0,387,0,0,2095,6900
6343,2026-08-04T07:29:06Z,1785828546061106040,6368,6924,28088,4,60,44985,11627616,200,0,387,0,0,2095,6900
6344,2026-08-04T07:29:07Z,1785828547064961498,6369,6924,28088,4,60,44993,11628412,200,0,387,0,0,2095,6900
6345,2026-08-04T07:29:08Z,1785828548069246069,6370,6924,28088,4,60,44999,11629207,200,0,387,0,0,2095,6900
6346,2026-08-04T07:29:09Z,1785828549072370909,6371,6924,28088,4,60,45006,11630005,200,0,387,0,0,2095,6900
6347,2026-08-04T07:29:10Z,1785828550077115788,6372,6924,28088,4,60,45014,11630798,200,0,387,0,0,2095,6900
6348,2026-08-04T07:29:11Z,1785828551080371066,6373,6692,28088,4,17,45021,11631593,200,0,387,0,0,2095,6900
6349,2026-08-04T07:29:12Z,1785828552084492516,6374,6692,28088,4,17,45028,11632386,200,0,386,0,0,2095,6900
6350,2026-08-04T07:29:13Z,1785828553088556798,6375,6692,28088,4,17,45035,11633182,200,0,386,0,0,2095,6900
6351,2026-08-04T07:29:14Z,1785828554092622832,6376,6692,28088,4,17,45043,11633981,200,0,386,0,0,2095,6900
6352,2026-08-04T07:29:15Z,1785828555096636446,6377,6692,28088,4,17,45050,11634780,200,0,386,0,0,2095,6900
6353,2026-08-04T07:29:16Z,1785828556100073432,6378,6692,28088,4,17,45057,11635575,200,0,386,0,0,2095,6900
6354,2026-08-04T07:29:17Z,1785828557104057080,6379,6688,28088,4,16,45065,11636369,200,0,386,0,0,2095,6900
6355,2026-08-04T07:29:18Z,1785828558108020785,6380,6688,28088,4,16,45072,11637164,200,0,386,0,0,2095,6900
6356,2026-08-04T07:29:19Z,1785828559111780211,6381,6688,28088,4,16,45079,11637960,200,0,386,0,0,2095,6900
6357,2026-08-04T07:29:20Z,1785828560115462677,6382,6688,28088,4,16,45086,11638751,200,0,386,0,0,2095,6900
6358,2026-08-04T07:29:21Z,1785828561119478984,6383,6688,28088,4,16,45093,11639547,200,0,386,0,0,2095,6900
6359,2026-08-04T07:29:22Z,1785828562123329389,6384,6688,28088,4,16,45100,11640343,200,0,386,0,0,2095,6900
6360,2026-08-04T07:29:23Z,1785828563127158871,6385,6688,28088,4,16,45108,11641138,200,0,386,0,0,2095,6900
6361,2026-08-04T07:29:24Z,1785828564130901243,6386,6688,28088,4,16,45114,11641934,200,0,386,0,0,2095,6900
6362,2026-08-04T07:29:25Z,1785828565135065561,6387,6688,28088,4,16,45122,11642730,200,0,386,0,0,2095,6900
6363,2026-08-04T07:29:26Z,1785828566139342896,6388,6688,28088,4,16,45129,11643526,200,0,386,0,0,2095,6900
6364,2026-08-04T07:29:27Z,1785828567143115126,6389,6688,28088,4,16,45136,11644319,200,0,386,0,0,2095,6900
6365,2026-08-04T07:29:28Z,1785828568147086900,6390,6688,28088,4,16,45144,11645115,200,0,386,0,0,2095,6900
6366,2026-08-04T07:29:29Z,1785828569151023923,6391,6688,28088,4,16,45151,11645915,200,0,386,0,0,2095,6900
6367,2026-08-04T07:29:30Z,1785828570155341856,6392,6688,28088,4,16,45158,11646711,200,0,386,0,0,2095,6900
6368,2026-08-04T07:29:31Z,1785828571159345902,6393,6688,28088,4,16,45166,11647506,200,0,386,0,0,2095,6900
6369,2026-08-04T07:29:32Z,1785828572162869754,6394,6688,28088,4,16,45173,11648302,200,0,386,0,0,2095,6900
6370,2026-08-04T07:29:33Z,1785828573166999777,6395,6688,28088,4,16,45180,11649096,200,0,386,0,0,2095,6900
6371,2026-08-04T07:29:34Z,1785828574170719311,6396,6688,28088,4,16,45187,11649889,200,0,386,0,0,2095,6900
6372,2026-08-04T07:29:35Z,1785828575174686251,6397,6688,28088,4,16,45195,11650686,200,0,386,0,0,2095,6900
6373,2026-08-04T07:29:36Z,1785828576178332520,6398,6688,28088,4,16,45201,11651480,200,0,386,0,0,2095,6900
6374,2026-08-04T07:29:37Z,1785828577181977900,6399,6688,28088,4,16,45209,11652275,200,0,386,0,0,2095,6900
6375,2026-08-04T07:29:38Z,1785828578185950354,6400,6688,28088,4,16,45216,11653070,200,0,386,0,0,2095,6900
6376,2026-08-04T07:29:39Z,1785828579189687779,6401,6688,28088,4,16,45223,11653865,200,0,386,0,0,2095,6900
6377,2026-08-04T07:29:40Z,1785828580193317701,6402,6688,28088,4,16,45230,11654660,200,0,386,0,0,2095,6900
6378,2026-08-04T07:29:41Z,1785828581196845551,6403,6688,28088,4,16,45237,11655455,200,0,386,0,0,2095,6900
6379,2026-08-04T07:29:42Z,1785828582200238556,6404,6688,28088,4,16,45245,11656252,200,0,386,0,0,2095,6900
6380,2026-08-04T07:29:43Z,1785828583204044344,6405,6688,28088,4,16,45252,11657046,200,0,386,0,0,2095,6900
6381,2026-08-04T07:29:44Z,1785828584207982647,6406,6688,28088,4,16,45259,11657843,200,0,386,0,0,2095,6900
6382,2026-08-04T07:29:45Z,1785828585212772910,6407,6688,28088,4,16,45265,11658638,200,0,386,0,0,2095,6900
6383,2026-08-04T07:29:46Z,1785828586215924187,6408,6688,28088,4,16,45273,11659430,200,0,386,0,0,2095,6900
6384,2026-08-04T07:29:47Z,1785828587220448783,6409,6688,28088,4,16,45280,11660227,200,0,386,0,0,2095,6900
6385,2026-08-04T07:29:48Z,1785828588223410682,6410,6688,28088,4,16,45288,11661021,200,0,386,0,0,2095,6900
6386,2026-08-04T07:29:49Z,1785828589227236653,6411,6688,28088,4,16,45295,11661813,200,0,386,0,0,2095,6900
6387,2026-08-04T07:29:50Z,1785828590230861852,6412,6688,28088,4,16,45301,11662609,200,0,386,0,0,2095,6900
6388,2026-08-04T07:29:51Z,1785828591234369669,6413,6688,28088,4,16,45309,11663404,200,0,386,0,0,2095,6900
6389,2026-08-04T07:29:52Z,1785828592238745177,6414,6688,28088,4,16,45316,11664200,200,0,386,0,0,2095,6900
6390,2026-08-04T07:29:53Z,1785828593241665359,6415,6688,28088,4,16,45323,11664995,200,0,386,0,0,2095,6900
6391,2026-08-04T07:29:54Z,1785828594245178690,6416,6688,28088,4,16,45330,11665790,200,0,386,0,0,2095,6900
6392,2026-08-04T07:29:55Z,1785828595249164817,6417,6688,28088,4,16,45338,11666585,200,0,386,0,0,2095,6900
6393,2026-08-04T07:29:56Z,1785828596253139332,6418,6688,28088,4,16,45345,11667380,200,0,386,0,0,2095,6900
6394,2026-08-04T07:29:57Z,1785828597256990656,6419,6688,28088,4,16,45352,11668174,200,0,386,0,0,2095,6900
6395,2026-08-04T07:29:58Z,1785828598260924906,6420,6688,28088,4,16,45359,11668969,200,0,386,0,0,2095,6900
6396,2026-08-04T07:29:59Z,1785828599265152660,6421,6688,28088,4,16,45367,11669764,200,0,386,0,0,2095,6900
6397,2026-08-04T07:30:00Z,1785828600270079429,6422,6688,28088,4,16,45373,11670561,200,0,386,0,0,2095,6900
6398,2026-08-04T07:30:01Z,1785828601273848634,6423,6688,28088,4,16,45381,11671354,200,0,386,0,0,2095,6900
6399,2026-08-04T07:30:02Z,1785828602278373686,6424,6688,28088,4,16,45388,11672147,200,0,386,0,0,2095,6900
6400,2026-08-04T07:30:03Z,1785828603280876220,6425,6688,28088,4,16,45396,11672942,200,0,386,0,0,2095,6900
6401,2026-08-04T07:30:04Z,1785828604284847365,6426,6688,28088,4,16,45403,11673736,200,0,386,0,0,2095,6900
6402,2026-08-04T07:30:05Z,1785828605288038315,6427,6688,28088,4,16,45411,11674531,200,0,386,0,0,2095,6900
6403,2026-08-04T07:30:06Z,1785828606292360511,6428,6688,28088,4,16,45418,11675326,200,0,386,0,0,2095,6900
6404,2026-08-04T07:30:07Z,1785828607295616080,6429,6688,28088,4,16,45425,11676123,200,0,386,0,0,2095,6900
6405,2026-08-04T07:30:08Z,1785828608300037978,6430,6688,28088,4,16,45433,11676919,200,0,386,0,0,2095,6900
6406,2026-08-04T07:30:09Z,1785828609303134661,6431,6688,28088,4,16,45440,11677708,200,0,386,0,0,2095,6900
6407,2026-08-04T07:30:10Z,1785828610307411355,6432,6688,28088,4,16,45447,11678502,200,0,386,0,0,2095,6900
6408,2026-08-04T07:30:11Z,1785828611310427167,6433,6688,28088,4,16,45454,11679301,200,0,386,0,0,2095,6900
6409,2026-08-04T07:30:12Z,1785828612314532978,6434,6688,28088,4,16,45462,11680096,200,0,386,0,0,2095,6900
6410,2026-08-04T07:30:13Z,1785828613319179048,6435,6688,28088,4,16,45469,11680893,200,0,386,0,0,2095,6900
6411,2026-08-04T07:30:14Z,1785828614322145449,6436,6688,28088,4,16,45476,11681687,200,0,386,0,0,2095,6900
6412,2026-08-04T07:30:15Z,1785828615326275269,6437,6688,28088,4,16,45483,11682481,200,0,386,0,0,2095,6900
6413,2026-08-04T07:30:16Z,1785828616330419878,6438,6688,28088,4,16,45491,11683277,200,0,386,0,0,2095,6900
6414,2026-08-04T07:30:17Z,1785828617335212485,6439,6688,28088,4,16,45497,11684072,200,0,386,0,0,2095,6900
6415,2026-08-04T07:30:18Z,1785828618339000489,6440,6688,28088,4,16,45505,11684867,200,0,386,0,0,2095,6900
6416,2026-08-04T07:30:19Z,1785828619342256813,6441,6692,28088,4,17,45512,11685663,200,0,386,0,0,2095,6900
6417,2026-08-04T07:30:20Z,1785828620346882647,6442,6692,28088,4,17,45519,11686459,200,0,386,0,0,2095,6900
6418,2026-08-04T07:30:21Z,1785828621350280572,6443,6692,28088,4,17,45526,11687253,200,0,386,0,0,2095,6900
6419,2026-08-04T07:30:22Z,1785828622355015046,6444,6692,28088,4,17,45533,11688048,200,0,386,0,0,2095,6900
6420,2026-08-04T07:30:23Z,1785828623358380699,6445,6692,28088,4,17,45540,11688841,200,0,386,0,0,2095,6900
6421,2026-08-04T07:30:24Z,1785828624361922776,6446,6692,28088,4,17,45547,11689637,200,0,386,0,0,2095,6900
6422,2026-08-04T07:30:25Z,1785828625365142842,6447,6692,28088,4,17,45555,11690430,200,0,386,0,0,2095,6900
6423,2026-08-04T07:30:26Z,1785828626369169071,6448,6692,28088,4,17,45563,11691225,200,0,386,0,0,2095,6900
6424,2026-08-04T07:30:27Z,1785828627373833321,6449,6692,28088,4,17,45570,11692020,200,0,386,0,0,2095,6900
6425,2026-08-04T07:30:28Z,1785828628377217178,6450,6692,28088,4,17,45577,11692815,200,0,386,0,0,2095,6900
6426,2026-08-04T07:30:29Z,1785828629380576882,6451,6692,28088,4,17,45584,11693608,200,0,386,0,0,2095,6900
6427,2026-08-04T07:30:30Z,1785828630384384633,6452,6692,28088,4,17,45592,11694402,200,0,386,0,0,2095,6901
6428,2026-08-04T07:30:31Z,1785828631388755261,6453,6692,28088,4,17,45599,11695196,200,0,386,0,0,2095,6901
6429,2026-08-04T07:30:32Z,1785828632391793724,6454,6692,28088,4,17,45606,11695992,200,0,386,0,0,2095,6901
6430,2026-08-04T07:30:33Z,1785828633396007819,6455,6692,28088,4,17,45613,11696786,200,0,386,0,0,2095,6901
6431,2026-08-04T07:30:34Z,1785828634400158061,6456,6692,28088,4,17,45620,11697582,200,0,386,0,0,2095,6901
6432,2026-08-04T07:30:35Z,1785828635404414785,6457,6692,28088,4,17,45628,11698378,200,0,386,0,0,2095,6901
6433,2026-08-04T07:30:36Z,1785828636408345129,6458,6688,28088,4,16,45635,11699172,200,0,386,0,0,2095,6901
6434,2026-08-04T07:30:37Z,1785828637412048193,6459,6680,28088,4,14,45642,11699971,200,0,386,0,0,2095,6901
6435,2026-08-04T07:30:38Z,1785828638415978066,6460,6656,28088,4,13,45647,11700768,200,0,386,0,0,2095,6901
6436,2026-08-04T07:30:39Z,1785828639419357021,6461,6652,28088,4,12,45648,11701568,200,0,386,0,0,2095,6901
6437,2026-08-04T07:30:40Z,1785828640422696052,6462,6324,28088,4,10,45648,11702370,200,0,386,0,0,2095,6901
6438,2026-08-04T07:30:41Z,1785828641425853588,6463,6324,28088,4,10,45648,11703172,200,0,386,0,0,2095,6901
6439,2026-08-04T07:30:42Z,1785828642429745247,6464,6324,28088,4,10,45648,11703975,200,0,386,0,0,2095,6901
6440,2026-08-04T07:30:43Z,1785828643433340432,6465,6324,28088,4,10,45648,11704777,200,0,386,0,0,2095,6901
6441,2026-08-04T07:30:44Z,1785828644437033016,6466,6324,28088,4,10,45648,11705580,200,0,386,0,0,2095,6901
6442,2026-08-04T07:30:45Z,1785828645441192246,6467,6328,28088,4,11,45648,11706383,200,0,386,0,0,2095,6901
6443,2026-08-04T07:30:46Z,1785828646445835913,6468,6332,28088,4,12,45649,11707185,200,0,386,0,0,2095,6901
6444,2026-08-04T07:30:47Z,1785828647449591019,6469,6356,28088,4,13,45652,11707984,200,0,386,0,0,2095,6901
6445,2026-08-04T07:30:48Z,1785828648453784840,6470,6360,28088,4,14,45656,11708782,200,0,386,0,0,2095,6901
6446,2026-08-04T07:30:49Z,1785828649458075982,6471,6684,28088,4,15,45663,11709577,200,0,386,0,0,2095,6901
6447,2026-08-04T07:30:50Z,1785828650462335531,6472,6696,28088,4,18,45671,11710374,200,0,386,0,0,2095,6902
6448,2026-08-04T07:30:51Z,1785828651466434471,6473,6696,28088,4,18,45679,11711171,200,0,386,0,0,2095,6903
6449,2026-08-04T07:30:52Z,1785828652470380445,6474,6696,28088,4,18,45686,11711967,200,0,386,0,0,2095,6904
6450,2026-08-04T07:30:53Z,1785828653474173368,6475,6696,28088,4,18,45693,11712766,200,0,386,0,0,2095,6904
6451,2026-08-04T07:30:54Z,1785828654478771104,6476,6696,28088,4,18,45701,11713564,200,0,386,0,0,2095,6905
6452,2026-08-04T07:30:55Z,1785828655482012096,6477,6696,28088,4,18,45709,11714361,200,0,386,0,0,2095,6905
6453,2026-08-04T07:30:56Z,1785828656486525419,6478,6696,28088,4,18,45716,11715159,200,0,386,0,0,2095,6906
6454,2026-08-04T07:30:57Z,1785828657489760980,6479,6696,28088,4,18,45724,11715955,200,0,386,0,0,2095,6907
6455,2026-08-04T07:30:58Z,1785828658494260906,6480,6696,28088,4,18,45731,11716753,200,0,386,0,0,2095,6908
6456,2026-08-04T07:30:59Z,1785828659497594033,6481,6696,28088,4,18,45739,11717548,200,0,386,0,0,2095,6909
6457,2026-08-04T07:31:00Z,1785828660501900885,6482,6696,28088,4,18,45746,11718342,200,0,386,0,0,2095,6910
6458,2026-08-04T07:31:01Z,1785828661505393566,6483,6696,28088,4,18,45754,11719136,200,0,386,0,0,2095,6911
6459,2026-08-04T07:31:02Z,1785828662510504905,6484,6696,28088,4,18,45762,11719933,200,0,386,0,0,2095,6911
6460,2026-08-04T07:31:03Z,1785828663514471203,6485,6696,28088,4,18,45770,11720726,200,0,386,0,0,2095,6911
6461,2026-08-04T07:31:04Z,1785828664517479710,6486,6696,28088,4,18,45778,11721523,200,0,386,0,0,2095,6911
6462,2026-08-04T07:31:05Z,1785828665521742562,6487,6696,28088,4,18,45785,11722319,200,0,386,0,0,2095,6912
6463,2026-08-04T07:31:06Z,1785828666526123259,6488,6696,28088,4,18,45794,11723115,200,0,386,0,0,2095,6913
6464,2026-08-04T07:31:07Z,1785828667529026389,6489,6696,28088,4,18,45801,11723914,200,0,386,0,0,2095,6914
6465,2026-08-04T07:31:08Z,1785828668532986954,6490,6696,28088,4,18,45808,11724710,200,0,386,0,0,2095,6915
6466,2026-08-04T07:31:09Z,1785828669536845682,6491,6696,28088,4,18,45816,11725507,200,0,386,0,0,2095,6915
6467,2026-08-04T07:31:10Z,1785828670541186748,6492,6696,28088,4,18,45824,11726301,200,0,386,0,0,2095,6915
6468,2026-08-04T07:31:11Z,1785828671545240101,6493,6696,28088,4,18,45831,11727098,200,0,386,0,0,2095,6915
6469,2026-08-04T07:31:12Z,1785828672548474909,6494,6696,28088,4,18,45839,11727896,200,0,386,0,0,2095,6915
6470,2026-08-04T07:31:13Z,1785828673552856175,6495,6696,28088,4,18,45847,11728694,200,0,386,0,0,2095,6915
6471,2026-08-04T07:31:14Z,1785828674556530868,6496,6696,28088,4,18,45854,11729489,200,0,386,0,0,2095,6916
6472,2026-08-04T07:31:15Z,1785828675560112137,6497,6696,28088,4,18,45862,11730288,200,0,386,0,0,2095,6917
6473,2026-08-04T07:31:16Z,1785828676563220234,6498,6696,28088,4,18,45869,11731083,200,0,386,0,0,2095,6918
6474,2026-08-04T07:31:17Z,1785828677567164825,6499,6696,28088,4,18,45877,11731881,200,0,386,0,0,2095,6919
6475,2026-08-04T07:31:18Z,1785828678571037049,6500,6696,28088,4,18,45884,11732675,200,0,386,0,0,2095,6919
6476,2026-08-04T07:31:19Z,1785828679575025304,6501,6696,28088,4,18,45892,11733470,200,0,386,0,0,2095,6920
6477,2026-08-04T07:31:20Z,1785828680578790191,6502,6692,28088,4,17,45900,11734266,200,0,386,0,0,2095,6921
6478,2026-08-04T07:31:21Z,1785828681582942361,6503,6692,28088,4,17,45907,11735061,200,0,386,0,0,2095,6921
6479,2026-08-04T07:31:22Z,1785828682587136318,6504,6692,28088,4,17,45915,11735858,200,0,386,0,0,2095,6922
6480,2026-08-04T07:31:23Z,1785828683591220673,6505,6692,28088,4,17,45922,11736656,200,0,386,0,0,2095,6922
6481,2026-08-04T07:31:24Z,1785828684595284523,6506,6692,28088,4,17,45930,11737452,200,0,386,0,0,2095,6922
6482,2026-08-04T07:31:25Z,1785828685598974461,6507,6692,28088,4,17,45938,11738247,200,0,386,0,0,2095,6923
6483,2026-08-04T07:31:26Z,1785828686602893292,6508,6692,28088,4,17,45945,11739045,200,0,386,0,0,2095,6924
6484,2026-08-04T07:31:27Z,1785828687606559245,6509,6692,28088,4,17,45953,11739844,200,0,386,0,0,2095,6924
6485,2026-08-04T07:31:28Z,1785828688610298405,6510,6692,28088,4,17,45960,11740640,200,0,386,0,0,2095,6925
6486,2026-08-04T07:31:29Z,1785828689615092465,6511,6692,28088,4,17,45967,11741438,200,0,386,0,0,2095,6925
6487,2026-08-04T07:31:30Z,1785828690619836894,6512,6692,28088,4,17,45975,11742235,200,0,386,0,0,2095,6926
6488,2026-08-04T07:31:31Z,1785828691622026391,6513,6692,28088,4,17,45983,11743031,200,0,386,0,0,2095,6927
6489,2026-08-04T07:31:32Z,1785828692626063768,6514,6692,28088,4,17,45990,11743825,200,0,386,0,0,2095,6928
6490,2026-08-04T07:31:33Z,1785828693629870967,6515,6692,28088,4,17,45998,11744623,200,0,386,0,0,2095,6929
6491,2026-08-04T07:31:34Z,1785828694634286831,6516,6692,28088,4,17,46006,11745418,200,0,386,0,0,2095,6930
6492,2026-08-04T07:31:35Z,1785828695637089044,6517,6692,28088,4,17,46013,11746214,200,0,386,0,0,2095,6930
6493,2026-08-04T07:31:36Z,1785828696641891421,6518,6692,28088,4,17,46021,11747013,200,0,386,0,0,2095,6931
6494,2026-08-04T07:31:37Z,1785828697644642491,6519,6692,28088,4,17,46028,11747810,200,0,386,0,0,2095,6932
6495,2026-08-04T07:31:38Z,1785828698648532940,6520,6692,28088,4,17,46036,11748611,200,0,386,0,0,2095,6933
6496,2026-08-04T07:31:39Z,1785828699652618206,6521,6692,28088,4,17,46043,11749403,200,0,386,0,0,2095,6934
6497,2026-08-04T07:31:40Z,1785828700657056651,6522,6692,28088,4,17,46052,11750201,200,0,386,0,0,2095,6935
6498,2026-08-04T07:31:41Z,1785828701661098069,6523,6692,28088,4,17,46059,11750998,200,0,386,0,0,2095,6935
6499,2026-08-04T07:31:42Z,1785828702665115007,6524,6692,28088,4,17,46067,11751795,200,0,386,0,0,2095,6936
6500,2026-08-04T07:31:43Z,1785828703669071310,6525,6692,28088,4,17,46075,11752595,200,0,386,0,0,2095,6936
6501,2026-08-04T07:31:44Z,1785828704673799687,6526,6692,28088,4,17,46082,11753392,200,0,386,0,0,2095,6936
6502,2026-08-04T07:31:45Z,1785828705677510437,6527,6692,28088,4,17,46090,11754186,200,0,386,0,0,2095,6937
6503,2026-08-04T07:31:46Z,1785828706681129391,6528,6692,28088,4,17,46098,11754984,200,0,386,0,0,2095,6938
6504,2026-08-04T07:31:47Z,1785828707684432532,6529,6692,28088,4,17,46106,11755779,200,0,386,0,0,2095,6939
6505,2026-08-04T07:31:48Z,1785828708688815923,6530,6692,28088,4,17,46113,11756580,200,0,386,0,0,2095,6940
6506,2026-08-04T07:31:49Z,1785828709691555800,6531,6692,28088,4,17,46120,11757379,200,0,386,0,0,2095,6940
6507,2026-08-04T07:31:50Z,1785828710695566948,6532,6692,28088,4,17,46128,11758175,200,0,386,0,0,2095,6941
6508,2026-08-04T07:31:51Z,1785828711699501465,6533,6692,28088,4,17,46135,11758971,200,0,386,0,0,2095,6942
6509,2026-08-04T07:31:52Z,1785828712703754044,6534,6692,28088,4,17,46143,11759768,200,0,386,0,0,2095,6943
6510,2026-08-04T07:31:53Z,1785828713706765084,6535,6692,28088,4,17,46150,11760564,200,0,386,0,0,2095,6944
6511,2026-08-04T07:31:54Z,1785828714710762683,6536,6692,28088,4,17,46158,11761361,200,0,386,0,0,2095,6944
6512,2026-08-04T07:31:55Z,1785828715714785198,6537,6692,28088,4,17,46165,11762159,200,0,386,0,0,2095,6945
6513,2026-08-04T07:31:56Z,1785828716719062098,6538,6692,28088,4,17,46173,11762954,200,0,386,0,0,2095,6946
6514,2026-08-04T07:31:57Z,1785828717721829527,6539,6692,28088,4,17,46181,11763752,200,0,386,0,0,2095,6947
6515,2026-08-04T07:31:58Z,1785828718725877625,6540,6692,28088,4,17,46188,11764547,200,0,386,0,0,2095,6948
6516,2026-08-04T07:31:59Z,1785828719730920712,6541,6692,28088,4,17,46196,11765343,200,0,386,0,0,2095,6949
6517,2026-08-04T07:32:00Z,1785828720734380444,6542,6692,28088,4,17,46204,11766141,200,0,386,0,0,2095,6950
6518,2026-08-04T07:32:01Z,1785828721738030354,6543,6692,28088,4,17,46211,11766937,200,0,386,0,0,2095,6950
6519,2026-08-04T07:32:02Z,1785828722741370314,6544,6692,28088,4,17,46219,11767729,200,0,386,0,0,2095,6951
6520,2026-08-04T07:32:03Z,1785828723745856736,6545,6692,28088,4,17,46226,11768526,200,0,386,0,0,2095,6951
6521,2026-08-04T07:32:04Z,1785828724749226791,6546,6692,28088,4,17,46234,11769323,200,0,386,0,0,2095,6952
6522,2026-08-04T07:32:05Z,1785828725752293731,6547,6692,28088,4,17,46242,11770119,200,0,386,0,0,2095,6952
6523,2026-08-04T07:32:06Z,1785828726756501257,6548,6692,28088,4,17,46250,11770916,200,0,386,0,0,2095,6953
6524,2026-08-04T07:32:07Z,1785828727760367817,6549,6692,28088,4,17,46258,11771716,200,0,386,0,0,2095,6954
6525,2026-08-04T07:32:08Z,1785828728764554926,6550,6692,28088,4,17,46265,11772513,200,0,386,0,0,2095,6955
6526,2026-08-04T07:32:09Z,1785828729768823067,6551,6692,28088,4,17,46273,11773311,200,0,386,0,0,2095,6956
6527,2026-08-04T07:32:10Z,1785828730772893816,6552,6692,28088,4,17,46281,11774108,200,0,386,0,0,2095,6957
6528,2026-08-04T07:32:11Z,1785828731777398147,6553,6692,28088,4,17,46288,11774906,200,0,386,0,0,2095,6958
6529,2026-08-04T07:32:12Z,1785828732780207780,6554,6692,28088,4,17,46297,11775702,200,0,386,0,0,2095,6959
6530,2026-08-04T07:32:13Z,1785828733784436732,6555,6692,28088,4,17,46304,11776499,200,0,386,0,0,2095,6959
6531,2026-08-04T07:32:14Z,1785828734789088863,6556,6692,28088,4,17,46312,11777295,200,0,386,0,0,2095,6960
6532,2026-08-04T07:32:15Z,1785828735792457657,6557,6692,28088,4,17,46320,11778090,200,0,386,0,0,2095,6961
6533,2026-08-04T07:32:16Z,1785828736795622487,6558,6692,28088,4,17,46327,11778885,200,0,386,0,0,2095,6962
6534,2026-08-04T07:32:17Z,1785828737799397352,6559,6692,28088,4,17,46335,11779680,200,0,386,0,0,2095,6962
6535,2026-08-04T07:32:18Z,1785828738803355220,6560,6692,28088,4,17,46342,11780476,200,0,386,0,0,2095,6963
6536,2026-08-04T07:32:19Z,1785828739807164348,6561,6692,28088,4,17,46350,11781272,200,0,386,0,0,2095,6963
6537,2026-08-04T07:32:20Z,1785828740811354374,6562,6692,28088,4,17,46358,11782068,200,0,386,0,0,2095,6964
6538,2026-08-04T07:32:21Z,1785828741815974993,6563,6692,28088,4,17,46365,11782861,200,0,386,0,0,2095,6965
6539,2026-08-04T07:32:22Z,1785828742819248493,6564,6692,28088,4,17,46374,11783656,200,0,386,0,0,2095,6966
6540,2026-08-04T07:32:23Z,1785828743823070421,6565,6692,28088,4,17,46382,11784455,200,0,386,0,0,2095,6966
6541,2026-08-04T07:32:24Z,1785828744827353066,6566,6692,28088,4,17,46389,11785254,200,0,386,0,0,2095,6967
6542,2026-08-04T07:32:25Z,1785828745830283557,6567,6692,28088,4,17,46396,11786050,200,0,386,0,0,2095,6967
6543,2026-08-04T07:32:26Z,1785828746834456515,6568,6692,28088,4,17,46404,11786847,200,0,386,0,0,2095,6968
6544,2026-08-04T07:32:27Z,1785828747838802153,6569,6692,28088,4,17,46412,11787646,200,0,386,0,0,2095,6969
6545,2026-08-04T07:32:28Z,1785828748841417949,6570,6692,28088,4,17,46420,11788441,200,0,386,0,0,2095,6970
6546,2026-08-04T07:32:29Z,1785828749845569802,6571,6692,28088,4,17,46427,11789240,200,0,386,0,0,2095,6970
6547,2026-08-04T07:32:30Z,1785828750849010427,6572,6692,28088,4,17,46435,11790036,200,0,386,0,0,2095,6970
6548,2026-08-04T07:32:31Z,1785828751852509856,6573,6692,28088,4,17,46442,11790833,200,0,386,0,0,2095,6971
6549,2026-08-04T07:32:32Z,1785828752856411570,6574,6692,28088,4,17,46450,11791630,200,0,386,0,0,2095,6971
6550,2026-08-04T07:32:33Z,1785828753860078780,6575,6692,28088,4,17,46457,11792427,200,0,386,0,0,2095,6971
6551,2026-08-04T07:32:34Z,1785828754864381432,6576,6692,28088,4,17,46465,11793224,200,0,386,0,0,2095,6972
6552,2026-08-04T07:32:35Z,1785828755867512302,6577,6692,28088,4,17,46473,11794022,200,0,386,0,0,2095,6973
6553,2026-08-04T07:32:36Z,1785828756872018587,6578,6692,28088,4,17,46481,11794818,200,0,386,0,0,2095,6974
6554,2026-08-04T07:32:37Z,1785828757875294158,6579,6692,28088,4,17,46488,11795613,200,0,386,0,0,2095,6975
6555,2026-08-04T07:32:38Z,1785828758879359332,6580,6692,28088,4,17,46495,11796408,200,0,386,0,0,2095,6976
6556,2026-08-04T07:32:39Z,1785828759883397575,6581,6692,28088,4,17,46503,11797204,200,0,386,0,0,2095,6977
6557,2026-08-04T07:32:40Z,1785828760887436489,6582,6692,28088,4,17,46510,11798001,200,0,386,0,0,2095,6978
6558,2026-08-04T07:32:41Z,1785828761891182065,6583,6692,28088,4,17,46519,11798796,200,0,386,0,0,2095,6979
6559,2026-08-04T07:32:42Z,1785828762895079831,6584,6692,28088,4,17,46527,11799593,200,0,386,0,0,2095,6980
6560,2026-08-04T07:32:43Z,1785828763898965879,6585,6692,28088,4,17,46534,11800389,200,0,386,0,0,2095,6980
6561,2026-08-04T07:32:44Z,1785828764903461883,6586,6692,28088,4,17,46541,11801185,200,0,386,0,0,2095,6981
6562,2026-08-04T07:32:45Z,1785828765906691162,6587,6688,28088,4,16,46549,11801982,200,0,386,0,0,2095,6982
6563,2026-08-04T07:32:46Z,1785828766909980649,6588,6684,28088,4,15,46556,11802780,200,0,386,0,0,2095,6983
6564,2026-08-04T07:32:47Z,1785828767913203260,6589,6660,28088,4,14,46560,11803580,200,0,386,0,0,2095,6984
6565,2026-08-04T07:32:48Z,1785828768915922720,6590,6652,28088,4,12,46560,11804381,200,0,386,0,0,2095,6984
6566,2026-08-04T07:32:49Z,1785828769919718965,6591,6324,28088,4,10,46560,11805183,200,0,386,0,0,2095,6984
6567,2026-08-04T07:32:50Z,1785828770923631152,6592,6324,28088,4,10,46560,11805987,200,0,386,0,0,2095,6984
6568,2026-08-04T07:32:51Z,1785828771927565847,6593,6324,28088,4,10,46561,11806789,200,0,386,0,0,2095,6984
6569,2026-08-04T07:32:52Z,1785828772931441106,6594,6324,28088,4,10,46561,11807592,200,0,386,0,0,2095,6984
6570,2026-08-04T07:32:53Z,1785828773935690635,6595,6324,28088,4,10,46561,11808394,200,0,386,0,0,2095,6984
6571,2026-08-04T07:32:54Z,1785828774938711450,6596,6328,28088,4,11,46562,11809196,200,0,386,0,0,2095,6984
6572,2026-08-04T07:32:55Z,1785828775943296051,6597,6332,28088,4,12,46562,11809997,200,0,386,0,0,2095,6984
6573,2026-08-04T07:32:56Z,1785828776947282983,6598,6356,28088,4,13,46565,11810796,200,0,386,0,0,2095,6984
6574,2026-08-04T07:32:57Z,1785828777951193728,6599,6360,28088,4,14,46571,11811590,200,0,386,0,0,2095,6984
6575,2026-08-04T07:32:58Z,1785828778954908049,6600,6684,28088,4,15,46578,11812385,200,0,386,0,0,2095,6984
6576,2026-08-04T07:32:59Z,1785828779959214574,6601,6696,28088,4,18,46586,11813180,200,0,386,0,0,2095,6985
6577,2026-08-04T07:33:00Z,1785828780961902004,6602,6696,28088,4,18,46593,11813974,200,0,386,0,0,2095,6986
6578,2026-08-04T07:33:01Z,1785828781967004988,6603,6696,28088,4,18,46600,11814768,200,0,386,0,0,2095,6987
6579,2026-08-04T07:33:02Z,1785828782970471528,6604,6696,28088,4,18,46609,11815563,200,0,386,0,0,2095,6987
6580,2026-08-04T07:33:03Z,1785828783973891919,6605,6696,28088,4,18,46617,11816359,200,0,386,0,0,2095,6987
6581,2026-08-04T07:33:04Z,1785828784977995814,6606,6696,28088,4,18,46624,11817154,200,0,386,0,0,2095,6988
6582,2026-08-04T07:33:05Z,1785828785981018515,6607,6696,28088,4,18,46632,11817948,200,0,386,0,0,2095,6989
6583,2026-08-04T07:33:06Z,1785828786985020490,6608,6696,28088,4,18,46640,11818742,200,0,386,0,0,2095,6990
6584,2026-08-04T07:33:07Z,1785828787989254706,6609,6696,28088,4,18,46647,11819537,200,0,386,0,0,2095,6990
6585,2026-08-04T07:33:08Z,1785828788992720224,6610,6696,28088,4,18,46655,11820334,200,0,386,0,0,2095,6990
6586,2026-08-04T07:33:09Z,1785828789996242081,6611,6696,28088,4,18,46662,11821127,200,0,386,0,0,2095,6991
6587,2026-08-04T07:33:10Z,1785828791000264071,6613,6696,28088,4,18,46669,11821925,200,0,386,0,0,2095,6991
6588,2026-08-04T07:33:12Z,1785828792004561650,6614,6696,28088,4,18,46677,11822718,200,0,386,0,0,2095,6991
6589,2026-08-04T07:33:13Z,1785828793008274616,6615,6696,28088,4,18,46685,11823514,200,0,386,0,0,2095,6992
6590,2026-08-04T07:33:14Z,1785828794012072465,6616,6696,28088,4,18,46692,11824308,200,0,386,0,0,2095,6993
6591,2026-08-04T07:33:15Z,1785828795016222977,6617,6696,28088,4,18,46700,11825102,200,0,386,0,0,2095,6994
6592,2026-08-04T07:33:16Z,1785828796020273412,6618,6696,28088,4,18,46708,11825898,200,0,386,0,0,2095,6994
6593,2026-08-04T07:33:17Z,1785828797024260129,6619,6696,28088,4,18,46715,11826693,200,0,386,0,0,2095,6995
6594,2026-08-04T07:33:18Z,1785828798028086168,6620,6696,28088,4,18,46722,11827489,200,0,386,0,0,2095,6996
6595,2026-08-04T07:33:19Z,1785828799031687578,6621,6696,28088,4,18,46730,11828284,200,0,386,0,0,2095,6996
6596,2026-08-04T07:33:20Z,1785828800035894243,6622,6696,28088,4,18,46737,11829079,200,0,386,0,0,2095,6996
6597,2026-08-04T07:33:21Z,1785828801040061912,6623,6696,28088,4,18,46745,11829873,200,0,386,0,0,2095,6997
6598,2026-08-04T07:33:22Z,1785828802044117267,6624,6696,28088,4,18,46753,11830668,200,0,386,0,0,2095,6998
6599,2026-08-04T07:33:23Z,1785828803048111999,6625,6696,28088,4,18,46761,11831462,200,0,386,0,0,2095,6999
6600,2026-08-04T07:33:24Z,1785828804052133601,6626,6696,28088,4,18,46768,11832259,200,0,386,0,0,2095,6999
6601,2026-08-04T07:33:25Z,1785828805056332418,6627,6696,28088,4,18,46776,11833052,200,0,386,0,0,2095,7000
6602,2026-08-04T07:33:26Z,1785828806060466085,6628,6696,28088,4,18,46783,11833846,200,0,386,0,0,2095,7001
6603,2026-08-04T07:33:27Z,1785828807064971117,6629,6696,28088,4,18,46791,11834642,200,0,386,0,0,2095,7001
6604,2026-08-04T07:33:28Z,1785828808068471882,6630,6696,28088,4,18,46798,11835435,200,0,386,0,0,2095,7002
6605,2026-08-04T07:33:29Z,1785828809071082339,6631,6696,28088,4,18,46806,11836229,200,0,386,0,0,2095,7003
6606,2026-08-04T07:33:30Z,1785828810075985163,6632,6696,28088,4,18,46814,11837025,200,0,386,0,0,2095,7004
6607,2026-08-04T07:33:31Z,1785828811079819447,6633,6692,28088,4,17,46822,11837820,200,0,386,0,0,2095,7004
6608,2026-08-04T07:33:32Z,1785828812082999024,6634,6692,28088,4,17,46830,11838616,200,0,386,0,0,2095,7005
6609,2026-08-04T07:33:33Z,1785828813087406027,6635,6692,28088,4,17,46837,11839410,200,0,386,0,0,2095,7005
6610,2026-08-04T07:33:34Z,1785828814090500262,6636,6692,28088,4,17,46844,11840206,200,0,386,0,0,2095,7005
6611,2026-08-04T07:33:35Z,1785828815094136871,6637,6692,28088,4,17,46852,11841001,200,0,386,0,0,2095,7006
6612,2026-08-04T07:33:36Z,1785828816098108659,6638,6692,28088,4,17,46860,11841796,200,0,386,0,0,2095,7006
6613,2026-08-04T07:33:37Z,1785828817102493091,6639,6692,28088,4,17,46867,11842592,200,0,386,0,0,2095,7007
6614,2026-08-04T07:33:38Z,1785828818105239045,6640,6692,28088,4,17,46875,11843387,200,0,386,0,0,2095,7007
6615,2026-08-04T07:33:39Z,1785828819108990245,6641,6692,28088,4,17,46882,11844182,200,0,386,0,0,2095,7008
6616,2026-08-04T07:33:40Z,1785828820112894747,6642,6692,28088,4,17,46890,11844978,200,0,386,0,0,2095,7008
6617,2026-08-04T07:33:41Z,1785828821116757448,6643,6692,28088,4,17,46897,11845774,200,0,386,0,0,2095,7008
6618,2026-08-04T07:33:42Z,1785828822120900737,6644,6692,28088,4,17,46905,11846569,200,0,386,0,0,2095,7009
6619,2026-08-04T07:33:43Z,1785828823125006511,6645,6692,28088,4,17,46912,11847365,200,0,386,0,0,2095,7009
6620,2026-08-04T07:33:44Z,1785828824129104431,6646,6692,28088,4,17,46920,11848159,200,0,386,0,0,2095,7009
6621,2026-08-04T07:33:45Z,1785828825134096508,6647,6692,28088,4,17,46928,11848953,200,0,386,0,0,2095,7010
6622,2026-08-04T07:33:46Z,1785828826137623951,6648,6692,28088,4,17,46936,11849748,200,0,386,0,0,2095,7010
6623,2026-08-04T07:33:47Z,1785828827140741714,6649,6692,28088,4,17,46944,11850545,200,0,386,0,0,2095,7010
6624,2026-08-04T07:33:48Z,1785828828144150273,6650,6692,28088,4,17,46950,11851339,200,0,386,0,0,2095,7011
6625,2026-08-04T07:33:49Z,1785828829148253901,6651,6692,28088,4,17,46958,11852135,200,0,386,0,0,2095,7012
6626,2026-08-04T07:33:50Z,1785828830152478512,6652,6692,28088,4,17,46965,11852932,200,0,386,0,0,2095,7012
6627,2026-08-04T07:33:51Z,1785828831156833501,6653,6692,28088,4,17,46973,11853726,200,0,386,0,0,2095,7013
6628,2026-08-04T07:33:52Z,1785828832160113333,6654,6692,28088,4,17,46981,11854520,200,0,386,0,0,2095,7013
6629,2026-08-04T07:33:53Z,1785828833164310609,6655,6692,28088,4,17,46989,11855318,200,0,386,0,0,2095,7013
6630,2026-08-04T07:33:54Z,1785828834168582745,6656,6692,28088,4,17,46996,11856113,200,0,386,0,0,2095,7013
6631,2026-08-04T07:33:55Z,1785828835172214532,6657,6692,28088,4,17,47004,11856908,200,0,386,0,0,2095,7013
6632,2026-08-04T07:33:56Z,1785828836176059120,6658,6692,28088,4,17,47011,11857703,200,0,386,0,0,2095,7014
6633,2026-08-04T07:33:57Z,1785828837179985696,6659,6692,28088,4,17,47019,11858500,200,0,386,0,0,2095,7014
6634,2026-08-04T07:33:58Z,1785828838183887571,6660,6692,28088,4,17,47026,11859297,200,0,386,0,0,2095,7015
6635,2026-08-04T07:33:59Z,1785828839188313880,6661,6692,28088,4,17,47034,11860092,200,0,386,0,0,2095,7015
6636,2026-08-04T07:34:00Z,1785828840192239713,6662,6692,28088,4,17,47042,11860888,200,0,386,0,0,2095,7016
6637,2026-08-04T07:34:01Z,1785828841195351299,6663,6692,28088,4,17,47050,11861685,200,0,386,0,0,2095,7017
6638,2026-08-04T07:34:02Z,1785828842200513841,6664,6692,28088,4,17,47058,11862481,200,0,386,0,0,2095,7017
6639,2026-08-04T07:34:03Z,1785828843204356608,6665,6692,28088,4,17,47066,11863275,200,0,386,0,0,2095,7018
6640,2026-08-04T07:34:04Z,1785828844207091560,6666,6692,28088,4,17,47074,11864070,200,0,386,0,0,2095,7019
6641,2026-08-04T07:34:05Z,1785828845211739552,6667,6692,28088,4,17,47082,11864867,200,0,386,0,0,2095,7020
6642,2026-08-04T07:34:06Z,1785828846215248692,6668,6692,28088,4,17,47090,11865663,200,0,386,0,0,2095,7020
6643,2026-08-04T07:34:07Z,1785828847218102849,6669,6692,28088,4,17,47097,11866458,200,0,386,0,0,2095,7021
6644,2026-08-04T07:34:08Z,1785828848222099802,6670,6692,28088,4,17,47105,11867251,200,0,386,0,0,2095,7022
6645,2026-08-04T07:34:09Z,1785828849226141626,6671,6692,28088,4,17,47112,11868046,200,0,386,0,0,2095,7022
6646,2026-08-04T07:34:10Z,1785828850229898745,6672,6692,28088,4,17,47120,11868843,200,0,386,0,0,2095,7023
6647,2026-08-04T07:34:11Z,1785828851233946742,6673,6692,28088,4,17,47127,11869639,200,0,386,0,0,2095,7023
6648,2026-08-04T07:34:12Z,1785828852237868270,6674,6692,28088,4,17,47135,11870437,200,0,386,0,0,2095,7024
6649,2026-08-04T07:34:13Z,1785828853242270082,6675,6692,28088,4,17,47142,11871233,200,0,386,0,0,2095,7025
6650,2026-08-04T07:34:14Z,1785828854245889659,6676,6692,28088,4,17,47149,11872027,200,0,386,0,0,2095,7026
6651,2026-08-04T07:34:15Z,1785828855249425276,6677,6692,28088,4,17,47157,11872823,200,0,386,0,0,2095,7027
6652,2026-08-04T07:34:16Z,1785828856253019986,6678,6692,28088,4,17,47165,11873618,200,0,386,0,0,2095,7027
6653,2026-08-04T07:34:17Z,1785828857255581240,6679,6692,28088,4,17,47173,11874414,200,0,386,0,0,2095,7027
6654,2026-08-04T07:34:18Z,1785828858259853007,6680,6692,28088,4,17,47180,11875208,200,0,386,0,0,2095,7027
6655,2026-08-04T07:34:19Z,1785828859263233744,6681,6692,28088,4,17,47188,11876002,200,0,386,0,0,2095,7027
6656,2026-08-04T07:34:20Z,1785828860266437018,6682,6692,28088,4,17,47195,11876796,200,0,386,0,0,2095,7027
6657,2026-08-04T07:34:21Z,1785828861270669627,6683,6692,28088,4,17,47203,11877591,200,0,386,0,0,2095,7027
6658,2026-08-04T07:34:22Z,1785828862274614150,6684,6692,28088,4,17,47210,11878386,200,0,386,0,0,2095,7028
6659,2026-08-04T07:34:23Z,1785828863279098036,6685,6692,28088,4,17,47218,11879182,200,0,386,0,0,2095,7028
6660,2026-08-04T07:34:24Z,1785828864282091848,6686,6692,28088,4,17,47225,11879975,200,0,386,0,0,2095,7029
6661,2026-08-04T07:34:25Z,1785828865286098312,6687,6692,28088,4,17,47233,11880770,200,0,386,0,0,2095,7029
6662,2026-08-04T07:34:26Z,1785828866290385783,6688,6692,28088,4,17,47240,11881563,200,0,386,0,0,2095,7029
6663,2026-08-04T07:34:27Z,1785828867292608913,6689,6692,28088,4,17,47248,11882358,200,0,386,0,0,2095,7029
6664,2026-08-04T07:34:28Z,1785828868297607814,6690,6692,28088,4,17,47255,11883153,200,0,386,0,0,2095,7030
6665,2026-08-04T07:34:29Z,1785828869302001300,6691,6692,28088,4,17,47263,11883950,200,0,386,0,0,2095,7031
6666,2026-08-04T07:34:30Z,1785828870306498630,6692,6692,28088,4,17,47271,11884743,200,0,386,0,0,2095,7031
6667,2026-08-04T07:34:31Z,1785828871309391074,6693,6692,28088,4,17,47279,11885538,200,0,386,0,0,2095,7031
6668,2026-08-04T07:34:32Z,1785828872313214723,6694,6692,28088,4,17,47287,11886332,200,0,386,0,0,2095,7031
6669,2026-08-04T07:34:33Z,1785828873318997803,6695,6692,28088,4,17,47294,11887128,200,0,386,0,0,2095,7032
6670,2026-08-04T07:34:34Z,1785828874321201197,6696,6692,28088,4,17,47302,11887921,200,0,386,0,0,2095,7033
6671,2026-08-04T07:34:35Z,1785828875325267812,6697,6692,28088,4,17,47310,11888714,200,0,386,0,0,2095,7034
6672,2026-08-04T07:34:36Z,1785828876329723120,6698,6692,28088,4,17,47317,11889510,200,0,386,0,0,2095,7034
6673,2026-08-04T07:34:37Z,1785828877334024816,6699,6692,28088,4,17,47325,11890306,200,0,386,0,0,2095,7035
6674,2026-08-04T07:34:38Z,1785828878338443408,6700,6692,28088,4,17,47333,11891103,200,0,386,0,0,2095,7036
6675,2026-08-04T07:34:39Z,1785828879342598057,6701,6692,28088,4,17,47341,11891896,200,0,386,0,0,2095,7037
6676,2026-08-04T07:34:40Z,1785828880346800946,6702,6692,28088,4,17,47348,11892693,200,0,386,0,0,2095,7037
6677,2026-08-04T07:34:41Z,1785828881351081802,6703,6692,28088,4,17,47356,11893488,200,0,386,0,0,2095,7037
6678,2026-08-04T07:34:42Z,1785828882354729807,6704,6692,28088,4,17,47363,11894284,200,0,386,0,0,2095,7037
6679,2026-08-04T07:34:43Z,1785828883357355538,6705,6692,28088,4,17,47372,11895082,200,0,386,0,0,2095,7037
6680,2026-08-04T07:34:44Z,1785828884361536501,6706,6692,28088,4,17,47379,11895874,200,0,386,0,0,2095,7037
6681,2026-08-04T07:34:45Z,1785828885367063191,6707,6692,28088,4,17,47387,11896669,200,0,386,0,0,2095,7037
6682,2026-08-04T07:34:46Z,1785828886369695909,6708,6692,28088,4,17,47395,11897461,200,0,386,0,0,2095,7038
6683,2026-08-04T07:34:47Z,1785828887373141227,6709,6692,28088,4,17,47403,11898256,200,0,386,0,0,2095,7039
6684,2026-08-04T07:34:48Z,1785828888376147292,6710,6692,28088,4,17,47410,11899051,200,0,386,0,0,2095,7040
6685,2026-08-04T07:34:49Z,1785828889379921943,6711,6692,28088,4,17,47418,11899847,200,0,386,0,0,2095,7040
6686,2026-08-04T07:34:50Z,1785828890384064157,6712,6692,28088,4,17,47425,11900641,200,0,386,0,0,2095,7041
6687,2026-08-04T07:34:51Z,1785828891388160615,6713,6692,28088,4,17,47433,11901436,200,0,386,0,0,2095,7042
6688,2026-08-04T07:34:52Z,1785828892392512020,6714,6692,28088,4,17,47441,11902232,200,0,386,0,0,2095,7042
6689,2026-08-04T07:34:53Z,1785828893395438678,6715,6696,28088,4,18,47447,11903029,200,0,386,0,0,2095,7043
6690,2026-08-04T07:34:54Z,1785828894399338660,6716,6692,28088,4,17,47455,11903824,200,0,386,0,0,2095,7043
6691,2026-08-04T07:34:55Z,1785828895403551333,6717,6692,28088,4,17,47463,11904620,200,0,386,0,0,2095,7043
6692,2026-08-04T07:34:56Z,1785828896407036276,6718,6684,28088,4,15,47468,11905416,200,0,386,0,0,2095,7044
6693,2026-08-04T07:34:57Z,1785828897410376561,6719,6660,28088,4,14,47473,11906214,200,0,386,0,0,2095,7044
6694,2026-08-04T07:34:58Z,1785828898413265261,6720,6328,28088,4,11,47473,11907016,200,0,386,0,0,2095,7044
6695,2026-08-04T07:34:59Z,1785828899416876673,6721,6324,28088,4,10,47473,11907819,200,0,386,0,0,2095,7044
6696,2026-08-04T07:35:00Z,1785828900421127891,6722,6324,28088,4,10,47473,11908621,200,0,386,0,0,2095,7044
6697,2026-08-04T07:35:01Z,1785828901423975730,6723,6324,28088,4,10,47473,11909422,200,0,386,0,0,2095,7044
6698,2026-08-04T07:35:02Z,1785828902428234898,6724,6324,28088,4,10,47473,11910225,200,0,386,0,0,2095,7044
6699,2026-08-04T07:35:03Z,1785828903431602118,6725,6324,28088,4,10,47473,11911027,200,0,386,0,0,2095,7044
6700,2026-08-04T07:35:04Z,1785828904434423057,6726,6328,28088,4,11,47473,11911828,200,0,386,0,0,2095,7044
6701,2026-08-04T07:35:05Z,1785828905439190669,6727,6332,28088,4,12,47475,11912629,200,0,386,0,0,2095,7044
6702,2026-08-04T07:35:06Z,1785828906443253514,6728,6356,28088,4,13,47478,11913427,200,0,386,0,0,2095,7044
6703,2026-08-04T07:35:07Z,1785828907447541498,6729,6360,28088,4,14,47484,11914224,200,0,386,0,0,2095,7044
6704,2026-08-04T07:35:08Z,1785828908451725463,6730,6684,28088,4,15,47493,11915020,200,0,386,0,0,2095,7044
6705,2026-08-04T07:35:09Z,1785828909455572199,6731,6696,28088,4,18,47500,11915814,200,0,386,0,0,2095,7045
6706,2026-08-04T07:35:10Z,1785828910459574245,6732,6696,28088,4,18,47507,11916614,200,0,386,0,0,2095,7046
6707,2026-08-04T07:35:11Z,1785828911463605913,6733,6696,28088,4,18,47515,11917408,200,0,386,0,0,2095,7047
6708,2026-08-04T07:35:12Z,1785828912467968053,6734,6696,28088,4,18,47523,11918203,200,0,386,0,0,2095,7047
6709,2026-08-04T07:35:13Z,1785828913471141070,6735,6696,28088,4,18,47530,11918995,200,0,386,0,0,2095,7048
6710,2026-08-04T07:35:14Z,1785828914475905420,6736,6696,28088,4,18,47538,11919789,200,0,386,0,0,2095,7049
6711,2026-08-04T07:35:15Z,1785828915479782265,6737,6696,28088,4,18,47546,11920583,200,0,386,0,0,2095,7050
6712,2026-08-04T07:35:16Z,1785828916483160582,6738,6696,28088,4,18,47554,11921375,200,0,386,0,0,2095,7051
6713,2026-08-04T07:35:17Z,1785828917487116437,6739,6696,28088,4,18,47561,11922171,200,0,386,0,0,2095,7052
6714,2026-08-04T07:35:18Z,1785828918491819248,6740,6696,28088,4,18,47569,11922968,200,0,386,0,0,2095,7053
6715,2026-08-04T07:35:19Z,1785828919495330764,6741,6696,28088,4,18,47576,11923766,200,0,386,0,0,2095,7054
6716,2026-08-04T07:35:20Z,1785828920498715155,6742,6696,28088,4,18,47584,11924561,200,0,386,0,0,2095,7055
6717,2026-08-04T07:35:21Z,1785828921502119611,6743,6696,28088,4,18,47592,11925357,200,0,386,0,0,2095,7056
6718,2026-08-04T07:35:22Z,1785828922506139315,6744,6696,28088,4,18,47599,11926150,200,0,386,0,0,2095,7057
6719,2026-08-04T07:35:23Z,1785828923510245521,6745,6696,28088,4,18,47607,11926946,200,0,386,0,0,2095,7057
6720,2026-08-04T07:35:24Z,1785828924514304392,6746,6696,28088,4,18,47614,11927739,200,0,386,0,0,2095,7059
6721,2026-08-04T07:35:25Z,1785828925518139306,6747,6696,28088,4,18,47622,11928534,200,0,386,0,0,2095,7060
6722,2026-08-04T07:35:26Z,1785828926522101394,6748,6696,28088,4,18,47629,11929330,200,0,386,0,0,2095,7062
6723,2026-08-04T07:35:27Z,1785828927526132819,6749,6696,28088,4,18,47637,11930127,200,0,386,0,0,2095,7063
6724,2026-08-04T07:35:28Z,1785828928530001349,6750,6696,28088,4,18,47645,11930922,200,0,386,0,0,2095,7064
6725,2026-08-04T07:35:29Z,1785828929534383416,6751,6696,28088,4,18,47651,11931717,200,0,386,0,0,2095,7065
6726,2026-08-04T07:35:30Z,1785828930538448697,6752,6696,28088,4,18,47660,11932512,200,0,386,0,0,2095,7066
6727,2026-08-04T07:35:31Z,1785828931542250092,6753,6696,28088,4,18,47668,11933307,200,0,386,0,0,2095,7067
6728,2026-08-04T07:35:32Z,1785828932545559266,6754,6696,28088,4,18,47675,11934103,200,0,386,0,0,2095,7069
6729,2026-08-04T07:35:33Z,1785828933548243951,6755,6696,28088,4,18,47683,11934896,200,0,386,0,0,2095,7070
6730,2026-08-04T07:35:34Z,1785828934552772442,6756,6696,28088,4,18,47690,11935690,200,0,386,0,0,2095,7070
6731,2026-08-04T07:35:35Z,1785828935556734741,6757,6696,28088,4,18,47698,11936483,200,0,386,0,0,2095,7071
6732,2026-08-04T07:35:36Z,1785828936559810558,6758,6696,28088,4,18,47706,11937275,200,0,386,0,0,2095,7071
6733,2026-08-04T07:35:37Z,1785828937563910996,6759,6696,28088,4,18,47713,11938072,200,0,386,0,0,2095,7072
6734,2026-08-04T07:35:38Z,1785828938568091913,6760,6696,28088,4,18,47721,11938864,200,0,386,0,0,2095,7073
6735,2026-08-04T07:35:39Z,1785828939572005212,6761,6696,28088,4,18,47728,11939662,200,0,386,0,0,2095,7074
6736,2026-08-04T07:35:40Z,1785828940576202725,6762,6696,28088,4,18,47735,11940457,200,0,386,0,0,2095,7075
6737,2026-08-04T07:35:41Z,1785828941580030778,6763,6692,28088,4,17,47743,11941250,200,0,386,0,0,2095,7077
6738,2026-08-04T07:35:42Z,1785828942584025643,6764,6692,28088,4,17,47750,11942043,200,0,386,0,0,2095,7078
6739,2026-08-04T07:35:43Z,1785828943588061934,6765,6692,28088,4,17,47758,11942838,200,0,386,0,0,2095,7078
6740,2026-08-04T07:35:44Z,1785828944592595818,6766,6692,28088,4,17,47766,11943634,200,0,386,0,0,2095,7078
6741,2026-08-04T07:35:45Z,1785828945596201448,6767,6692,28088,4,17,47774,11944428,200,0,386,0,0,2095,7079
6742,2026-08-04T07:35:46Z,1785828946598908988,6768,6692,28088,4,17,47782,11945223,200,0,386,0,0,2095,7080
6743,2026-08-04T07:35:47Z,1785828947603140897,6769,6692,28088,4,17,47789,11946016,200,0,386,0,0,2095,7081
6744,2026-08-04T07:35:48Z,1785828948606458373,6770,6692,28088,4,17,47797,11946810,200,0,386,0,0,2095,7082
6745,2026-08-04T07:35:49Z,1785828949610556312,6771,6692,28088,4,17,47805,11947603,200,0,386,0,0,2095,7083
6746,2026-08-04T07:35:50Z,1785828950614711847,6772,6692,28088,4,17,47812,11948399,200,0,386,0,0,2095,7084
6747,2026-08-04T07:35:51Z,1785828951618550035,6773,6692,28088,4,17,47820,11949194,200,0,386,0,0,2095,7085
6748,2026-08-04T07:35:52Z,1785828952621995446,6774,6692,28088,4,17,47828,11949990,200,0,386,0,0,2095,7086
6749,2026-08-04T07:35:53Z,1785828953626058283,6775,6692,28088,4,17,47835,11950785,200,0,386,0,0,2095,7087
6750,2026-08-04T07:35:54Z,1785828954630106132,6776,6692,28088,4,17,47843,11951580,200,0,386,0,0,2095,7087
6751,2026-08-04T07:35:55Z,1785828955633901385,6777,6692,28088,4,17,47850,11952377,200,0,386,0,0,2095,7088
6752,2026-08-04T07:35:56Z,1785828956638132459,6778,6692,28088,4,17,47858,11953173,200,0,386,0,0,2095,7089
6753,2026-08-04T07:35:57Z,1785828957642422922,6779,6692,28088,4,17,47865,11953968,200,0,386,0,0,2095,7090
6754,2026-08-04T07:35:58Z,1785828958647637502,6780,6692,28088,4,17,47873,11954763,200,0,386,0,0,2095,7091
6755,2026-08-04T07:35:59Z,1785828959651244113,6781,6692,28088,4,17,47881,11955558,200,0,386,0,0,2095,7092
6756,2026-08-04T07:36:00Z,1785828960654924435,6782,6692,28088,4,17,47889,11956353,200,0,386,0,0,2095,7093
6757,2026-08-04T07:36:01Z,1785828961658995947,6783,6692,28088,4,17,47896,11957149,200,0,386,0,0,2095,7093
6758,2026-08-04T07:36:02Z,1785828962663020150,6784,6692,28088,4,17,47905,11957942,200,0,386,0,0,2095,7094
6759,2026-08-04T07:36:03Z,1785828963666420727,6785,6692,28088,4,17,47911,11958737,200,0,386,0,0,2095,7095
6760,2026-08-04T07:36:04Z,1785828964669542663,6786,6692,28088,4,17,47920,11959535,200,0,386,0,0,2095,7096
6761,2026-08-04T07:36:05Z,1785828965673324056,6787,6692,28088,4,17,47927,11960329,200,0,386,0,0,2095,7096
6762,2026-08-04T07:36:06Z,1785828966677242817,6788,6692,28088,4,17,47935,11961124,200,0,386,0,0,2095,7097
6763,2026-08-04T07:36:07Z,1785828967681745239,6789,6692,28088,4,17,47942,11961919,200,0,386,0,0,2095,7097
6764,2026-08-04T07:36:08Z,1785828968684791292,6790,6692,28088,4,17,47950,11962714,200,0,386,0,0,2095,7097
6765,2026-08-04T07:36:09Z,1785828969688889226,6791,6692,28088,4,17,47957,11963509,200,0,386,0,0,2095,7098
6766,2026-08-04T07:36:10Z,1785828970693495211,6792,6692,28088,4,17,47965,11964305,200,0,386,0,0,2095,7099
6767,2026-08-04T07:36:11Z,1785828971696793762,6793,6692,28088,4,17,47973,11965099,200,0,386,0,0,2095,7100
6768,2026-08-04T07:36:12Z,1785828972699944598,6794,6692,28088,4,17,47980,11965895,200,0,386,0,0,2095,7100
6769,2026-08-04T07:36:13Z,1785828973704127860,6795,6692,28088,4,17,47988,11966692,200,0,386,0,0,2095,7100
6770,2026-08-04T07:36:14Z,1785828974708743980,6796,6692,28088,4,17,47996,11967486,200,0,386,0,0,2095,7101
6771,2026-08-04T07:36:15Z,1785828975712494324,6797,6692,28088,4,17,48003,11968283,200,0,386,0,0,2095,7102
6772,2026-08-04T07:36:16Z,1785828976715135796,6798,6692,28088,4,17,48010,11969078,200,0,386,0,0,2095,7102
6773,2026-08-04T07:36:17Z,1785828977719136766,6799,6692,28088,4,17,48018,11969877,200,0,386,0,0,2095,7102
6774,2026-08-04T07:36:18Z,1785828978723447152,6800,6692,28088,4,17,48026,11970671,200,0,386,0,0,2095,7103
6775,2026-08-04T07:36:19Z,1785828979727411753,6801,6692,28088,4,17,48034,11971469,200,0,386,0,0,2095,7104
6776,2026-08-04T07:36:20Z,1785828980731626908,6802,6692,28088,4,17,48041,11972263,200,0,386,0,0,2095,7105
6777,2026-08-04T07:36:21Z,1785828981735766849,6803,6692,28088,4,17,48048,11973060,200,0,386,0,0,2095,7106
6778,2026-08-04T07:36:22Z,1785828982739706891,6804,6692,28088,4,17,48057,11973856,200,0,386,0,0,2095,7107
6779,2026-08-04T07:36:23Z,1785828983744249116,6805,6692,28088,4,17,48064,11974651,200,0,386,0,0,2095,7107
6780,2026-08-04T07:36:24Z,1785828984747529473,6806,6692,28088,4,17,48071,11975445,200,0,386,0,0,2095,7108
6781,2026-08-04T07:36:25Z,1785828985751792659,6807,6692,28088,4,17,48079,11976242,200,0,386,0,0,2095,7109
6782,2026-08-04T07:36:26Z,1785828986756037976,6808,6692,28088,4,17,48087,11977038,200,0,386,0,0,2095,7110
6783,2026-08-04T07:36:27Z,1785828987760044271,6809,6692,28088,4,17,48095,11977832,200,0,386,0,0,2095,7111
6784,2026-08-04T07:36:28Z,1785828988764137970,6810,6692,28088,4,17,48102,11978629,200,0,386,0,0,2095,7111
6785,2026-08-04T07:36:29Z,1785828989768745846,6811,6692,28088,4,17,48110,11979424,200,0,386,0,0,2095,7111
6786,2026-08-04T07:36:30Z,1785828990772773250,6812,6692,28088,4,17,48118,11980218,200,0,386,0,0,2095,7111
6787,2026-08-04T07:36:31Z,1785828991775690160,6813,6692,28088,4,17,48126,11981011,200,0,386,0,0,2095,7112
6788,2026-08-04T07:36:32Z,1785828992779748757,6814,6692,28088,4,17,48133,11981808,200,0,386,0,0,2095,7113
6789,2026-08-04T07:36:33Z,1785828993783969820,6815,6692,28088,4,17,48140,11982603,200,0,386,0,0,2095,7114
6790,2026-08-04T07:36:34Z,1785828994788426016,6816,6692,28088,4,17,48148,11983399,200,0,386,0,0,2095,7115
6791,2026-08-04T07:36:35Z,1785828995791777648,6817,6692,28088,4,17,48156,11984195,200,0,386,0,0,2095,7115
6792,2026-08-04T07:36:36Z,1785828996796095653,6818,6692,28088,4,17,48164,11984991,200,0,386,0,0,2095,7116
6793,2026-08-04T07:36:37Z,1785828997799059399,6819,6692,28088,4,17,48171,11985787,200,0,386,0,0,2095,7117
6794,2026-08-04T07:36:38Z,1785828998803189161,6820,6692,28088,4,17,48179,11986583,200,0,386,0,0,2095,7117
6795,2026-08-04T07:36:39Z,1785828999807589645,6821,6692,28088,4,17,48187,11987379,200,0,386,0,0,2095,7117
6796,2026-08-04T07:36:40Z,1785829000810335978,6822,6692,28088,4,17,48194,11988176,200,0,386,0,0,2095,7117
6797,2026-08-04T07:36:41Z,1785829001814397779,6823,6692,28088,4,17,48202,11988973,200,0,386,0,0,2095,7118
6798,2026-08-04T07:36:42Z,1785829002818551801,6824,6692,28088,4,17,48209,11989768,200,0,386,0,0,2095,7119
6799,2026-08-04T07:36:43Z,1785829003822304650,6825,6692,28088,4,17,48217,11990563,200,0,386,0,0,2095,7119
6800,2026-08-04T07:36:44Z,1785829004826771645,6826,6692,28088,4,17,48225,11991359,200,0,386,0,0,2095,7120
6801,2026-08-04T07:36:45Z,1785829005830719899,6827,6692,28088,4,19,48232,11992154,200,0,386,0,0,2095,7121
6802,2026-08-04T07:36:46Z,1785829006833761906,6828,6700,28088,4,19,48241,11992943,200,0,386,0,0,2095,7122
6803,2026-08-04T07:36:47Z,1785829007838010094,6829,6700,28088,4,19,48248,11993736,200,0,386,0,0,2095,7122
6804,2026-08-04T07:36:48Z,1785829008841396437,6830,6700,28088,4,19,48256,11994529,200,0,386,0,0,2095,7122
6805,2026-08-04T07:36:49Z,1785829009845134632,6831,6700,28088,4,19,48264,11995323,200,0,386,0,0,2095,7123
6806,2026-08-04T07:36:50Z,1785829010848368983,6832,6700,28088,4,19,48271,11996117,200,0,386,0,0,2095,7123
6807,2026-08-04T07:36:51Z,1785829011852134938,6833,6700,28088,4,19,48279,11996911,200,0,386,0,0,2095,7123
6808,2026-08-04T07:36:52Z,1785829012856473370,6834,6700,28088,4,19,48286,11997708,200,0,386,0,0,2095,7124
6809,2026-08-04T07:36:53Z,1785829013861046835,6835,6700,28088,4,19,48294,11998504,200,0,386,0,0,2095,7125
6810,2026-08-04T07:36:54Z,1785829014864224503,6836,6700,28088,4,19,48301,11999297,200,0,386,0,0,2095,7125
6811,2026-08-04T07:36:55Z,1785829015868781250,6837,6700,28088,4,19,48310,12000092,200,0,386,0,0,2095,7126
6812,2026-08-04T07:36:56Z,1785829016871760754,6838,6700,28088,4,19,48318,12000885,200,0,386,0,0,2095,7127
6813,2026-08-04T07:36:57Z,1785829017875852848,6839,6700,28088,4,19,48326,12001681,200,0,386,0,0,2095,7128
6814,2026-08-04T07:36:58Z,1785829018880401087,6840,6700,28088,4,19,48333,12002476,200,0,386,0,0,2095,7128
6815,2026-08-04T07:36:59Z,1785829019884271019,6841,6700,28088,4,19,48341,12003271,200,0,386,0,0,2095,7129
6816,2026-08-04T07:37:00Z,1785829020887710365,6842,6700,28088,4,19,48348,12004066,200,0,386,0,0,2095,7129
6817,2026-08-04T07:37:01Z,1785829021891984384,6843,6700,28088,4,19,48356,12004859,200,0,386,0,0,2095,7130
6818,2026-08-04T07:37:02Z,1785829022895235415,6844,6700,28088,4,19,48365,12005654,200,0,386,0,0,2095,7130
6819,2026-08-04T07:37:03Z,1785829023899562108,6845,6696,28088,4,18,48373,12006451,200,0,386,0,0,2095,7130
6820,2026-08-04T07:37:04Z,1785829024903208472,6846,6696,28088,4,18,48380,12007245,200,0,386,0,0,2095,7131
6821,2026-08-04T07:37:05Z,1785829025907001465,6847,6660,28088,4,14,48385,12008042,200,0,386,0,0,2095,7131
6822,2026-08-04T07:37:06Z,1785829026910738546,6848,6652,28088,4,12,48389,12008841,200,0,386,0,0,2095,7131
6823,2026-08-04T07:37:07Z,1785829027913927690,6849,6324,28088,4,10,48389,12009644,200,0,386,0,0,2095,7131
6824,2026-08-04T07:37:08Z,1785829028918081662,6850,6324,28088,4,10,48390,12010447,200,0,386,0,0,2095,7131
6825,2026-08-04T07:37:09Z,1785829029921919850,6851,6324,28088,4,10,48390,12011249,200,0,386,0,0,2095,7131
6826,2026-08-04T07:37:10Z,1785829030925689952,6852,6324,28088,4,10,48390,12012052,200,0,386,0,0,2095,7131
6827,2026-08-04T07:37:11Z,1785829031930286136,6853,6324,28088,4,10,48390,12012855,200,0,386,0,0,2095,7131
6828,2026-08-04T07:37:12Z,1785829032933285993,6854,6324,28088,4,10,48390,12013657,200,0,386,0,0,2095,7131
6829,2026-08-04T07:37:13Z,1785829033937090104,6855,6328,28088,4,11,48390,12014460,200,0,386,0,0,2095,7131
6830,2026-08-04T07:37:14Z,1785829034941992765,6856,6332,28088,4,12,48392,12015258,200,0,386,0,0,2095,7131
6831,2026-08-04T07:37:15Z,1785829035945911987,6857,6356,28088,4,13,48395,12016058,200,0,386,0,0,2095,7131
6832,2026-08-04T07:37:16Z,1785829036949959689,6858,6360,28088,4,14,48401,12016854,200,0,386,0,0,2095,7131
6833,2026-08-04T07:37:17Z,1785829037953733966,6859,6684,28088,4,15,48409,12017648,200,0,386,0,0,2095,7131
6834,2026-08-04T07:37:18Z,1785829038958034178,6860,6696,28088,4,18,48417,12018445,200,0,386,0,0,2095,7132
6835,2026-08-04T07:37:19Z,1785829039962159439,6861,6696,28088,4,18,48424,12019244,200,0,386,0,0,2095,7133
6836,2026-08-04T07:37:20Z,1785829040966136671,6862,6696,28088,4,18,48431,12020038,200,0,386,0,0,2095,7133
6837,2026-08-04T07:37:21Z,1785829041970391454,6863,6696,28088,4,18,48439,12020834,200,0,386,0,0,2095,7134
6838,2026-08-04T07:37:22Z,1785829042974389113,6864,6696,28088,4,18,48446,12021630,200,0,386,0,0,2095,7135
6839,2026-08-04T07:37:23Z,1785829043978453827,6865,6696,28088,4,18,48454,12022424,200,0,386,0,0,2095,7136
6840,2026-08-04T07:37:24Z,1785829044982058659,6866,6696,28088,4,18,48461,12023218,200,0,386,0,0,2095,7137
6841,2026-08-04T07:37:25Z,1785829045986472386,6867,6696,28088,4,18,48469,12024011,200,0,386,0,0,2095,7138
6842,2026-08-04T07:37:26Z,1785829046990822092,6868,6696,28088,4,18,48477,12024804,200,0,386,0,0,2095,7139
6843,2026-08-04T07:37:27Z,1785829047995098146,6869,6696,28088,4,18,48484,12025598,200,0,386,0,0,2095,7140
6844,2026-08-04T07:37:28Z,1785829048998908827,6870,6696,28088,4,18,48491,12026393,200,0,386,0,0,2095,7141
6845,2026-08-04T07:37:30Z,1785829050003718593,6872,6696,28088,4,18,48499,12027188,200,0,386,0,0,2095,7142
6846,2026-08-04T07:37:31Z,1785829051008001666,6873,6696,28088,4,18,48507,12027982,200,0,386,0,0,2095,7142
6847,2026-08-04T07:37:32Z,1785829052010968599,6874,6696,28088,4,18,48514,12028775,200,0,386,0,0,2095,7142
6848,2026-08-04T07:37:33Z,1785829053015149389,6875,6696,28088,4,18,48523,12029571,200,0,386,0,0,2095,7142
6849,2026-08-04T07:37:34Z,1785829054019086535,6876,6696,28088,4,18,48531,12030367,200,0,386,0,0,2095,7142
6850,2026-08-04T07:37:35Z,1785829055023561363,6877,6696,28088,4,18,48537,12031162,200,0,386,0,0,2095,7142
6851,2026-08-04T07:37:36Z,1785829056026546377,6878,6696,28088,4,18,48545,12031956,200,0,386,0,0,2095,7142
6852,2026-08-04T07:37:37Z,1785829057031067877,6879,6696,28088,4,18,48553,12032750,200,0,386,0,0,2095,7142
6853,2026-08-04T07:37:38Z,1785829058034448815,6880,6696,28088,4,18,48561,12033545,200,0,386,0,0,2095,7142
6854,2026-08-04T07:37:39Z,1785829059037726570,6881,6696,28088,4,18,48569,12034339,200,0,386,0,0,2095,7142
6855,2026-08-04T07:37:40Z,1785829060041719401,6882,6696,28088,4,18,48575,12035135,200,0,386,0,0,2095,7142
6856,2026-08-04T07:37:41Z,1785829061045700236,6883,6696,28088,4,18,48584,12035931,200,0,386,0,0,2095,7142
6857,2026-08-04T07:37:42Z,1785829062049471472,6884,6696,28088,4,18,48591,12036726,200,0,386,0,0,2095,7143
6858,2026-08-04T07:37:43Z,1785829063053143941,6885,6696,28088,4,18,48598,12037522,200,0,386,0,0,2095,7144
6859,2026-08-04T07:37:44Z,1785829064057174944,6886,6696,28088,4,18,48606,12038319,200,0,386,0,0,2095,7145
6860,2026-08-04T07:37:45Z,1785829065062083199,6887,6696,28088,4,18,48614,12039115,200,0,386,0,0,2095,7146
6861,2026-08-04T07:37:46Z,1785829066065012291,6888,6696,28088,4,18,48621,12039908,200,0,386,0,0,2095,7146
6862,2026-08-04T07:37:47Z,1785829067068976173,6889,6696,28088,4,18,48629,12040700,200,0,386,0,0,2095,7147
6863,2026-08-04T07:37:48Z,1785829068073142697,6890,6696,28088,4,18,48637,12041497,200,0,386,0,0,2095,7148
6864,2026-08-04T07:37:49Z,1785829069077392331,6891,6696,28088,4,18,48644,12042293,200,0,386,0,0,2095,7148
6865,2026-08-04T07:37:50Z,1785829070080208611,6892,6696,28088,4,18,48652,12043086,200,0,386,0,0,2095,7148
6866,2026-08-04T07:37:51Z,1785829071084611858,6893,6696,28088,4,18,48659,12043881,200,0,386,0,0,2095,7149
6867,2026-08-04T07:37:52Z,1785829072087427103,6894,6696,28088,4,18,48667,12044676,200,0,386,0,0,2095,7149
6868,2026-08-04T07:37:53Z,1785829073091792975,6895,6696,28088,4,18,48674,12045473,200,0,386,0,0,2095,7149
6869,2026-08-04T07:37:54Z,1785829074095141331,6896,6696,28088,4,18,48682,12046267,200,0,386,0,0,2095,7150
6870,2026-08-04T07:37:55Z,1785829075098403343,6897,6696,28088,4,18,48689,12047061,200,0,386,0,0,2095,7151
6871,2026-08-04T07:37:56Z,1785829076102507365,6898,6696,28088,4,18,48697,12047856,200,0,386,0,0,2095,7152
6872,2026-08-04T07:37:57Z,1785829077106477858,6899,6696,28088,4,18,48704,12048650,200,0,386,0,0,2095,7153
6873,2026-08-04T07:37:58Z,1785829078110152551,6900,6696,28088,4,18,48712,12049446,200,0,386,0,0,2095,7154
6874,2026-08-04T07:37:59Z,1785829079114288546,6901,6696,28088,4,18,48719,12050241,200,0,386,0,0,2095,7155
6875,2026-08-04T07:38:00Z,1785829080118290750,6902,6692,28088,4,17,48727,12051036,200,0,386,0,0,2095,7156
6876,2026-08-04T07:38:01Z,1785829081122410560,6903,6692,28088,4,17,48735,12051830,200,0,386,0,0,2095,7156
6877,2026-08-04T07:38:02Z,1785829082127069306,6904,6692,28088,4,17,48743,12052626,200,0,386,0,0,2095,7156
6878,2026-08-04T07:38:03Z,1785829083130430930,6905,6692,28088,4,17,48751,12053420,200,0,386,0,0,2095,7156
6879,2026-08-04T07:38:04Z,1785829084133758800,6906,6692,28088,4,17,48759,12054213,200,0,386,0,0,2095,7157
6880,2026-08-04T07:38:05Z,1785829085138132699,6907,6692,28088,4,17,48766,12055010,200,0,386,0,0,2095,7158
6881,2026-08-04T07:38:06Z,1785829086141376571,6908,6692,28088,4,17,48775,12055804,200,0,386,0,0,2095,7159
6882,2026-08-04T07:38:07Z,1785829087145575519,6909,6692,28088,4,17,48782,12056600,200,0,386,0,0,2095,7160
6883,2026-08-04T07:38:08Z,1785829088149515649,6910,6692,28088,4,17,48790,12057395,200,0,386,0,0,2095,7160
6884,2026-08-04T07:38:09Z,1785829089153425506,6911,6692,28088,4,17,48798,12058189,200,0,386,0,0,2095,7160
6885,2026-08-04T07:38:10Z,1785829090157381773,6912,6692,28088,4,17,48805,12058983,200,0,386,0,0,2095,7160
6886,2026-08-04T07:38:11Z,1785829091161324785,6913,6692,28088,4,17,48812,12059780,200,0,386,0,0,2095,7161
6887,2026-08-04T07:38:12Z,1785829092165334638,6914,6692,28088,4,17,48821,12060576,200,0,386,0,0,2095,7162
6888,2026-08-04T07:38:13Z,1785829093169351681,6915,6692,28088,4,17,48828,12061372,200,0,386,0,0,2095,7163
6889,2026-08-04T07:38:14Z,1785829094173413081,6916,6692,28088,4,17,48836,12062167,200,0,386,0,0,2095,7163
6890,2026-08-04T07:38:15Z,1785829095177996556,6917,6692,28088,4,17,48843,12062962,200,0,386,0,0,2095,7163
6891,2026-08-04T07:38:16Z,1785829096181296335,6918,6692,28088,4,17,48851,12063755,200,0,386,0,0,2095,7163
6892,2026-08-04T07:38:17Z,1785829097184434260,6919,6692,28088,4,17,48858,12064551,200,0,386,0,0,2095,7164
6893,2026-08-04T07:38:18Z,1785829098188462618,6920,6692,28088,4,17,48866,12065342,200,0,386,0,0,2095,7165
6894,2026-08-04T07:38:19Z,1785829099192374597,6921,6692,28088,4,17,48874,12066136,200,0,386,0,0,2095,7165
6895,2026-08-04T07:38:20Z,1785829100196266794,6922,6692,28088,4,17,48881,12066930,200,0,386,0,0,2095,7165
6896,2026-08-04T07:38:21Z,1785829101200156065,6923,6692,28088,4,17,48889,12067725,200,0,386,0,0,2095,7166
6897,2026-08-04T07:38:22Z,1785829102204551744,6924,6692,28088,4,17,48897,12068520,200,0,386,0,0,2095,7167
6898,2026-08-04T07:38:23Z,1785829103208621958,6925,6692,28088,4,17,48903,12069313,200,0,386,0,0,2095,7167
6899,2026-08-04T07:38:24Z,1785829104213008170,6926,6692,28088,4,17,48911,12070109,200,0,386,0,0,2095,7168
6900,2026-08-04T07:38:25Z,1785829105216279051,6927,6692,28088,4,17,48919,12070901,200,0,386,0,0,2095,7169
6901,2026-08-04T07:38:26Z,1785829106220685463,6928,6692,28088,4,17,48927,12071697,200,0,386,0,0,2095,7170
6902,2026-08-04T07:38:27Z,1785829107224093561,6929,6692,28088,4,17,48934,12072492,200,0,386,0,0,2095,7170
6903,2026-08-04T07:38:28Z,1785829108227279174,6930,6692,28088,4,17,48941,12073286,200,0,386,0,0,2095,7170
6904,2026-08-04T07:38:29Z,1785829109231437014,6931,6692,28088,4,17,48949,12074080,200,0,386,0,0,2095,7170
6905,2026-08-04T07:38:30Z,1785829110236003003,6932,6692,28088,4,17,48957,12074877,200,0,386,0,0,2095,7171
6906,2026-08-04T07:38:31Z,1785829111239752930,6933,6692,28088,4,17,48965,12075667,200,0,386,0,0,2095,7172
6907,2026-08-04T07:38:32Z,1785829112242818953,6934,6692,28088,4,17,48972,12076462,200,0,386,0,0,2095,7173
6908,2026-08-04T07:38:33Z,1785829113246817536,6935,6692,28088,4,17,48980,12077258,200,0,386,0,0,2095,7174
6909,2026-08-04T07:38:34Z,1785829114251236683,6936,6692,28088,4,17,48987,12078053,200,0,386,0,0,2095,7175
6910,2026-08-04T07:38:35Z,1785829115254392662,6937,6692,28088,4,17,48995,12078847,200,0,386,0,0,2095,7175
6911,2026-08-04T07:38:36Z,1785829116258536861,6938,6692,28088,4,17,49003,12079642,200,0,386,0,0,2095,7176
6912,2026-08-04T07:38:37Z,1785829117263544537,6939,6692,28088,4,17,49011,12080432,200,0,386,0,0,2095,7177
6913,2026-08-04T07:38:38Z,1785829118266437103,6940,6692,28088,4,17,49018,12081224,200,0,386,0,0,2095,7178
6914,2026-08-04T07:38:39Z,1785829119270775699,6941,6692,28088,4,17,49025,12082020,200,0,386,0,0,2095,7179
6915,2026-08-04T07:38:40Z,1785829120274995468,6942,6692,28088,4,17,49033,12082817,200,0,386,0,0,2095,7179
6916,2026-08-04T07:38:41Z,1785829121279178919,6943,6692,28088,4,17,49041,12083612,200,0,386,0,0,2095,7179
6917,2026-08-04T07:38:42Z,1785829122283489667,6944,6692,28088,4,17,49049,12084410,200,0,386,0,0,2095,7180
6918,2026-08-04T07:38:43Z,1785829123287283483,6945,6692,28088,4,17,49057,12085205,200,0,386,0,0,2095,7180
6919,2026-08-04T07:38:44Z,1785829124291196198,6946,6692,28088,4,17,49064,12086002,200,0,386,0,0,2095,7180
6920,2026-08-04T07:38:45Z,1785829125295495944,6947,6692,28088,4,17,49072,12086794,200,0,386,0,0,2095,7180
6921,2026-08-04T07:38:46Z,1785829126299859048,6948,6692,28088,4,17,49080,12087586,200,0,386,0,0,2095,7181
6922,2026-08-04T07:38:47Z,1785829127304186696,6949,6692,28088,4,17,49087,12088380,200,0,386,0,0,2095,7182
6923,2026-08-04T07:38:48Z,1785829128308135862,6950,6692,28088,4,17,49094,12089176,200,0,386,0,0,2095,7183
6924,2026-08-04T07:38:49Z,1785829129312410821,6951,6696,28088,4,18,49102,12089971,200,0,386,0,0,2095,7184
6925,2026-08-04T07:38:50Z,1785829130315357629,6952,6696,28088,4,18,49109,12090764,200,0,386,0,0,2095,7185
6926,2026-08-04T07:38:51Z,1785829131319601899,6953,6696,28088,4,18,49117,12091559,200,0,386,0,0,2095,7185
6927,2026-08-04T07:38:52Z,1785829132323678006,6954,6696,28088,4,18,49124,12092353,200,0,386,0,0,2095,7185
6928,2026-08-04T07:38:53Z,1785829133327719296,6955,6696,28088,4,18,49132,12093149,200,0,386,0,0,2095,7185
6929,2026-08-04T07:38:54Z,1785829134331872017,6956,6696,28088,4,18,49140,12093944,200,0,386,0,0,2095,7186
6930,2026-08-04T07:38:55Z,1785829135336142644,6957,6696,28088,4,18,49147,12094738,200,0,386,0,0,2095,7187
6931,2026-08-04T07:38:56Z,1785829136340301237,6958,6696,28088,4,18,49155,12095531,200,0,386,0,0,2095,7187
6932,2026-08-04T07:38:57Z,1785829137344379908,6959,6696,28088,4,18,49162,12096327,200,0,386,0,0,2095,7187
6933,2026-08-04T07:38:58Z,1785829138348241337,6960,6696,28088,4,18,49170,12097123,200,0,386,0,0,2095,7188
6934,2026-08-04T07:38:59Z,1785829139352326929,6961,6696,28088,4,18,49177,12097918,200,0,386,0,0,2095,7189
6935,2026-08-04T07:39:00Z,1785829140357444307,6962,6696,28088,4,18,49185,12098715,200,0,386,0,0,2095,7189
6936,2026-08-04T07:39:01Z,1785829141361023821,6963,6696,28088,4,18,49193,12099509,200,0,386,0,0,2095,7189
6937,2026-08-04T07:39:02Z,1785829142364121892,6964,6696,28088,4,18,49200,12100304,200,0,386,0,0,2095,7190
6938,2026-08-04T07:39:03Z,1785829143368675961,6965,6696,28088,4,18,49208,12101097,200,0,386,0,0,2095,7190
6939,2026-08-04T07:39:04Z,1785829144372386488,6966,6696,28088,4,18,49216,12101894,200,0,386,0,0,2095,7190
6940,2026-08-04T07:39:05Z,1785829145375622212,6967,6696,28088,4,18,49224,12102688,200,0,386,0,0,2095,7191
6941,2026-08-04T07:39:06Z,1785829146380454371,6968,6696,28088,4,18,49232,12103481,200,0,386,0,0,2095,7192
6942,2026-08-04T07:39:07Z,1785829147383464010,6969,6696,28088,4,18,49239,12104278,200,0,386,0,0,2095,7192
6943,2026-08-04T07:39:08Z,1785829148387555170,6970,6696,28088,4,18,49247,12105076,200,0,386,0,0,2095,7193
6944,2026-08-04T07:39:09Z,1785829149391236968,6971,6696,28088,4,18,49254,12105871,200,0,386,0,0,2095,7194
6945,2026-08-04T07:39:10Z,1785829150395439767,6972,6696,28088,4,18,49262,12106663,200,0,386,0,0,2095,7194
6946,2026-08-04T07:39:11Z,1785829151399735893,6973,6696,28088,4,18,49270,12107458,200,0,386,0,0,2095,7195
6947,2026-08-04T07:39:12Z,1785829152403472757,6974,6696,28088,4,18,49277,12108253,200,0,386,0,0,2095,7195
6948,2026-08-04T07:39:13Z,1785829153408151913,6975,6692,28088,4,17,49285,12109047,200,0,386,0,0,2095,7195
6949,2026-08-04T07:39:14Z,1785829154411074368,6976,6684,28088,4,15,49292,12109844,200,0,386,0,0,2095,7196
6950,2026-08-04T07:39:15Z,1785829155415820297,6977,6660,28088,4,14,49298,12110642,200,0,386,0,0,2095,7196
6951,2026-08-04T07:39:16Z,1785829156418685375,6978,6652,28088,4,12,49300,12111443,200,0,386,0,0,2095,7196
6952,2026-08-04T07:39:17Z,1785829157421928232,6979,6324,28088,4,10,49300,12112244,200,0,386,0,0,2095,7196
6953,2026-08-04T07:39:18Z,1785829158424775707,6980,6324,28088,4,10,49300,12113046,200,0,386,0,0,2095,7196
6954,2026-08-04T07:39:19Z,1785829159428476454,6981,6324,28088,4,10,49300,12113849,200,0,386,0,0,2095,7196
6955,2026-08-04T07:39:20Z,1785829160432345943,6982,6324,28088,4,10,49300,12114651,200,0,386,0,0,2095,7196
6956,2026-08-04T07:39:21Z,1785829161436490313,6983,6324,28088,4,10,49300,12115454,200,0,386,0,0,2095,7196
6957,2026-08-04T07:39:22Z,1785829162440822204,6984,6328,28088,4,11,49300,12116258,200,0,386,0,0,2095,7196
6958,2026-08-04T07:39:23Z,1785829163444254895,6985,6332,28088,4,12,49301,12117059,200,0,386,0,0,2095,7196
6959,2026-08-04T07:39:24Z,1785829164448016666,6986,6356,28088,4,13,49303,12117856,200,0,386,0,0,2095,7196
6960,2026-08-04T07:39:25Z,1785829165452066480,6987,6360,28088,4,14,49306,12118655,200,0,386,0,0,2095,7196
6961,2026-08-04T07:39:26Z,1785829166455534102,6988,6684,28088,4,15,49314,12119449,200,0,386,0,0,2095,7196
6962,2026-08-04T07:39:27Z,1785829167459392508,6989,6748,28088,4,23,49329,12120245,200,0,387,0,0,2202,7301
6963,2026-08-04T07:39:28Z,1785829168464442398,6990,6740,28088,4,21,49336,12121040,200,0,387,0,0,2202,7301
6964,2026-08-04T07:39:29Z,1785829169468020095,6991,6740,28088,4,21,49344,12121840,200,0,387,0,0,2202,7301
6965,2026-08-04T07:39:30Z,1785829170471331032,6992,6740,28088,4,21,49351,12122633,200,0,387,0,0,2202,7301
6966,2026-08-04T07:39:31Z,1785829171476189124,6993,6740,28088,4,21,49359,12123430,200,0,387,0,0,2202,7301
6967,2026-08-04T07:39:32Z,1785829172479272825,6994,6740,28088,4,21,49367,12124222,200,0,387,0,0,2202,7301
6968,2026-08-04T07:39:33Z,1785829173483058062,6995,6740,28088,4,21,49374,12125017,200,0,387,0,0,2202,7301
6969,2026-08-04T07:39:34Z,1785829174487255892,6996,6740,28088,4,21,49381,12125814,200,0,387,0,0,2202,7301
6970,2026-08-04T07:39:35Z,1785829175491017553,6997,6740,28088,4,21,49390,12126611,200,0,387,0,0,2204,7301
6971,2026-08-04T07:39:36Z,1785829176495445036,6998,6740,28088,4,21,49396,12127408,200,0,387,0,0,2204,7301
6972,2026-08-04T07:39:37Z,1785829177498755142,6999,6740,28088,4,21,49405,12128202,200,0,387,0,0,2204,7301
6973,2026-08-04T07:39:38Z,1785829178503088521,7000,6740,28088,4,21,49412,12128994,200,0,387,0,0,2204,7301
6974,2026-08-04T07:39:39Z,1785829179506316602,7001,6740,28088,4,21,49420,12129788,200,0,387,0,0,2204,7301
6975,2026-08-04T07:39:40Z,1785829180510821539,7002,6740,28088,4,21,49427,12130583,200,0,387,0,0,2204,7301
6976,2026-08-04T07:39:41Z,1785829181514308094,7003,6740,28088,4,21,49434,12131377,200,0,387,0,0,2204,7301
6977,2026-08-04T07:39:42Z,1785829182518233290,7004,6740,28088,4,21,49441,12132174,200,0,387,0,0,2204,7301
6978,2026-08-04T07:39:43Z,1785829183522322704,7005,6740,28088,4,21,49449,12132971,200,0,387,0,0,2204,7301
6979,2026-08-04T07:39:44Z,1785829184527239985,7006,6740,28088,4,21,49457,12133766,200,0,387,0,0,2204,7301
6980,2026-08-04T07:39:45Z,1785829185530914413,7007,6740,28088,4,21,49465,12134562,200,0,387,0,0,2204,7301
6981,2026-08-04T07:39:46Z,1785829186533858513,7008,6740,28088,4,21,49472,12135355,200,0,387,0,0,2204,7301
6982,2026-08-04T07:39:47Z,1785829187537957544,7009,6740,28088,4,21,49479,12136151,200,0,387,0,0,2204,7301
6983,2026-08-04T07:39:48Z,1785829188542044334,7010,6740,28088,4,21,49487,12136946,200,0,387,0,0,2204,7301
6984,2026-08-04T07:39:49Z,1785829189546097889,7011,6740,28088,4,21,49495,12137741,200,0,387,0,0,2204,7301
6985,2026-08-04T07:39:50Z,1785829190550720306,7012,6740,28088,4,21,49502,12138538,200,0,387,0,0,2204,7301
6986,2026-08-04T07:39:51Z,1785829191553960236,7013,6740,28088,4,21,49510,12139332,200,0,387,0,0,2204,7301
6987,2026-08-04T07:39:52Z,1785829192556960158,7014,6740,28088,4,21,49517,12140126,200,0,387,0,0,2204,7301
6988,2026-08-04T07:39:53Z,1785829193560981103,7015,6740,28088,4,21,49525,12140923,200,0,387,0,0,2204,7301
6989,2026-08-04T07:39:54Z,1785829194565278272,7016,6740,28088,4,21,49532,12141718,200,0,387,0,0,2204,7301
6990,2026-08-04T07:39:55Z,1785829195569999134,7017,6740,28088,4,21,49540,12142514,200,0,387,0,0,2204,7301
6991,2026-08-04T07:39:56Z,1785829196573402118,7018,6740,28088,4,21,49548,12143309,200,0,387,0,0,2204,7301
6992,2026-08-04T07:39:57Z,1785829197576491237,7019,6728,28088,4,18,49555,12144104,200,0,386,0,0,2204,7301
6993,2026-08-04T07:39:58Z,1785829198580692595,7020,6728,28088,4,18,49562,12144899,200,0,386,0,0,2204,7301
6994,2026-08-04T07:39:59Z,1785829199585251564,7021,6728,28088,4,18,49570,12145695,200,0,386,0,0,2204,7301
6995,2026-08-04T07:40:00Z,1785829200589078716,7022,6728,28088,4,18,49578,12146490,200,0,386,0,0,2204,7301
6996,2026-08-04T07:40:01Z,1785829201593109144,7023,6728,28088,4,18,49585,12147283,200,0,386,0,0,2204,7301
6997,2026-08-04T07:40:02Z,1785829202596438909,7024,6728,28088,4,18,49593,12148079,200,0,386,0,0,2204,7301
6998,2026-08-04T07:40:03Z,1785829203601195277,7025,6728,28088,4,18,49600,12148874,200,0,386,0,0,2204,7301
6999,2026-08-04T07:40:04Z,1785829204604422668,7026,6728,28088,4,18,49608,12149668,200,0,386,0,0,2204,7301
7000,2026-08-04T07:40:05Z,1785829205608973162,7027,6728,28088,4,18,49616,12150463,200,0,386,0,0,2204,7301
7001,2026-08-04T07:40:06Z,1785829206612119413,7028,6728,28088,4,18,49624,12151257,200,0,386,0,0,2204,7301
7002,2026-08-04T07:40:07Z,1785829207616859920,7029,6728,28088,4,18,49631,12152050,200,0,386,0,0,2204,7301
7003,2026-08-04T07:40:08Z,1785829208620002060,7030,6728,28088,4,18,49639,12152847,200,0,386,0,0,2204,7301
7004,2026-08-04T07:40:09Z,1785829209623948256,7031,6728,28088,4,18,49646,12153643,200,0,386,0,0,2204,7301
7005,2026-08-04T07:40:10Z,1785829210628127376,7032,6728,28088,4,18,49653,12154439,200,0,386,0,0,2204,7301
7006,2026-08-04T07:40:11Z,1785829211632339948,7033,6728,28088,4,18,49661,12155234,200,0,386,0,0,2204,7301
7007,2026-08-04T07:40:12Z,1785829212636347297,7034,6728,28088,4,18,49668,12156028,200,0,386,0,0,2204,7301
7008,2026-08-04T07:40:13Z,1785829213640407770,7035,6728,28088,4,18,49676,12156824,200,0,386,0,0,2204,7301
7009,2026-08-04T07:40:14Z,1785829214645202145,7036,6728,28088,4,18,49683,12157618,200,0,386,0,0,2204,7301
7010,2026-08-04T07:40:15Z,1785829215648821419,7037,6728,28088,4,18,49691,12158414,200,0,386,0,0,2204,7301
7011,2026-08-04T07:40:16Z,1785829216651910556,7038,6728,28088,4,18,49698,12159208,200,0,386,0,0,2204,7301
7012,2026-08-04T07:40:17Z,1785829217655740545,7039,6728,28088,4,18,49706,12160003,200,0,386,0,0,2204,7301
7013,2026-08-04T07:40:18Z,1785829218659498715,7040,6728,28088,4,18,49713,12160800,200,0,386,0,0,2204,7301
7014,2026-08-04T07:40:19Z,1785829219663519148,7041,6728,28088,4,18,49721,12161595,200,0,386,0,0,2204,7301
7015,2026-08-04T07:40:20Z,1785829220667733196,7042,6728,28088,4,18,49728,12162393,200,0,386,0,0,2204,7301
7016,2026-08-04T07:40:21Z,1785829221671974638,7043,6728,28088,4,18,49735,12163189,200,0,386,0,0,2204,7301
7017,2026-08-04T07:40:22Z,1785829222675363913,7044,6728,28088,4,18,49743,12163982,200,0,386,0,0,2204,7301
7018,2026-08-04T07:40:23Z,1785829223678223975,7045,6728,28088,4,18,49751,12164777,200,0,386,0,0,2204,7301
7019,2026-08-04T07:40:24Z,1785829224682353932,7046,6728,28088,4,18,49758,12165571,200,0,386,0,0,2204,7301
7020,2026-08-04T07:40:25Z,1785829225686573551,7047,6728,28088,4,18,49766,12166365,200,0,386,0,0,2204,7301
7021,2026-08-04T07:40:26Z,1785829226690829194,7048,6724,28088,4,17,49774,12167159,200,0,386,0,0,2204,7301
7022,2026-08-04T07:40:27Z,1785829227695151330,7049,6724,28088,4,17,49781,12167960,200,0,386,0,0,2204,7301
7023,2026-08-04T07:40:28Z,1785829228699154271,7050,6724,28088,4,17,49788,12168752,200,0,386,0,0,2204,7301
7024,2026-08-04T07:40:29Z,1785829229703539897,7051,6724,28088,4,17,49796,12169545,200,0,386,0,0,2204,7301
7025,2026-08-04T07:40:30Z,1785829230707144635,7052,6724,28088,4,17,49804,12170341,200,0,386,0,0,2204,7301
7026,2026-08-04T07:40:31Z,1785829231710879221,7053,6724,28088,4,17,49812,12171133,200,0,386,0,0,2204,7301
7027,2026-08-04T07:40:32Z,1785829232714083292,7054,6724,28088,4,17,49819,12171926,200,0,386,0,0,2204,7301
7028,2026-08-04T07:40:33Z,1785829233717704014,7055,6724,28088,4,17,49826,12172718,200,0,386,0,0,2204,7301
7029,2026-08-04T07:40:34Z,1785829234721707175,7056,6724,28088,4,17,49834,12173514,200,0,386,0,0,2204,7301
7030,2026-08-04T07:40:35Z,1785829235725577105,7057,6724,28088,4,17,49842,12174309,200,0,386,0,0,2204,7301
7031,2026-08-04T07:40:36Z,1785829236730225998,7058,6724,28088,4,17,49849,12175106,200,0,386,0,0,2204,7301
7032,2026-08-04T07:40:37Z,1785829237733736312,7059,6724,28088,4,17,49856,12175904,200,0,386,0,0,2204,7301
7033,2026-08-04T07:40:38Z,1785829238736853724,7060,6724,28088,4,17,49864,12176700,200,0,386,0,0,2204,7301
7034,2026-08-04T07:40:39Z,1785829239740736537,7061,6724,28088,4,17,49871,12177496,200,0,386,0,0,2204,7301
7035,2026-08-04T07:40:40Z,1785829240744904915,7062,6724,28088,4,17,49879,12178291,200,0,386,0,0,2204,7301
7036,2026-08-04T07:40:41Z,1785829241748875737,7063,6724,28088,4,17,49887,12179087,200,0,386,0,0,2204,7301
7037,2026-08-04T07:40:42Z,1785829242752925881,7064,6724,28088,4,17,49895,12179884,200,0,386,0,0,2204,7301
7038,2026-08-04T07:40:43Z,1785829243756738227,7065,6724,28088,4,17,49901,12180678,200,0,386,0,0,2204,7301
7039,2026-08-04T07:40:44Z,1785829244761077076,7066,6724,28088,4,17,49909,12181475,200,0,386,0,0,2204,7301
7040,2026-08-04T07:40:45Z,1785829245764211403,7067,6724,28088,4,17,49917,12182268,200,0,386,0,0,2204,7301
7041,2026-08-04T07:40:46Z,1785829246768126236,7068,6724,28088,4,17,49924,12183066,200,0,386,0,0,2204,7301
7042,2026-08-04T07:40:47Z,1785829247772294894,7069,6724,28088,4,17,49931,12183861,200,0,386,0,0,2204,7301
7043,2026-08-04T07:40:48Z,1785829248775876420,7070,6724,28088,4,17,49939,12184657,200,0,386,0,0,2204,7301
7044,2026-08-04T07:40:49Z,1785829249779986740,7071,6724,28088,4,17,49946,12185455,200,0,386,0,0,2204,7301
7045,2026-08-04T07:40:50Z,1785829250784073671,7072,6724,28088,4,17,49954,12186249,200,0,386,0,0,2204,7301
7046,2026-08-04T07:40:51Z,1785829251787913674,7073,6724,28088,4,17,49962,12187042,200,0,386,0,0,2204,7301
7047,2026-08-04T07:40:52Z,1785829252792052272,7074,6724,28088,4,17,49969,12187836,200,0,386,0,0,2204,7301
7048,2026-08-04T07:40:53Z,1785829253795744730,7075,6724,28088,4,17,49977,12188631,200,0,386,0,0,2204,7301
7049,2026-08-04T07:40:54Z,1785829254799830646,7076,6724,28088,4,17,49984,12189425,200,0,386,0,0,2204,7301
7050,2026-08-04T07:40:55Z,1785829255803687459,7077,6724,28088,4,17,49992,12190222,200,0,386,0,0,2204,7301
7051,2026-08-04T07:40:56Z,1785829256808051003,7078,6724,28088,4,17,49999,12191016,200,0,386,0,0,2204,7301
7052,2026-08-04T07:40:57Z,1785829257811009473,7079,6724,28088,4,17,50006,12191812,200,0,386,0,0,2204,7301
7053,2026-08-04T07:40:58Z,1785829258814760001,7080,6724,28088,4,17,50014,12192607,200,0,386,0,0,2204,7301
7054,2026-08-04T07:40:59Z,1785829259819370080,7081,6724,28088,4,17,50022,12193403,200,0,386,0,0,2204,7301
7055,2026-08-04T07:41:00Z,1785829260823365408,7082,6724,28088,4,17,50029,12194197,200,0,386,0,0,2204,7301
7056,2026-08-04T07:41:01Z,1785829261826501559,7083,6724,28088,4,17,50037,12194992,200,0,386,0,0,2204,7301
7057,2026-08-04T07:41:02Z,1785829262830760824,7084,6724,28088,4,17,50045,12195788,200,0,386,0,0,2204,7301
7058,2026-08-04T07:41:03Z,1785829263834940032,7085,6724,28088,4,17,50053,12196583,200,0,386,0,0,2204,7301
7059,2026-08-04T07:41:04Z,1785829264839137489,7086,6724,28088,4,17,50060,12197378,200,0,386,0,0,2204,7301
7060,2026-08-04T07:41:05Z,1785829265843043339,7087,6724,28088,4,17,50067,12198171,200,0,386,0,0,2204,7301
7061,2026-08-04T07:41:06Z,1785829266846911727,7088,6724,28088,4,17,50075,12198965,200,0,386,0,0,2204,7301
7062,2026-08-04T07:41:07Z,1785829267850912944,7089,6724,28088,4,17,50082,12199761,200,0,386,0,0,2204,7301
7063,2026-08-04T07:41:08Z,1785829268855054250,7090,6724,28088,4,17,50090,12200554,200,0,386,0,0,2204,7301
7064,2026-08-04T07:41:09Z,1785829269859118202,7091,6724,28088,4,17,50097,12201350,200,0,386,0,0,2204,7301
7065,2026-08-04T07:41:10Z,1785829270863496986,7092,6724,28088,4,17,50104,12202145,200,0,386,0,0,2204,7301
7066,2026-08-04T07:41:11Z,1785829271866288474,7093,6724,28088,4,17,50112,12202941,200,0,386,0,0,2204,7301
7067,2026-08-04T07:41:12Z,1785829272869971597,7094,6724,28088,4,17,50120,12203739,200,0,386,0,0,2204,7301
7068,2026-08-04T07:41:13Z,1785829273873926430,7095,6724,28088,4,17,50126,12204537,200,0,386,0,0,2204,7301
7069,2026-08-04T07:41:14Z,1785829274878246488,7096,6724,28088,4,17,50135,12205331,200,0,386,0,0,2204,7301
7070,2026-08-04T07:41:15Z,1785829275881102322,7097,6724,28088,4,17,50142,12206126,200,0,386,0,0,2204,7301
7071,2026-08-04T07:41:16Z,1785829276884773957,7098,6724,28088,4,17,50149,12206923,200,0,386,0,0,2204,7301
7072,2026-08-04T07:41:17Z,1785829277888467998,7099,6724,28088,4,17,50157,12207716,200,0,386,0,0,2204,7301
7073,2026-08-04T07:41:18Z,1785829278892395929,7100,6724,28088,4,17,50164,12208512,200,0,386,0,0,2204,7301
7074,2026-08-04T07:41:19Z,1785829279896058384,7101,6724,28088,4,17,50172,12209309,200,0,386,0,0,2204,7301
7075,2026-08-04T07:41:20Z,1785829280899928749,7102,6724,28088,4,17,50179,12210106,200,0,386,0,0,2204,7301
7076,2026-08-04T07:41:21Z,1785829281903815764,7103,6724,28088,4,17,50187,12210901,200,0,386,0,0,2204,7301
7077,2026-08-04T07:41:22Z,1785829282908358303,7104,6720,28088,4,16,50194,12211699,200,0,386,0,0,2204,7301
7078,2026-08-04T07:41:23Z,1785829283911103449,7105,6716,28088,4,15,50200,12212495,200,0,386,0,0,2204,7301
7079,2026-08-04T07:41:24Z,1785829284914959893,7106,6668,28088,4,13,50206,12213295,200,0,386,0,0,2204,7301
7080,2026-08-04T07:41:25Z,1785829285917932238,7107,6664,28088,4,12,50208,12214096,200,0,386,0,0,2204,7301
7081,2026-08-04T07:41:26Z,1785829286922195417,7108,6336,28088,4,10,50208,12214897,200,0,386,0,0,2204,7301
7082,2026-08-04T07:41:27Z,1785829287925305265,7109,6336,28088,4,10,50208,12215699,200,0,386,0,0,2204,7301
7083,2026-08-04T07:41:28Z,1785829288929059384,7110,6336,28088,4,10,50208,12216502,200,0,386,0,0,2204,7301
7084,2026-08-04T07:41:29Z,1785829289933461912,7111,6336,28088,4,10,50208,12217305,200,0,386,0,0,2204,7301
7085,2026-08-04T07:41:30Z,1785829290936791113,7112,6336,28088,4,10,50208,12218107,200,0,386,0,0,2204,7301
7086,2026-08-04T07:41:31Z,1785829291939965740,7113,6340,28088,4,11,50208,12218908,200,0,386,0,0,2204,7301
7087,2026-08-04T07:41:32Z,1785829292944548953,7114,6344,28088,4,12,50209,12219710,200,0,386,0,0,2204,7301
7088,2026-08-04T07:41:33Z,1785829293948852160,7115,6368,28088,4,13,50211,12220508,200,0,386,0,0,2204,7301
7089,2026-08-04T07:41:34Z,1785829294953027624,7116,6372,28088,4,14,50216,12221303,200,0,386,0,0,2204,7301
7090,2026-08-04T07:41:35Z,1785829295956303960,7117,6696,28088,4,15,50223,12222093,200,0,386,0,0,2204,7301
7091,2026-08-04T07:41:36Z,1785829296960290029,7118,6708,28088,4,18,50231,12222888,200,0,386,0,0,2204,7302
7092,2026-08-04T07:41:37Z,1785829297964645475,7119,6708,28088,4,18,50238,12223683,200,0,386,0,0,2204,7303
7093,2026-08-04T07:41:38Z,1785829298967817890,7120,6708,28088,4,18,50247,12224478,200,0,386,0,0,2204,7304
7094,2026-08-04T07:41:39Z,1785829299972242759,7121,6708,28088,4,18,50254,12225272,200,0,386,0,0,2204,7305
7095,2026-08-04T07:41:40Z,1785829300976185233,7122,6708,28088,4,18,50262,12226066,200,0,386,0,0,2204,7306
7096,2026-08-04T07:41:41Z,1785829301979016545,7123,6708,28088,4,18,50269,12226862,200,0,386,0,0,2204,7307
7097,2026-08-04T07:41:42Z,1785829302983132582,7124,6708,28088,4,18,50276,12227657,200,0,386,0,0,2204,7308
7098,2026-08-04T07:41:43Z,1785829303986076055,7125,6708,28088,4,18,50284,12228447,200,0,386,0,0,2204,7309
7099,2026-08-04T07:41:44Z,1785829304990937909,7126,6708,28088,4,18,50292,12229244,200,0,386,0,0,2204,7310
7100,2026-08-04T07:41:45Z,1785829305994505970,7127,6708,28088,4,18,50299,12230036,200,0,386,0,0,2204,7310
7101,2026-08-04T07:41:46Z,1785829306997025523,7128,6708,28088,4,18,50307,12230829,200,0,386,0,0,2204,7311
7102,2026-08-04T07:41:47Z,1785829308000526367,7130,6708,28088,4,18,50315,12231628,200,0,386,0,0,2204,7312
7103,2026-08-04T07:41:49Z,1785829309004931577,7131,6708,28088,4,18,50322,12232421,200,0,386,0,0,2204,7313
7104,2026-08-04T07:41:50Z,1785829310008159001,7132,6708,28088,4,18,50329,12233218,200,0,386,0,0,2204,7314
7105,2026-08-04T07:41:51Z,1785829311012311298,7133,6708,28088,4,18,50337,12234011,200,0,386,0,0,2204,7314
7106,2026-08-04T07:41:52Z,1785829312016238732,7134,6708,28088,4,18,50345,12234805,200,0,386,0,0,2204,7314
7107,2026-08-04T07:41:53Z,1785829313020124362,7135,6708,28088,4,18,50352,12235601,200,0,386,0,0,2204,7315
7108,2026-08-04T07:41:54Z,1785829314023990227,7136,6708,28088,4,18,50360,12236397,200,0,386,0,0,2204,7316
7109,2026-08-04T07:41:55Z,1785829315028121072,7137,6708,28088,4,18,50368,12237193,200,0,386,0,0,2204,7316
7110,2026-08-04T07:41:56Z,1785829316032099773,7138,6708,28088,4,18,50375,12237989,200,0,386,0,0,2204,7316
7111,2026-08-04T07:41:57Z,1785829317036046442,7139,6708,28088,4,18,50383,12238784,200,0,386,0,0,2204,7317
7112,2026-08-04T07:41:58Z,1785829318039903617,7140,6708,28088,4,18,50390,12239578,200,0,386,0,0,2204,7318
7113,2026-08-04T07:41:59Z,1785829319043996689,7141,6708,28088,4,18,50397,12240371,200,0,386,0,0,2204,7318
7114,2026-08-04T07:42:00Z,1785829320048471890,7142,6708,28088,4,18,50405,12241167,200,0,386,0,0,2204,7319
7115,2026-08-04T07:42:01Z,1785829321051897030,7143,6708,28088,4,18,50413,12241961,200,0,386,0,0,2204,7319
7116,2026-08-04T07:42:02Z,1785829322054934188,7144,6708,28088,4,18,50421,12242757,200,0,386,0,0,2204,7320
7117,2026-08-04T07:42:03Z,1785829323059199657,7145,6708,28088,4,18,50429,12243549,200,0,386,0,0,2204,7321
7118,2026-08-04T07:42:04Z,1785829324063201889,7146,6708,28088,4,18,50437,12244343,200,0,386,0,0,2204,7322
7119,2026-08-04T07:42:05Z,1785829325067438325,7147,6708,28088,4,18,50445,12245136,200,0,386,0,0,2204,7323
7120,2026-08-04T07:42:06Z,1785829326071861400,7148,6708,28088,4,18,50453,12245931,200,0,386,0,0,2204,7324
7121,2026-08-04T07:42:07Z,1785829327075076000,7149,6708,28088,4,18,50460,12246724,200,0,386,0,0,2204,7324
7122,2026-08-04T07:42:08Z,1785829328080236866,7150,6708,28088,4,18,50468,12247518,200,0,386,0,0,2204,7325
7123,2026-08-04T07:42:09Z,1785829329083908211,7151,6708,28088,4,18,50476,12248313,200,0,386,0,0,2204,7326
7124,2026-08-04T07:42:10Z,1785829330087152697,7152,6708,28088,4,18,50484,12249108,200,0,386,0,0,2204,7327
7125,2026-08-04T07:42:11Z,1785829331091266499,7153,6708,28088,4,18,50492,12249901,200,0,386,0,0,2204,7328
7126,2026-08-04T07:42:12Z,1785829332095504617,7154,6708,28088,4,18,50499,12250699,200,0,386,0,0,2204,7328
7127,2026-08-04T07:42:13Z,1785829333099347997,7155,6708,28088,4,18,50507,12251493,200,0,386,0,0,2204,7329
7128,2026-08-04T07:42:14Z,1785829334103558536,7156,6708,28088,4,18,50515,12252289,200,0,386,0,0,2204,7330
7129,2026-08-04T07:42:15Z,1785829335108755811,7157,6708,28088,4,18,50522,12253084,200,0,386,0,0,2204,7331
7130,2026-08-04T07:42:16Z,1785829336112367153,7158,6704,28088,4,17,50530,12253878,200,0,386,0,0,2204,7331
7131,2026-08-04T07:42:17Z,1785829337115527605,7159,6704,28088,4,17,50538,12254670,200,0,386,0,0,2204,7332
7132,2026-08-04T07:42:18Z,1785829338119361338,7160,6704,28088,4,17,50546,12255465,200,0,386,0,0,2204,7332
7133,2026-08-04T07:42:19Z,1785829339123607746,7161,6704,28088,4,17,50552,12256260,200,0,386,0,0,2204,7332
7134,2026-08-04T07:42:20Z,1785829340126816893,7162,6704,28088,4,17,50560,12257058,200,0,386,0,0,2204,7332
7135,2026-08-04T07:42:21Z,1785829341131263534,7163,6704,28088,4,17,50568,12257851,200,0,386,0,0,2204,7333
7136,2026-08-04T07:42:22Z,1785829342135554423,7164,6704,28088,4,17,50575,12258645,200,0,386,0,0,2204,7334
7137,2026-08-04T07:42:23Z,1785829343139246766,7165,6704,28088,4,17,50582,12259440,200,0,386,0,0,2204,7335
7138,2026-08-04T07:42:24Z,1785829344143283822,7166,6704,28088,4,17,50590,12260237,200,0,386,0,0,2204,7335
7139,2026-08-04T07:42:25Z,1785829345147353106,7167,6704,28088,4,17,50597,12261029,200,0,386,0,0,2204,7335
7140,2026-08-04T07:42:26Z,1785829346151225790,7168,6704,28088,4,17,50605,12261826,200,0,386,0,0,2204,7336
7141,2026-08-04T07:42:27Z,1785829347155197700,7169,6704,28088,4,17,50613,12262623,200,0,386,0,0,2204,7336
7142,2026-08-04T07:42:28Z,1785829348159079592,7170,6704,28088,4,17,50621,12263415,200,0,386,0,0,2204,7336
7143,2026-08-04T07:42:29Z,1785829349163140882,7171,6704,28088,4,17,50628,12264212,200,0,386,0,0,2204,7337
7144,2026-08-04T07:42:30Z,1785829350167669266,7172,6704,28088,4,17,50636,12265009,200,0,386,0,0,2204,7337
7145,2026-08-04T07:42:31Z,1785829351171300339,7173,6704,28088,4,17,50644,12265801,200,0,386,0,0,2204,7338
7146,2026-08-04T07:42:32Z,1785829352174749254,7174,6704,28088,4,17,50651,12266593,200,0,386,0,0,2204,7339
7147,2026-08-04T07:42:33Z,1785829353178262723,7175,6704,28088,4,17,50659,12267389,200,0,386,0,0,2204,7340
7148,2026-08-04T07:42:34Z,1785829354181601509,7176,6704,28088,4,17,50667,12268184,200,0,386,0,0,2204,7340
7149,2026-08-04T07:42:35Z,1785829355185617569,7177,6704,28088,4,17,50674,12268981,200,0,386,0,0,2204,7340
7150,2026-08-04T07:42:36Z,1785829356190158330,7178,6704,28088,4,17,50682,12269776,200,0,386,0,0,2204,7340
7151,2026-08-04T07:42:37Z,1785829357193564630,7179,6704,28088,4,17,50689,12270569,200,0,386,0,0,2204,7340
7152,2026-08-04T07:42:38Z,1785829358196805305,7180,6704,28088,4,17,50697,12271361,200,0,386,0,0,2204,7341
7153,2026-08-04T07:42:39Z,1785829359200820060,7181,6704,28088,4,17,50705,12272157,200,0,386,0,0,2204,7341
7154,2026-08-04T07:42:40Z,1785829360205142257,7182,6704,28088,4,17,50712,12272953,200,0,386,0,0,2204,7342
7155,2026-08-04T07:42:41Z,1785829361208288972,7183,6704,28088,4,17,50720,12273746,200,0,386,0,0,2204,7343
7156,2026-08-04T07:42:42Z,1785829362212375847,7184,6704,28088,4,17,50728,12274540,200,0,386,0,0,2204,7344
7157,2026-08-04T07:42:43Z,1785829363216876686,7185,6704,28088,4,17,50736,12275336,200,0,386,0,0,2204,7344
7158,2026-08-04T07:42:44Z,1785829364220713067,7186,6704,28088,4,17,50743,12276127,200,0,386,0,0,2204,7345
7159,2026-08-04T07:42:45Z,1785829365224418009,7187,6704,28088,4,17,50751,12276922,200,0,386,0,0,2204,7346
7160,2026-08-04T07:42:46Z,1785829366227588273,7188,6704,28088,4,17,50758,12277716,200,0,386,0,0,2204,7347
7161,2026-08-04T07:42:47Z,1785829367231819520,7189,6704,28088,4,17,50767,12278511,200,0,386,0,0,2204,7347
7162,2026-08-04T07:42:48Z,1785829368235317600,7190,6704,28088,4,17,50774,12279305,200,0,386,0,0,2204,7348
7163,2026-08-04T07:42:49Z,1785829369239319855,7191,6704,28088,4,17,50782,12280100,200,0,386,0,0,2204,7348
7164,2026-08-04T07:42:50Z,1785829370243279244,7192,6704,28088,4,17,50789,12280894,200,0,386,0,0,2204,7348
7165,2026-08-04T07:42:51Z,1785829371247145095,7193,6704,28088,4,17,50796,12281688,200,0,386,0,0,2204,7349
7166,2026-08-04T07:42:52Z,1785829372250951346,7194,6704,28088,4,17,50804,12282484,200,0,386,0,0,2204,7349
7167,2026-08-04T07:42:53Z,1785829373254974173,7195,6704,28088,4,17,50812,12283278,200,0,386,0,0,2204,7350
7168,2026-08-04T07:42:54Z,1785829374258597367,7196,6704,28088,4,17,50820,12284073,200,0,386,0,0,2204,7351
7169,2026-08-04T07:42:55Z,1785829375262907434,7197,6704,28088,4,17,50827,12284864,200,0,386,0,0,2204,7351
7170,2026-08-04T07:42:56Z,1785829376266139169,7198,6704,28088,4,17,50836,12285659,200,0,386,0,0,2204,7351
7171,2026-08-04T07:42:57Z,1785829377270445447,7199,6704,28088,4,17,50843,12286456,200,0,386,0,0,2204,7351
7172,2026-08-04T07:42:58Z,1785829378273597019,7200,6704,28088,4,17,50851,12287249,200,0,386,0,0,2204,7352
7173,2026-08-04T07:42:59Z,1785829379278025320,7201,6704,28088,4,17,50859,12288045,200,0,386,0,0,2204,7352
7174,2026-08-04T07:43:00Z,1785829380282574161,7202,6704,28088,4,17,50867,12288838,200,0,386,0,0,2204,7353
7175,2026-08-04T07:43:01Z,1785829381286046577,7203,6704,28088,4,17,50875,12289631,200,0,386,0,0,2204,7354
7176,2026-08-04T07:43:02Z,1785829382288974113,7204,6704,28088,4,17,50882,12290422,200,0,386,0,0,2204,7354
7177,2026-08-04T07:43:03Z,1785829383292950051,7205,6704,28088,4,17,50890,12291217,200,0,386,0,0,2204,7355
7178,2026-08-04T07:43:04Z,1785829384296303239,7206,6704,28088,4,17,50898,12292010,200,0,386,0,0,2204,7356
7179,2026-08-04T07:43:05Z,1785829385299917102,7207,6704,28088,4,17,50906,12292802,200,0,386,0,0,2204,7357
7180,2026-08-04T07:43:06Z,1785829386303567439,7208,6704,28088,4,17,50913,12293597,200,0,386,0,0,2204,7358
7181,2026-08-04T07:43:07Z,1785829387306414781,7209,6704,28088,4,17,50920,12294392,200,0,386,0,0,2204,7358
7182,2026-08-04T07:43:08Z,1785829388310710557,7210,6708,28088,4,18,50929,12295184,200,0,386,0,0,2204,7359
7183,2026-08-04T07:43:09Z,1785829389313966504,7211,6708,28088,4,18,50936,12295979,200,0,386,0,0,2204,7360
7184,2026-08-04T07:43:10Z,1785829390318393273,7212,6708,28088,4,18,50943,12296772,200,0,386,0,0,2204,7361
7185,2026-08-04T07:43:11Z,1785829391322084681,7213,6708,28088,4,18,50952,12297567,200,0,386,0,0,2204,7361
7186,2026-08-04T07:43:12Z,1785829392324791802,7214,6708,28088,4,18,50960,12298358,200,0,386,0,0,2204,7362
7187,2026-08-04T07:43:13Z,1785829393328710188,7215,6708,28088,4,18,50967,12299154,200,0,386,0,0,2204,7363
7188,2026-08-04T07:43:14Z,1785829394332828609,7216,6708,28088,4,18,50975,12299949,200,0,386,0,0,2204,7364
7189,2026-08-04T07:43:15Z,1785829395337439633,7217,6708,28088,4,18,50982,12300743,200,0,386,0,0,2204,7365
7190,2026-08-04T07:43:16Z,1785829396340734899,7218,6708,28088,4,18,50990,12301537,200,0,386,0,0,2204,7366
7191,2026-08-04T07:43:17Z,1785829397344193648,7219,6708,28088,4,18,50998,12302335,200,0,386,0,0,2204,7367
7192,2026-08-04T07:43:18Z,1785829398347860014,7220,6708,28088,4,18,51006,12303130,200,0,386,0,0,2204,7367
7193,2026-08-04T07:43:19Z,1785829399351613970,7221,6708,28088,4,18,51013,12303923,200,0,386,0,0,2204,7367
7194,2026-08-04T07:43:20Z,1785829400354805861,7222,6708,28088,4,18,51021,12304718,200,0,386,0,0,2204,7368
7195,2026-08-04T07:43:21Z,1785829401359125652,7223,6708,28088,4,18,51029,12305516,200,0,386,0,0,2204,7368
7196,2026-08-04T07:43:22Z,1785829402363117464,7224,6708,28088,4,18,51037,12306313,200,0,386,0,0,2204,7368
7197,2026-08-04T07:43:23Z,1785829403367150680,7225,6708,28088,4,18,51044,12307107,200,0,386,0,0,2204,7368
7198,2026-08-04T07:43:24Z,1785829404370975775,7226,6708,28088,4,18,51051,12307903,200,0,386,0,0,2204,7369
7199,2026-08-04T07:43:25Z,1785829405375335098,7227,6708,28088,4,18,51059,12308698,200,0,386,0,0,2204,7370
7200,2026-08-04T07:43:26Z,1785829406378451618,7228,6708,28088,4,18,51067,12309491,200,0,386,0,0,2204,7371
7201,2026-08-04T07:43:27Z,1785829407382579743,7229,6708,28088,4,18,51074,12310289,200,0,386,0,0,2204,7371
7202,2026-08-04T07:43:28Z,1785829408386744323,7230,6708,28088,4,18,51082,12311083,200,0,386,0,0,2204,7371
7203,2026-08-04T07:43:29Z,1785829409391118268,7231,6708,28088,4,18,51089,12311880,200,0,386,0,0,2204,7371
7204,2026-08-04T07:43:30Z,1785829410395387112,7232,6708,28088,4,18,51097,12312676,200,0,386,0,0,2204,7372
7205,2026-08-04T07:43:31Z,1785829411399794315,7233,6708,28088,4,18,51105,12313471,200,0,386,0,0,2204,7373
7206,2026-08-04T07:43:32Z,1785829412403362925,7234,6704,28088,4,17,51112,12314264,200,0,386,0,0,2204,7373
7207,2026-08-04T07:43:33Z,1785829413407160447,7235,6696,28088,4,15,51119,12315060,200,0,386,0,0,2204,7374
7208,2026-08-04T07:43:34Z,1785829414409804895,7236,6672,28088,4,14,51124,12315858,200,0,386,0,0,2204,7374
7209,2026-08-04T07:43:35Z,1785829415412839988,7237,6664,28088,4,12,51125,12316659,200,0,386,0,0,2204,7374
7210,2026-08-04T07:43:36Z,1785829416416707645,7238,6336,28088,4,10,51125,12317461,200,0,386,0,0,2204,7374
7211,2026-08-04T07:43:37Z,1785829417421148208,7239,6336,28088,4,10,51125,12318264,200,0,386,0,0,2204,7374
7212,2026-08-04T07:43:38Z,1785829418424369549,7240,6336,28088,4,10,51125,12319065,200,0,386,0,0,2204,7374
7213,2026-08-04T07:43:39Z,1785829419428219199,7241,6336,28088,4,10,51125,12319868,200,0,386,0,0,2204,7374
7214,2026-08-04T07:43:40Z,1785829420432281132,7242,6336,28088,4,10,51126,12320671,200,0,386,0,0,2204,7374
7215,2026-08-04T07:43:41Z,1785829421436379862,7243,6340,28088,4,11,51126,12321474,200,0,386,0,0,2204,7374
7216,2026-08-04T07:43:42Z,1785829422439848908,7244,6344,28088,4,12,51126,12322276,200,0,386,0,0,2204,7374
7217,2026-08-04T07:43:43Z,1785829423443192228,7245,6368,28088,4,13,51129,12323072,200,0,386,0,0,2204,7374
7218,2026-08-04T07:43:44Z,1785829424447206016,7246,6372,28088,4,14,51134,12323874,200,0,386,0,0,2204,7374
7219,2026-08-04T07:43:45Z,1785829425451889631,7247,6696,28088,4,15,51142,12324668,200,0,386,0,0,2204,7374
7220,2026-08-04T07:43:46Z,1785829426455074957,7248,6708,28088,4,18,51150,12325463,200,0,386,0,0,2204,7375
7221,2026-08-04T07:43:47Z,1785829427459367914,7249,6708,28088,4,18,51158,12326256,200,0,386,0,0,2204,7376
7222,2026-08-04T07:43:48Z,1785829428463393453,7250,6708,28088,4,18,51165,12327053,200,0,386,0,0,2204,7377
7223,2026-08-04T07:43:49Z,1785829429467263082,7251,6708,28088,4,18,51173,12327851,200,0,386,0,0,2204,7377
7224,2026-08-04T07:43:50Z,1785829430471559665,7252,6708,28088,4,18,51180,12328649,200,0,386,0,0,2204,7378
7225,2026-08-04T07:43:51Z,1785829431476072779,7253,6708,28088,4,18,51188,12329447,200,0,386,0,0,2204,7379
7226,2026-08-04T07:43:52Z,1785829432479189482,7254,6708,28088,4,18,51196,12330242,200,0,386,0,0,2204,7380
7227,2026-08-04T07:43:53Z,1785829433483917290,7255,6708,28088,4,18,51204,12331037,200,0,386,0,0,2204,7381
7228,2026-08-04T07:43:54Z,1785829434486948552,7256,6708,28088,4,18,51211,12331834,200,0,386,0,0,2204,7382
7229,2026-08-04T07:43:55Z,1785829435491178447,7257,6708,28088,4,18,51220,12332630,200,0,386,0,0,2204,7382
7230,2026-08-04T07:43:56Z,1785829436496078827,7258,6708,28088,4,18,51227,12333425,200,0,386,0,0,2204,7383
7231,2026-08-04T07:43:57Z,1785829437499149885,7259,6708,28088,4,18,51234,12334221,200,0,386,0,0,2204,7383
7232,2026-08-04T07:43:58Z,1785829438503041591,7260,6708,28088,4,18,51242,12335014,200,0,386,0,0,2204,7383
7233,2026-08-04T07:43:59Z,1785829439507682809,7261,6708,28088,4,18,51250,12335812,200,0,386,0,0,2204,7384
7234,2026-08-04T07:44:00Z,1785829440511339797,7262,6708,28088,4,18,51258,12336606,200,0,386,0,0,2204,7385
7235,2026-08-04T07:44:01Z,1785829441514706566,7263,6708,28088,4,18,51266,12337401,200,0,386,0,0,2204,7386
7236,2026-08-04T07:44:02Z,1785829442517744348,7264,6708,28088,4,18,51274,12338193,200,0,386,0,0,2204,7387
7237,2026-08-04T07:44:03Z,1785829443521550852,7265,6708,28088,4,18,51281,12338990,200,0,386,0,0,2204,7388
7238,2026-08-04T07:44:04Z,1785829444525513928,7266,6708,28088,4,18,51289,12339785,200,0,386,0,0,2204,7389
7239,2026-08-04T07:44:05Z,1785829445529396729,7267,6708,28088,4,18,51297,12340579,200,0,386,0,0,2204,7389
7240,2026-08-04T07:44:06Z,1785829446533559211,7268,6708,28088,4,18,51304,12341375,200,0,386,0,0,2204,7390
7241,2026-08-04T07:44:07Z,1785829447538213289,7269,6708,28088,4,18,51311,12342173,200,0,386,0,0,2204,7391
7242,2026-08-04T07:44:08Z,1785829448541170222,7270,6708,28088,4,18,51318,12342969,200,0,386,0,0,2204,7392
7243,2026-08-04T07:44:09Z,1785829449545060678,7271,6708,28088,4,18,51327,12343765,200,0,386,0,0,2204,7393
7244,2026-08-04T07:44:10Z,1785829450549422180,7272,6708,28088,4,18,51334,12344561,200,0,386,0,0,2204,7394
7245,2026-08-04T07:44:11Z,1785829451553259203,7273,6708,28088,4,18,51341,12345357,200,0,386,0,0,2204,7394
7246,2026-08-04T07:44:12Z,1785829452557139647,7274,6708,28088,4,18,51349,12346152,200,0,386,0,0,2204,7394
7247,2026-08-04T07:44:13Z,1785829453561060285,7275,6708,28088,4,18,51356,12346947,200,0,386,0,0,2204,7394
7248,2026-08-04T07:44:14Z,1785829454565619311,7276,6708,28088,4,18,51364,12347744,200,0,386,0,0,2204,7394
7249,2026-08-04T07:44:15Z,1785829455569377306,7277,6708,28088,4,18,51372,12348539,200,0,386,0,0,2204,7395
7250,2026-08-04T07:44:16Z,1785829456572225966,7278,6704,28088,4,17,51380,12349338,200,0,386,0,0,2204,7395
7251,2026-08-04T07:44:17Z,1785829457576109784,7279,6708,28088,4,18,51387,12350132,200,0,386,0,0,2204,7396
7252,2026-08-04T07:44:18Z,1785829458580028058,7280,6708,28088,4,18,51395,12350927,200,0,386,0,0,2204,7396
7253,2026-08-04T07:44:19Z,1785829459583633112,7281,6708,28088,4,18,51402,12351721,200,0,386,0,0,2204,7396
7254,2026-08-04T07:44:20Z,1785829460587391370,7282,6708,28088,4,18,51409,12352517,200,0,386,0,0,2204,7396
7255,2026-08-04T07:44:21Z,1785829461591633217,7283,6708,28088,4,18,51418,12353315,200,0,386,0,0,2204,7396
7256,2026-08-04T07:44:22Z,1785829462595885396,7284,6708,28088,4,18,51425,12354111,200,0,386,0,0,2204,7397
7257,2026-08-04T07:44:23Z,1785829463599996045,7285,6708,28088,4,18,51432,12354907,200,0,386,0,0,2204,7397
7258,2026-08-04T07:44:24Z,1785829464604918192,7286,6708,28088,4,18,51439,12355703,200,0,386,0,0,2204,7397
7259,2026-08-04T07:44:25Z,1785829465608165507,7287,6708,28088,4,18,51447,12356500,200,0,386,0,0,2204,7397
7260,2026-08-04T07:44:26Z,1785829466611563686,7288,6708,28088,4,18,51455,12357297,200,0,386,0,0,2204,7398
7261,2026-08-04T07:44:27Z,1785829467615610924,7289,6708,28088,4,18,51464,12358092,200,0,386,0,0,2204,7398
7262,2026-08-04T07:44:28Z,1785829468619358780,7290,6708,28088,4,18,51472,12358887,200,0,386,0,0,2204,7398
7263,2026-08-04T07:44:29Z,1785829469624036343,7291,6708,28088,4,18,51479,12359685,200,0,386,0,0,2204,7399
7264,2026-08-04T07:44:30Z,1785829470627179396,7292,6708,28088,4,18,51487,12360480,200,0,386,0,0,2204,7400
7265,2026-08-04T07:44:31Z,1785829471631321594,7293,6708,28088,4,18,51495,12361274,200,0,386,0,0,2204,7401
7266,2026-08-04T07:44:32Z,1785829472635907105,7294,6708,28088,4,18,51502,12362070,200,0,386,0,0,2204,7402
7267,2026-08-04T07:44:33Z,1785829473639004578,7295,6708,28088,4,18,51509,12362864,200,0,386,0,0,2204,7403
7268,2026-08-04T07:44:34Z,1785829474643252794,7296,6708,28088,4,18,51518,12363661,200,0,386,0,0,2204,7403
7269,2026-08-04T07:44:35Z,1785829475647681182,7297,6708,28088,4,18,51525,12364457,200,0,386,0,0,2204,7404
7270,2026-08-04T07:44:36Z,1785829476651918586,7298,6708,28088,4,18,51533,12365254,200,0,386,0,0,2204,7404
7271,2026-08-04T07:44:37Z,1785829477655893622,7299,6708,28088,4,18,51540,12366049,200,0,386,0,0,2204,7404
7272,2026-08-04T07:44:38Z,1785829478660050869,7300,6708,28088,4,18,51548,12366845,200,0,386,0,0,2204,7405
7273,2026-08-04T07:44:39Z,1785829479664023679,7301,6708,28088,4,18,51556,12367641,200,0,386,0,0,2204,7405
7274,2026-08-04T07:44:40Z,1785829480668381232,7302,6708,28088,4,18,51562,12368436,200,0,386,0,0,2204,7405
7275,2026-08-04T07:44:41Z,1785829481671821365,7303,6708,28088,4,18,51571,12369230,200,0,386,0,0,2204,7406
7276,2026-08-04T07:44:42Z,1785829482675794757,7304,6708,28088,4,18,51578,12370025,200,0,386,0,0,2204,7406
7277,2026-08-04T07:44:43Z,1785829483678840788,7305,6708,28088,4,18,51586,12370823,200,0,386,0,0,2204,7406
7278,2026-08-04T07:44:44Z,1785829484683331928,7306,6708,28088,4,18,51593,12371619,200,0,386,0,0,2204,7406
7279,2026-08-04T07:44:45Z,1785829485686732774,7307,6708,28088,4,18,51601,12372415,200,0,386,0,0,2204,7407
7280,2026-08-04T07:44:46Z,1785829486689953702,7308,6708,28088,4,18,51608,12373210,200,0,386,0,0,2204,7408
7281,2026-08-04T07:44:47Z,1785829487694697539,7309,6708,28088,4,18,51616,12374005,200,0,386,0,0,2204,7409
7282,2026-08-04T07:44:48Z,1785829488697784188,7310,6708,28088,4,18,51623,12374802,200,0,386,0,0,2204,7410
7283,2026-08-04T07:44:49Z,1785829489702063561,7311,6708,28088,4,18,51631,12375597,200,0,386,0,0,2204,7411
7284,2026-08-04T07:44:50Z,1785829490706088615,7312,6708,28088,4,18,51638,12376393,200,0,386,0,0,2204,7411
7285,2026-08-04T07:44:51Z,1785829491709695365,7313,6708,28088,4,18,51645,12377188,200,0,386,0,0,2204,7411
7286,2026-08-04T07:44:52Z,1785829492714061968,7314,6708,28088,4,18,51653,12377982,200,0,386,0,0,2204,7411
7287,2026-08-04T07:44:53Z,1785829493718051052,7315,6708,28088,4,18,51661,12378776,200,0,386,0,0,2204,7412
7288,2026-08-04T07:44:54Z,1785829494722045632,7316,6708,28088,4,18,51668,12379574,200,0,386,0,0,2204,7413
7289,2026-08-04T07:44:55Z,1785829495726338098,7317,6708,28088,4,18,51676,12380369,200,0,386,0,0,2204,7414
7290,2026-08-04T07:44:56Z,1785829496730788975,7318,6708,28088,4,18,51683,12381165,200,0,386,0,0,2204,7415
7291,2026-08-04T07:44:57Z,1785829497733955590,7319,6708,28088,4,18,51691,12381958,200,0,386,0,0,2204,7416
7292,2026-08-04T07:44:58Z,1785829498738226867,7320,6708,28088,4,18,51699,12382755,200,0,386,0,0,2204,7416
7293,2026-08-04T07:44:59Z,1785829499743290409,7321,6708,28088,4,18,51707,12383551,200,0,386,0,0,2204,7417
7294,2026-08-04T07:45:00Z,1785829500747202345,7322,6708,28088,4,18,51715,12384345,200,0,386,0,0,2204,7418
7295,2026-08-04T07:45:01Z,1785829501751329926,7323,6708,28088,4,18,51723,12385139,200,0,386,0,0,2204,7419
7296,2026-08-04T07:45:02Z,1785829502755170926,7324,6708,28088,4,18,51731,12385932,200,0,386,0,0,2204,7420
7297,2026-08-04T07:45:03Z,1785829503758753767,7325,6708,28088,4,18,51739,12386729,200,0,386,0,0,2204,7421
7298,2026-08-04T07:45:04Z,1785829504762167598,7326,6708,28088,4,18,51747,12387523,200,0,386,0,0,2204,7421
7299,2026-08-04T07:45:05Z,1785829505765293535,7327,6708,28088,4,18,51755,12388317,200,0,386,0,0,2204,7421
7300,2026-08-04T07:45:06Z,1785829506769378966,7328,6708,28088,4,18,51763,12389113,200,0,386,0,0,2204,7421
7301,2026-08-04T07:45:07Z,1785829507773329892,7329,6708,28088,4,18,51770,12389909,200,0,386,0,0,2204,7421
7302,2026-08-04T07:45:08Z,1785829508777473222,7330,6708,28088,4,18,51778,12390704,200,0,386,0,0,2204,7421
7303,2026-08-04T07:45:09Z,1785829509781900878,7331,6708,28088,4,18,51786,12391502,200,0,386,0,0,2204,7422
7304,2026-08-04T07:45:10Z,1785829510785072353,7332,6708,28088,4,18,51793,12392297,200,0,386,0,0,2204,7422
7305,2026-08-04T07:45:11Z,1785829511789147385,7333,6708,28088,4,18,51801,12393094,200,0,386,0,0,2204,7422
7306,2026-08-04T07:45:12Z,1785829512793013338,7334,6708,28088,4,18,51809,12393889,200,0,386,0,0,2204,7423
7307,2026-08-04T07:45:13Z,1785829513797276300,7335,6708,28088,4,18,51816,12394683,200,0,386,0,0,2204,7424
7308,2026-08-04T07:45:14Z,1785829514802295845,7336,6708,28088,4,18,51823,12395480,200,0,386,0,0,2204,7424
7309,2026-08-04T07:45:15Z,1785829515805801590,7337,6708,28088,4,18,51831,12396275,200,0,386,0,0,2204,7425
7310,2026-08-04T07:45:16Z,1785829516809290628,7338,6708,28088,4,18,51838,12397069,200,0,386,0,0,2204,7426
7311,2026-08-04T07:45:17Z,1785829517812110712,7339,6708,28088,4,18,51847,12397866,200,0,386,0,0,2204,7426
7312,2026-08-04T07:45:18Z,1785829518815888310,7340,6708,28088,4,18,51854,12398661,200,0,386,0,0,2204,7427
7313,2026-08-04T07:45:19Z,1785829519819340674,7341,6708,28088,4,18,51861,12399456,200,0,386,0,0,2204,7427
7314,2026-08-04T07:45:20Z,1785829520823206260,7342,6708,28088,4,18,51869,12400253,200,0,386,0,0,2204,7427
7315,2026-08-04T07:45:21Z,1785829521827205948,7343,6708,28088,4,18,51877,12401049,200,0,386,0,0,2204,7428
7316,2026-08-04T07:45:22Z,1785829522830928450,7344,6708,28088,4,18,51884,12401845,200,0,386,0,0,2204,7428
7317,2026-08-04T07:45:23Z,1785829523835229935,7345,6708,28088,4,18,51892,12402641,200,0,386,0,0,2204,7428
7318,2026-08-04T07:45:24Z,1785829524838375218,7346,6708,28088,4,18,51899,12403432,200,0,386,0,0,2204,7429
7319,2026-08-04T07:45:25Z,1785829525842050847,7347,6708,28088,4,18,51907,12404228,200,0,386,0,0,2204,7430
7320,2026-08-04T07:45:26Z,1785829526846012129,7348,6708,28088,4,18,51915,12405021,200,0,386,0,0,2204,7430
7321,2026-08-04T07:45:27Z,1785829527850100030,7349,6708,28088,4,18,51922,12405817,200,0,386,0,0,2204,7430
7322,2026-08-04T07:45:28Z,1785829528854072756,7350,6708,28088,4,18,51929,12406612,200,0,386,0,0,2204,7430
7323,2026-08-04T07:45:29Z,1785829529858231911,7351,6708,28088,4,18,51936,12407406,200,0,386,0,0,2204,7430
7324,2026-08-04T07:45:30Z,1785829530862309834,7352,6708,28088,4,18,51945,12408200,200,0,386,0,0,2204,7430
7325,2026-08-04T07:45:31Z,1785829531866477026,7353,6708,28088,4,18,51953,12408994,200,0,386,0,0,2204,7430
7326,2026-08-04T07:45:32Z,1785829532870408170,7354,6708,28088,4,18,51960,12409792,200,0,386,0,0,2204,7431
7327,2026-08-04T07:45:33Z,1785829533874526323,7355,6708,28088,4,18,51968,12410588,200,0,386,0,0,2204,7431
7328,2026-08-04T07:45:34Z,1785829534879206179,7356,6708,28088,4,18,51976,12411381,200,0,386,0,0,2204,7431
7329,2026-08-04T07:45:35Z,1785829535882552837,7357,6708,28088,4,18,51983,12412173,200,0,386,0,0,2204,7431
7330,2026-08-04T07:45:36Z,1785829536886044594,7358,6708,28088,4,18,51992,12412966,200,0,386,0,0,2204,7432
7331,2026-08-04T07:45:37Z,1785829537888786994,7359,6708,28088,4,18,51999,12413761,200,0,386,0,0,2204,7432
7332,2026-08-04T07:45:38Z,1785829538893177220,7360,6708,28088,4,18,52007,12414557,200,0,386,0,0,2204,7433
7333,2026-08-04T07:45:39Z,1785829539896372998,7361,6704,28088,4,17,52015,12415352,200,0,386,0,0,2204,7434
7334,2026-08-04T07:45:40Z,1785829540900193026,7362,6704,28088,4,17,52022,12416148,200,0,386,0,0,2204,7434
7335,2026-08-04T07:45:41Z,1785829541904212658,7363,6700,28088,4,16,52029,12416940,200,0,386,0,0,2204,7434
7336,2026-08-04T07:45:42Z,1785829542907906996,7364,6696,28088,4,15,52035,12417738,200,0,386,0,0,2204,7435
7337,2026-08-04T07:45:43Z,1785829543911731212,7365,6672,28088,4,14,52040,12418537,200,0,386,0,0,2204,7436
7338,2026-08-04T07:45:44Z,1785829544916389577,7366,6664,28088,4,12,52040,12419339,200,0,386,0,0,2204,7436
7339,2026-08-04T07:45:45Z,1785829545918999510,7367,6336,28088,4,10,52041,12420140,200,0,386,0,0,2204,7436
7340,2026-08-04T07:45:46Z,1785829546921884585,7368,6336,28088,4,10,52041,12420942,200,0,386,0,0,2204,7436
7341,2026-08-04T07:45:47Z,1785829547925555705,7369,6336,28088,4,10,52041,12421745,200,0,386,0,0,2204,7436
7342,2026-08-04T07:45:48Z,1785829548929681679,7370,6336,28088,4,10,52041,12422547,200,0,386,0,0,2204,7436
7343,2026-08-04T07:45:49Z,1785829549933718207,7371,6336,28088,4,10,52041,12423351,200,0,386,0,0,2204,7436
7344,2026-08-04T07:45:50Z,1785829550937775611,7372,6340,28088,4,11,52041,12424153,200,0,386,0,0,2204,7436
7345,2026-08-04T07:45:51Z,1785829551942334217,7373,6344,28088,4,12,52042,12424952,200,0,386,0,0,2204,7436
7346,2026-08-04T07:45:52Z,1785829552945889847,7374,6368,28088,4,13,52045,12425754,200,0,386,0,0,2204,7436
7347,2026-08-04T07:45:53Z,1785829553949741886,7375,6372,28088,4,14,52051,12426548,200,0,386,0,0,2204,7436
7348,2026-08-04T07:45:54Z,1785829554953995600,7376,6696,28088,4,15,52058,12427343,200,0,386,0,0,2204,7436
7349,2026-08-04T07:45:55Z,1785829555958165492,7377,6708,28088,4,18,52066,12428139,200,0,386,0,0,2204,7437
7350,2026-08-04T07:45:56Z,1785829556962235218,7378,6708,28088,4,18,52073,12428934,200,0,386,0,0,2204,7438
7351,2026-08-04T07:45:57Z,1785829557966393516,7379,6708,28088,4,18,52080,12429731,200,0,386,0,0,2204,7439
7352,2026-08-04T07:45:58Z,1785829558970313340,7380,6708,28088,4,18,52088,12430529,200,0,386,0,0,2204,7440
7353,2026-08-04T07:45:59Z,1785829559974924646,7381,6708,28088,4,18,52096,12431322,200,0,386,0,0,2204,7441
7354,2026-08-04T07:46:00Z,1785829560979492027,7382,6708,28088,4,18,52104,12432116,200,0,386,0,0,2204,7441
7355,2026-08-04T07:46:01Z,1785829561982809751,7383,6708,28088,4,18,52111,12432911,200,0,386,0,0,2204,7442
7356,2026-08-04T07:46:02Z,1785829562986795980,7384,6708,28088,4,18,52120,12433705,200,0,386,0,0,2204,7442
7357,2026-08-04T07:46:03Z,1785829563989898813,7385,6708,28088,4,18,52128,12434499,200,0,386,0,0,2204,7442
7358,2026-08-04T07:46:04Z,1785829564994030470,7386,6708,28088,4,18,52136,12435296,200,0,386,0,0,2204,7443
7359,2026-08-04T07:46:05Z,1785829565998041721,7387,6708,28088,4,18,52143,12436090,200,0,386,0,0,2204,7443
7360,2026-08-04T07:46:07Z,1785829567002023644,7389,6708,28088,4,18,52151,12436887,200,0,386,0,0,2204,7444
7361,2026-08-04T07:46:08Z,1785829568006195523,7390,6708,28088,4,18,52158,12437684,200,0,386,0,0,2204,7444
7362,2026-08-04T07:46:09Z,1785829569009753106,7391,6708,28088,4,18,52166,12438478,200,0,386,0,0,2204,7444
7363,2026-08-04T07:46:10Z,1785829570012976576,7392,6708,28088,4,18,52173,12439277,200,0,386,0,0,2204,7445
7364,2026-08-04T07:46:11Z,1785829571016721259,7393,6708,28088,4,18,52181,12440071,200,0,386,0,0,2204,7446
7365,2026-08-04T07:46:12Z,1785829572021060618,7394,6708,28088,4,18,52189,12440867,200,0,386,0,0,2204,7447
7366,2026-08-04T07:46:13Z,1785829573024887745,7395,6708,28088,4,18,52197,12441666,200,0,386,0,0,2204,7448
7367,2026-08-04T07:46:14Z,1785829574029270905,7396,6708,28088,4,18,52204,12442460,200,0,386,0,0,2204,7448
7368,2026-08-04T07:46:15Z,1785829575033542894,7397,6708,28088,4,18,52211,12443255,200,0,386,0,0,2204,7448
7369,2026-08-04T07:46:16Z,1785829576035379020,7398,6708,28088,4,18,52220,12444049,200,0,386,0,0,2204,7449
7370,2026-08-04T07:46:17Z,1785829577039346293,7399,6708,28088,4,18,52227,12444846,200,0,386,0,0,2204,7450
7371,2026-08-04T07:46:18Z,1785829578043590155,7400,6708,28088,4,18,52235,12445642,200,0,386,0,0,2204,7451
7372,2026-08-04T07:46:19Z,1785829579047399650,7401,6708,28088,4,18,52242,12446438,200,0,386,0,0,2204,7452
7373,2026-08-04T07:46:20Z,1785829580051703909,7402,6708,28088,4,18,52249,12447237,200,0,386,0,0,2204,7453
7374,2026-08-04T07:46:21Z,1785829581054452297,7403,6708,28088,4,18,52257,12448033,200,0,386,0,0,2204,7453
7375,2026-08-04T07:46:22Z,1785829582058829651,7404,6708,28088,4,18,52264,12448830,200,0,386,0,0,2204,7453
7376,2026-08-04T07:46:23Z,1785829583062133130,7405,6708,28088,4,18,52272,12449627,200,0,386,0,0,2204,7453
7377,2026-08-04T07:46:24Z,1785829584064724200,7406,6708,28088,4,18,52280,12450421,200,0,386,0,0,2204,7454
7378,2026-08-04T07:46:25Z,1785829585068916405,7407,6708,28088,4,18,52287,12451218,200,0,386,0,0,2204,7454
7379,2026-08-04T07:46:26Z,1785829586073182493,7408,6708,28088,4,18,52295,12452014,200,0,386,0,0,2204,7455
7380,2026-08-04T07:46:27Z,1785829587076886805,7409,6708,28088,4,18,52303,12452810,200,0,386,0,0,2204,7456
7381,2026-08-04T07:46:28Z,1785829588080705065,7410,6708,28088,4,18,52310,12453608,200,0,386,0,0,2204,7457
7382,2026-08-04T07:46:29Z,1785829589084617033,7411,6704,28088,4,17,52317,12454403,200,0,386,0,0,2204,7457
7383,2026-08-04T07:46:30Z,1785829590089571061,7412,6708,28088,4,18,52325,12455201,200,0,386,0,0,2204,7458
7384,2026-08-04T07:46:31Z,1785829591093544185,7413,6708,28088,4,18,52333,12455997,200,0,386,0,0,2204,7458
7385,2026-08-04T07:46:32Z,1785829592096726171,7414,6708,28088,4,18,52341,12456792,200,0,386,0,0,2204,7458
7386,2026-08-04T07:46:33Z,1785829593101232128,7415,6708,28088,4,18,52349,12457587,200,0,386,0,0,2204,7458
7387,2026-08-04T07:46:34Z,1785829594104599138,7416,6708,28088,4,18,52356,12458386,200,0,386,0,0,2204,7459
7388,2026-08-04T07:46:35Z,1785829595108329547,7417,6708,28088,4,18,52363,12459180,200,0,386,0,0,2204,7460
7389,2026-08-04T07:46:36Z,1785829596112083478,7418,6708,28088,4,18,52372,12459976,200,0,386,0,0,2204,7460
7390,2026-08-04T07:46:37Z,1785829597115743543,7419,6708,28088,4,18,52378,12460771,200,0,386,0,0,2204,7461
7391,2026-08-04T07:46:38Z,1785829598119874767,7420,6708,28088,4,18,52386,12461569,200,0,386,0,0,2204,7462
7392,2026-08-04T07:46:39Z,1785829599123863679,7421,6708,28088,4,18,52394,12462361,200,0,386,0,0,2204,7463
7393,2026-08-04T07:46:40Z,1785829600127967449,7422,6708,28088,4,18,52401,12463158,200,0,386,0,0,2204,7464
7394,2026-08-04T07:46:41Z,1785829601131997904,7423,6708,28088,4,18,52409,12463952,200,0,386,0,0,2204,7465
7395,2026-08-04T07:46:42Z,1785829602136385881,7424,6708,28088,4,18,52416,12464750,200,0,386,0,0,2204,7466
7396,2026-08-04T07:46:43Z,1785829603140386239,7425,6708,28088,4,18,52424,12465546,200,0,386,0,0,2204,7467
7397,2026-08-04T07:46:44Z,1785829604144804736,7426,6708,28088,4,18,52432,12466344,200,0,386,0,0,2204,7468
7398,2026-08-04T07:46:45Z,1785829605148448402,7427,6708,28088,4,18,52440,12467138,200,0,386,0,0,2204,7469
7399,2026-08-04T07:46:46Z,1785829606152236808,7428,6708,28088,4,18,52447,12467934,200,0,386,0,0,2204,7470
7400,2026-08-04T07:46:47Z,1785829607155219080,7429,6708,28088,4,18,52455,12468729,200,0,386,0,0,2204,7471
7401,2026-08-04T07:46:48Z,1785829608159069205,7430,6708,28088,4,18,52463,12469524,200,0,386,0,0,2204,7472
7402,2026-08-04T07:46:49Z,1785829609163193829,7431,6708,28088,4,18,52471,12470321,200,0,386,0,0,2204,7473
7403,2026-08-04T07:46:50Z,1785829610167098685,7432,6708,28088,4,18,52478,12471116,200,0,386,0,0,2204,7474
7404,2026-08-04T07:46:51Z,1785829611170952755,7433,6708,28088,4,18,52486,12471913,200,0,386,0,0,2204,7475
7405,2026-08-04T07:46:52Z,1785829612176145393,7434,6708,28088,4,18,52493,12472708,200,0,386,0,0,2204,7476
7406,2026-08-04T07:46:53Z,1785829613179283592,7435,6708,28088,4,18,52500,12473504,200,0,386,0,0,2204,7476
7407,2026-08-04T07:46:54Z,1785829614182973540,7436,6708,28088,4,18,52508,12474302,200,0,386,0,0,2204,7477
7408,2026-08-04T07:46:55Z,1785829615187183095,7437,6708,28088,4,18,52515,12475100,200,0,386,0,0,2204,7477
7409,2026-08-04T07:46:56Z,1785829616191700262,7438,6708,28088,4,18,52523,12475898,200,0,386,0,0,2204,7478
7410,2026-08-04T07:46:57Z,1785829617194810742,7439,6708,28088,4,18,52531,12476693,200,0,386,0,0,2204,7478
7411,2026-08-04T07:46:58Z,1785829618199053341,7440,6708,28088,4,18,52538,12477489,200,0,386,0,0,2204,7478
7412,2026-08-04T07:46:59Z,1785829619203093238,7441,6708,28088,4,18,52546,12478289,200,0,386,0,0,2204,7478
7413,2026-08-04T07:47:00Z,1785829620207363143,7442,6704,28088,4,17,52553,12479087,200,0,386,0,0,2204,7479
7414,2026-08-04T07:47:01Z,1785829621210447432,7443,6704,28088,4,17,52561,12479881,200,0,386,0,0,2204,7480
7415,2026-08-04T07:47:02Z,1785829622214874315,7444,6704,28088,4,17,52569,12480676,200,0,386,0,0,2204,7481
7416,2026-08-04T07:47:03Z,1785829623218266819,7445,6704,28088,4,17,52577,12481473,200,0,386,0,0,2204,7481
7417,2026-08-04T07:47:04Z,1785829624221624802,7446,6704,28088,4,17,52585,12482270,200,0,386,0,0,2204,7481
7418,2026-08-04T07:47:05Z,1785829625225971684,7447,6704,28088,4,17,52593,12483064,200,0,386,0,0,2204,7482
7419,2026-08-04T07:47:06Z,1785829626229132934,7448,6704,28088,4,17,52600,12483860,200,0,386,0,0,2204,7483
7420,2026-08-04T07:47:07Z,1785829627232983252,7449,6704,28088,4,17,52608,12484657,200,0,386,0,0,2204,7484
7421,2026-08-04T07:47:08Z,1785829628237119181,7450,6704,28088,4,17,52616,12485451,200,0,386,0,0,2204,7485
7422,2026-08-04T07:47:09Z,1785829629241090251,7451,6704,28088,4,17,52623,12486248,200,0,386,0,0,2204,7486
7423,2026-08-04T07:47:10Z,1785829630245187973,7452,6704,28088,4,17,52630,12487044,200,0,386,0,0,2204,7486
7424,2026-08-04T07:47:11Z,1785829631249160415,7453,6704,28088,4,17,52638,12487842,200,0,386,0,0,2204,7486
7425,2026-08-04T07:47:12Z,1785829632253104327,7454,6704,28088,4,17,52646,12488636,200,0,386,0,0,2204,7486
7426,2026-08-04T07:47:13Z,1785829633256986062,7455,6704,28088,4,17,52653,12489434,200,0,386,0,0,2204,7487
7427,2026-08-04T07:47:14Z,1785829634260613687,7456,6704,28088,4,17,52661,12490230,200,0,386,0,0,2204,7487
7428,2026-08-04T07:47:15Z,1785829635265498442,7457,6704,28088,4,17,52668,12491025,200,0,386,0,0,2204,7487
7429,2026-08-04T07:47:16Z,1785829636268571106,7458,6704,28088,4,17,52677,12491822,200,0,386,0,0,2204,7487
7430,2026-08-04T07:47:17Z,1785829637272447159,7459,6704,28088,4,17,52683,12492618,200,0,386,0,0,2204,7487
7431,2026-08-04T07:47:18Z,1785829638276330888,7460,6704,28088,4,17,52691,12493413,200,0,386,0,0,2204,7487
7432,2026-08-04T07:47:19Z,1785829639280541214,7461,6704,28088,4,17,52699,12494211,200,0,386,0,0,2204,7488
7433,2026-08-04T07:47:20Z,1785829640283860099,7462,6704,28088,4,17,52707,12495006,200,0,386,0,0,2204,7489
7434,2026-08-04T07:47:21Z,1785829641286974554,7463,6704,28088,4,17,52714,12495802,200,0,386,0,0,2204,7490
7435,2026-08-04T07:47:22Z,1785829642290565741,7464,6704,28088,4,17,52722,12496600,200,0,386,0,0,2204,7490
7436,2026-08-04T07:47:23Z,1785829643294529127,7465,6704,28088,4,17,52730,12497397,200,0,386,0,0,2204,7491
7437,2026-08-04T07:47:24Z,1785829644298781462,7466,6704,28088,4,17,52737,12498195,200,0,386,0,0,2204,7492
7438,2026-08-04T07:47:25Z,1785829645302557157,7467,6704,28088,4,17,52745,12498993,200,0,386,0,0,2204,7492
7439,2026-08-04T07:47:26Z,1785829646305594992,7468,6704,28088,4,17,52752,12499791,200,0,386,0,0,2204,7493
7440,2026-08-04T07:47:27Z,1785829647309588268,7469,6704,28088,4,17,52759,12500588,200,0,386,0,0,2204,7494
7441,2026-08-04T07:47:28Z,1785829648313316646,7470,6704,28088,4,17,52767,12501384,200,0,386,0,0,2204,7495
7442,2026-08-04T07:47:29Z,1785829649317337494,7471,6704,28088,4,17,52774,12502181,200,0,386,0,0,2204,7496
7443,2026-08-04T07:47:30Z,1785829650321437313,7472,6704,28088,4,17,52782,12502977,200,0,386,0,0,2204,7497
7444,2026-08-04T07:47:31Z,1785829651326263167,7473,6704,28088,4,17,52790,12503772,200,0,386,0,0,2204,7497
7445,2026-08-04T07:47:32Z,1785829652329581589,7474,6704,28088,4,17,52798,12504568,200,0,386,0,0,2204,7498
7446,2026-08-04T07:47:33Z,1785829653332909431,7475,6704,28088,4,17,52805,12505363,200,0,386,0,0,2204,7499
7447,2026-08-04T07:47:34Z,1785829654336110959,7476,6704,28088,4,17,52813,12506160,200,0,386,0,0,2204,7499
7448,2026-08-04T07:47:35Z,1785829655340321973,7477,6704,28088,4,17,52820,12506957,200,0,386,0,0,2204,7499
7449,2026-08-04T07:47:36Z,1785829656344936617,7478,6704,28088,4,17,52828,12507754,200,0,386,0,0,2204,7499
7450,2026-08-04T07:47:37Z,1785829657348751635,7479,6704,28088,4,17,52836,12508551,200,0,386,0,0,2204,7500
7451,2026-08-04T07:47:38Z,1785829658351100266,7480,6704,28088,4,17,52844,12509347,200,0,386,0,0,2204,7500
7452,2026-08-04T07:47:39Z,1785829659354931490,7481,6704,28088,4,17,52851,12510143,200,0,386,0,0,2204,7500
7453,2026-08-04T07:47:40Z,1785829660359179149,7482,6704,28088,4,17,52859,12510941,200,0,386,0,0,2204,7501
7454,2026-08-04T07:47:41Z,1785829661363114362,7483,6704,28088,4,17,52867,12511738,200,0,386,0,0,2204,7502
7455,2026-08-04T07:47:42Z,1785829662367541843,7484,6704,28088,4,17,52874,12512533,200,0,386,0,0,2204,7502
7456,2026-08-04T07:47:43Z,1785829663370892334,7485,6704,28088,4,17,52881,12513328,200,0,386,0,0,2204,7503
7457,2026-08-04T07:47:44Z,1785829664374035215,7486,6704,28088,4,17,52889,12514122,200,0,386,0,0,2204,7503
7458,2026-08-04T07:47:45Z,1785829665378448574,7487,6704,28088,4,17,52897,12514918,200,0,386,0,0,2204,7503
7459,2026-08-04T07:47:46Z,1785829666382284732,7488,6704,28088,4,17,52905,12515716,200,0,386,0,0,2204,7503
7460,2026-08-04T07:47:47Z,1785829667385008605,7489,6704,28088,4,17,52912,12516513,200,0,386,0,0,2204,7505
7461,2026-08-04T07:47:48Z,1785829668389114357,7490,6704,28088,4,17,52919,12517308,200,0,386,0,0,2204,7506
7462,2026-08-04T07:47:49Z,1785829669393157809,7491,6704,28088,4,17,52927,12518109,200,0,386,0,0,2204,7506
7463,2026-08-04T07:47:50Z,1785829670397516594,7492,6700,28088,4,16,52935,12518905,200,0,386,0,0,2204,7507
7464,2026-08-04T07:47:51Z,1785829671402021147,7493,6700,28088,4,16,52942,12519704,200,0,386,0,0,2204,7508
7465,2026-08-04T07:47:52Z,1785829672404596756,7494,6672,28088,4,14,52948,12520501,200,0,386,0,0,2204,7509
7466,2026-08-04T07:47:53Z,1785829673408297191,7495,6672,28088,4,14,52952,12521300,200,0,386,0,0,2204,7509
7467,2026-08-04T07:47:54Z,1785829674411624360,7496,6340,28088,4,11,52952,12522102,200,0,386,0,0,2204,7509
7468,2026-08-04T07:47:55Z,1785829675415947602,7497,6336,28088,4,10,52952,12522906,200,0,386,0,0,2204,7509
7469,2026-08-04T07:47:56Z,1785829676418720857,7498,6336,28088,4,10,52952,12523707,200,0,386,0,0,2204,7509
7470,2026-08-04T07:47:57Z,1785829677422695455,7499,6336,28088,4,10,52952,12524511,200,0,386,0,0,2204,7509
7471,2026-08-04T07:47:58Z,1785829678426627889,7500,6336,28088,4,10,52952,12525313,200,0,386,0,0,2204,7509
7472,2026-08-04T07:47:59Z,1785829679430327058,7501,6336,28088,4,10,52952,12526115,200,0,386,0,0,2204,7509
7473,2026-08-04T07:48:00Z,1785829680434666427,7502,6340,28088,4,11,52952,12526918,200,0,386,0,0,2204,7509
7474,2026-08-04T07:48:01Z,1785829681440115123,7503,6344,28088,4,12,52954,12527720,200,0,386,0,0,2204,7509
7475,2026-08-04T07:48:02Z,1785829682444163929,7504,6368,28088,4,13,52958,12528517,200,0,386,0,0,2204,7509
7476,2026-08-04T07:48:03Z,1785829683448092791,7505,6372,28088,4,14,52964,12529312,200,0,386,0,0,2204,7509
7477,2026-08-04T07:48:04Z,1785829684452314818,7506,6696,28088,4,15,52972,12530106,200,0,386,0,0,2204,7509
7478,2026-08-04T07:48:05Z,1785829685455069143,7507,6708,28088,4,18,52979,12530900,200,0,386,0,0,2204,7510
7479,2026-08-04T07:48:06Z,1785829686459926249,7508,6708,28088,4,18,52986,12531694,200,0,386,0,0,2204,7510
7480,2026-08-04T07:48:07Z,1785829687463363927,7509,6708,28088,4,18,52995,12532486,200,0,386,0,0,2204,7511
7481,2026-08-04T07:48:08Z,1785829688466369870,7510,6708,28088,4,18,53003,12533277,200,0,386,0,0,2204,7512
7482,2026-08-04T07:48:09Z,1785829689471019858,7511,6708,28088,4,18,53011,12534074,200,0,386,0,0,2204,7513
7483,2026-08-04T07:48:10Z,1785829690474275216,7512,6708,28088,4,18,53018,12534868,200,0,386,0,0,2204,7513
7484,2026-08-04T07:48:11Z,1785829691478408407,7513,6708,28088,4,18,53026,12535664,200,0,386,0,0,2204,7514
7485,2026-08-04T07:48:12Z,1785829692482836680,7514,6708,28088,4,18,53034,12536458,200,0,386,0,0,2204,7514
7486,2026-08-04T07:48:13Z,1785829693485940569,7515,6708,28088,4,18,53042,12537253,200,0,386,0,0,2204,7514
7487,2026-08-04T07:48:14Z,1785829694490405410,7516,6708,28088,4,18,53049,12538049,200,0,386,0,0,2204,7515
7488,2026-08-04T07:48:15Z,1785829695494382946,7517,6708,28088,4,18,53057,12538842,200,0,386,0,0,2204,7515
7489,2026-08-04T07:48:16Z,1785829696498392690,7518,6708,28088,4,18,53065,12539636,200,0,386,0,0,2204,7516
7490,2026-08-04T07:48:17Z,1785829697501371801,7519,6708,28088,4,18,53073,12540431,200,0,386,0,0,2204,7516
7491,2026-08-04T07:48:18Z,1785829698505239728,7520,6708,28088,4,18,53080,12541227,200,0,386,0,0,2204,7516
7492,2026-08-04T07:48:19Z,1785829699509376361,7521,6708,28088,4,18,53087,12542022,200,0,386,0,0,2204,7516
7493,2026-08-04T07:48:20Z,1785829700513118399,7522,6708,28088,4,18,53095,12542817,200,0,386,0,0,2204,7516
7494,2026-08-04T07:48:21Z,1785829701517044460,7523,6708,28088,4,18,53103,12543612,200,0,386,0,0,2204,7516
7495,2026-08-04T07:48:22Z,1785829702521411308,7524,6708,28088,4,18,53111,12544408,200,0,386,0,0,2204,7517
7496,2026-08-04T07:48:23Z,1785829703525219534,7525,6708,28088,4,18,53118,12545206,200,0,386,0,0,2204,7518
7497,2026-08-04T07:48:24Z,1785829704529161364,7526,6708,28088,4,18,53126,12545997,200,0,386,0,0,2204,7518
7498,2026-08-04T07:48:25Z,1785829705533217376,7527,6708,28088,4,18,53133,12546795,200,0,386,0,0,2204,7518
7499,2026-08-04T07:48:26Z,1785829706537187737,7528,6708,28088,4,18,53141,12547590,200,0,386,0,0,2204,7519
7500,2026-08-04T07:48:27Z,1785829707541414233,7529,6708,28088,4,18,53148,12548385,200,0,386,0,0,2204,7520
7501,2026-08-04T07:48:28Z,1785829708545461314,7530,6708,28088,4,18,53157,12549180,200,0,386,0,0,2204,7521
7502,2026-08-04T07:48:29Z,1785829709549995421,7531,6708,28088,4,18,53164,12549976,200,0,386,0,0,2204,7521
7503,2026-08-04T07:48:30Z,1785829710554023696,7532,6708,28088,4,18,53172,12550768,200,0,386,0,0,2204,7522
7504,2026-08-04T07:48:31Z,1785829711557672215,7533,6708,28088,4,18,53179,12551561,200,0,386,0,0,2204,7523
7505,2026-08-04T07:48:32Z,1785829712561082541,7534,6708,28088,4,18,53187,12552356,200,0,386,0,0,2204,7523
7506,2026-08-04T07:48:33Z,1785829713564309753,7535,6708,28088,4,18,53195,12553150,200,0,386,0,0,2204,7523
7507,2026-08-04T07:48:34Z,1785829714568206889,7536,6708,28088,4,18,53203,12553946,200,0,386,0,0,2204,7523
7508,2026-08-04T07:48:35Z,1785829715572686898,7537,6708,28088,4,18,53210,12554743,200,0,386,0,0,2204,7523
7509,2026-08-04T07:48:36Z,1785829716575950465,7538,6708,28088,4,18,53218,12555538,200,0,386,0,0,2204,7523
7510,2026-08-04T07:48:37Z,1785829717580419954,7539,6708,28088,4,18,53226,12556334,200,0,386,0,0,2204,7524
7511,2026-08-04T07:48:38Z,1785829718583576133,7540,6708,28088,4,18,53234,12557129,200,0,386,0,0,2204,7525
7512,2026-08-04T07:48:39Z,1785829719587911303,7541,6708,28088,4,18,53241,12557925,200,0,386,0,0,2204,7525
7513,2026-08-04T07:48:40Z,1785829720592508008,7542,6708,28088,4,18,53248,12558719,200,0,386,0,0,2204,7525
7514,2026-08-04T07:48:41Z,1785829721595698054,7543,6708,28088,4,18,53256,12559513,200,0,386,0,0,2204,7526
7515,2026-08-04T07:48:42Z,1785829722599775251,7544,6708,28088,4,18,53263,12560311,200,0,386,0,0,2204,7527
7516,2026-08-04T07:48:43Z,1785829723604246748,7545,6708,28088,4,18,53271,12561104,200,0,386,0,0,2204,7528
7517,2026-08-04T07:48:44Z,1785829724608279044,7546,6708,28088,4,18,53279,12561898,200,0,386,0,0,2204,7529
7518,2026-08-04T07:48:45Z,1785829725611596603,7547,6708,28088,4,18,53286,12562695,200,0,386,0,0,2204,7530
7519,2026-08-04T07:48:46Z,1785829726615454253,7548,6708,28088,4,18,53294,12563489,200,0,386,0,0,2204,7530
7520,2026-08-04T07:48:47Z,1785829727619036091,7549,6704,28088,4,17,53301,12564283,200,0,386,0,0,2204,7531
7521,2026-08-04T07:48:48Z,1785829728622846957,7550,6704,28088,4,17,53309,12565077,200,0,386,0,0,2204,7531
7522,2026-08-04T07:48:49Z,1785829729626895015,7551,6704,28088,4,17,53317,12565875,200,0,386,0,0,2204,7531
7523,2026-08-04T07:48:50Z,1785829730630818564,7552,6704,28088,4,17,53324,12566668,200,0,386,0,0,2204,7532
7524,2026-08-04T07:48:51Z,1785829731634887946,7553,6704,28088,4,17,53332,12567465,200,0,386,0,0,2204,7533
7525,2026-08-04T07:48:52Z,1785829732638845532,7554,6704,28088,4,17,53339,12568259,200,0,386,0,0,2204,7534
7526,2026-08-04T07:48:53Z,1785829733642997736,7555,6704,28088,4,17,53347,12569057,200,0,386,0,0,2204,7535
7527,2026-08-04T07:48:54Z,1785829734646960975,7556,6704,28088,4,17,53355,12569853,200,0,386,0,0,2204,7536
7528,2026-08-04T07:48:55Z,1785829735650966539,7557,6704,28088,4,17,53362,12570648,200,0,386,0,0,2204,7536
7529,2026-08-04T07:48:56Z,1785829736654347339,7558,6704,28088,4,17,53370,12571443,200,0,386,0,0,2204,7537
7530,2026-08-04T07:48:57Z,1785829737658288599,7559,6704,28088,4,17,53377,12572239,200,0,386,0,0,2204,7537
7531,2026-08-04T07:48:58Z,1785829738662279454,7560,6708,28088,4,18,53384,12573034,200,0,386,0,0,2204,7538
7532,2026-08-04T07:48:59Z,1785829739666748912,7561,6708,28088,4,18,53392,12573828,200,0,386,0,0,2204,7538
7533,2026-08-04T07:49:00Z,1785829740669877007,7562,6708,28088,4,18,53400,12574622,200,0,386,0,0,2204,7539
7534,2026-08-04T07:49:01Z,1785829741675262247,7563,6708,28088,4,18,53407,12575416,200,0,386,0,0,2204,7540
7535,2026-08-04T07:49:02Z,1785829742678075355,7564,6708,28088,4,18,53415,12576210,200,0,386,0,0,2204,7540
7536,2026-08-04T07:49:03Z,1785829743681185524,7565,6708,28088,4,18,53423,12577006,200,0,386,0,0,2204,7541
7537,2026-08-04T07:49:04Z,1785829744685228813,7566,6708,28088,4,18,53430,12577801,200,0,386,0,0,2204,7541
7538,2026-08-04T07:49:05Z,1785829745689413582,7567,6708,28088,4,18,53437,12578598,200,0,386,0,0,2204,7541
7539,2026-08-04T07:49:06Z,1785829746692857374,7568,6708,28088,4,18,53445,12579389,200,0,386,0,0,2204,7541
7540,2026-08-04T07:49:07Z,1785829747696273514,7569,6708,28088,4,18,53451,12580184,200,0,386,0,0,2204,7541
7541,2026-08-04T07:49:08Z,1785829748700904029,7570,6708,28088,4,18,53459,12580978,200,0,386,0,0,2204,7541
7542,2026-08-04T07:49:09Z,1785829749703883611,7571,6708,28088,4,18,53465,12581771,200,0,386,0,0,2204,7541
7543,2026-08-04T07:49:10Z,1785829750708442113,7572,6708,28088,4,18,53473,12582562,200,0,386,0,0,2204,7541
7544,2026-08-04T07:49:11Z,1785829751711722496,7573,6708,28088,4,18,53480,12583358,200,0,386,0,0,2204,7541
7545,2026-08-04T07:49:12Z,1785829752715249262,7574,6708,28088,4,18,53487,12584155,200,0,386,0,0,2204,7541
7546,2026-08-04T07:49:13Z,1785829753718031844,7575,6708,28088,4,18,53495,12584950,200,0,386,0,0,2204,7541
7547,2026-08-04T07:49:14Z,1785829754722729708,7576,6708,28088,4,18,53502,12585745,200,0,386,0,0,2204,7541
7548,2026-08-04T07:49:15Z,1785829755726271806,7577,6708,28088,4,18,53509,12586539,200,0,386,0,0,2204,7541
7549,2026-08-04T07:49:16Z,1785829756729449611,7578,6708,28088,4,18,53516,12587335,200,0,386,0,0,2204,7541
7550,2026-08-04T07:49:17Z,1785829757734060556,7579,6708,28088,4,18,53524,12588132,200,0,386,0,0,2204,7541
7551,2026-08-04T07:49:18Z,1785829758738056759,7580,6708,28088,4,18,53531,12588927,200,0,386,0,0,2204,7541
7552,2026-08-04T07:49:19Z,1785829759741575189,7581,6708,28088,4,18,53537,12589726,200,0,386,0,0,2204,7541
7553,2026-08-04T07:49:20Z,1785829760744906460,7582,6708,28088,4,18,53545,12590520,200,0,386,0,0,2204,7541
7554,2026-08-04T07:49:21Z,1785829761748195647,7583,6708,28088,4,18,53552,12591316,200,0,386,0,0,2204,7541
7555,2026-08-04T07:49:22Z,1785829762752287880,7584,6708,28088,4,18,53560,12592111,200,0,386,0,0,2204,7541
7556,2026-08-04T07:49:23Z,1785829763756323382,7585,6708,28088,4,18,53566,12592905,200,0,386,0,0,2204,7541
7557,2026-08-04T07:49:24Z,1785829764760774585,7586,6708,28088,4,18,53574,12593702,200,0,386,0,0,2204,7541
7558,2026-08-04T07:49:25Z,1785829765763702236,7587,6708,28088,4,18,53580,12594498,200,0,386,0,0,2204,7541
7559,2026-08-04T07:49:26Z,1785829766767634627,7588,6708,28088,4,18,53587,12595293,200,0,386,0,0,2204,7541
7560,2026-08-04T07:49:27Z,1785829767771812706,7589,6708,28088,4,18,53595,12596087,200,0,386,0,0,2204,7541
7561,2026-08-04T07:49:28Z,1785829768775915549,7590,6708,28088,4,18,53602,12596883,200,0,386,0,0,2204,7541
7562,2026-08-04T07:49:29Z,1785829769780320291,7591,6708,28088,4,18,53609,12597679,200,0,386,0,0,2204,7541
7563,2026-08-04T07:49:30Z,1785829770783782316,7592,6708,28088,4,18,53617,12598472,200,0,386,0,0,2204,7541
7564,2026-08-04T07:49:31Z,1785829771786769638,7593,6708,28088,4,18,53624,12599271,200,0,386,0,0,2204,7541
7565,2026-08-04T07:49:32Z,1785829772790529625,7594,6704,28088,4,17,53632,12600063,200,0,386,0,0,2204,7541
7566,2026-08-04T07:49:33Z,1785829773794620587,7595,6704,28088,4,17,53639,12600858,200,0,386,0,0,2204,7541
7567,2026-08-04T07:49:34Z,1785829774799171204,7596,6704,28088,4,17,53646,12601654,200,0,386,0,0,2204,7541
7568,2026-08-04T07:49:35Z,1785829775801944471,7597,6704,28088,4,17,53653,12602447,200,0,386,0,0,2204,7541
7569,2026-08-04T07:49:36Z,1785829776806901924,7598,6704,28088,4,17,53661,12603245,200,0,386,0,0,2204,7541
7570,2026-08-04T07:49:37Z,1785829777810277329,7599,6704,28088,4,17,53668,12604038,200,0,386,0,0,2204,7541
7571,2026-08-04T07:49:38Z,1785829778814224635,7600,6704,28088,4,17,53675,12604834,200,0,386,0,0,2204,7541
7572,2026-08-04T07:49:39Z,1785829779818553693,7601,6704,28088,4,17,53682,12605628,200,0,386,0,0,2204,7541
7573,2026-08-04T07:49:40Z,1785829780821187128,7602,6704,28088,4,17,53690,12606422,200,0,386,0,0,2204,7541
7574,2026-08-04T07:49:41Z,1785829781825107514,7603,6704,28088,4,17,53696,12607214,200,0,386,0,0,2204,7541
7575,2026-08-04T07:49:42Z,1785829782829221951,7604,6704,28088,4,17,53704,12608010,200,0,386,0,0,2204,7541
7576,2026-08-04T07:49:43Z,1785829783833409782,7605,6704,28088,4,17,53711,12608804,200,0,386,0,0,2204,7541
7577,2026-08-04T07:49:44Z,1785829784838137096,7606,6704,28088,4,17,53717,12609599,200,0,386,0,0,2204,7541
7578,2026-08-04T07:49:45Z,1785829785841262372,7607,6704,28088,4,17,53725,12610396,200,0,386,0,0,2204,7541
7579,2026-08-04T07:49:46Z,1785829786845253357,7608,6704,28088,4,17,53732,12611191,200,0,386,0,0,2204,7541
7580,2026-08-04T07:49:47Z,1785829787849177031,7609,6704,28088,4,17,53739,12611986,200,0,386,0,0,2204,7541
7581,2026-08-04T07:49:48Z,1785829788853278865,7610,6704,28088,4,17,53746,12612780,200,0,386,0,0,2204,7541
7582,2026-08-04T07:49:49Z,1785829789857181627,7611,6704,28088,4,17,53753,12613573,200,0,386,0,0,2204,7541
7583,2026-08-04T07:49:50Z,1785829790861059217,7612,6704,28088,4,17,53760,12614367,200,0,386,0,0,2204,7541
7584,2026-08-04T07:49:51Z,1785829791864993200,7613,6704,28088,4,17,53768,12615161,200,0,386,0,0,2204,7541
7585,2026-08-04T07:49:52Z,1785829792868742584,7614,6704,28088,4,17,53775,12615956,200,0,386,0,0,2204,7541
7586,2026-08-04T07:49:53Z,1785829793872824167,7615,6704,28088,4,17,53782,12616751,200,0,386,0,0,2204,7541
7587,2026-08-04T07:49:54Z,1785829794876861485,7616,6704,28088,4,17,53789,12617547,200,0,386,0,0,2204,7541
7588,2026-08-04T07:49:55Z,1785829795880617806,7617,6704,28088,4,17,53796,12618340,200,0,386,0,0,2204,7541
7589,2026-08-04T07:49:56Z,1785829796884443230,7618,6704,28088,4,17,53803,12619137,200,0,386,0,0,2204,7541
7590,2026-08-04T07:49:57Z,1785829797888501270,7619,6704,28088,4,17,53810,12619933,200,0,386,0,0,2204,7541
7591,2026-08-04T07:49:58Z,1785829798892136290,7620,6704,28088,4,17,53818,12620728,200,0,386,0,0,2204,7541
7592,2026-08-04T07:49:59Z,1785829799896868825,7621,6700,28088,4,16,53825,12621523,200,0,386,0,0,2204,7541
7593,2026-08-04T07:50:00Z,1785829800899282932,7622,6692,28088,4,14,53831,12622316,200,0,386,0,0,2204,7541
7594,2026-08-04T07:50:01Z,1785829801903289407,7623,6668,28088,4,13,53837,12623115,200,0,386,0,0,2204,7541
7595,2026-08-04T07:50:02Z,1785829802906297590,7624,6664,28088,4,12,53839,12623915,200,0,386,0,0,2204,7541
7596,2026-08-04T07:50:03Z,1785829803910315377,7625,6336,28088,4,10,53841,12624717,200,0,386,0,0,2204,7541
7597,2026-08-04T07:50:04Z,1785829804914832957,7626,6336,28088,4,10,53841,12625520,200,0,386,0,0,2204,7541
7598,2026-08-04T07:50:05Z,1785829805918017714,7627,6336,28088,4,10,53841,12626322,200,0,386,0,0,2204,7541
7599,2026-08-04T07:50:06Z,1785829806921115580,7628,6336,28088,4,10,53841,12627124,200,0,386,0,0,2204,7541
7600,2026-08-04T07:50:07Z,1785829807924987549,7629,6336,28088,4,10,53841,12627927,200,0,386,0,0,2204,7541
7601,2026-08-04T07:50:08Z,1785829808928927730,7630,6336,28088,4,10,53841,12628729,200,0,386,0,0,2204,7541
7602,2026-08-04T07:50:09Z,1785829809932950273,7631,6340,28088,4,11,53841,12629531,200,0,386,0,0,2204,7541
7603,2026-08-04T07:50:10Z,1785829810937898793,7632,6344,28088,4,12,53842,12630330,200,0,386,0,0,2204,7541
7604,2026-08-04T07:50:11Z,1785829811941974457,7633,6368,28088,4,13,53846,12631126,200,0,386,0,0,2204,7541
7605,2026-08-04T07:50:12Z,1785829812946063413,7634,6372,28088,4,14,53853,12631924,200,0,386,0,0,2204,7541
7606,2026-08-04T07:50:13Z,1785829813950704869,7635,11900,28088,4,36,53868,12632720,200,0,386,0,0,2315,7644
7607,2026-08-04T07:50:14Z,1785829814954633927,7636,6736,28088,4,20,53876,12633514,200,0,387,0,0,2315,7644
7608,2026-08-04T07:50:15Z,1785829815958136741,7637,6736,28088,4,20,53883,12634308,200,0,387,0,0,2315,7644
7609,2026-08-04T07:50:16Z,1785829816961959466,7638,6736,28088,4,20,53891,12635103,200,0,387,0,0,2315,7644
7610,2026-08-04T07:50:17Z,1785829817964934545,7639,6736,28088,4,20,53898,12635898,200,0,387,0,0,2315,7644
7611,2026-08-04T07:50:18Z,1785829818969216057,7640,6736,28088,4,20,53906,12636693,200,0,387,0,0,2315,7644
7612,2026-08-04T07:50:19Z,1785829819973248231,7641,6736,28088,4,20,53914,12637490,200,0,387,0,0,2315,7644
7613,2026-08-04T07:50:20Z,1785829820977206200,7642,6736,28088,4,20,53921,12638285,200,0,387,0,0,2315,7644
7614,2026-08-04T07:50:21Z,1785829821981219002,7643,6736,28088,4,20,53928,12639082,200,0,387,0,0,2317,7644
7615,2026-08-04T07:50:22Z,1785829822985035834,7644,6736,28088,4,20,53936,12639879,200,0,387,0,0,2317,7644
7616,2026-08-04T07:50:23Z,1785829823989021061,7645,6736,28088,4,20,53943,12640675,200,0,387,0,0,2317,7644
7617,2026-08-04T07:50:24Z,1785829824992723542,7646,6736,28088,4,20,53951,12641467,200,0,387,0,0,2317,7644
7618,2026-08-04T07:50:25Z,1785829825996353027,7647,6736,28088,4,20,53957,12642262,200,0,387,0,0,2317,7644
7619,2026-08-04T07:50:26Z,1785829827000421153,7649,6736,28088,4,20,53965,12643058,200,0,387,0,0,2317,7644
7620,2026-08-04T07:50:28Z,1785829828004732587,7650,6736,28088,4,20,53973,12643855,200,0,387,0,0,2317,7644
7621,2026-08-04T07:50:29Z,1785829829008619368,7651,6736,28088,4,20,53980,12644650,200,0,387,0,0,2317,7644
7622,2026-08-04T07:50:30Z,1785829830012433755,7652,6736,28088,4,20,53987,12645448,200,0,387,0,0,2317,7644
7623,2026-08-04T07:50:31Z,1785829831016900399,7653,6736,28088,4,20,53995,12646241,200,0,387,0,0,2317,7644
7624,2026-08-04T07:50:32Z,1785829832020164394,7654,6736,28088,4,20,54003,12647032,200,0,387,0,0,2317,7644
7625,2026-08-04T07:50:33Z,1785829833024347963,7655,6736,28088,4,20,54010,12647827,200,0,387,0,0,2317,7644
7626,2026-08-04T07:50:34Z,1785829834028379740,7656,6736,28088,4,20,54017,12648624,200,0,387,0,0,2317,7644
7627,2026-08-04T07:50:35Z,1785829835032339316,7657,6736,28088,4,20,54025,12649420,200,0,387,0,0,2317,7644
7628,2026-08-04T07:50:36Z,1785829836036097664,7658,6736,28088,4,20,54032,12650216,200,0,387,0,0,2317,7644
7629,2026-08-04T07:50:37Z,1785829837041153023,7659,6736,28088,4,20,54039,12651009,200,0,387,0,0,2317,7644
7630,2026-08-04T07:50:38Z,1785829838044215743,7660,6736,28088,4,20,54047,12651806,200,0,387,0,0,2317,7644
7631,2026-08-04T07:50:39Z,1785829839048117051,7661,6736,28088,4,20,54055,12652600,200,0,387,0,0,2317,7644
7632,2026-08-04T07:50:40Z,1785829840052248152,7662,6736,28088,4,20,54062,12653396,200,0,387,0,0,2317,7644
7633,2026-08-04T07:50:41Z,1785829841056217736,7663,6736,28088,4,20,54070,12654193,200,0,387,0,0,2317,7644
7634,2026-08-04T07:50:42Z,1785829842060064488,7664,6736,28088,4,20,54077,12654988,200,0,387,0,0,2317,7644
7635,2026-08-04T07:50:43Z,1785829843064133551,7665,6736,28088,4,20,54085,12655784,200,0,387,0,0,2317,7644
7636,2026-08-04T07:50:44Z,1785829844068264783,7666,6724,28088,4,17,54092,12656579,200,0,387,0,0,2317,7644
7637,2026-08-04T07:50:45Z,1785829845073050775,7667,6724,28088,4,17,54100,12657372,200,0,386,0,0,2317,7644
7638,2026-08-04T07:50:46Z,1785829846076194798,7668,6724,28088,4,17,54108,12658167,200,0,386,0,0,2317,7644
7639,2026-08-04T07:50:47Z,1785829847080292950,7669,6724,28088,4,17,54115,12658963,200,0,386,0,0,2317,7644
7640,2026-08-04T07:50:48Z,1785829848084689072,7670,6724,28088,4,17,54122,12659757,200,0,386,0,0,2317,7644
7641,2026-08-04T07:50:49Z,1785829849087628873,7671,6724,28088,4,17,54130,12660550,200,0,386,0,0,2317,7644
7642,2026-08-04T07:50:50Z,1785829850091377391,7672,6724,28088,4,17,54138,12661344,200,0,386,0,0,2317,7644
7643,2026-08-04T07:50:51Z,1785829851095426744,7673,6724,28088,4,17,54145,12662139,200,0,386,0,0,2317,7644
7644,2026-08-04T07:50:52Z,1785829852099235641,7674,6724,28088,4,17,54152,12662935,200,0,386,0,0,2317,7644
7645,2026-08-04T07:50:53Z,1785829853103134000,7675,6724,28088,4,17,54160,12663730,200,0,386,0,0,2317,7644
7646,2026-08-04T07:50:54Z,1785829854107268544,7676,6724,28088,4,17,54167,12664525,200,0,386,0,0,2317,7644
7647,2026-08-04T07:50:55Z,1785829855110715076,7677,6724,28088,4,17,54175,12665316,200,0,386,0,0,2317,7644
7648,2026-08-04T07:50:56Z,1785829856114481140,7678,6724,28088,4,17,54182,12666114,200,0,386,0,0,2317,7644
7649,2026-08-04T07:50:57Z,1785829857118238594,7679,6724,28088,4,17,54190,12666909,200,0,386,0,0,2317,7644
7650,2026-08-04T07:50:58Z,1785829858122032564,7680,6724,28088,4,17,54197,12667704,200,0,386,0,0,2317,7644
7651,2026-08-04T07:50:59Z,1785829859125999798,7681,6724,28088,4,17,54205,12668497,200,0,386,0,0,2317,7644
7652,2026-08-04T07:51:00Z,1785829860130199593,7682,6724,28088,4,17,54212,12669293,200,0,386,0,0,2317,7644
7653,2026-08-04T07:51:01Z,1785829861135113054,7683,6724,28088,4,17,54220,12670088,200,0,386,0,0,2317,7644
7654,2026-08-04T07:51:02Z,1785829862138906752,7684,6724,28088,4,17,54228,12670884,200,0,386,0,0,2317,7644
7655,2026-08-04T07:51:03Z,1785829863142807636,7685,6724,28088,4,17,54235,12671679,200,0,386,0,0,2317,7644
7656,2026-08-04T07:51:04Z,1785829864146180554,7686,6724,28088,4,17,54243,12672472,200,0,386,0,0,2317,7644
7657,2026-08-04T07:51:05Z,1785829865150052313,7687,6724,28088,4,17,54251,12673268,200,0,386,0,0,2317,7644
7658,2026-08-04T07:51:06Z,1785829866154093562,7688,6724,28088,4,17,54258,12674062,200,0,386,0,0,2317,7644
7659,2026-08-04T07:51:07Z,1785829867157998728,7689,6724,28088,4,17,54266,12674859,200,0,386,0,0,2317,7644
7660,2026-08-04T07:51:08Z,1785829868161538389,7690,6724,28088,4,17,54273,12675653,200,0,386,0,0,2317,7644
7661,2026-08-04T07:51:09Z,1785829869165270523,7691,6724,28088,4,17,54281,12676447,200,0,386,0,0,2317,7644
7662,2026-08-04T07:51:10Z,1785829870169195442,7692,6724,28088,4,17,54288,12677241,200,0,386,0,0,2317,7644
7663,2026-08-04T07:51:11Z,1785829871173111630,7693,6724,28088,4,17,54295,12678036,200,0,386,0,0,2317,7644
7664,2026-08-04T07:51:12Z,1785829872177047655,7694,6724,28088,4,17,54302,12678833,200,0,386,0,0,2317,7644
7665,2026-08-04T07:51:13Z,1785829873181022049,7695,6724,28088,4,17,54310,12679628,200,0,386,0,0,2317,7644
7666,2026-08-04T07:51:14Z,1785829874184943509,7696,6724,28088,4,17,54318,12680422,200,0,386,0,0,2317,7644
7667,2026-08-04T07:51:15Z,1785829875189043652,7697,6724,28088,4,17,54325,12681215,200,0,386,0,0,2317,7644
7668,2026-08-04T07:51:16Z,1785829876193709940,7698,6732,28088,4,19,54333,12682010,200,0,386,0,0,2317,7644
7669,2026-08-04T07:51:17Z,1785829877196995130,7699,6732,28088,4,19,54340,12682806,200,0,386,0,0,2317,7644
7670,2026-08-04T07:51:18Z,1785829878201137020,7700,6732,28088,4,19,54347,12683600,200,0,386,0,0,2317,7644
7671,2026-08-04T07:51:19Z,1785829879205214547,7701,6732,28088,4,19,54355,12684396,200,0,386,0,0,2317,7644
7672,2026-08-04T07:51:20Z,1785829880209873137,7702,6732,28088,4,19,54363,12685190,200,0,386,0,0,2317,7644
7673,2026-08-04T07:51:21Z,1785829881213228009,7703,6732,28088,4,19,54370,12685985,200,0,386,0,0,2317,7644
7674,2026-08-04T07:51:22Z,1785829882217318223,7704,6732,28088,4,19,54378,12686778,200,0,386,0,0,2317,7644
7675,2026-08-04T07:51:23Z,1785829883221232955,7705,6732,28088,4,19,54386,12687572,200,0,386,0,0,2317,7644
7676,2026-08-04T07:51:24Z,1785829884225051545,7706,6732,28088,4,19,54392,12688370,200,0,386,0,0,2317,7644
7677,2026-08-04T07:51:25Z,1785829885229369018,7707,6732,28088,4,19,54400,12689163,200,0,386,0,0,2317,7644
7678,2026-08-04T07:51:26Z,1785829886232824038,7708,6732,28088,4,19,54408,12689958,200,0,386,0,0,2317,7644
7679,2026-08-04T07:51:27Z,1785829887235433193,7709,6732,28088,4,19,54415,12690752,200,0,386,0,0,2317,7644
7680,2026-08-04T07:51:28Z,1785829888238688901,7710,6732,28088,4,19,54422,12691546,200,0,386,0,0,2317,7644
7681,2026-08-04T07:51:29Z,1785829889243591438,7711,6732,28088,4,19,54430,12692343,200,0,386,0,0,2317,7644
7682,2026-08-04T07:51:30Z,1785829890247612320,7712,6732,28088,4,19,54437,12693139,200,0,386,0,0,2317,7644
7683,2026-08-04T07:51:31Z,1785829891251872700,7713,6732,28088,4,19,54445,12693936,200,0,386,0,0,2317,7644
7684,2026-08-04T07:51:32Z,1785829892255592756,7714,6732,28088,4,19,54452,12694732,200,0,386,0,0,2317,7644
7685,2026-08-04T07:51:33Z,1785829893259715416,7715,6732,28088,4,19,54460,12695527,200,0,386,0,0,2317,7644
7686,2026-08-04T07:51:34Z,1785829894263999421,7716,6732,28088,4,19,54467,12696323,200,0,386,0,0,2317,7644
7687,2026-08-04T07:51:35Z,1785829895267115660,7717,6732,28088,4,19,54475,12697118,200,0,386,0,0,2317,7644
7688,2026-08-04T07:51:36Z,1785829896271707224,7718,6732,28088,4,19,54482,12697913,200,0,386,0,0,2317,7644
7689,2026-08-04T07:51:37Z,1785829897275199415,7719,6732,28088,4,19,54489,12698708,200,0,386,0,0,2317,7644
7690,2026-08-04T07:51:38Z,1785829898278614246,7720,6732,28088,4,19,54497,12699503,200,0,386,0,0,2317,7644
7691,2026-08-04T07:51:39Z,1785829899281940993,7721,6732,28088,4,19,54505,12700297,200,0,386,0,0,2317,7644
7692,2026-08-04T07:51:40Z,1785829900286103020,7722,6732,28088,4,19,54512,12701093,200,0,386,0,0,2317,7644
7693,2026-08-04T07:51:41Z,1785829901289932369,7723,6732,28088,4,19,54520,12701890,200,0,386,0,0,2317,7644
7694,2026-08-04T07:51:42Z,1785829902295248859,7724,6732,28088,4,19,54527,12702685,200,0,386,0,0,2317,7644
7695,2026-08-04T07:51:43Z,1785829903298337831,7725,6732,28088,4,19,54535,12703481,200,0,386,0,0,2317,7644
7696,2026-08-04T07:51:44Z,1785829904302477569,7726,6732,28088,4,19,54542,12704277,200,0,386,0,0,2317,7644
7697,2026-08-04T07:51:45Z,1785829905307297458,7727,6732,28088,4,19,54550,12705071,200,0,386,0,0,2317,7644
7698,2026-08-04T07:51:46Z,1785829906310534651,7728,6724,28088,4,17,54558,12705866,200,0,386,0,0,2317,7644
7699,2026-08-04T07:51:47Z,1785829907315094695,7729,6724,28088,4,17,54565,12706664,200,0,386,0,0,2317,7644
7700,2026-08-04T07:51:48Z,1785829908318459993,7730,6724,28088,4,17,54572,12707458,200,0,386,0,0,2317,7644
7701,2026-08-04T07:51:49Z,1785829909321611793,7731,6724,28088,4,17,54580,12708256,200,0,386,0,0,2317,7644
7702,2026-08-04T07:51:50Z,1785829910326297703,7732,6724,28088,4,17,54588,12709053,200,0,386,0,0,2317,7644
7703,2026-08-04T07:51:51Z,1785829911329046303,7733,6724,28088,4,17,54596,12709844,200,0,386,0,0,2317,7644
7704,2026-08-04T07:51:52Z,1785829912332871714,7734,6724,28088,4,17,54603,12710640,200,0,386,0,0,2317,7644
7705,2026-08-04T07:51:53Z,1785829913337335708,7735,6724,28088,4,17,54611,12711433,200,0,386,0,0,2317,7644
7706,2026-08-04T07:51:54Z,1785829914340328439,7736,6724,28088,4,17,54619,12712227,200,0,386,0,0,2317,7644
7707,2026-08-04T07:51:55Z,1785829915344424256,7737,6724,28088,4,17,54626,12713023,200,0,386,0,0,2317,7644
7708,2026-08-04T07:51:56Z,1785829916348991337,7738,6724,28088,4,17,54634,12713817,200,0,386,0,0,2317,7644
7709,2026-08-04T07:51:57Z,1785829917352725067,7739,6724,28088,4,17,54642,12714610,200,0,386,0,0,2317,7644
7710,2026-08-04T07:51:58Z,1785829918355844513,7740,6724,28088,4,17,54649,12715405,200,0,386,0,0,2317,7644
7711,2026-08-04T07:51:59Z,1785829919360317148,7741,6724,28088,4,17,54657,12716200,200,0,386,0,0,2317,7644
7712,2026-08-04T07:52:00Z,1785829920363953114,7742,6724,28088,4,17,54664,12716995,200,0,386,0,0,2317,7644
7713,2026-08-04T07:52:01Z,1785829921367322144,7743,6724,28088,4,17,54672,12717789,200,0,386,0,0,2317,7644
7714,2026-08-04T07:52:02Z,1785829922372031590,7744,6724,28088,4,17,54680,12718583,200,0,386,0,0,2317,7644
7715,2026-08-04T07:52:03Z,1785829923374804730,7745,6724,28088,4,17,54687,12719377,200,0,386,0,0,2317,7644
7716,2026-08-04T07:52:04Z,1785829924378332408,7746,6724,28088,4,17,54695,12720170,200,0,386,0,0,2317,7644
7717,2026-08-04T07:52:05Z,1785829925381226087,7747,6724,28088,4,17,54703,12720964,200,0,386,0,0,2317,7644
7718,2026-08-04T07:52:06Z,1785829926385608218,7748,6724,28088,4,17,54710,12721759,200,0,386,0,0,2317,7644
7719,2026-08-04T07:52:07Z,1785829927388979115,7749,6724,28088,4,17,54718,12722553,200,0,386,0,0,2317,7644
7720,2026-08-04T07:52:08Z,1785829928392643083,7750,6724,28088,4,17,54726,12723347,200,0,386,0,0,2317,7644
7721,2026-08-04T07:52:09Z,1785829929396808100,7751,6720,28088,4,16,54733,12724142,200,0,386,0,0,2317,7644
7722,2026-08-04T07:52:10Z,1785829930400367465,7752,6716,28088,4,15,54739,12724941,200,0,386,0,0,2317,7644
7723,2026-08-04T07:52:11Z,1785829931403971723,7753,6668,28088,4,13,54744,12725740,200,0,386,0,0,2317,7644
7724,2026-08-04T07:52:12Z,1785829932406864411,7754,6664,28088,4,12,54747,12726539,200,0,386,0,0,2317,7644
7725,2026-08-04T07:52:13Z,1785829933410820971,7755,6336,28088,4,10,54747,12727341,200,0,386,0,0,2317,7644
7726,2026-08-04T07:52:14Z,1785829934414671395,7756,6336,28088,4,10,54747,12728145,200,0,386,0,0,2317,7644
7727,2026-08-04T07:52:15Z,1785829935419235819,7757,6336,28088,4,10,54747,12728947,200,0,386,0,0,2317,7644
7728,2026-08-04T07:52:16Z,1785829936422105988,7758,6336,28088,4,10,54747,12729749,200,0,386,0,0,2317,7644
7729,2026-08-04T07:52:17Z,1785829937426053875,7759,6336,28088,4,10,54747,12730551,200,0,386,0,0,2317,7644
7730,2026-08-04T07:52:18Z,1785829938430155486,7760,6336,28088,4,10,54747,12731354,200,0,386,0,0,2317,7645
7731,2026-08-04T07:52:19Z,1785829939434139735,7761,6336,28088,4,10,54747,12732157,200,0,386,0,0,2317,7645
7732,2026-08-04T07:52:20Z,1785829940437954101,7762,6336,28088,4,10,54747,12732961,200,0,386,0,0,2317,7645
7733,2026-08-04T07:52:21Z,1785829941441903812,7763,6336,28088,4,10,54747,12733763,200,0,386,0,0,2317,7645
7734,2026-08-04T07:52:22Z,1785829942446066205,7764,6336,28088,4,10,54747,12734565,200,0,386,0,0,2317,7645
7735,2026-08-04T07:52:23Z,1785829943449078445,7765,6336,28088,4,10,54748,12735367,200,0,386,0,0,2317,7645
7736,2026-08-04T07:52:24Z,1785829944452741351,7766,6336,28088,4,10,54748,12736170,200,0,386,0,0,2317,7645
7737,2026-08-04T07:52:25Z,1785829945456686166,7767,6336,28088,4,10,54748,12736972,200,0,386,0,0,2317,7645
7738,2026-08-04T07:52:26Z,1785829946460713044,7768,6336,28088,4,10,54748,12737775,200,0,386,0,0,2317,7645
7739,2026-08-04T07:52:27Z,1785829947464853021,7769,6336,28088,4,10,54748,12738577,200,0,386,0,0,2317,7645
7740,2026-08-04T07:52:28Z,1785829948467820582,7770,6336,28088,4,10,54748,12739380,200,0,386,0,0,2317,7645
7741,2026-08-04T07:52:29Z,1785829949471794667,7771,6336,28088,4,10,54748,12740182,200,0,386,0,0,2317,7645
7742,2026-08-04T07:52:30Z,1785829950476157099,7772,6336,28088,4,10,54748,12740985,200,0,386,0,0,2317,7645
7743,2026-08-04T07:52:31Z,1785829951479417682,7773,6336,28088,4,10,54748,12741788,200,0,386,0,0,2317,7645
7744,2026-08-04T07:52:32Z,1785829952483534262,7774,6336,28088,4,10,54748,12742590,200,0,386,0,0,2317,7645
7745,2026-08-04T07:52:33Z,1785829953487374942,7775,6336,28088,4,10,54748,12743393,200,0,386,0,0,2317,7645
7746,2026-08-04T07:52:34Z,1785829954491122254,7776,6336,28088,4,10,54748,12744195,200,0,386,0,0,2317,7645
7747,2026-08-04T07:52:35Z,1785829955494889113,7777,6336,28088,4,10,54748,12744999,200,0,386,0,0,2317,7645
7748,2026-08-04T07:52:36Z,1785829956498744672,7778,6336,28088,4,10,54748,12745801,200,0,386,0,0,2317,7645
7749,2026-08-04T07:52:37Z,1785829957502767002,7779,6336,28088,4,10,54748,12746604,200,0,386,0,0,2317,7645
7750,2026-08-04T07:52:38Z,1785829958506709577,7780,6336,28088,4,10,54748,12747406,200,0,386,0,0,2317,7645
7751,2026-08-04T07:52:39Z,1785829959510730605,7781,6336,28088,4,10,54748,12748209,200,0,386,0,0,2317,7645
7752,2026-08-04T07:52:40Z,1785829960514917635,7782,6336,28088,4,10,54748,12749012,200,0,386,0,0,2317,7645
7753,2026-08-04T07:52:41Z,1785829961518824525,7783,6336,28088,4,10,54748,12749814,200,0,386,0,0,2317,7645
7754,2026-08-04T07:52:42Z,1785829962522794876,7784,6336,28088,4,10,54748,12750617,200,0,386,0,0,2317,7645
7755,2026-08-04T07:52:43Z,1785829963526767407,7785,6336,28088,4,10,54748,12751419,200,0,386,0,0,2317,7645
7756,2026-08-04T07:52:44Z,1785829964531216526,7786,6336,28088,4,10,54748,12752221,200,0,386,0,0,2317,7645
7757,2026-08-04T07:52:45Z,1785829965534597989,7787,6336,28088,4,10,54748,12753023,200,0,386,0,0,2317,7645
7758,2026-08-04T07:52:46Z,1785829966537442866,7788,6336,28088,4,10,54748,12753825,200,0,386,0,0,2317,7645
7759,2026-08-04T07:52:47Z,1785829967541201709,7789,6336,28088,4,10,54748,12754628,200,0,386,0,0,2317,7645
